:0200000460009A
:100000004643464200000156000000000103030081
:1000100000000000000000000000000000000000E0
:1000200000000000000000000000000000000000D0
:1000300000000000000000000000000000000000C0
:1000400000000000010408000000000000000000A3
:100050000000800000000000000000000000000020
:100060000000000000000000000000000000000090
:100070000000000000000000000000000000000080
:10008000EB04180A063204260000000000000000FD
:10009000050404240000000000000000000000002F
:1000A0000000000000000000000000000000000050
:1000B0000604000000000000000000000000000036
:1000C0000000000000000000000000000000000030
:1000D00020041808000000000000000000000000DC
:1000E0000000000000000000000000000000000010
:1000F0000000000000000000000000000000000000
:10010000D8041808000000000000000000000000F3
:100110000204180804200000000000000000000095
:1001200000000000000000000000000000000000CF
:10013000600400000000000000000000000000005B
:1001400000000000000000000000000000000000AF
:10015000000000000000000000000000000000009F
:10016000000000000000000000000000000000008F
:10017000000000000000000000000000000000007F
:10018000000000000000000000000000000000006F
:10019000000000000000000000000000000000005F
:1001A000000000000000000000000000000000004F
:1001B000000000000000000000000000000000003F
:1001C000000100000010000001000000000000001D
:1001D000000001000000000000000000000000001E
:1001E000000000000000000000000000000000000F
:1001F00000000000000000000000000000000000FF
:10020000FFFFFFFFFFFFFFFFFFFFFFFFFFFFFFFFFE
:10021000FFFFFFFFFFFFFFFFFFFFFFFFFFFFFFFFEE
:10022000FFFFFFFFFFFFFFFFFFFFFFFFFFFFFFFFDE
:10023000FFFFFFFFFFFFFFFFFFFFFFFFFFFFFFFFCE
:10024000FFFFFFFFFFFFFFFFFFFFFFFFFFFFFFFFBE
:10025000FFFFFFFFFFFFFFFFFFFFFFFFFFFFFFFFAE
:10026000FFFFFFFFFFFFFFFFFFFFFFFFFFFFFFFF9E
:10027000FFFFFFFFFFFFFFFFFFFFFFFFFFFFFFFF8E
:10028000FFFFFFFFFFFFFFFFFFFFFFFFFFFFFFFF7E
:10029000FFFFFFFFFFFFFFFFFFFFFFFFFFFFFFFF6E
:1002A000FFFFFFFFFFFFFFFFFFFFFFFFFFFFFFFF5E
:1002B000FFFFFFFFFFFFFFFFFFFFFFFFFFFFFFFF4E
:1002C000FFFFFFFFFFFFFFFFFFFFFFFFFFFFFFFF3E
:1002D000FFFFFFFFFFFFFFFFFFFFFFFFFFFFFFFF2E
:1002E000FFFFFFFFFFFFFFFFFFFFFFFFFFFFFFFF1E
:1002F000FFFFFFFFFFFFFFFFFFFFFFFFFFFFFFFF0E
:10030000FFFFFFFFFFFFFFFFFFFFFFFFFFFFFFFFFD
:10031000FFFFFFFFFFFFFFFFFFFFFFFFFFFFFFFFED
:10032000FFFFFFFFFFFFFFFFFFFFFFFFFFFFFFFFDD
:10033000FFFFFFFFFFFFFFFFFFFFFFFFFFFFFFFFCD
:10034000FFFFFFFFFFFFFFFFFFFFFFFFFFFFFFFFBD
:10035000FFFFFFFFFFFFFFFFFFFFFFFFFFFFFFFFAD
:10036000FFFFFFFFFFFFFFFFFFFFFFFFFFFFFFFF9D
:10037000FFFFFFFFFFFFFFFFFFFFFFFFFFFFFFFF8D
:10038000FFFFFFFFFFFFFFFFFFFFFFFFFFFFFFFF7D
:10039000FFFFFFFFFFFFFFFFFFFFFFFFFFFFFFFF6D
:1003A000FFFFFFFFFFFFFFFFFFFFFFFFFFFFFFFF5D
:1003B000FFFFFFFFFFFFFFFFFFFFFFFFFFFFFFFF4D
:1003C000FFFFFFFFFFFFFFFFFFFFFFFFFFFFFFFF3D
:1003D000FFFFFFFFFFFFFFFFFFFFFFFFFFFFFFFF2D
:1003E000FFFFFFFFFFFFFFFFFFFFFFFFFFFFFFFF1D
:1003F000FFFFFFFFFFFFFFFFFFFFFFFFFFFFFFFF0D
:10040000FFFFFFFFFFFFFFFFFFFFFFFFFFFFFFFFFC
:10041000FFFFFFFFFFFFFFFFFFFFFFFFFFFFFFFFEC
:10042000FFFFFFFFFFFFFFFFFFFFFFFFFFFFFFFFDC
:10043000FFFFFFFFFFFFFFFFFFFFFFFFFFFFFFFFCC
:10044000FFFFFFFFFFFFFFFFFFFFFFFFFFFFFFFFBC
:10045000FFFFFFFFFFFFFFFFFFFFFFFFFFFFFFFFAC
:10046000FFFFFFFFFFFFFFFFFFFFFFFFFFFFFFFF9C
:10047000FFFFFFFFFFFFFFFFFFFFFFFFFFFFFFFF8C
:10048000FFFFFFFFFFFFFFFFFFFFFFFFFFFFFFFF7C
:10049000FFFFFFFFFFFFFFFFFFFFFFFFFFFFFFFF6C
:1004A000FFFFFFFFFFFFFFFFFFFFFFFFFFFFFFFF5C
:1004B000FFFFFFFFFFFFFFFFFFFFFFFFFFFFFFFF4C
:1004C000FFFFFFFFFFFFFFFFFFFFFFFFFFFFFFFF3C
:1004D000FFFFFFFFFFFFFFFFFFFFFFFFFFFFFFFF2C
:1004E000FFFFFFFFFFFFFFFFFFFFFFFFFFFFFFFF1C
:1004F000FFFFFFFFFFFFFFFFFFFFFFFFFFFFFFFF0C
:10050000FFFFFFFFFFFFFFFFFFFFFFFFFFFFFFFFFB
:10051000FFFFFFFFFFFFFFFFFFFFFFFFFFFFFFFFEB
:10052000FFFFFFFFFFFFFFFFFFFFFFFFFFFFFFFFDB
:10053000FFFFFFFFFFFFFFFFFFFFFFFFFFFFFFFFCB
:10054000FFFFFFFFFFFFFFFFFFFFFFFFFFFFFFFFBB
:10055000FFFFFFFFFFFFFFFFFFFFFFFFFFFFFFFFAB
:10056000FFFFFFFFFFFFFFFFFFFFFFFFFFFFFFFF9B
:10057000FFFFFFFFFFFFFFFFFFFFFFFFFFFFFFFF8B
:10058000FFFFFFFFFFFFFFFFFFFFFFFFFFFFFFFF7B
:10059000FFFFFFFFFFFFFFFFFFFFFFFFFFFFFFFF6B
:1005A000FFFFFFFFFFFFFFFFFFFFFFFFFFFFFFFF5B
:1005B000FFFFFFFFFFFFFFFFFFFFFFFFFFFFFFFF4B
:1005C000FFFFFFFFFFFFFFFFFFFFFFFFFFFFFFFF3B
:1005D000FFFFFFFFFFFFFFFFFFFFFFFFFFFFFFFF2B
:1005E000FFFFFFFFFFFFFFFFFFFFFFFFFFFFFFFF1B
:1005F000FFFFFFFFFFFFFFFFFFFFFFFFFFFFFFFF0B
:10060000FFFFFFFFFFFFFFFFFFFFFFFFFFFFFFFFFA
:10061000FFFFFFFFFFFFFFFFFFFFFFFFFFFFFFFFEA
:10062000FFFFFFFFFFFFFFFFFFFFFFFFFFFFFFFFDA
:10063000FFFFFFFFFFFFFFFFFFFFFFFFFFFFFFFFCA
:10064000FFFFFFFFFFFFFFFFFFFFFFFFFFFFFFFFBA
:10065000FFFFFFFFFFFFFFFFFFFFFFFFFFFFFFFFAA
:10066000FFFFFFFFFFFFFFFFFFFFFFFFFFFFFFFF9A
:10067000FFFFFFFFFFFFFFFFFFFFFFFFFFFFFFFF8A
:10068000FFFFFFFFFFFFFFFFFFFFFFFFFFFFFFFF7A
:10069000FFFFFFFFFFFFFFFFFFFFFFFFFFFFFFFF6A
:1006A000FFFFFFFFFFFFFFFFFFFFFFFFFFFFFFFF5A
:1006B000FFFFFFFFFFFFFFFFFFFFFFFFFFFFFFFF4A
:1006C000FFFFFFFFFFFFFFFFFFFFFFFFFFFFFFFF3A
:1006D000FFFFFFFFFFFFFFFFFFFFFFFFFFFFFFFF2A
:1006E000FFFFFFFFFFFFFFFFFFFFFFFFFFFFFFFF1A
:1006F000FFFFFFFFFFFFFFFFFFFFFFFFFFFFFFFF0A
:10070000FFFFFFFFFFFFFFFFFFFFFFFFFFFFFFFFF9
:10071000FFFFFFFFFFFFFFFFFFFFFFFFFFFFFFFFE9
:10072000FFFFFFFFFFFFFFFFFFFFFFFFFFFFFFFFD9
:10073000FFFFFFFFFFFFFFFFFFFFFFFFFFFFFFFFC9
:10074000FFFFFFFFFFFFFFFFFFFFFFFFFFFFFFFFB9
:10075000FFFFFFFFFFFFFFFFFFFFFFFFFFFFFFFFA9
:10076000FFFFFFFFFFFFFFFFFFFFFFFFFFFFFFFF99
:10077000FFFFFFFFFFFFFFFFFFFFFFFFFFFFFFFF89
:10078000FFFFFFFFFFFFFFFFFFFFFFFFFFFFFFFF79
:10079000FFFFFFFFFFFFFFFFFFFFFFFFFFFFFFFF69
:1007A000FFFFFFFFFFFFFFFFFFFFFFFFFFFFFFFF59
:1007B000FFFFFFFFFFFFFFFFFFFFFFFFFFFFFFFF49
:1007C000FFFFFFFFFFFFFFFFFFFFFFFFFFFFFFFF39
:1007D000FFFFFFFFFFFFFFFFFFFFFFFFFFFFFFFF29
:1007E000FFFFFFFFFFFFFFFFFFFFFFFFFFFFFFFF19
:1007F000FFFFFFFFFFFFFFFFFFFFFFFFFFFFFFFF09
:10080000FFFFFFFFFFFFFFFFFFFFFFFFFFFFFFFFF8
:10081000FFFFFFFFFFFFFFFFFFFFFFFFFFFFFFFFE8
:10082000FFFFFFFFFFFFFFFFFFFFFFFFFFFFFFFFD8
:10083000FFFFFFFFFFFFFFFFFFFFFFFFFFFFFFFFC8
:10084000FFFFFFFFFFFFFFFFFFFFFFFFFFFFFFFFB8
:10085000FFFFFFFFFFFFFFFFFFFFFFFFFFFFFFFFA8
:10086000FFFFFFFFFFFFFFFFFFFFFFFFFFFFFFFF98
:10087000FFFFFFFFFFFFFFFFFFFFFFFFFFFFFFFF88
:10088000FFFFFFFFFFFFFFFFFFFFFFFFFFFFFFFF78
:10089000FFFFFFFFFFFFFFFFFFFFFFFFFFFFFFFF68
:1008A000FFFFFFFFFFFFFFFFFFFFFFFFFFFFFFFF58
:1008B000FFFFFFFFFFFFFFFFFFFFFFFFFFFFFFFF48
:1008C000FFFFFFFFFFFFFFFFFFFFFFFFFFFFFFFF38
:1008D000FFFFFFFFFFFFFFFFFFFFFFFFFFFFFFFF28
:1008E000FFFFFFFFFFFFFFFFFFFFFFFFFFFFFFFF18
:1008F000FFFFFFFFFFFFFFFFFFFFFFFFFFFFFFFF08
:10090000FFFFFFFFFFFFFFFFFFFFFFFFFFFFFFFFF7
:10091000FFFFFFFFFFFFFFFFFFFFFFFFFFFFFFFFE7
:10092000FFFFFFFFFFFFFFFFFFFFFFFFFFFFFFFFD7
:10093000FFFFFFFFFFFFFFFFFFFFFFFFFFFFFFFFC7
:10094000FFFFFFFFFFFFFFFFFFFFFFFFFFFFFFFFB7
:10095000FFFFFFFFFFFFFFFFFFFFFFFFFFFFFFFFA7
:10096000FFFFFFFFFFFFFFFFFFFFFFFFFFFFFFFF97
:10097000FFFFFFFFFFFFFFFFFFFFFFFFFFFFFFFF87
:10098000FFFFFFFFFFFFFFFFFFFFFFFFFFFFFFFF77
:10099000FFFFFFFFFFFFFFFFFFFFFFFFFFFFFFFF67
:1009A000FFFFFFFFFFFFFFFFFFFFFFFFFFFFFFFF57
:1009B000FFFFFFFFFFFFFFFFFFFFFFFFFFFFFFFF47
:1009C000FFFFFFFFFFFFFFFFFFFFFFFFFFFFFFFF37
:1009D000FFFFFFFFFFFFFFFFFFFFFFFFFFFFFFFF27
:1009E000FFFFFFFFFFFFFFFFFFFFFFFFFFFFFFFF17
:1009F000FFFFFFFFFFFFFFFFFFFFFFFFFFFFFFFF07
:100A0000FFFFFFFFFFFFFFFFFFFFFFFFFFFFFFFFF6
:100A1000FFFFFFFFFFFFFFFFFFFFFFFFFFFFFFFFE6
:100A2000FFFFFFFFFFFFFFFFFFFFFFFFFFFFFFFFD6
:100A3000FFFFFFFFFFFFFFFFFFFFFFFFFFFFFFFFC6
:100A4000FFFFFFFFFFFFFFFFFFFFFFFFFFFFFFFFB6
:100A5000FFFFFFFFFFFFFFFFFFFFFFFFFFFFFFFFA6
:100A6000FFFFFFFFFFFFFFFFFFFFFFFFFFFFFFFF96
:100A7000FFFFFFFFFFFFFFFFFFFFFFFFFFFFFFFF86
:100A8000FFFFFFFFFFFFFFFFFFFFFFFFFFFFFFFF76
:100A9000FFFFFFFFFFFFFFFFFFFFFFFFFFFFFFFF66
:100AA000FFFFFFFFFFFFFFFFFFFFFFFFFFFFFFFF56
:100AB000FFFFFFFFFFFFFFFFFFFFFFFFFFFFFFFF46
:100AC000FFFFFFFFFFFFFFFFFFFFFFFFFFFFFFFF36
:100AD000FFFFFFFFFFFFFFFFFFFFFFFFFFFFFFFF26
:100AE000FFFFFFFFFFFFFFFFFFFFFFFFFFFFFFFF16
:100AF000FFFFFFFFFFFFFFFFFFFFFFFFFFFFFFFF06
:100B0000FFFFFFFFFFFFFFFFFFFFFFFFFFFFFFFFF5
:100B1000FFFFFFFFFFFFFFFFFFFFFFFFFFFFFFFFE5
:100B2000FFFFFFFFFFFFFFFFFFFFFFFFFFFFFFFFD5
:100B3000FFFFFFFFFFFFFFFFFFFFFFFFFFFFFFFFC5
:100B4000FFFFFFFFFFFFFFFFFFFFFFFFFFFFFFFFB5
:100B5000FFFFFFFFFFFFFFFFFFFFFFFFFFFFFFFFA5
:100B6000FFFFFFFFFFFFFFFFFFFFFFFFFFFFFFFF95
:100B7000FFFFFFFFFFFFFFFFFFFFFFFFFFFFFFFF85
:100B8000FFFFFFFFFFFFFFFFFFFFFFFFFFFFFFFF75
:100B9000FFFFFFFFFFFFFFFFFFFFFFFFFFFFFFFF65
:100BA000FFFFFFFFFFFFFFFFFFFFFFFFFFFFFFFF55
:100BB000FFFFFFFFFFFFFFFFFFFFFFFFFFFFFFFF45
:100BC000FFFFFFFFFFFFFFFFFFFFFFFFFFFFFFFF35
:100BD000FFFFFFFFFFFFFFFFFFFFFFFFFFFFFFFF25
:100BE000FFFFFFFFFFFFFFFFFFFFFFFFFFFFFFFF15
:100BF000FFFFFFFFFFFFFFFFFFFFFFFFFFFFFFFF05
:100C0000FFFFFFFFFFFFFFFFFFFFFFFFFFFFFFFFF4
:100C1000FFFFFFFFFFFFFFFFFFFFFFFFFFFFFFFFE4
:100C2000FFFFFFFFFFFFFFFFFFFFFFFFFFFFFFFFD4
:100C3000FFFFFFFFFFFFFFFFFFFFFFFFFFFFFFFFC4
:100C4000FFFFFFFFFFFFFFFFFFFFFFFFFFFFFFFFB4
:100C5000FFFFFFFFFFFFFFFFFFFFFFFFFFFFFFFFA4
:100C6000FFFFFFFFFFFFFFFFFFFFFFFFFFFFFFFF94
:100C7000FFFFFFFFFFFFFFFFFFFFFFFFFFFFFFFF84
:100C8000FFFFFFFFFFFFFFFFFFFFFFFFFFFFFFFF74
:100C9000FFFFFFFFFFFFFFFFFFFFFFFFFFFFFFFF64
:100CA000FFFFFFFFFFFFFFFFFFFFFFFFFFFFFFFF54
:100CB000FFFFFFFFFFFFFFFFFFFFFFFFFFFFFFFF44
:100CC000FFFFFFFFFFFFFFFFFFFFFFFFFFFFFFFF34
:100CD000FFFFFFFFFFFFFFFFFFFFFFFFFFFFFFFF24
:100CE000FFFFFFFFFFFFFFFFFFFFFFFFFFFFFFFF14
:100CF000FFFFFFFFFFFFFFFFFFFFFFFFFFFFFFFF04
:100D0000FFFFFFFFFFFFFFFFFFFFFFFFFFFFFFFFF3
:100D1000FFFFFFFFFFFFFFFFFFFFFFFFFFFFFFFFE3
:100D2000FFFFFFFFFFFFFFFFFFFFFFFFFFFFFFFFD3
:100D3000FFFFFFFFFFFFFFFFFFFFFFFFFFFFFFFFC3
:100D4000FFFFFFFFFFFFFFFFFFFFFFFFFFFFFFFFB3
:100D5000FFFFFFFFFFFFFFFFFFFFFFFFFFFFFFFFA3
:100D6000FFFFFFFFFFFFFFFFFFFFFFFFFFFFFFFF93
:100D7000FFFFFFFFFFFFFFFFFFFFFFFFFFFFFFFF83
:100D8000FFFFFFFFFFFFFFFFFFFFFFFFFFFFFFFF73
:100D9000FFFFFFFFFFFFFFFFFFFFFFFFFFFFFFFF63
:100DA000FFFFFFFFFFFFFFFFFFFFFFFFFFFFFFFF53
:100DB000FFFFFFFFFFFFFFFFFFFFFFFFFFFFFFFF43
:100DC000FFFFFFFFFFFFFFFFFFFFFFFFFFFFFFFF33
:100DD000FFFFFFFFFFFFFFFFFFFFFFFFFFFFFFFF23
:100DE000FFFFFFFFFFFFFFFFFFFFFFFFFFFFFFFF13
:100DF000FFFFFFFFFFFFFFFFFFFFFFFFFFFFFFFF03
:100E0000FFFFFFFFFFFFFFFFFFFFFFFFFFFFFFFFF2
:100E1000FFFFFFFFFFFFFFFFFFFFFFFFFFFFFFFFE2
:100E2000FFFFFFFFFFFFFFFFFFFFFFFFFFFFFFFFD2
:100E3000FFFFFFFFFFFFFFFFFFFFFFFFFFFFFFFFC2
:100E4000FFFFFFFFFFFFFFFFFFFFFFFFFFFFFFFFB2
:100E5000FFFFFFFFFFFFFFFFFFFFFFFFFFFFFFFFA2
:100E6000FFFFFFFFFFFFFFFFFFFFFFFFFFFFFFFF92
:100E7000FFFFFFFFFFFFFFFFFFFFFFFFFFFFFFFF82
:100E8000FFFFFFFFFFFFFFFFFFFFFFFFFFFFFFFF72
:100E9000FFFFFFFFFFFFFFFFFFFFFFFFFFFFFFFF62
:100EA000FFFFFFFFFFFFFFFFFFFFFFFFFFFFFFFF52
:100EB000FFFFFFFFFFFFFFFFFFFFFFFFFFFFFFFF42
:100EC000FFFFFFFFFFFFFFFFFFFFFFFFFFFFFFFF32
:100ED000FFFFFFFFFFFFFFFFFFFFFFFFFFFFFFFF22
:100EE000FFFFFFFFFFFFFFFFFFFFFFFFFFFFFFFF12
:100EF000FFFFFFFFFFFFFFFFFFFFFFFFFFFFFFFF02
:100F0000FFFFFFFFFFFFFFFFFFFFFFFFFFFFFFFFF1
:100F1000FFFFFFFFFFFFFFFFFFFFFFFFFFFFFFFFE1
:100F2000FFFFFFFFFFFFFFFFFFFFFFFFFFFFFFFFD1
:100F3000FFFFFFFFFFFFFFFFFFFFFFFFFFFFFFFFC1
:100F4000FFFFFFFFFFFFFFFFFFFFFFFFFFFFFFFFB1
:100F5000FFFFFFFFFFFFFFFFFFFFFFFFFFFFFFFFA1
:100F6000FFFFFFFFFFFFFFFFFFFFFFFFFFFFFFFF91
:100F7000FFFFFFFFFFFFFFFFFFFFFFFFFFFFFFFF81
:100F8000FFFFFFFFFFFFFFFFFFFFFFFFFFFFFFFF71
:100F9000FFFFFFFFFFFFFFFFFFFFFFFFFFFFFFFF61
:100FA000FFFFFFFFFFFFFFFFFFFFFFFFFFFFFFFF51
:100FB000FFFFFFFFFFFFFFFFFFFFFFFFFFFFFFFF41
:100FC000FFFFFFFFFFFFFFFFFFFFFFFFFFFFFFFF31
:100FD000FFFFFFFFFFFFFFFFFFFFFFFFFFFFFFFF21
:100FE000FFFFFFFFFFFFFFFFFFFFFFFFFFFFFFFF11
:100FF000FFFFFFFFFFFFFFFFFFFFFFFFFFFFFFFF01
:10100000D1002043E915006000000000000000004E
:10101000201000600010006000D00460000000009C
:101020000000006000DC040000000000FFFFFFFF84
:10103000FFFFFFFFFFFFFFFFFFFFFFFFFFFFFFFFC0
:10104000FFFFFFFFFFFFFFFFFFFFFFFFFFFFFFFFB0
:10105000FFFFFFFFFFFFFFFFFFFFFFFFFFFFFFFFA0
:10106000FFFFFFFFFFFFFFFFFFFFFFFFFFFFFFFF90
:10107000FFFFFFFFFFFFFFFFFFFFFFFFFFFFFFFF80
:10108000FFFFFFFFFFFFFFFFFFFFFFFFFFFFFFFF70
:10109000FFFFFFFFFFFFFFFFFFFFFFFFFFFFFFFF60
:1010A000FFFFFFFFFFFFFFFFFFFFFFFFFFFFFFFF50
:1010B000FFFFFFFFFFFFFFFFFFFFFFFFFFFFFFFF40
:1010C000FFFFFFFFFFFFFFFFFFFFFFFFFFFFFFFF30
:1010D000FFFFFFFFFFFFFFFFFFFFFFFFFFFFFFFF20
:1010E000FFFFFFFFFFFFFFFFFFFFFFFFFFFFFFFF10
:1010F000FFFFFFFFFFFFFFFFFFFFFFFFFFFFFFFF00
:10110000FFFFFFFFFFFFFFFFFFFFFFFFFFFFFFFFEF
:10111000FFFFFFFFFFFFFFFFFFFFFFFFFFFFFFFFDF
:10112000FFFFFFFFFFFFFFFFFFFFFFFFFFFFFFFFCF
:10113000FFFFFFFFFFFFFFFFFFFFFFFFFFFFFFFFBF
:10114000FFFFFFFFFFFFFFFFFFFFFFFFFFFFFFFFAF
:10115000FFFFFFFFFFFFFFFFFFFFFFFFFFFFFFFF9F
:10116000FFFFFFFFFFFFFFFFFFFFFFFFFFFFFFFF8F
:10117000FFFFFFFFFFFFFFFFFFFFFFFFFFFFFFFF7F
:10118000FFFFFFFFFFFFFFFFFFFFFFFFFFFFFFFF6F
:10119000FFFFFFFFFFFFFFFFFFFFFFFFFFFFFFFF5F
:1011A000FFFFFFFFFFFFFFFFFFFFFFFFFFFFFFFF4F
:1011B000FFFFFFFFFFFFFFFFFFFFFFFFFFFFFFFF3F
:1011C000FFFFFFFFFFFFFFFFFFFFFFFFFFFFFFFF2F
:1011D000FFFFFFFFFFFFFFFFFFFFFFFFFFFFFFFF1F
:1011E000FFFFFFFFFFFFFFFFFFFFFFFFFFFFFFFF0F
:1011F000FFFFFFFFFFFFFFFFFFFFFFFFFFFFFFFFFF
:10120000FFFFFFFFFFFFFFFFFFFFFFFFFFFFFFFFEE
:10121000FFFFFFFFFFFFFFFFFFFFFFFFFFFFFFFFDE
:10122000FFFFFFFFFFFFFFFFFFFFFFFFFFFFFFFFCE
:10123000FFFFFFFFFFFFFFFFFFFFFFFFFFFFFFFFBE
:10124000FFFFFFFFFFFFFFFFFFFFFFFFFFFFFFFFAE
:10125000FFFFFFFFFFFFFFFFFFFFFFFFFFFFFFFF9E
:10126000FFFFFFFFFFFFFFFFFFFFFFFFFFFFFFFF8E
:10127000FFFFFFFFFFFFFFFFFFFFFFFFFFFFFFFF7E
:10128000FFFFFFFFFFFFFFFFFFFFFFFFFFFFFFFF6E
:10129000FFFFFFFFFFFFFFFFFFFFFFFFFFFFFFFF5E
:1012A000FFFFFFFFFFFFFFFFFFFFFFFFFFFFFFFF4E
:1012B000FFFFFFFFFFFFFFFFFFFFFFFFFFFFFFFF3E
:1012C000FFFFFFFFFFFFFFFFFFFFFFFFFFFFFFFF2E
:1012D000FFFFFFFFFFFFFFFFFFFFFFFFFFFFFFFF1E
:1012E000FFFFFFFFFFFFFFFFFFFFFFFFFFFFFFFF0E
:1012F000FFFFFFFFFFFFFFFFFFFFFFFFFFFFFFFFFE
:10130000FFFFFFFFFFFFFFFFFFFFFFFFFFFFFFFFED
:10131000FFFFFFFFFFFFFFFFFFFFFFFFFFFFFFFFDD
:10132000FFFFFFFFFFFFFFFFFFFFFFFFFFFFFFFFCD
:10133000FFFFFFFFFFFFFFFFFFFFFFFFFFFFFFFFBD
:10134000FFFFFFFFFFFFFFFFFFFFFFFFFFFFFFFFAD
:10135000FFFFFFFFFFFFFFFFFFFFFFFFFFFFFFFF9D
:10136000FFFFFFFFFFFFFFFFFFFFFFFFFFFFFFFF8D
:10137000FFFFFFFFFFFFFFFFFFFFFFFFFFFFFFFF7D
:10138000FFFFFFFFFFFFFFFFFFFFFFFFFFFFFFFF6D
:10139000FFFFFFFFFFFFFFFFFFFFFFFFFFFFFFFF5D
:1013A000FFFFFFFFFFFFFFFFFFFFFFFFFFFFFFFF4D
:1013B000FFFFFFFFFFFFFFFFFFFFFFFFFFFFFFFF3D
:1013C000FFFFFFFFFFFFFFFFFFFFFFFFFFFFFFFF2D
:1013D000FFFFFFFFFFFFFFFFFFFFFFFFFFFFFFFF1D
:1013E000FFFFFFFFFFFFFFFFFFFFFFFFFFFFFFFF0D
:1013F000FFFFFFFFFFFFFFFFFFFFFFFFFFFFFFFFFD
:10140000824205D051F8043B40F8043B8242F9D8AF
:101410007047044A04494FF0000342F8043B9142EC
:10142000FBD87047C0D60020605D022008B5BFF32E
:101430004F8F0AF091FA544B082254495448C3F88C
:101440005421544A544CC3F80021544AC3F8F020A4
:10145000534AFFF7D5FF534A53495448FFF7D0FF8B
:10146000FFF7D7FF4FF0E0234FF47002C3F8882D49
:1014700000234F4A44F823200133B02BFAD14D4BBF
:1014800080214D4A03F8011B9342FBD14FF0E0202D
:101490004A4D4FF0FF32C0F8084DD0F8243D43F4D8
:1014A000E023C0F8243DEB6923F07F0343F04003C1
:1014B000EB616B6A23F07F0343F040036B62404BA8
:1014C0009A66DA661A675A670AF04BFA3D4BA363CD
:1014D0003D4BE36363230024436103238461036181
:1014E0003A4BC0F8203DD0F8FC3D43F08073C0F883
:1014F000FC3D374B1A6842F001021A605A68354BBE
:101500001A600AF0DDFB34480AF04AFEEB6E43F441
:101510004053EB66314B1C60C3F80841C3F81841D7
:10152000C3F82841C3F8384103F5A0239A6BD207CA
:1015300008D42B4A5A6542F615621A659A6B42F036
:1015400001029A639A68274C42F001129A600AF0ED
:1015500091FA0AF015FD0AF0EBFF0AF0DFFB0AF042
:10156000FCF92368132BFCD90AF06EFC2368B3F551
:10157000967FFBD30AF0F3F90AF0F0F90AF0F4FDD4
:101580000AF082FF30BFFDE700800D409439016012
:10159000000000001B10182000D400200C0D1113B7
:1015A00098BD0200C0D6002030F703600000002084
:1015B00009F4010000E400E0A0E400E000C00F40F6
:1015C00000C00A40C5DC0100C9DC01000000202089
:1015D000001000E0B84702200046C3230040084046
:1015E0000000C056BC470220054B064A5A64064A12
:1015F0001A644FF42A029A63044B9D46FFF716FFC4
:1016000000C00A40FFAFAAAA070020000000052082
:10161000B0F5FA5F70B5CCBF04260826304D8EB009
:1016200000FB06F304461B0295FBF3F56A1C3F2AF8
:1016300007DD00242B4901A80AF0CEFC20460EB09D
:1016400070BD07EE900A05F03F059FED1F6BB8EEE9
:10165000E77B9FED1F5B27EE067B06EE906AB8EEF8
:10166000E66B27EE067B06EE902A42F21072B8EE89
:10167000E66B27EE067B87EE056B9FED175BFDEEB5
:10168000C67B17EE900A02FB00F307EE103A012327
:10169000B8EEC77B96EE057BFDEEC77B17EE901A82
:1016A00009F0DAFF10491148721E8B6A034043EAC1
:1016B00082132B438B62CB6A034043EA82132B4392
:1016C000CB62BBE7AFF30080000000000000704079
:1016D0000000000060E37641000000000088C34085
:1016E00000B29F260E85002000C00F4000FEFFFFC5
:1016F00010B5112862D8DFE800F0090D13181F2378
:10170000262A2E32363D41464A50545ABDE81040F2
:1017100003F050BE01210020BDE8104003F030BEB0
:101720000120BDE8104000F0B9B8274B1868BDE8AB
:101730001040013008F0D0BA4FF0FF310C20EBE739
:101740004FF0FF30EDE7BDE8104000F041B8BDE8D4
:10175000104000F041BABDE8104000F045BABDE8C5
:10176000104000F04DBA00F057FA0620BDE81040D6
:101770000AF0BABCBDE8104000F05ABA0120BDE83A
:10178000104000F0A3BABDE8104000F0C7BA4FF017
:10179000FF30BDE8104000F06FBABDE810400AF01D
:1017A000BFBC07210320BDE8104000F057B9074C2B
:1017B000237823B10AF024FD0023237010BD0AF022
:1017C000E3FC0123F9E700BFF0CE00207A5C0220A1
:1017D0000D490E4A0968042908B5137804D10C494B
:1017E000087828B10020087083F00103137001E02D
:1017F00033B1107007F0F7FEBDE808400AF0A0BC56
:1018000001230B70F6E700BFA0340220A95C022080
:10181000F75C022008B503F041FD0A4B1B6813B1C9
:10182000012B0CD008BD07F08DFD07F0DCFE0AF09F
:101830009BFD08F0EBF8BDE808400AF081BC07F01A
:1018400081FDF6E714390220114B1B68022B14D0DE
:1018500002DC012B03D97047032B13D070470028FB
:1018600007DA0C4B30211A680B4B01FB0233186965
:1018700070470228A8BF00207047831E032B28BF93
:1018800002207047431F032B28BF0520704700BF6D
:10189000303D0220B8C5002094BE00202DE9F04163
:1018A000504C05462368042B05DC4F4A002112F8F2
:1018B00023000AF0A5FB23682B44072B4FD10023FC
:1018C0004A4D23602B68012B05D84FF0FF30FFF7FE
:1018D000BBFF474B1860474B00221A60464B1B6802
:1018E000012B53D0022B78D0ABB9444B444E454822
:1018F00093F8008031680268434BB8F1000F32D092
:1019000043F831202268326053F832303F4A136086
:101910003F4A036013603F4B1B68012B01D001F06D
:101920001FF82B68032B0DD1314B1B68063B012B95
:1019300008D8394B00220E201A600AF0D5FB374B2D
:1019400001229A7304F066FC2368042B48DC264AC3
:10195000012112F82300BDE8F0410AF051BB002B31
:10196000B8BF0623ACE7DFF8C0E0DFF8C0C09EF8E0
:10197000007047B1DCF8007043F831708EF80080D9
:10198000CCF80020BEE743F83120F9E71B4A244E8B
:101990001C48336892F800800168DB001A4AB8F1ED
:1019A000000F08D013445960236802EBC302336070
:1019B00053681C4AABE7DFF870E01344DFF86CC0F3
:1019C0009EF800703FB1DCF800705F608EF8008018
:1019D000CCF80010E8E75960FAE704F0B4FB9AE7A6
:1019E000BDE8F081B8C50020E4BF0020303D0220F2
:1019F000A0340220A83F01207C1E0220185D022096
:101A0000BCC50020545601209CC90020C4C500203C
:101A100068C3002064C30020BC390220F6CF002038
:101A2000C0C50020C8C50020835C02205856012094
:101A3000084A00239168814207DA01333032072BCC
:101A4000F8D17047181AFFF729BF034A1068984267
:101A5000F8D1704794BE0020B8C500202DE9F843A6
:101A6000DFF8308104460D46D8F80030834205D1B6
:101A700000297EDB404A12688A427AD0032C78D84B
:101A8000012B3D4F0FD0032B2BD02846C8F8004028
:101A9000FFF7DAFE012C38602FD0032C46D0BDE8CA
:101AA000F843FFF7B7BEDFF8DC9000260B2089F87B
:101AB0000B6089F80C600AF017FB0C200AF014FB8D
:101AC0002E4B1B68012B01D100F062FA2C4B1E60DB
:101AD00089F80D600AF0A8FCC8F8004007F0F8FC8F
:101AE000D3E73B68052B05D0063B012BCDD805F08D
:101AF00067F8CAE704F096FCC7E7224D0B20EC72AA
:101B00002C730AF0F1FA0C200AF0EEFA1B4B1B685A
:101B1000012B03D100F05CFA07F0DAFC0123184A2C
:101B20000D2013606B730AF0DFFAB8E7062806D0C1
:101B300007280FD00528B2D104F048FCAFE71249BE
:101B4000124804F0EDFF0028A9D105F039F805236B
:101B50003B60F1E70C490D4804F0E2FF0028F4D0A7
:101B600005F05AF80028F0D0094B01220E201A6027
:101B7000D9E7BDE8F88300BFA03402200439022071
:101B8000283B0220F6CF0020298500208F990020D5
:101B9000BC390220303D022010B50D4C2368834231
:101BA00014D0FFF751FE0B4B01461868022803DCE6
:101BB000002803DB216001E0032803D0BDE81040CA
:101BC000FFF728BEBDE81040FFF748BF10BD00BFBB
:101BD000A0340220303D0220024B18680130FFF78C
:101BE000DBBF00BFA0340220044B4FF0FF31186868
:101BF0000130042828BF0020FFF730BF303D02200D
:101C0000044A082013680133032BC8BF0023136064
:101C10000AF06ABAB43B0220044A64201378B3FA8B
:101C200083F35B0913700AF0BFBC00BF5756022054
:101C300010B50D4C2368022B0BD10C4B0C491A68C4
:101C40000C4B03EB820351F82220C3F80C2300F065
:101C500087FE236805200133022BC8BF00232360C1
:101C6000BDE810400AF040BA383B0220B8C5002059
:101C7000AC340220CCA6002070B4114D89B00646C9
:101C80006C460FCD0FC495E80F0084E80F000D4B94
:101C90001A68B61802D507221A6002E0072E0DDC7A
:101CA0001E601B6808AA022002EB830353F8202C55
:101CB000054B1A6009B070BC0AF016BA0022EBE7B7
:101CC000A02A002080CF002010C7002010B4104BA5
:101CD00085B004460DF1100C0FCB0CE90F000D4B35
:101CE0001A682244032A0FDD00221A6004AA1B6826
:101CF000032002EB830353F8102C074B1A6005B046
:101D00005DF8044B0AF0F0B9002AB8BF0322ECE7F3
:101D1000C02A002040C700203CC7002010B50D4C51
:101D20000B202368B3FA83F35B0923600AF0DCF924
:101D3000094B1B68012B0BD12368012B05D100F047
:101D400047F9BDE8104007F0C3BB00F021F9F8E700
:101D500010BD00BF04390220303D0220044B1B6837
:101D600023B91C23034A1360034A1360704700BF62
:101D7000203B0220ACCC0020A8CC0020084B0C203B
:101D800008491A681C23003A0B60074918BF012252
:101D90000B6006490A60064AC2E910330AF0A4B98A
:101DA000F8390220ACCC0020A8CC0020FC3B02205B
:101DB000CCA6002008B5084B1A68084B1B689A424D
:101DC00009D007F0BFFA064B1B68012B03D1BDE811
:101DD000084007F07DBB08BDE8C50020F8390220A7
:101DE000303D022008B505F02DFD054B1A68054B66
:101DF0001A6500F0B5FD0C20BDE808400AF074B982
:101E0000E4C50020CCA60020054B07B500930023B5
:101E100004491A46184603F05FFB03B05DF804FB63
:101E20005D1D0060203B02201C23024A1360024A11
:101E300013607047ACCC0020A8CC0020054A0649AE
:101E400013680B600133052BC8BF00231360FFF735
:101E5000B1BF00BFE8C50020F839022007B5074927
:101E60000120074B0A681A60064B009300231A46AC
:101E700003F032FB03B05DF804FB00BFE8C50020AF
:101E8000F8390220B51D0060084B1B681C3B07B5E4
:101E900018BF0123064902200B60064B0093002364
:101EA0001A4603F019FB03B05DF804FBA8CC002030
:101EB000F83902207D1D00607047034B1A68034B00
:101EC0005A6500F04DBD00BFC0CE0020CCA600205A
:101ED000024B1A68024B9A6500F042BDECC5002027
:101EE000CCA600204FF4966393FBF0F0014B1860F2
:101EF000704700BF1839022038B55022174B1849D7
:101F000000241A60F02317480B601749174D0B6027
:101F100017492A60086017490A602146164A13606B
:101F200040F6B832154B1C60154B1C60154B1868F9
:101F30000AF08EF9144B40F6B832214618680AF0C0
:101F400087F92A684FF496630C20B3FBF2F30F4A2B
:101F50001360BDE838400AF0C7B800BFE43902207A
:101F6000E839022000002043F83802201839022006
:101F700040CF002090BE00208CBE00205849022097
:101F80005C4902209C3F0220EC390220E4C500207D
:101F900008B50B4B18680AF087FA0A4B18680AF064
:101FA00083FA094B18680AF07FFA084B18680AF0A0
:101FB0007BFA07F0E5FD0020BDE8084007F0C8BA4D
:101FC00084300220EC3902209C3F0220F0340220B1
:101FD00070B5154E40F2FC70144D0AF05DF8144CCB
:101FE000306040F6B8300AF057F8286040F6B83054
:101FF0000AF052F820604FF480600AF04DF80D4B63
:102000001860336823B12B6813B1236803B130B96A
:10201000094B0022BDE870401A60FFF7B9BF2020CD
:10202000BDE8704007F080BD84300220EC3902200A
:102030009C3F0220F03402200439022000000000FE
:102040002DE9F04FAA4B0546884600212DED068B61
:10205000ADF2C44D93F9004002AF631C07F13C00A0
:102060009B003B62073323F00703ADEB030D0DF13B
:10207000080BADEB030D02AA09EE902A3A6A02F2B0
:10208000034222F00702ADEB020D02AAADEB030DF5
:1020900002AB0AEE102AFB61964B93F9009009EB14
:1020A00004034FEA89069B00073323F00703ADEBD7
:1020B000030D02AAADEB030D02ABBA617B6209F11D
:1020C000FF3308EE103AF31D23F00703ADEB030DC9
:1020D00002AAADEB030D02AB3A612C22FB600AF0C1
:1020E000B7F8854B1B785A1E7A60844A11689A1E8D
:1020F000072A1FD813291DDD052B40F6B83095EDB2
:10210000047ACCBF1A1F1A46504307EE900A4FF4C8
:102110007A70F8EEE77A424377EE277A95ED057A02
:10212000C5ED047A07EE902AF8EEE77A77EE677A43
:10213000C5ED057AA3F10B02082A7A6136D901317F
:102140006E4B142978DC1960D7E903231E44002361
:102150009945A6F1040672DC0026A6427FDD97EDC4
:102160000F7AB7EE009A5E4624EAE472B7EEC77AB9
:102170000021A6EC019A92003046B2464FF00109C8
:102180009FED596B27EE067BB7EEC78B87ED0F8A65
:102190000AF05EF8F96907F140030431A14500F344
:1021A000B180184632469FED567A6BE0A3F10A00E3
:1021B000A3F10E024FF0C80E4FF0640A0528D8BFF5
:1021C00002464FF47A7000FB02FC4FF4FA700EFBEB
:1021D00002FE50430AFB02F207EE900A8020132908
:1021E00027DD0B2B25DD07EE10CAF8EEC76A95ED4B
:1021F000187A37EE267AF8EEE76A85ED187A95EDCB
:10220000197A37EE267A85ED197A07EE10EAF8EE9C
:10221000C76A95ED1A7A37EE667A85ED1A7A07EE77
:10222000102AF8EEC76A95ED1B7A37EE667A85EDCF
:102230001B7A0138D3D182E700221A6084E707EEC7
:10224000903AB8EEC86B0133B8EEE75B85EE067BDB
:10225000B7EEC77BA2EC017A86ED007A78E707F14A
:102260003C03A8EB060205EB8601284603EB860338
:10227000013609F0F1FE70E7F2EC016AD0ED007A68
:10228000A6EEA77A5245A0F10400F5D1F3EC017A4D
:1022900008465246B44677EE877AF1EE677AC7EE83
:1022A000888A043A5A4514D14FEA89023046BB6005
:1022B00009F10109043AF96109F0EAFEF0EE497A00
:1022C000BB68F969E8EEE87AEAEC018A28EE278A29
:1022D00064E7FCEC017A92ED007AE7EE287AE0EC14
:1022E000017ADEE7AFF3008030B844000000F03F31
:1022F000D8CF0020D7CF00205956022014910120BA
:102300000000000019EE903A3A6A59469A180023E4
:10231000A34240F39C80661C4FF480791AEE103A79
:1023200019EE902AB6B207F13000CDF800904FF0C8
:10233000000A314609F0D4FF434607F1B8022946A6
:1023400007F1300009F01CFF1AEE103A5A463146E8
:1023500007F13000CDF8009009F0C2FF07F1B80294
:10236000434607F13000114609F00AFF07F1280241
:10237000494607F1B8000AF0FFF807F12C022146A0
:10238000584609F0D5FFD7ED0B7A97ED0A0A20EEF3
:10239000270A0AF011F8754BF0EE047A07F168018C
:1023A00093F9003020EE270A013B03EBD373B1EE23
:1023B000407A5A1004EB630307F1B80000EB830086
:1023C000D0ED007AF4EEC07AF1EE10FA04DCF4EE0F
:1023D000C77AF1EE10FA05D5181B134441F82A000C
:1023E0000AF1010A0133F12B02D8BAF1140FE3D13B
:1023F0000BF10406224607F16808314630460AF020
:102400001BF8224619EE901A19EE900A0AF014F8F9
:102410003B6A043BBB60BA68BB6903EB020B002359
:10242000FB61524B93F90000FB699A4500F1FF33C1
:1024300003EBD37300F084807A6A5B10D7F81890AE
:10244000002102EB80025B42CC463A6227E051F861
:10245000040B013342F8040D5AE7D8F8002002EBD0
:10246000030EAEEB040E1EEB010E48BF02EB010E95
:10247000A2EB03024CBF3E4805EB8E0E0A4401F16D
:10248000010148BF00EB8E0E386A05EB8202DEF8D0
:1024900000E052684CF804EB40F8042B3862A1428B
:1024A000DBDB00233B62314B3A6A93F90030934205
:1024B00028DC5A465946386909F01EFE7A6A2B4BC9
:1024C0001146F86893F9003009F016FE7B68042B7A
:1024D00012D97B69042B0FD9244B5846D8F8001029
:1024E00093F900305A1E02EBD272A1EB6202796AB4
:1024F00005EB820209F0CCFFFB6908F10408013307
:10250000FB618EE7BB684946224619EE900A4B44B0
:1025100009F1040909F0A0FD144B7A6A93F900103F
:102520003B6A786AC91A4B1E00EB8101304602EB08
:102530008303224609F090FD3B6A01333B62B2E718
:1025400004EB6302C4F1FF010948A1EB630122EA35
:10255000E27205EB8101920009F09AFD07F2BC4797
:10256000BD46BDEC068BBDE8F08F00BFD7CF002085
:102570001891012038B504460D4600224FF48071B1
:10258000FFF75EFD2046294604F5806350F8042BD2
:10259000984241F8042BF9D138BD38B59E4BF4EE82
:1025A000007A9E4C9E4D2DED0A8B93ED009AF7EE2E
:1025B000008A9C4B29EE279A1B68013B032B0AD803
:1025C000DFE813F004000C0112011A014FF0804300
:1025D000954A13602360954B3021F3EE047A1A6814
:1025E000B2EE040A924BFFEE009AB7EE00BB01FB7D
:1025F0000233D3ED0A0AF8EEE00AC0EEA70A09F0AA
:10260000EFFC8C4B8C4A83ED000A8C4BF0EE40CAF9
:1026100093ED008A8A4BB8EEC88A93ED000A68EE03
:10262000097A67EE807A20EE090AFAFE677AFDEEF3
:10263000E77A89EE800AC2ED007A17EE903A814A75
:1026400012681344804A136009F0EEFD38EEC00AA8
:102650007E4B83ED000A94ED000A29EE000A89EE14
:10266000800A09F0E1FD7A4B38EEC00A83ED000ADA
:10267000784B93ED000A29EE000A89EE800A09F0F2
:10268000D3FD754B38EEC00A83ED000A734B93ED12
:10269000000A29EE000A89EE800A09F0C5FD704B98
:1026A00078EEC07AB1EE480AC3ED007A78EEE77AA8
:1026B0006C4BC3ED007A6C4B93ED00AA09F0B4FDAE
:1026C000B7EEC07A694BB7EECAAA3BEE477B9FEDE7
:1026D0004E6B27EE0A7B27EE067BB7EEC78B83EDAA
:1026E000008A634B93ED00CA624B6CEE8C7AC8EEA5
:1026F00027AAC3ED00AA604B93ED00AA2CEE0A0AAC
:1027000020EE2C0A88EE000A09F072FF5B4BB7EE50
:10271000CCCAB5EE400A8BEE0C7BF1EE10FA08BF86
:102720009FED570AB7EEC00A3BEE476BB7EEC87A8B
:1027300026EE077B87EE006B95ED007AC8EE8A7A6D
:10274000B2EE040AB7EEC66B83ED006AB2EE006B20
:102750004C4BC3ED007AB7EEC77A37EE4B7B27EED2
:10276000067BF7EEC70B09F03BFCB7EEC07A2AEE0A
:10277000000A454BB7EEEA6A3BEE47BBB7EEC07ABC
:10278000A6EE0B7B9FED226B27EE067BB7EEC77B99
:1027900083ED007A3D4B93ED000A29EE000A89EEA5
:1027A000800A09F041FD3A4B38EEC00A83ED000A79
:1027B00038EEC00A374B83ED000A374BD3ED007A71
:1027C00029EE270A89EE800A09F02EFD334B38EEF8
:1027D000C00ABDEC0A8B83ED000A38BD124BC3ED75
:1027E000008A4FF07C53F5E60F4B0022C5ED008ABE
:1027F0001A604FF07A53EDE60B4B0022C5ED008ACC
:102800001A60274BE6E600BF1EA7E8482EFFEF3F01
:10281000FCA9F1D24D62E43F683F0220C847022084
:10282000203A022020A30020243A0220B8C500202C
:1028300094BE0020443B0220AC1E0220AC3B022090
:10284000C4470220A4CC0020703A0220B01E02200F
:10285000FC380220D047022090390220CC470220C9
:102860008C390220E43B0220F43B0220F83B02209A
:1028700060490220503B0220D4C90020A847022012
:102880009595E6247C3A02201C3A0220D447022087
:10289000103A0220E83B0220D8470220183A0220D2
:1028A000CDCC4C3D184B0421184A1A604FF07A5396
:1028B000174A1360174A1160174A18491160184ADD
:1028C000184911604FF07E5217490A6017490A6093
:1028D0004FF07F51164A1160164A17491360174A84
:1028E0001160174A174911600121174A11704FF002
:1028F0007C51164A1160164A1360164A1360164B33
:10290000164A1A60FFF749BEC44702206F12833A85
:10291000C8470220AC3B0220443B022000401C463A
:1029200008C700200000A041D4C90020F43B0220C9
:1029300060490220CC4702200AD7A33BD04702209F
:10294000CC3C02200000A040995C0220D447022029
:10295000243A0220203A0220D8470220CDCCCC3D98
:10296000704738B5054D04242046013409F05CFB5E
:1029700005F8010BB4F54F7FF6D138BDCCA6002089
:10298000704737B5002401AD2046013409F04CFBF7
:1029900005F8010B042CF7D1019803B030BD2DE9E7
:1029A000F843B6490025B64CB64809F08DFBB64948
:1029B000B448274609F018FC2146B24809F084FBC8
:1029C000B249B04809F010FCE168AE4809F0A8FC33
:1029D000AF49AC4809F008FC2169AA4809F0A0FCFD
:1029E000AC49A84809F000FC6169A64809F098FCC8
:1029F000A949A44809F0F8FBA169A24809F090FC94
:102A0000A649A04809F0F0FBE1699E4809F088FC5E
:102A1000A3499C4809F0E8FB94ED090A0221994872
:102A2000B7EEC00ADFF8E49209F09EFD9D49954893
:102A300009F0DAFBA16A934809F072FC9A499148BF
:102A400009F0D2FBE16A8F4809F06AFC97498D488A
:102A500009F0CAFB216B8B4809F062FC9449894854
:102A600009F0C2FB616B874809F09EFB91498548DC
:102A700009F0BAFB94ED0E0A02218248B7EEC00AB3
:102A8000804E09F071FD8C497E4809F01DFB8B4991
:102A90007C4809F0A9FBE16B7A4809F041FC8849C0
:102AA000784809F0A1FB616C764809F039FC85494A
:102AB000744809F099FB216C724809F031FC824995
:102AC000704809F091FBA16C6E4809F029FC7F4920
:102AD0006C4809F089FBE16C6A4809F021FC7C49EB
:102AE000684809F081FB216D664809F019FC7949B5
:102AF000644809F079FB00230522616D614809F003
:102B00003BFC604809F028FC73495E4809F06CFB07
:102B100000230A22A16D5B4809F02EFC594809F0F8
:102B20001BFC6E49574809F0CFFA6D49554809F02A
:102B30005BFBE16D534809F0F3FB6A49514809F02A
:102B400053FB216E4F4809F0EBFB67494D4809F0F4
:102B50004BFB616E4B4809F0E3FB6449494809F0BF
:102B600043FBA16E474809F0DBFB6149454809F08A
:102B70003BFBE16E434809F0D3FB5E49414809F055
:102B800033FB216F3F4809F0CBFB5B493D4809F01F
:102B90002BFB616F3B4809F0C3FB5849394809F0EA
:102BA00023FBDFF8808157F8781F364809F0B8FB1F
:102BB0005349344809F088FA092D03DC4946304668
:102BC00009F012FB4146304609F00EFB294630461B
:102BD000013509F03DFA4B49304609F005FB57F83D
:102BE000041F304609F09CFB0E2DE5D1464F002511
:102BF000DFF81891234EDFF830814449214809F06D
:102C000063FA092D03DC4946304609F0EDFA4146E6
:102C1000304609F0E9FA29463046013509F018FA3C
:102C20003849304609F0E0FA57F8041F304609F0F9
:102C300077FB0E2DE5D136490025124809F044FAFC
:102C40003449104809F0D0FAD4F8EC100D4809F0D6
:102C500067FB31490B4809F0C7FA94ED3C0A0221A1
:102C60000848B7EEC00A2D4F09F07EFC2C490548F4
:102C700009F0BAFA94ED3D0A58E000BFB085002093
:102C8000CCA6002090B80020CF850020F28500203F
:102C900015860020388600205B8600207E86002076
:102CA000A1860020CC860020F18600201487002019
:102CB00037870020598700207C87002097870020D5
:102CC000BA870020DD8700200088002023880020AC
:102CD00046880020698800208C880020AF8800206A
:102CE000D8880020FB8800201E8900204189002010
:102CF0006489002087890020AA890020CD890020CE
:102D0000F08900200B8E00207CA70020359D00203C
:102D10004B8A0020718A0020948A0020C8A70020D6
:102D2000B78A0020118A00202E8A00200221CE4876
:102D3000B7EEC00ADFF86C9309F016FCCB49CA481D
:102D400009F052FA94ED3E0A0221C748B7EEC00AD4
:102D5000C54E09F009FCC649C34809F045FADFF839
:102D60006883D4F8FC10C04809F0DAFAC149BE48BB
:102D700009F0AAF9092D03DC4946304609F034FA76
:102D80004146304609F030FA29463046013509F00F
:102D90005FF9B949304609F027FA57F8041F304661
:102DA00009F0BEFA122DE5D1B449AF4809F08CF90B
:102DB000B349AD4809F018FA94ED520A0221AA4825
:102DC000B7EEC00AAF4E09F0CFFBAF49A64809F0F5
:102DD0000BFA94ED530A0221A348B7EEC00ADFF8BC
:102DE000EC8209F0C1FBA9499F4809F0FDF994ED77
:102DF000540A02219C48B7EEC00A9B4D09F0B4FB6F
:102E0000A349994809F0F0F994ED550A0221964832
:102E1000B7EEC00A984F09F0A7FB9E49924809F007
:102E2000E3F994ED560A02218F48B7EEC00A09F083
:102E30009BFB99498C4809F0D7F994ED570A022178
:102E40008948B7EEC00A002409F08EFB93498648F2
:102E500009F03AF94146284609F0C6F921462846C4
:102E6000013409F0F5F83946284609F0BDF9B6EC09
:102E7000010A05212846B7EEC00A09F075FB072CA8
:102E8000E8D1874E0024DFF84882774D7A4F854994
:102E9000754809F019F94146284609F0A5F9214677
:102EA0002846013409F0D4F83946284609F09CF93F
:102EB000B6EC010A05212846B7EEC00A09F054FB1A
:102EC000072CE8D1784E0024DFF80882664D6A4F5F
:102ED0007449654809F0F8F84146284609F084F934
:102EE00021462846013409F0B3F83946284609F04E
:102EF0007BF9B6EC010A05212846B7EEC00A09F0B5
:102F000033FB072CE8D1694E0024DFF8CC81564D05
:102F1000594F6449544809F0D7F84146284609F00A
:102F200063F921462846013409F092F839462846CB
:102F300009F05AF9B6EC010A05212846B7EEC00A95
:102F400009F012FB072CE8D1564900244648584E98
:102F500009F0BAF8DFF88481434D474F554942489C
:102F600009F0B2F84146284609F03EF921462846C4
:102F7000013409F06DF83946284609F035F9B6EC08
:102F8000010A03212846B7EEC00A09F0EDFA072C22
:102F9000E8D1494E0024DFF84881334D364F41498E
:102FA000314809F091F84146284609F01DF92146BB
:102FB0002846013409F04CF83946284609F014F93E
:102FC000B6EC010A03212846B7EEC00A09F0CCFA94
:102FD000072CE8D1394E0024DFF80881224D264F16
:102FE0003049214809F070F84146284609F0FCF8BC
:102FF00021462846013409F02BF83946284609F0C5
:10300000F3F8B6EC010A03212846B7EEC00A09F02E
:10301000ABFA072CE8D12A4E0024DFF8CC80124D01
:10302000154F2049104809F04FF84146284609F04D
:10303000DBF821462846013409F00AF839462846CB
:1030400009F0D2F8B6EC010A03212846B7EEC00A0F
:1030500009F08AFA072CE8D1124900240248194ED7
:1030600009F032F842E000BF90B80020DA8A002070
:10307000FD8A0020208B00200B8E00205E8B00201C
:103080007C8B00202CA800209F8B0020C28B00206E
:10309000E58B0020088C00202B8C00204E8C00201B
:1030A00048A80020359D002064A8002080A80020AA
:1030B0009CA80020F38C0020B8A80020D4A80020F1
:1030C000F0A8002008A90020418B00207B8C002064
:1030D000998C0020B78C0020D58C00201A8D002000
:1030E000388D0020568D0020748D00207C4F7D4D42
:1030F000DFF848827C497B4808F0E6FF092C03DCB6
:103100003946284609F070F84146284609F06CF81F
:103110002146284608F09CFF7449284609F064F8C7
:10312000032C03DC3946284609F05EF8013456F8D2
:10313000041F284609F038F80D2CDFD10025694E10
:103140006B4C6C49674808F0BFFF6B49304609F08B
:103150004BF82946304608F07BFF6849304609F0B5
:1031600043F8012D03DC5E49304609F03DF804EBDD
:10317000C50301353046D3F8741209F0D1F8072D94
:10318000E3D100265C4F574DDFF8B481394628461D
:1031900009F02AF83146284608F05AFF41462846E9
:1031A00009F022F8012E03DC4D49284609F01CF8ED
:1031B00004EBC60301362846D3F8781209F0B0F8BC
:1031C000072EE3D14649474808F07EFF4C49454861
:1031D00009F00AF8D4F8AC12424808F0E5FF494972
:1031E000404809F001F848493E4808F06DFF47495A
:1031F0003C4808F0F9FF46493A4808F065FF454960
:10320000384808F0F1FF4449364808F05DFF43496B
:10321000344808F0E9FF2B6894F8F81200251B6881
:10322000304898472F4809F097F82D492D4808F065
:103230004BFF3B492B4808F0D7FFD4F8FC12294834
:1032400009F06EF83749274808F0CEFFD4F800138C
:10325000244809F065F83449224808F0C5FF94ED88
:10326000C20A02211F48B7EEC00A304F09F07CF9AC
:103270002F491C4808F0B8FF94EDC10A02211948F3
:10328000B7EEC00ADFF8BC90164E09F06DF9DFF812
:10329000B8801349134808F017FF4946304608F034
:1032A000A3FF29463046013508F0D2FE414630469C
:1032B00008F09AFF57F8041F304609F031F8072D3F
:1032C000EBD11C49074808F08FFFD4F828130548B4
:1032D00009F026F818490348BDE8F84308F0F4BEA1
:1032E000359D002090B80020928D00200B8E00208C
:1032F000CCA60020D08D0020ED8D0020088E00206F
:10330000188E00203B8E00207CA900205E8E0020BD
:10331000AEA90020818E0020B8A90020A48E002034
:10332000C78E0020EA8E00200D8F0020D4A9002037
:10333000308F0020768F0020998F0020B38D0020E1
:10334000108E0020538F00206E8F0020031F044A30
:10335000303052F8041F43F8041F8342F9D17047FC
:1033600008A90020F8B5BB4C09F0A6F8BA4D0146F3
:103370002046242608F050FEA563232501210520C0
:103380001E230F270022E061E063C4E910653225A7
:10339000C4E90313C4E91801C4E90C11AF484FF0A4
:1033A0007E53C4E91475C4E91A1140F2EE25AC4904
:1033B0006362C4E91652C4E91C10AA4D214641F8C3
:1033C000785F6425C4E90522C4E90A22C4E912220F
:1033D000013241F8045F0E2AFAD16FF0090214217C
:1033E00040F2663540F20136C4F8EC204FF08242DC
:1033F00040F29D2740F2352CC4F8F02040F2CB1E5D
:10340000994AC4F86031C4F8F420C4F8F8204FF4A5
:103410006772C4F86431C4F86831C4E93F1240F2FD
:1034200031324FF4B271C4E9415240F2C922F2255F
:10343000C4E943624FF41A728326C4E9457240F22C
:103440000122874FC4E947C240F29712DFF8A0C2B9
:10345000C4E949E24FF49572DFF898E2C4E94B12EF
:10346000B7228249C4E94D5243220A25C4F85C11AF
:103470007F49C4F84451C4E94F6200227D4EC4F82C
:103480004821C4F84C21C4F85021C4F85421C4F890
:103490005821C4F86C31C4F89811C4F89C117649CD
:1034A000C4F87031C4F8A0117449C4F87431C4F878
:1034B000A4117349C4F87831C4F8A8117149C4F84B
:1034C0007C31C4F8AC11C4F8B0116F49C4F8803134
:1034D000C4F8B811C4F8C0116C49C4F88431C4F8F8
:1034E000C4116B49C4F88831C4F8C8116949C4F8DB
:1034F0008C31C4F89031C4F89431C4F8B461C4F884
:10350000BC61C4F8CC11644EC4F8D031C4F8D431D5
:10351000C4F8D831C4F8DC31C4F8E031C4F8E4317F
:10352000C4F8E831C4F8EC21C4F8F021C4F808323A
:10353000C4F80C32C4F81032C4F81432C4F818328B
:10354000C4F81C32C4F82032544BC4F8F421C4F837
:10355000F821C4F8FC21C4F80022C4F80422C4F8FD
:103560002422C4F82822C4F82C22C4F83022C4F83B
:103570003422C4F83822C4F83C22494A4949C4F8E4
:103580004802C4E99063484BC4E99532474BC4E90B
:1035900097C3DFF864C1C4E999ECDFF860E1DFF8B4
:1035A00060C1C4E99BECDFF85CC1C4E99371C4F865
:1035B00074C2C4F87C723E4FC4F88812C4F8847296
:1035C0003C4F3D49C4F88C723C4FC4F89822C4F873
:1035D00094723B4F3B4AC4F89C72C4F8A8323A4FED
:1035E0003A4BC4F88002C4F89012C4F8A0223222E8
:1035F00037493848C4F8AC32C4F8A472C4F87862C9
:1036000008F076FD344B35481A683549C4F8E22293
:103610005A681B8942602A460381284408F068FDE5
:103620002E23304AC4F8F8322F4BC4F808231B6805
:103630002E4AC4F8FC320023C4F80423C4F8003333
:10364000C4E9C333C4E9C533C4E9C733C4E9C933E2
:10365000F8BD00BFCCA600200000A041F0446B00E4
:1036600000DD6D00A0090100CDCCCC3D00007A4505
:103670007F6ABC3C96438B3CE3A51B3DF4FD543D67
:1036800060E5503D4260E53CE3A59B3C3108AC3C25
:103690000AD7A33C5839B43C40523600104E38008B
:1036A000A0594101E089D600C0ACD8006029AC0126
:1036B000C8F8D90050A41401801F1401284F4601F6
:1036C000F0B47C0110097C010822B101B0196D0031
:1036D000BB8F00207CA90020C88F0020AEA900204D
:1036E000C28F002000001642FC3B02200000F6C200
:1036F00088C84401C8D0B001404B4C008096980067
:10370000C0E1E40068CE3C002DE9F047FE21D2B0D4
:103710008C4808F0F1FD002800F0F08501A8002396
:10372000894A884908F0A8FE059808F049FE002853
:1037300000F0E185854C0026854F04F53B780DF1BE
:1037400018090025CA4601A808F046FEB92EC0B2E5
:1037500012D101A8012408F01FFE4FF44E7200217F
:103760007A4808F01DFF01A808F0EAFE204652B092
:10377000BDE8F0871D46E6E70A2805F1010309F8D0
:10378000010BF7D1002355443946504605F8013C5A
:1037900008F086FCC11C2CA808F03EFC731EB72B59
:1037A00000F2BA80DFE813F0BE00C300C800D60004
:1037B000DB00BC00E000EA00EF00F500FB000001C8
:1037C00008010D01120117011C01210126012E0122
:1037D000330139013E01430148014D0152015701B6
:1037E0005C01610167016D01730179017F01850150
:1037F0008B01910197019D01A301A901AF01B501C1
:10380000BB01C101C701CD01D301D901DF01E50130
:10381000EB01F101F701FD01030209021102180297
:10382000200226022C02320238023E0244024A02E0
:10383000500256025C02620268026E0274027A0250
:10384000800286028C0292029A02A202AA02B202AC
:10385000BA02C202CA02D202DA02E202EA02F202A8
:10386000FA0202030A0312031A0322032A03320391
:103870003A0342034A0352035A0362036A03720380
:103880007A0382038A0392039A03A203AA03B20370
:10389000BA03C203CA03D203DA03E203EA03F20360
:1038A000FA0302040A0412041A0422042A04320449
:1038B0003A0442044A0452045A0462046A04720438
:1038C0007A04820488048E0494049A04A004A60452
:1038D000AC04B204B804BF04C604CD04D404DB04B1
:1038E000E204E904F004F704FE0405050C051305E1
:1038F0001A05210528052F0536053D05430549050F
:103900004F0556055D0564056D0576057D05840545
:103910008B0592059905A0052CA9204608F07CFB93
:1039200001360CE72CA808F05FFDE060F8E72CA852
:1039300008F05AFD2061F3E72CA808F055FD6061FE
:10394000EEE700BF80510120C4960020CCA60020E5
:103950002C8F00202CA808F047FDA061E0E72CA8E0
:1039600008F042FDE061DBE72CA808F03DFD07EE22
:10397000900AF8EEE77AC4ED097AD1E72CA808F0AE
:1039800033FDA062CCE72CA808F02EFD40B2E06227
:10399000C6E72CA808F028FD80B22063C0E72CA859
:1039A00008F066FD6063BBE72CA808F08DFCB7EE5D
:1039B000C00B84ED0E0AB3E72CA808F015FDE063F8
:1039C000AEE72CA808F010FD2064A9E72CA808F0A9
:1039D0000BFD6064A4E72CA808F006FDA0649FE737
:1039E0002CA808F001FDE0649AE72CA808F0FCFC84
:1039F000206595E72CA808F067FCBDEEC00B84EDB0
:103A0000150A8DE72CA808F033FDA06588E72CA8DF
:103A100008F0EAFC00B2E06582E72CA808F0E4FCBC
:103A200020667DE72CA808F0DFFC606678E72CA80C
:103A300008F0DAFCA06673E72CA808F0D5FCE06675
:103A40006EE72CA808F014FD206769E72CA808F0A1
:103A50000FFD606764E72CA808F00AFDA0675FE728
:103A60002CA808F0C1FCE0675AE72CA808F0BCFCC1
:103A7000C4F8800054E72CA808F0B6FCC4F8840011
:103A80004EE72CA808F0B0FCC4F8880048E72CA842
:103A900008F0AAFCC4F88C0042E72CA808F0A4FCAB
:103AA000C4F890003CE72CA808F09EFCC4F89400F1
:103AB00036E72CA808F098FCC4F8980030E72CA84A
:103AC00008F092FCC4F89C002AE72CA808F08CFCB3
:103AD000C4F8A00024E72CA808F086FCC4F8A400D1
:103AE0001EE72CA808F080FCC4F8A80018E72CA852
:103AF00008F07AFCC4F8AC0012E72CA808F074FCBB
:103B0000C4F8B0000CE72CA808F06EFCC4F8B400B0
:103B100006E72CA808F068FCC4F8B80000E72CA859
:103B200008F062FCC4F8BC00FAE62CA808F05CFCC3
:103B3000C4F8C000F4E62CA808F056FCC4F8C40091
:103B4000EEE62CA808F050FCC4F8C800E8E62CA863
:103B500008F04AFCC4F8CC00E2E62CA808F044FCCB
:103B6000C4F8D000DCE62CA808F03EFCC4F8D40071
:103B7000D6E62CA808F038FCC4F8D800D0E62CA86B
:103B800008F032FCC4F8DC00CAE62CA808F02CFCD3
:103B9000C4F8E000C4E62CA808F026FCC4F8E40051
:103BA000BEE62CA808F020FCC4F8E800B8E62CA873
:103BB00008F01AFCC4F8EC00B2E62CA808F084FB6C
:103BC000B7EEC00B84ED3C0AAAE62CA808F07CFBFB
:103BD000B7EEC00B84ED3D0A2CA808F075FBB7EEDC
:103BE000C00B84ED3E0A9BE62CA808F0FDFBC4F850
:103BF000FC0095E62CA808F0F7FBC4F800018FE65E
:103C00002CA808F0F1FBC4F8040189E62CA808F000
:103C1000EBFBC4F8080183E62CA808F0E5FBC4F828
:103C20000C017DE62CA808F0DFFBC4F8100177E654
:103C30002CA808F0D9FBC4F8140171E62CA808F0F0
:103C4000D3FBC4F818016BE62CA808F0CDFBC4F830
:103C50001C0165E62CA808F0C7FBC4F820015FE64C
:103C60002CA808F0C1FBC4F8240159E62CA808F0E0
:103C7000BBFBC4F8280153E62CA808F0B5FBC4F838
:103C80002C014DE62CA808F0AFFBC4F8300147E644
:103C90002CA808F0A9FBC4F8340141E62CA808F0D0
:103CA000A3FBC4F838013BE62CA808F09DFBC4F840
:103CB0003C0135E62CA808F097FBC4F840012FE63C
:103CC0002CA808F091FBC4F8440129E62CA808F0C0
:103CD000FBFAB7EEC00B84ED520A21E62CA808F0DF
:103CE000F3FAB7EEC00B84ED530A19E62CA808F0DE
:103CF000EBFAB7EEC00B84ED540A11E62CA808F0DD
:103D0000E3FAB7EEC00B84ED550A09E62CA808F0DB
:103D1000DBFAB7EEC00B84ED560A01E62CA808F0DA
:103D2000D3FAB7EEC00B84ED570AF9E52CA808F0DA
:103D3000CBFAB7EEC00B84ED580AF1E52CA808F0D9
:103D4000C3FAB7EEC00B84ED590AE9E52CA808F0D8
:103D5000BBFAB7EEC00B84ED5A0AE1E52CA808F0D7
:103D6000B3FAB7EEC00B84ED5B0AD9E52CA808F0D6
:103D7000ABFAB7EEC00B84ED5C0AD1E52CA808F0D5
:103D8000A3FAB7EEC00B84ED5D0AC9E52CA808F0D4
:103D90009BFAB7EEC00B84ED5E0AC1E52CA808F0D3
:103DA00093FAB7EEC00B84ED5F0AB9E52CA808F0D2
:103DB0008BFAB7EEC00B84ED600AB1E52CA808F0D1
:103DC00083FAB7EEC00B84ED610AA9E52CA808F0D0
:103DD0007BFAB7EEC00B84ED620AA1E52CA808F0CF
:103DE00073FAB7EEC00B84ED630A99E52CA808F0CE
:103DF0006BFAB7EEC00B84ED640A91E52CA808F0CD
:103E000063FAB7EEC00B84ED650A89E52CA808F0CB
:103E10005BFAB7EEC00B84ED660A81E52CA808F0CA
:103E200053FAB7EEC00B84ED670A79E52CA808F0C9
:103E30004BFAB7EEC00B84ED680A71E52CA808F0C8
:103E400043FAB7EEC00B84ED690A69E52CA808F0C7
:103E50003BFAB7EEC00B84ED6A0A61E52CA808F0C6
:103E600033FAB7EEC00B84ED6B0A59E52CA808F0C5
:103E70002BFAB7EEC00B84ED6C0A51E52CA808F0C4
:103E800023FAB7EEC00B84ED6D0A49E52CA808F0C3
:103E90001BFAB7EEC00B84ED6E0A41E52CA808F0C2
:103EA00013FAB7EEC00B84ED6F0A39E52CA808F0C1
:103EB0000BFAB7EEC00B84ED700A31E52CA808F0C0
:103EC00003FAB7EEC00B84ED710A29E52CA808F0BF
:103ED000FBF9B7EEC00B84ED720A21E52CA808F0BF
:103EE000F3F9B7EEC00B84ED730A19E52CA808F0BE
:103EF000EBF9B7EEC00B84ED740A11E52CA808F0BD
:103F0000E3F9B7EEC00B84ED750A09E52CA808F0BB
:103F1000DBF9B7EEC00B84ED760A01E52CA808F0BA
:103F2000D3F9B7EEC00B84ED770AF9E42CA808F0BA
:103F3000CBF9B7EEC00B84ED780AF1E42CA808F0B9
:103F4000C3F9B7EEC00B84ED790AE9E42CA808F0B8
:103F5000BBF9B7EEC00B84ED7A0AE1E42CA808F0B7
:103F6000B3F9B7EEC00B84ED7B0AD9E42CA808F0B6
:103F7000ABF9B7EEC00B84ED7C0AD1E42CA808F0B5
:103F8000A3F9B7EEC00B84ED7D0AC9E42CA808F0B4
:103F90009BF9B7EEC00B84ED7E0AC1E42CA808F0B3
:103FA00093F9B7EEC00B84ED7F0AB9E42CA808F0B2
:103FB0008BF9B7EEC00B84ED800AB1E42CA808F0B1
:103FC00083F9B7EEC00B84ED810AA9E42CA808F0B0
:103FD0007BF9B7EEC00B84ED820AA1E42CA808F0AF
:103FE00073F9B7EEC00B84ED830A99E42CA808F0AE
:103FF0006BF9B7EEC00B84ED840A91E42CA808F0AD
:1040000063F9B7EEC00B84ED850A89E42CA808F0AB
:104010005BF9B7EEC00B84ED860A81E42CA808F0AA
:1040200053F9B7EEC00B84ED870A79E42CA808F0A9
:104030004BF9B7EEC00B84ED880A71E42CA808F0A8
:1040400043F9B7EEC00B84ED890A69E42CA808F0A7
:104050003BF9B7EEC00B84ED8A0A61E42CA808F0A6
:1040600033F9B7EEC00B84ED8B0A59E42CA808F0A5
:104070002BF9B7EEC00B84ED8C0A51E42CA808F0A4
:1040800023F9B7EEC00B84ED8D0A49E42CA808F0A3
:104090001BF9B7EEC00B84ED8E0A41E42CA808F0A2
:1040A00013F9B7EEC00B84ED8F0A39E42CA808F0A1
:1040B000DFF9C4F8400233E42CA808F0D9F9C4F8B9
:1040C00044022DE42CA808F0D3F9C4F8480227E4F0
:1040D0002CA808F0CDF9C4F84C0221E42CA808F073
:1040E000C7F9C4F850021BE42CA808F0C1F9C4F8C1
:1040F000540215E42CA808F0BBF9C4F858020FE4E8
:104100002CA808F0B5F9C4F85C0209E42CA808F062
:10411000AFF9C4F8600203E42CA808F0A9F9C4F8C8
:104120006402FFF7FDBB2CA808F0A2F9C4F86802EE
:10413000FFF7F6BB2CA808F09BF9C4F86C02FFF758
:10414000EFBB2CA808F094F9C4F87002FFF7E8BBA5
:104150002CA808F08DF9C4F87402FFF7E1BB2CA875
:1041600008F086F9C4F87C02FFF7DABB2CA808F047
:104170007FF9C4F88402FFF7D3BB2CA808F078F9C4
:10418000C4F88C02FFF7CCBB2CA808F071F9C4F876
:104190009402FFF7C5BB2CA808F06AF9C4F89C028A
:1041A000FFF7BEBB2CA808F063F9C4F8A402FFF720
:1041B000B7BB2CA808F05CF9C4F87802FFF7B0BBD5
:1041C0002CA808F055F9C4F88002FFF7A9BB2CA869
:1041D00008F04EF9C4F88802FFF7A2BB2CA808F03B
:1041E00047F9C4F89002FFF79BBB2CA808F040F9F0
:1041F000C4F89802FFF794BB2CA808F039F9C4F86A
:10420000A002FFF78DBB2CA808F032F9C4F8A80271
:10421000FFF786BB2CA808F02BF9C4F8AC02FFF717
:104220007FBB2CA9374807F0F7FEFFF779BB2CA915
:10423000354807F0F1FEFFF773BB2CA9404607F0A5
:10424000EBFEFFF76DBB2CA808F0CEF8C4F8F8021F
:10425000FFF766BB2CA808F0C7F8C4F8FC02FFF70C
:104260005FBB2CA808F0C0F8C4F80003FFF758BBE8
:104270002CA808F029F8B7EEC00B84EDC20AFFF7AE
:104280004FBB2CA808F020F8B7EEC00B84EDC10A94
:10429000FFF746BB2CA808F0A7F8C4F80C03FFF7FB
:1042A0003FBB2CA808F0A0F8C4F81003FFF738BBF8
:1042B0002CA808F099F8C4F81403FFF731BB2CA818
:1042C00008F092F8C4F81803FFF72ABB2CA808F0EE
:1042D0008BF8C4F81C03FFF723BB2CA808F084F864
:1042E000C4F82003FFF71CBB2CA808F07DF8C4F825
:1042F0002403FFF715BB0446FFF735BA0446FFF762
:1043000035BA00BF7CA90020AEA900202DE9F041FC
:10431000A8B00223A94A0AA8A94908F0ADF80E9846
:1043200008F04EF8002800F0DF860E9830B10368E0
:10433000002200920022196A00238847A1490FA891
:1043400007F06AFEA04D08F0B7F801460FA8002458
:1043500007F02EFF0FA90AA89C4F07F0B5FE9C4955
:104360000FA89C4E07F058FE9B4B0A2206A918681E
:1043700007F0DEFE06A90FA807F01AFF0FA90AA88A
:1043800007F0A2FE95490FA807F046FE944B0A22BB
:1043900006A9186807F0CCFE06A90FA807F008FFC9
:1043A0000FA90AA807F090FE8E490FA807F034FE67
:1043B0008D4B0A2206A9186807F0BAFE06A90FA8B5
:1043C00007F0F6FE0FA90AA807F07EFE87490FA89E
:1043D00007F022FE864B0A2206A9186807F0A8FEFD
:1043E00006A90FA807F0E4FE0FA90AA807F06CFEC3
:1043F00080490FA807F010FE7F4B0A2206A9186813
:1044000007F096FE06A90FA807F0D2FE0FA90AA88A
:1044100007F05AFE06A90FA807F0CAFE0FA90AA8BE
:1044200007F052FE75490FA807F0F6FD744B0A22FB
:1044300006A9186807F07CFE06A90FA807F0B8FEC9
:104440000FA90AA807F040FE6E490FA807F0E4FD87
:104450006D4B0A2206A9186807F06AFE06A90FA884
:1044600007F0A6FE0FA90AA807F02EFE67490FA8BD
:1044700007F0D2FD664B0A2206A9186807F058FE1D
:1044800006A90FA807F094FE0FA90AA807F01CFEC2
:1044900060490FA807F0C0FD5F4B0A2206A9186803
:1044A00007F046FE06A90FA807F082FE0FA90AA88A
:1044B00007F00AFE59490FA807F0AEFD584B0A2233
:1044C00006A9186808F060F806A90FA807F070FEA2
:1044D0000FA90AA807F0F8FD52490FA807F09CFDA4
:1044E000514B06AA012193ED000A062008F050F86E
:1044F00006A90FA807F05CFE0FA90AA807F0E4FDC3
:104500004A490FA807F088FD494B0A2206A91868F6
:1045100007F00EFE06A90FA807F04AFE0FA90AA889
:1045200007F0D2FD43490FA807F076FD424B0A225F
:1045300006A9186807F0FCFD06A90FA807F038FEC9
:104540000FA90AA807F0C0FD3C490FA807F064FDB9
:104550003B4B0A2206A9186807F0EAFD06A90FA836
:1045600007F026FE0FA90AA807F0AEFD35490FA8EF
:1045700007F052FD344B0A2206A9186807F0D8FD4F
:1045800006A90FA807F014FE0FA90AA807F09CFDC2
:104590002E490FA807F040FD2D4B0A2206A91868E6
:1045A00007F0C6FD06A90FA807F002FE0FA90AA88A
:1045B00007F08AFD27490FA84EE000BFC4960020EF
:1045C00080510120D28F002040C60020D6920020CA
:1045D000F08F00200B8E002020A3002006900020EA
:1045E00088BE002020900020343F02203D90002013
:1045F000AC4702205E90002080CF00207690002003
:104600007CCF002097900020303D0220B090002009
:10461000B43B0220CD900020E0C50020E8900020AF
:10462000F0CE002003910020F4CE0020289100203D
:10463000E8C5002044910020ACCC00205C91002013
:10464000A8CC002074910020043902208E91002013
:10465000203B0220A491002007F0DEFCAE4B0A2292
:1046600006A9186807F064FD06A90FA807F0A0FDC9
:104670000FA90AA807F028FDA8490FA807F0CCFC4D
:10468000A74B0A2206A9186807F052FD06A90FA831
:1046900007F08EFD0FA90AA807F016FDA1490FA883
:1046A00007F0BAFCA04B0A2206A9186807F06CFFB5
:1046B00006A90FA807F07CFD0FA90AA807F004FDC2
:1046C0009A490FA807F0A8FC994B0A2206A9186876
:1046D00007F02EFD06A90FA807F06AFD0FA90AA88A
:1046E00007F0F2FC93490FA807F096FC924B0A22C0
:1046F00006A9186807F01CFD06A90FA807F058FDC9
:104700000FA90AA807F0E0FC8C490FA807F084FC69
:104710008B4B0A2206A9186807F00AFD06A90FA804
:1047200007F046FD0FA90AA807F0CEFC85490FA89F
:1047300007F072FC844B0A2206A9186807F0F8FCFF
:1047400006A90FA807F034FD0FA90AA807F0BCFCC2
:104750007E490FA807F060FC7D4B0A2206A9186865
:1047600007F0E6FC06A90FA807F022FD0FA90AA88A
:1047700007F0AAFC77490FA807F04EFC764B0A22F7
:1047800006A9186807F000FF06A90FA807F010FD9A
:104790000FA90AA807F098FC70490FA807F03CFC85
:1047A0006F4B0A2206A9186807F0EEFE06A90FA8AB
:1047B00007F0FEFC0FA90AA807F086FC69490FA8BC
:1047C00007F02AFC684B0A2206A9186807F0DCFEED
:1047D00006A90FA807F0ECFC0FA90AA807F074FCC3
:1047E0000A2203A92046013407F0A2FC39460FA88B
:1047F00007F012FC03A90FA807F0DAFC31460FA856
:1048000007F0D6FC0A2206A955F8040B07F090FC25
:1048100006A90FA807F0CCFC0FA90AA807F054FCC2
:104820000E2CDDD1514D0024514F524E0A2203A9C6
:104830002046013407F07CFC39460FA807F0ECFB5A
:1048400003A90FA807F0B4FC31460FA807F0B0FC8D
:104850000A2206A955F8040B07F06AFC06A90FA85E
:1048600007F0A6FC0FA90AA807F02EFC0E2CDDD13C
:1048700041490FA807F0D0FB404B0A2206A918684F
:10488000002407F055FC06A90FA83D4D07F090FC49
:104890000FA90AA83B4F07F017FC3B490FA8354E5C
:1048A00007F0BAFB394B06AA012193ED000A062056
:1048B00007F06EFE06A90FA807F07AFC0FA90AA858
:1048C00007F002FC32490FA807F0A6FB314B06AAFD
:1048D000012193ED000A062007F05AFE06A90FA851
:1048E00007F066FC0FA90AA807F0EEFB2A490FA8FB
:1048F00007F092FB294B06AA012193ED000A06203E
:1049000007F046FE06A90FA807F052FC0FA90AA857
:1049100007F0DAFB44E000BFE4C50020BD910020B1
:10492000C0CE0020DA910020ECC50020F8910020D4
:104930007C1E02201192002010C700202D92002022
:10494000B8C5002047920020BCC50020629200201C
:10495000C0C500207D920020C4C500209892002090
:10496000C8C50020B39200200CC7002078C60020E4
:10497000EF9200200B8E002008930020DCC5002061
:10498000F8CE0020A89300202A930020D0C5002054
:104990004C930020CCC500206B930020D8C500208C
:1049A000A6490FA807F038FBA54B0A2206A91868EC
:1049B00007F0BEFB06A90FA807F0FAFB0FA90AA88B
:1049C00007F082FB0A2203A92046013407F0B0FB5E
:1049D00039460FA807F020FB03A90FA807F0E8FB52
:1049E00031460FA807F0E4FB0A2206A955F8040B8C
:1049F00007F09EFB06A90FA807F0DAFB0FA90AA88B
:104A000007F062FB122CDDD18E490FA807F004FBE2
:104A10008D4B06AA012193ED000A062007F0B8FD90
:104A200006A90FA8894D07F0C3FB0FA90AA8002407
:104A300007F04AFB86490FA8864F07F0EDFA864B30
:104A400006AA012193ED000A062007F0A1FD06A9A0
:104A50000FA8824E07F0ACFB0FA90AA807F034FBA1
:104A60007F490FA807F0D8FA7E4B06AA012193EDE3
:104A7000000A062007F08CFD06A90FA807F098FB96
:104A80000FA90AA807F020FB77490FA807F0C4FA7E
:104A9000764B06AA012193ED000A062007F078FD67
:104AA00006A90FA807F084FB0FA90AA807F00CFBC2
:104AB0006F490FA807F0B0FA6E4B06AA012193EDDB
:104AC000000A062007F064FD06A90FA807F070FB96
:104AD0000FA90AA807F0F8FA67490FA807F09CFA8F
:104AE000664B06AA012193ED000A062007F050FD4F
:104AF00006A90FA807F05CFB0FA90AA807F0E4FAC3
:104B00000A2203A92046013407F012FB39460FA8F8
:104B100007F082FA03A90FA807F04AFB31460FA855
:104B200007F046FB06AAB5EC010A0321062007F0B0
:104B30002FFD06A90FA807F03BFB0FA90AA807F055
:104B4000C3FA072CDCD14E4D00244E4F434E0A22AF
:104B500003A92046013407F0EBFA39460FA807F005
:104B60005BFA03A90FA807F023FB31460FA807F053
:104B70001FFB06AAB5EC010A0321062007F008FD79
:104B800006A90FA807F014FB0FA90AA807F09CFAC2
:104B9000072CDCD13C4D00243C4F304E0A2203A9A7
:104BA0002046013407F0C4FA39460FA807F034FA5A
:104BB00003A90FA807F0FCFA31460FA807F0F8FA8E
:104BC00006AAB5EC010A0321062007F0E1FC06A9BC
:104BD0000FA807F0EDFA0FA90AA807F075FA072C3D
:104BE000DCD12B4D00242B4F1C4E0A2203A920465A
:104BF000013407F09DFA39460FA807F00DFA03A912
:104C00000FA807F0D5FA31460FA807F0D1FA06AA87
:104C1000B5EC010A0321062007F0BAFC06A90FA88B
:104C200007F0C6FA0FA90AA807F04EFA072CDCD144
:104C3000194D0024194F094E32E000BF8B9300201C
:104C4000D4C50020C1930020A43F01202CA800203F
:104C5000D89300208D8C0020AC3F01200B8E0020CB
:104C6000EC930020F0B5002003940020F4B5002060
:104C70001994002090CC00202E940020B0CC00206D
:104C800048A80020AA8C002064A800204594002099
:104C900080A800206A9400209CA800209094002006
:104CA0000A2203A92046013407F042FA39460FA828
:104CB00007F0B2F903A90FA807F07AFA31460FA856
:104CC00007F076FA06AAB5EC010A0321062007F0E0
:104CD0005FFC06A90FA807F06BFA0FA90AA807F056
:104CE000F3F9072CDCD1B54D0024B54FB54E0A229F
:104CF00003A92046013407F01BFA39460FA807F034
:104D00008BF903A90FA807F053FA31460FA807F053
:104D10004FFA06AAB5EC010A0321062007F038FC79
:104D200006A90FA807F044FA0FA90AA807F0CCF9C2
:104D3000072CDCD1A44D0024A44FA24E0A2203A9C3
:104D40002046013407F0F4F939460FA807F064F95A
:104D500003A90FA807F02CFA31460FA807F028FA8C
:104D600006AAB5EC010A0321062007F011FC06A9EA
:104D70000FA807F01DFA0FA90AA807F0A5F9072C3C
:104D8000DCD1934D0024934F8E4E0A2203A9204676
:104D9000013407F0CDF939460FA807F03DF903A912
:104DA0000FA807F005FA31460FA807F001FA06AA86
:104DB000B5EC010A0321062007F0EAFB06A90FA8BB
:104DC00007F0F6F90FA90AA807F07EF9072CDCD145
:104DD000814D0024814F7B4E0A2203A920460134D5
:104DE00007F0A6F939460FA807F016F903A90FA88E
:104DF00007F0DEF931460FA807F0DAF90A2206A912
:104E000055F8040F07F0C0FB06A90FA807F0D0F96A
:104E10000FA90AA807F058F90D2CDDD10025704C18
:104E20000A2203A9284607F083F96E490FA807F064
:104E3000F3F803A90FA807F0BBF96B490FA807F017
:104E4000B7F90A2204EBC50306A90135D3F87402A9
:104E500007F09AFB06A90FA807F0AAF90FA90AA85C
:104E600007F032F9072DDBD100255E4F5F4E0A2295
:104E700003A9284607F05CF939460FA807F0CCF8DB
:104E800003A90FA807F094F931460FA807F090F98D
:104E90000A2204EBC50306A90135D3F8780207F00E
:104EA00073FB06A90FA807F083F90FA90AA807F05A
:104EB0000BF9072DDBD14E490FA807F0ADF80A22F8
:104EC00006A9D4F8AC0207F05FFB06A90FA8494E6B
:104ED00007F06EF90FA90AA8002507F0F5F8464972
:104EE0000FA8DFF8448107F097F8322243490FA852
:104EF00007F0A6F90FA90AA8324F07F0E5F84049D4
:104F00000FA807F089F80A223E490FA807F098F980
:104F10000FA90AA807F0D8F83B490FA807F07CF8BA
:104F20000A223A490FA807F08BF90FA90AA807F03F
:104F3000CBF837490FA807F06FF80A2203A9D4F875
:104F4000F80207F0F5F803A90FA807F031F90FA947
:104F50000AA807F0B9F82F4B0A2203A9186807F02E
:104F6000E7F82D490FA807F057F803A90FA807F095
:104F70001FF90FA90AA807F0A7F8284B0A2206A9CB
:104F8000186807F0D5F826490FA807F045F806A9D4
:104F90000FA807F00DF90FA90AA807F095F8214905
:104FA0000FA807F039F806AA94EDC20A04210620DA
:104FB00007F0EEFA06A90FA838E000BFB8A8002055
:104FC000B29400200B8E0020D4A80020D69400209C
:104FD000F0A80020F994002008A900201E950020C8
:104FE000CCA6002038950020088E0020108E0020CE
:104FF00054950020D4A900206D9500207CA90020A4
:1050000087950020AEA900209C950020B8A900201B
:10501000B5950020FC3B0220D7950020703F022070
:10502000F09500200C9600203596002007F0C0F87F
:105030000FA90AA807F048F82C490FA806F0ECFFC2
:1050400006AA94EDC10A0421062007F0A1FA06A9D8
:105050000FA807F0ADF80FA90AA807F035F80A2243
:1050600003A92846013507F063F841460FA806F06A
:10507000D3FF03A90FA807F09BF839460FA807F044
:1050800097F80A2206A956F8040F07F051F806A966
:105090000FA807F08DF80FA90AA807F015F8072D3B
:1050A000DDD10A2206A9D4F82803012407F040F82C
:1050B0000F490FA806F0B0FF06A90FA807F078F86F
:1050C0000FA90AA807F000F8FF210AA807F0CCF8FA
:1050D0000AA807F061F904F03AFE0AA807F030FACE
:1050E000204628B0BDE8F0810446F6E7209600206F
:1050F0005396002030B5FE2187B01A4807F0FCF81F
:1051000018B91949194807F06FF81949174806F0F6
:10511000DBFF0023174A01A8124907F0ADF90598F3
:10512000124C07F04DF9C0B1002501A807F054F961
:10513000C1B21A2909D0B92D07D023680A292046FF
:105140001B6808BF01359847EFE701A807F024F96D
:1051500001A807F0F5F907B030BD0749204606F071
:10516000B3FFF5E7805101207096002090B8002031
:105170008F960020C4960020B696002008B5FDF753
:1051800000FCB0F54E7F03D1BDE80840FDF7E9BB58
:1051900008BD00BF38B5B7EEC17A0446B7EEC06AA5
:1051A0000D462DED048BB6EE008BB0EE609A27EE27
:1051B000087BB4EEC76BDFED387AC7EE819AF1EE6B
:1051C00010FAC4BFB6EE000A21EE000A69EE809A1A
:1051D000B0EE690A07F02CF8B7EEC97AB7EEC00A4C
:1051E00037EE077B80EE076BB0EE690AB7EEC69B21
:1051F00006F042FFB7EE005BB7EEC96A36EE054B2C
:1052000085EE047BB7EEC77B45BBB7EEC00AB7EEB1
:10521000C77A36EE456B35EE404B30EE000B26EE8E
:10522000076B24EE088B20EE070B28EE078B24EE8D
:10523000074BB7EEC88BB7EEC00BB7EEC66BB7EE39
:10524000C44B84ED008A84ED028A84ED030A84ED68
:10525000014A84ED046ABDEC048B38BD032DFAD1FC
:10526000F8EE007AF7EE006A60EE277AB7EEC00A31
:10527000C4ED006A39EE666AC4ED026AC4ED017AD3
:10528000B7EEC77A30EE000B20EE070BB7EEC00B7F
:1052900084ED030ADDE700BFDB0FC940134B144A5E
:1052A0001B68032B0FDC012B10DC19D8114B3020AD
:1052B0001968114B00FB0133596911609B690F4A52
:1052C000136007F0EDB8043B052BEEE7094B3020E7
:1052D0001968094B00FB01339B6959421160EEE7E5
:1052E000C823136040F6B833E9E700BFA0340220BA
:1052F000A8340220B8C5002094BE0020A4340220A7
:105300007047194B93F90030012B02D0022B13D0B8
:105310007047164B1A68801802D50D221A6002E0F9
:105320000E2807D0186018680021114B03EB80008D
:1053300005F0EEBA0022F1E70E4B1A6810440E4A4F
:105340000028126818600BDA013A1A60074A012136
:105350001B681268094803EBC20300EB8300E7E710
:105360009042F3D10022F0E7E15C0220403B0220B2
:1053700044CF0020743F0220B447022000CD00201B
:10538000094A92F900304BB9012111701946074AB8
:10539000074B106003EB800005F0BABA11B1084664
:1053A000FFF7AFBF704700BFE15C0220403B022027
:1053B00044CF002038B5214C94F90010012902D0C7
:1053C00002291BD038BD1E48002203680D2B05D1D1
:1053D00022700260BDE8384004F0ECBB022020706F
:1053E00018480260184A52F82300184A10601848FA
:1053F00000EB4310BDE8384005F08ABA104B114964
:105400001A68114B096853F82230013B8B4205D1D1
:1054100001232370BDE8384004F0E0BB0D4B53F886
:10542000223098470C4B1B78002BCBD10B4B1D78AF
:10543000002DC7D104F0BEFB2570C3E7E15C02205C
:10544000403B0220743F0220D0460020B447022097
:1054500000CD002054C70020985C0220965C0220FA
:10546000F8B51446114A01251060114A1160114A1D
:105470001360114B069A1C60104BDDE907761F6024
:1054800039460F4B20681D7005F0C2FA06B1B047CF
:105490000C4B0D4A1D700023099913700B4A1160C3
:1054A0000B4A0A9911600B4A1360F8BD003A0220BA
:1054B000FC390220F8390220283D0220043A02205B
:1054C000955C0220985C0220975C0220243D02201B
:1054D000203D0220483B022070B51D46134B144668
:1054E000002218600126124B1960124B1A60124BF1
:1054F00053F82020114B1A600622114B1E700B68C6
:1055000002FB00330F4A52F8230005F059FA04B1A8
:10551000A0470D4B0D4A1E700023049913700C4ACE
:1055200015600C4A11600C4A136070BD043A0220E9
:10553000283D0220003A0220C02C0020FC39022025
:10554000955C0220D8C90020965C0220975C02205E
:10555000243D0220203D0220483B022000000000A4
:10556000034B1A68034BC3F8FC20FDF7F9B900BFE1
:10557000D4C50020CCA6002008B5064B1A68064BFF
:10558000C3F8EC20FDF7ECF90720BDE8084006F071
:10559000ABBD00BFDCC50020CCA600207FB5264BEC
:1055A0001B68052B13D8DFE803F003151F242938E7
:1055B000224B3C21224A052004930023CDE90233EB
:1055C000C82301931F4B00930123FFF749FF07B046
:1055D0005DF804FBFCF718FCFCF726FC0C2007B078
:1055E0005DF804EB06F080BD07B05DF804EBFCF756
:1055F00035BC07B05DF804EBFCF746BC124B6421E8
:10560000124A00200493124B0393124B0293C823B7
:105610000193114B00930123D7E7104B0020104A50
:1056200042F216610493962301930E4BCDE90200DA
:105630000093FA23C9E700BF743F0220E51D006014
:10564000E4C50020F6980020BB1E0060C0CE0020FC
:1056500075160000B91E0060FB980020D11E006086
:10566000ECC500200399002008B5374B374A1B686A
:10567000D2ED006A012B364A2FD1B8EEE64B354BFE
:1056800035491B689FED2A5B9FED2B7B01EB830166
:1056900024EE055B24EE077BA4EE057B9FED285BE3
:1056A00037EE057B91ED005A2C49B7EEC55A01EB58
:1056B000830102EB830327EE057BB7EEC77B81ED09
:1056C000007A83ED587AF8EEE66AC2ED096AFDF7D2
:1056D00047F9BDE8084003F0F7BD002BF3D1B8EE61
:1056E000E64B1C4B1E491B689FED115B9FED127B27
:1056F00001EB830124EE055B24EE077BA4EE057B22
:105700009FED0F5B37EE057B91ED005A1549B7EE23
:10571000C55A01EB830102EB830327EE057BB7EE4D
:10572000C77B81ED007A83ED5F7ACCE7AFF3008031
:10573000CC5D4BC8073D8BBF265305A3923AE93F8A
:105740001E166A4DF30E1240303D02207CCF002021
:10575000CCA60020B8C5002058A30020B8CC00205B
:1057600074B80020D4CC002008B5054B1A68054B4E
:105770005A61FDF7F5F80920BDE8084006F0B4BC11
:10578000343F0220CCA6002008B5204A002301287F
:1057900013701F4A13602AD0022832D0002833D158
:1057A0001C4B1D4A1B6813601C4A13601C4B18607D
:1057B0001C4B1A681C4B1A601B4B30221B6853434E
:1057C000154A1168194AD15000F024FD012006F055
:1057D000B3FC134B1A68164BDA65FDF7C1F8154B8D
:1057E0001B68012B10D1BDE8084003F071BE124BBD
:1057F000094A1B681360094A1360094B18600F4B74
:10580000D7E700F0A0FCD7E708BD00BF1A5D022073
:10581000A83F0120C4C500205456012068C30020C1
:105820007C1E0220BCC50020B8C5002094BE00200C
:10583000CCA60020303D0220C8C50020C0C50020F5
:10584000014B1868FFF7A0BF743F022008B5154B45
:105850001B68062B25D8DFE803F004080C10141889
:105860002000BDE80840FDF77BB8BDE80840FDF723
:1058700079BDBDE8084004F053BFBDE8084004F01E
:10588000C9BEBDE80840FEF741BDFDF73DFFFDF78D
:1058900068F8BDE8084004F05ABABDE80840FFF7D0
:1058A00029BC08BD743F0220084B10B51B68084C8A
:1058B0002360FCF772FE2268064BDA60FDF750F8B1
:1058C0000120BDE8104006F00FBC00BF743F02206D
:1058D00020A30020CCA6002008B5074B1B68052B91
:1058E00009D0064A1360064A1363FDF739F8BDE88C
:1058F000084003F065BB08BD743F0220E0C50020EE
:10590000CCA6002008B50C4B1B68012B06D0022B3F
:1059100007D013B9094B01221A6008BD074B0022BA
:10592000FAE70749002005F0B3F8FDF719F8BDE8DC
:10593000084004F00CBA00BF743F0220303F022040
:105940000A99002008B50C4B1B68012B06D0022BCE
:1059500007D013B9094B01221A6008BD074B00227A
:10596000FAE70749012005F093F8FCF7F9FFBDE8D5
:10597000084004F0ECB900BF743F022068490220DF
:105980001C9900207FB50A4B1B6873B9094A1E2178
:1059900002936FF02700CDE90332C823064A019332
:1059A000064B00930123FFF75BFD07B05DF804FB96
:1059B000743F022061550060D4C50020C9A00020BA
:1059C00010B5134C86B02368012B0DD0022B0ED0DE
:1059D0002BB9104B012207201A6006F085FB4FF00F
:1059E000FF33236006B010BD0A4B0022F3E70A4BD9
:1059F00000210A4A6FF03B000493C8230193084B2F
:105A0000CDE9021100930123FFF72AFDE7E700BF6C
:105A1000743F02208030022079550060DCC50020F0
:105A20002F990020044B1B6813B1012B02D0704743
:105A300002F0C8BF03F0A2B8743F022008B5084BBB
:105A40001B6813B1012B06D008BD06F09DFB054B6A
:105A500001221A70F8E706F0D3FB024B0022F8E7A8
:105A6000743F02207A5C022070B59FED160A602513
:105A7000154C4FF44071154E15482DED028B9FEDDE
:105A8000158A8AB08DED030AADF81050069605947C
:105A90008DED078A06F050FC20469DED030A4FF479
:105AA000B07106F049FC4FF48073B0EE480A3246FC
:105AB00000932946234604A806F0EAFB0AB0BDEC91
:105AC000028B70BD00000000242E0120A4280120BC
:105AD000A43301206B86213F2DE9F04F224BF6EED7
:105AE000006A224AB0EE007A214DF7EE007AA2F564
:105AF000806EA2F5206405F5805803F5806C03F5EF
:105B0000C06703F5006600211A489FED1B5A4FF04D
:105B10003C0BDFED1A5A9FED1A6ADFF86CA00BFB05
:105B200001A9013183ED005A08328029C3ED015AE1
:105B3000C4ED016A03F1080342F8040C04F10C04FB
:105B400045F8040B48F8040BAEEC016AC9F80000F4
:105B5000ACEC017AE7EC017AE6EC017ADFD1094B93
:105B600002221A70BDE8F08F80262320800E2320A9
:105B700080142320CDCCCC3D0AD7233C8FC2753C6A
:105B80000000FA43D9CF0020803023200F4BF4EEE1
:105B9000007A0021DFED0E0A93ED001A0D4B21EE85
:105BA000271A93ED000A10B50B4CB8EEC00A204638
:105BB000FFF7F0FA0949012300228C600B60084BC3
:105BC0001A605A609A60DA604B6010BD683F02202C
:105BD0006666A63FA43402204C30022040300220EA
:105BE0006030022037B5204DB6EE006B1F4B0C2104
:105BF000D5ED001A1A680123B7EEE17A9FED1C1A61
:105C00009340022A1B484FF0000227EE067B06EE67
:105C1000903ACCBF03EBD3730224B8EEE66BC8BF57
:105C20005C1087EE060BB7EEC00BDFED130A8DEDAF
:105C3000010A06F039FB07EE904A9FED0D1A00228B
:105C4000DFED0D0AF8EEE71AD5ED007A9DED010AB9
:105C50000C210A48C7EEA11A06F026FB084B0022C9
:105C60001A6003B030BD00BF683F0220F0CE0020B4
:105C7000000000008058232000007042B05823200C
:105C8000304B02207FB51E4B06461D68022D31DDCC
:105C90000124AC40022504EBD4746410FFF7A2FF8A
:105CA000184BE2B2019600930C21174B1748039250
:105CB00006F09AFC164B0C21039A019600931548A6
:105CC000114B06F091FC144BEAB20C2100931348DF
:105CD000134B0392B6FBF4F6019606F085FC114BCC
:105CE000039A0C2100930E4B01960F4806F07CFCA2
:105CF00004B070BD0EBF2C4602240125CEE700BFC4
:105D0000F0CE002064B92320805823206C28012085
:105D100038992320842801200C7923207828012019
:105D2000B0582320E05823209028012070B54FF46C
:105D300000654FF480664FF4007406F089FB2A4634
:105D400000213B4806F084FA32460021394806F02B
:105D50007FFA22460021384806F07AFA22460021CE
:105D6000364806F075FA22460021354806F070FAEA
:105D700022460021334806F06BFA224600213248C1
:105D800006F066FA22460021304806F061FA224603
:105D900000212F4806F05CFA224600212D4806F02B
:105DA00057FA224600212C4806F052FA4FF4C062FE
:105DB00000212A4806F04CFA32460021284806F015
:105DC00047FA32460021274806F042FA4FF4F052D3
:105DD0000021254806F03CFA2A460021234806F017
:105DE00037FA2A460021224806F032FA4FF4B06210
:105DF0000021204806F02CFA4FF4B06200211E4822
:105E000006F026FA4FF4406200211C4806F020FA02
:105E100006F022FA2846FFF735FFFFF75DFEFFF791
:105E200023FEFFF7B3FE0820BDE8704000F0ACB9D8
:105E30008016232080202320801E232080142320EE
:105E4000804E2320800A2320800C232080122320D0
:105E5000802C2320802A23208024232080042320B8
:105E600080262320800E232080302320F80001206C
:105E700000090120242E0120A4280120A4330120A0
:105E8000054B07B5054A00930549064B064802F045
:105E9000E9FF03B05DF804FB35700020779900201E
:105EA000969900203C990020A099002010B5002070
:105EB000002406F055FA1F4B1F4A1A601F4A204B58
:105EC0001A60204B1C7006F03BFAFBF7ADFF1E4B2F
:105ED0001868FCF707F801F0B5FC1C4B1C4A302190
:105EE0001C601C4B1C601C4B1C604FF0FF3313608C
:105EF0001A4A14701A4A13601A4B1A681A4B01FB9B
:105F000002331A69194B1A6003F016FF03F01AFAEC
:105F100003F056F803F067FB06F026FA06F0D8F80F
:105F200006F00EF9FCF7BEFC114B1C60BDE81040FA
:105F300006F0F6B8683F022000803B4800803B47EF
:105F4000783A02201A5D0220E4C500204C3B022072
:105F5000743F0220A8390220403B0220E15C02206D
:105F6000303B0220B8C5002094BE0020A03402209F
:105F7000A83F0120F8B5664C664D2668664F06F0CE
:105F80008BFA2B7843B13B78DB0705D5634A23684E
:105F900012689B1A0E2B0DD823682A789B1B1AB9FE
:105FA00040F2EE22934201E0B3F5FA6F02D806F018
:105FB00073FAE4E74FF47A7006F0F6FA584806F000
:105FC000C3FA06F03DFA06F0C3F806F039FA06F017
:105FD000A3F90121162006F0CBFA02211C2006F0BD
:105FE000C7FA02211C2006F0C3FA02211C2006F089
:105FF000BFFA04224B491C2006F0F2F904224A4958
:106000001C2006F0EDF902F09FFEFFF739FF00F0CB
:106010004DF9002870D0012402F0CAFE434B1C60E9
:10602000FFF7ACF8642006F0BFFA414B414A1A6012
:10603000414B424A1A6001F062FC06F0C9F9FFF7D1
:1060400075FE06F0D9FAFFF731FF01F04DFC01F0C3
:106050002BFC00F063F906F0F7F85A2355221921BA
:10606000032000F02BF9364A21462920D2F880304F
:1060700043F00203C2F8803006F07AFA00212920AA
:1060800005F0BEFF21460A2006F072FA00210A2020
:1060900005F0B6FF21460E2006F06AFA00210E2018
:1060A00005F0AEFF2146282006F062FA00212820E4
:1060B00005F0A6FF21460F2006F05AFA00210F2016
:1060C00005F09EFF2146202006F052FA00212020F4
:1060D00005F096FF2146102006F04AFA0021102014
:1060E00005F08EFF21461D2006F042FA00211D20FA
:1060F000BDE8F84005F084BF0A2402F06FFE02F00C
:10610000A9FE4FF4FA7006F04FFA013CF7D17EE792
:10611000BC4702202B5D02202A5D02204849022054
:10612000997A00003D1F00005D1F0000703F0220B3
:10613000683F022000803B48783A022000803B47BD
:1061400000810D4070477FB50B4B1E210B4A6FF04D
:1061500027001B6813600A4B04930023CDE9023328
:10616000C8230193074B00934FF4FA73FFF778F9B4
:1061700007B05DF804FB00BFC4C50020C8C50020FF
:1061800045610060C399002007EE900AF8B52DED37
:10619000088B9FED19ABB8EEE78B1B4E1B4D00240F
:1061A0001B4F9FED179B07EE904AB8EEE70B30EEC2
:1061B000000B20EE0A0B20EE080B20EE090BB7EEC9
:1061C000C0BBB0EE4B0A06F033F8F0EE40BAA6ECD6
:1061D000010AB0EE4B0A05F04FFFA5EC010A07EBF0
:1061E00084030134B4F5807FC3ED00BADBD1BDEC8C
:1061F000088BF8BDAFF3008000000060FB21094070
:10620000000000000000703FA43F022098300220F0
:10621000A443022008B5002006F002F8FFF73EF87C
:106220000D4B1B6823F00202012A0ED093B905F032
:1062300067FF03F087F806F097F803F0D4F902F04F
:10624000F7FEBDE8084005F07BBF05F059FF03F0FD
:1062500079F8F6E708BD00BF1439022010B5FE2119
:1062600086B00E4806F048F8044690B100230C4A68
:106270000A4901A806F000F9059806F0C1F804469D
:1062800001A806F089F801A806F05AF9204606B0E0
:1062900010BD0449044805F0B7FFF7E7805101201D
:1062A000C4960020D099002090B80020FE2102481A
:1062B00008B506F021F808BD80510120124BB3EE5D
:1062C000097AD3F8802022F00102C3F88020C3F8B5
:1062D000900003F58E130D4AD3F8E01303F54073D5
:1062E0000B48CBB207EE903A1360C1F30B22094B77
:1062F000F8EEE77A0260C2EB115277EEC77AC3ED8F
:10630000007A054B1A60704700810D40543F02200F
:10631000483F0220503F0220603F022070B59EB0EF
:106320000024782200216D466E46684605F090FFF5
:106330004FF4205005F02CFF46F8040BA0B94FF4A1
:10634000806005F025FF4DF8240010B101341E2CAB
:10635000F5D1002455F8040B08B105F071FE0134A5
:106360001E2CF7D11EB070BD01341E2CE0D1F0E719
:10637000012070470E4BB2EE045B90ED186A93ED6E
:10638000007AB7EEC66AB8EEC77B37EE454BB4EE7F
:10639000C46BF1EE10FA09DB37EE057BB4EEC76B88
:1063A000F1EE10FA94BF01200020704700207047E2
:1063B0002CC700200449233008B506F0CDF8B0FA08
:1063C00080F0400908BD00BFF599002008B5104BCA
:1063D000DFED107A93ED007AB4EEE77AF1EE10FA81
:1063E00013DD0D4A4AF644401A600C4B0C4A1A6001
:1063F000FBF70EF906F02CF8012003F06DFC06F017
:106400003FF8FEF74BFF05F08BFE012008BD00BFF3
:10641000683F02200050434700442C47783A02204E
:1064200000442C4608B50F4BDFED0F7A93ED007A50
:10643000B4EEE77AF1EE10FA12D50C4A0C481A6065
:106440000C4B0D4A1A60FBF7E3F806F001F8012047
:1064500003F042FC06F014F8BDE80840FEF71EBF4A
:1064600008BD00BF683F02200050434700803B4802
:1064700000EE0200783A022000803B4770B54FF0F2
:1064800084454FF400060F24C5F88C6005F060FFCA
:1064900090FBF4F3C3EB0313C01A0E281FD1C5F809
:1064A000846005F055FF90FBF4F3C3EB03139842AF
:1064B00011D1154B1A68154B1A600122144B1A6042
:1064C0004FF084434FF40002C3F888200E20BDE84B
:1064D000704005F009BE002005F0EEFDE1E70C4B31
:1064E00000220C481A6005F0A7FE6428EEDD0A4879
:1064F00005F0A2FE6428E9DD064806F015F8064816
:1065000006F012F8E2E700BFBC470220B0470220C5
:10651000BC390220B03F0120804601202DE9F8431C
:1065200081461F469C200D4B0E46154600FB013050
:10653000099BDDF82080984770B13C6801344445E0
:10654000A8BF00243C6049F824602B680133434510
:10655000D4BF2B60C5F80080BDE8F8834096017079
:1065600007B590F84B3083B10A2201A94B3005F0F2
:10657000CFFF019B187830B1A0F10A03584258416F
:1065800003B05DF804FB0120FAE71846F8E738B5D8
:106590000546042937D8DFE801F0030B1C2132003F
:1065A0001B49233005F0D8FFB0FA80F0400938BD10
:1065B0001749233005F0D0FF044620BB154B34218A
:1065C00005F137001A68144B01FB023105F0C4FFD6
:1065D000D8B92846BDE83840FFF7C2BF0C49233080
:1065E00005F0BAFF044670B90A4B342105F13700B3
:1065F0001A68094B01FB023105F0AEFF28B90749C3
:1066000005F14B00CEE70020D1E72046CFE700BFE1
:10661000065C022068BE002074170070F899002004
:10662000012907B510D0022918D051B9104B0146E5
:10663000104A01934FF4FA730F4800930F4BFFF782
:106640006DFF03B05DF804FB0D4B01460D4A01934D
:106650004FF4FA730C4800930C4BF0E70C4B0146D7
:106660000C4A01934FF4FA730B4800930B4BE6E787
:1066700071630060841E02200000007080BE002054
:10668000B563006098340220D0070070B4C50020C4
:1066900075630060383F0220A00F0070F0CC00202E
:1066A00010B504460021FFF7BBFF01212046FFF78C
:1066B000B7FF20460221BDE81040FFF7B1BF2DE92A
:1066C000F84F494E4FF09C08484C914635680027DA
:1066D00083468A4608FB05452322494628462DED78
:1066E000028BB0EE408AF0EE608A05F001FD85F87D
:1066F00022700F22DBF80830C5ED188A6B67DBF8D3
:1067000004302B67DBF8003085ED1A8AEB6693FBCB
:10671000F2F3C3EB0313DB4303F0010385F890307E
:1067200005F01EFF05F0C4FC336808FB034383F843
:10673000640005F0A5FC336808FB034383F865009B
:1067400005F006FE07EE90AAB1EE085B3568B8EEDC
:10675000E77B274908FB05F59FED216B631923357E
:1067600037EE467B83F86600C3F894A0484687EE70
:10677000056BB7EEC66B83ED266A05F02DFD14227E
:106780000146601905F0B4FC3068194908FB004067
:1067900000F13705384605F01FFD14220146284652
:1067A00005F0A6FC33681249384608FB034405F09F
:1067B00013FD142201464B34204605F099FC306845
:1067C000FFF76EFF33680133B3F5166FBDEC028B34
:1067D000B8BF1F463760BDE8F88F00BFAFF3008039
:1067E0000000000000006440003902204096017063
:1067F000359D00202DE9F043DFF8888090241E4F5E
:106800000546D8F800900E461422294604FB09F4E8
:1068100004F123002DED028B384483B0B0EE408AA2
:1068200005F066FC154B04F1370014221946384474
:1068300005F05EFC04F14B003C4431461422384420
:1068400005F056FC0D4B2A460D492046009605F0F2
:10685000C3FB0023484684ED188A84F82230C4E93B
:106860002233D8F800300133C8F8003003B0BDEC53
:10687000028BBDE8F08300BF007D0070065C022043
:10688000FC990020E048022001280DD0022817D0F2
:10689000A8B9114B4FF0FF321860104B1A60104B23
:1068A0001860104B1870704700230F4A4FF0FF31EB
:1068B00013600E4A11600E4A13600E4A137070473F
:1068C00000230D4A4FF0FF3113600C4A11600C4A4F
:1068D00013600C4AF2E700BF841E022080BE002035
:1068E000881E0220055C022098340220B4C50020D6
:1068F0009C340220815C0220383F0220F0CC002032
:106900003C3F0220035D022070B505460024064E80
:10691000FFF7BAFF3368A34200DC70BD204629466A
:106920000134FFF77DFEF5E700390220012807B5A5
:1069300010D0022817D050B90F4B104A1B781049BD
:106940000093104B12681B68096804F04BFB03B0FE
:106950005DF804FB0C4B0D4A1B780D4900930D4B61
:1069600012681B68F0E70C4B0C4A1B780C4900932B
:106970000C4B12681B68E7E7055C0220881E0220AA
:10698000841E022080BE0020815C02209C340220F4
:1069900098340220B4C50020035D02203C3F022051
:1069A000383F0220F0CC0020704708B50020FFF7E8
:1069B000BDFF0120FFF7BAFF0220BDE80840FFF746
:1069C000B5BF30B51C4B85B04FF4FA751B4C1C4A53
:1069D0000020029521461B6801931A4B00931A4B25
:1069E00012681B7804F098FB184B029504F5FA61C5
:1069F0001B680120164A0193164B0093164B126830
:106A00001B7804F089FB154B029504F57A611B682D
:106A10000220134A0193134B0093134B12681B7807
:106A200004F07AFB04F053FA4FF0FF3005B0BDE8F4
:106A3000304004F023BC00BF80BE00200000007086
:106A4000841E0220881E0220055C0220B4C500209E
:106A5000983402209C340220815C0220F0CC00207B
:106A6000383F02203C3F0220035D0220FFF7A9BF10
:106A70000023164A16491360164A1360164A13601B
:106A8000164A1360164A1360164A1360164A1360BA
:106A9000164A1360164A1360164A13604FF0FF320D
:106AA0000A6015490A6015490A6015490B601549C5
:106AB0000A60154A1370154A1360154A1370154A77
:106AC0001360154A1360154A13607047003902209D
:106AD00080BE0020E0480220781E0220881E02208E
:106AE0009C3402203C3F0220841E02209834022065
:106AF000383F02202C3D0220B4C50020F0CC0020FD
:106B0000E448022068BE0020F85C0220BC39022064
:106B1000945C0220AC39022070300220B43902208B
:106B2000F8B50E46074608B90020F8BD0029FBD08D
:106B30001E4B1B785BBB04F0AFFC0028F4D0012493
:106B400002F038FE02F024FE194D02F045FE194B0A
:106B50001C6003F0FFF905F0FFFA0E20AC7305F09E
:106B6000C3FA10202C7405F0BFFA1220AC7405F0A3
:106B7000BBFA1320EC7405F0B7FA0F20EC7305F0A4
:106B8000B3FA11206C7405F0AFFA04F09DF90E22EF
:106B90003946094805F0ACFA05223146074805F0A8
:106BA000A7FA0120FFF764FFBFE700BF925C022055
:106BB000F6CF002014390220065C0220145C02206B
:106BC000124B1B7810B5FBB1002405F07DFC04F0DE
:106BD000B1FC0F4B1C6002F0D3FF02F0EBFD02F0A2
:106BE000D7FD02F0EDF902F0FEFC05F0BDFB02F06E
:106BF0001FFA084B9C731C749C74DC74DC735C740B
:106C0000BDE8104005F064BA10BD00BF925C0220E0
:106C100014390220F6CF00200449054808B505F0D4
:106C200047FCB0FA80F0400908BD00BF20BF020059
:106C30000D9A002008B505F057FC10B9014B012250
:106C40001A7008BD945C02200C4A126838B50B46D5
:106C50009AB10B4C0B4A256812686B434FF4F065F0
:106C600005FB023205F038FC38B1236801330E2BE6
:106C70002360C2BF0122044B1A6038BDBC39022018
:106C800070300220AC390220B439022038B54FF000
:106C900084444FF40025044BC4F88450186805F070
:106CA00087FBC4F8885038BDAC3902202DE9F0418B
:106CB000124D0023124C06464FF0844728464FF4ED
:106CC000000885F8663384F8663305F02DFC20460D
:106CD00005F02AFC3046C7F88480012605F0F0FB59
:106CE0002846C7F8888005F01FFC204685F86663B3
:106CF00005F01AFC84F86663BDE8F081B03F01201E
:106D0000804601202DE9F84F234F244A3B6852F872
:106D100023200AB900262FE0052B38D801A252F80B
:106D200023F000BF3D6D00607F6D0060836D0060EB
:106D3000876D00608B6D0060156D00600125184B3C
:106D40004FF09C0ADFF864901C68DFF864B0013CE7
:106D5000002CDFDB59F8248039680AFB08B630467E
:106D6000FFF715FCB0B10F4B0D221B6802FB03535C
:106D70000D4A063342F823803046BDE8F88F0225DD
:106D8000DDE70325DBE70425D9E70525D7E74FF045
:106D9000FF35D4E7013CDBE7E4480220E848022065
:106DA000383F022068BE002070170070A00F0070EE
:106DB00040960170084B4FF0FF301A68074B53F8AC
:106DC00022300222C3F88820D3F88C200132C3F885
:106DD0008C2004F053BA00BFE4480220E8480220A7
:106DE000A9280EDDA0F5AB73A92B0CD9A0F1AB033C
:106DF000A92B0AD9B0F5007FD4BF4FF0FF30032094
:106E0000704700207047022070470120704700291A
:106E100027DB01280BD0022816D010BB124B1868B4
:106E2000124B08441B6898421BDC01387047104B1A
:106E30001B6819440F4B1B68994212DC0E4B03EB85
:106E40008103D3F8CC0770470C4B1B6819440C4BDB
:106E50001B68994205DC084B03EB8103D3F89C0FB8
:106E600070474FF0FF307047881E0220841E0220BA
:106E70009C34022098340220000000703C3F022025
:106E8000383F0220C72808B5084B08DCC8221A6022
:106E9000122005F029F9BDE8084005F05DB940F67B
:106EA00016529042D4BF18601A60F1E730C7002034
:106EB000034B1A68034B1B6802FB0030FFF7E2BF6D
:106EC0003CC7002030C70020C7281FB5124B1CDC70
:106ED000C8221A60132005F007F905F03DF90220D9
:106EE000FFF712FD4FF4FA730C4A022002930C4B89
:106EF0000C491B6801930C4B00930C4B12681B78D8
:106F000004F00AF905B05DF804FB40F61652904211
:106F1000D4BF18601A60DDE72CC70020383F02207C
:106F2000F0CC0020A00F00703C3F0220035D022047
:106F30002DE9F74FDFF818B14FF03408DFF814915E
:106F40000446DBF800601822DFF80CA100210136AE
:106F50004846384DCBF8006008FB06F6DAF80070BA
:106F600005F076F9182206F11800FF21284405F0F3
:106F70006FF9AC51304B314ED4B993ED000A304922
:106F8000B8EEC00A2F48FFF735FC9023012203FB1F
:106F90000063C9F80030C3F88820DBF8003008FB34
:106FA000035398611A63284B1C6003B0BDE8F08F4F
:106FB0009C22264C5743E1193737D1ED187A0191BD
:106FC000FDEEE77A17EE900AFFF77EFF0199D1ED0B
:106FD000187AFDEEE77A17EE900AFFF753FFDBF819
:106FE0000000DAF800109C2208FB00F005EB000C12
:106FF0000430CCF81810284402FB01411422373128
:1070000005F076F80C4BE0190D4993ED000A0124C8
:10701000B8EEC00AFFF7EEFB902303FB0066DBF837
:10702000003008FB0355C9F80460C6F88840E861E1
:107030002C63B8E77017007030C70020007D007027
:10704000145C0220F5990020E4480220409601706B
:1070500068BE0020E8480220781E0220034B1A6810
:10706000034B1B6802FB0030FFF72EBF3CC700201C
:107070002CC70020074B1A68801802D501221A601D
:1070800002E0012803DC18600F2005F02DB8002273
:10709000F5E700BFB8390220074B1A68801802D5FF
:1070A00001221A6002E0012803DC1860112005F0BB
:1070B0001BB80022F5E700BFB039022010B50D4C17
:1070C0002368C01802D50123236002E001280FDCE9
:1070D0002060102005F008F823682BB1064B012230
:1070E00000201A70FFF724FFBDE81040FFF769BCCD
:1070F0000023E9E7C4390220F85C02202DE9F74FAC
:10710000764F774E3B6856F82350D5F88820022AF0
:107110001ED1042B04DC002B08DA002420460DE0ED
:10712000052BFAD10323C5F88830F6E7FFF7EAFD0F
:10713000D8B10323C5F8883000F13704D5F888307A
:10714000032B39D013DC013B012B1AD9002424E096
:10715000644B3421644A1B684B43D118D358012B2C
:10716000DBD188699C235843E6E70446E6E7042B15
:10717000ECD15E4B1C6800237CB10122C5E92223BF
:10718000E4E7D5F88C30092B0FDC594B0124D3ED03
:10719000007AF8EEE77AC5ED187A4FF0FF3004F088
:1071A0006DF8204603B0BDE8F08F04230120C5F838
:1071B0008830FFF783FFC9E73B68052BC6D8DFE8B7
:1071C00003F003426A718A8AD0ED267A68464949FB
:1071D0004FF0340BFDEEE77ADFF80C914FF0900A98
:1071E000DFF81C8117EE902A04F0F6FE404A69464B
:1071F0002046D2ED007AB8EEE70AFFF7FBFA394BEA
:107200003B4A196892ED000A0BFB0191B8EEC00AE7
:1072100008620AFB00803849B0602046FFF7EAFAAE
:10722000304B1B680BFB03990523C9F82800C5F8F0
:10723000883002230AFB00803B60B3683061012480
:10724000C3F88840A9E7D0ED267A68462B49FDEEC1
:10725000E77A17EE902A04F0BFFE254B69462046D8
:1072600093ED000AB8EEC00AFFF7C4FA1D4B3421B3
:107270001A681D4B01FB023390225862204B02FB1F
:1072800000300523C5F888300323F06001243B60FB
:10729000C0F8884081E70523C5F8883004233B60A7
:1072A0003369CCE7124B2046164993ED000AB8EE3D
:1072B000C00AFFF79FFA0B4B34211A680A4B01FBF7
:1072C00002339022D8620E4B02FB0030052370611E
:1072D000C5F88830DAE7052368E700BFE4480220F4
:1072E000E848022068BE002070170070C4390220F0
:1072F00030C70020189A0020F8990020179A002023
:10730000007D0070AC760020F0B578488BB004F0BA
:1073100093FF6428754D0ADD754804F08DFF6428DD
:1073200005DD284605F000F9714805F0FDF8714CBF
:107330002368052B13D8DFE803F003204B6B9DC0B7
:107340006D4B1B689BB10E2004F0CEFE6B4B1B688F
:107350000E2B0FDC012004F0AFFE05F03DF9684B69
:107360001B7883B106210320FAF778FB0BE0FFF7C7
:1073700085F8EBE701232360F1E75F4B1B6823B936
:107380005E4A236013600BB0F0BDFFF77FFC05463B
:107390000028E4D05B4E306804F0C6FE50B133687C
:1073A000262B02D04D3B5D425D412A464FF40071D1
:1073B00002F008FD3368514901330A684E2B3360EF
:1073C000A2F10F020A6001DC0023D4E70223D2E716
:1073D00004F0BEFF054604F053FE074604F068FEC5
:1073E00018220646002104A804F032FF0F2301A84A
:1073F000039695FBF3F3C3EB0313CDE90137FFF7D6
:1074000055FC00233F4A13603C4A13600323B2E754
:10741000FFF7D7FA002323603B4B1B685BB104F0F6
:1074200097FF0F230F3090FBF3F0384B00F0010073
:107430001B6823B938B1304B00221A608FE7012B4B
:10744000F9D10028F7D0FFF759FE68B1002327488B
:1074500085F86633264D85F8663305F065F82846CD
:1074600005F062F804232360294B4FF48052C3F8DF
:107470008420E0E7264B4FF48052264DC3F88C2041
:107480002B78002BA0D1FEF7F9FF1B4B1B68002BBC
:107490003FF465AF204B1A68204B53F8220090ED63
:1074A000180A04F05FF800288ED004F059FE1C4B37
:1074B000186001232B7005235DE7FFF77BFC002399
:1074C0000D4A012623600A4C0848136005F02CF889
:1074D000204685F8666305F027F80D4B4FF480527F
:1074E00084F86663C3F8882039E700BFB03F012005
:1074F00080460120B4390220BC39022070300220BD
:10750000945C0220AC390220C4390220B839022030
:1075100000400042935C0220E4480220E848022038
:10752000C039022038B5FFF772FC00281FDB104B72
:10753000104C18609C2303FB00442046FEF73AFFE2
:1075400088B101200125FFF7F3FC0B4B10201D60D3
:1075500004F0CAFD094B0F2094F890201A6004F043
:10756000C3FD074B1D70BDE83840FFF72ABA38BD90
:10757000781E022040960170C4390220B8390220DA
:10758000F85C022008B5FFF742FC002805DB034B3E
:107590001860BDE80840FFF714BA08BD781E022045
:1075A00030B5441A039D07D5AA421ADB2C449C42ED
:1075B000B8BF1C46204630BD944203DBAA4210DA15
:1075C000541EF7E7002905DD9842F3DD9C4208BF11
:1075D0000446EFE7EED09842ECD18442A8BF0446BF
:1075E000E8E70024E6E7A92830B585B018DC254B8C
:1075F0001B789BB1244B4FF4FA75244C244A1B682A
:10760000009520681268FFF7CBFF22492060002018
:107610000094CDE90135012303F07EFD05B030BDB6
:10762000B0F5AB7F16DB1C4B1B78002BF6D01B4B49
:107630004FF4FA751A4C1B4A1B68009520681268B3
:10764000FFF7AEFF1849206002200094CDE9013514
:107650000123E1E7154B1B78002BDFD0144B4FF4CF
:10766000FA75144C144A1B68009520681268FFF7DD
:1076700097FF206011490094CDE901350123184698
:10768000CAE700BF055C022080BE0020881E0220E1
:10769000841E022000000070035D0220F0CC002058
:1076A0003C3F0220383F0220A00F0070815C022086
:1076B000B4C500209C34022098340220D00700700A
:1076C000012809D0022809D050B9064A137883F05E
:1076D00001031370FFF72AB9034AF7E7034AF5E7F6
:1076E000704700BF055C0220815C0220035D022020
:1076F0000128034630B585B01AD002282ED0A8B98B
:10770000224A127892B12249224A0C6812689442A5
:10771000B8BF13460B604FF4FA7302931E4B1B68FD
:10772000CDE9001301231D4903F0F6FC05B030BD7F
:107730001B4A1278002AF9D01A491B4A0D681268B0
:107740009542B4BF144600240C604FF4FA740294BE
:10775000164C2468CDE900141549E5E7154B1B7854
:10776000002BE3D0144B1A68144B1C689442B4BF2E
:107770001146002119604FF4FA710291104909680D
:10778000CDE9003101230F49CEE700BF055C02209F
:10779000881E0220841E022080BE0020000000708F
:1077A000815C02209C34022098340220B4C5002061
:1077B000D0070070035D0220383F02203C3F0220CA
:1077C000F0CC0020A00F007038B5054608461446DE
:1077D00003F024FE011E1EDB2846FFF701FB0328F1
:1077E0000ED10B290CDD022C22D1144B1868144B3E
:1077F0001B6893FBF0F35843BDE83840FFF764BBC8
:1078000071B9022C05DC002C05DDBDE83840FFF71E
:107810006FBF042C00D038BDBDE83840FFF750BF23
:10782000012C07D0022CF6D1BDE83840FFF77ABE14
:10783000012CF0D1BDE83840FFF7A4BE3CC70020C2
:107840002CC70020044B1A684FF4966393FBF2F3A5
:10785000024A1360704700BFE4C50020D8480220E8
:1078600010B5094C02440B442060084C2160084CC0
:107870002260084A1360084B1860084B1960084BD7
:107880001860084B196010BDD4340220DC3402208B
:10789000D8340220CC340220E4340220E834022020
:1078A000D03B0220D43B022007B504F07DFD0190BF
:1078B00004F0AEFD00210346019A0846FFF7D0FF11
:1078C00003F0CAFD064B186003F0D6FD054B4FF4DC
:1078D000FC611860032003B05DF804EB04F00CBEFB
:1078E000E0340220D034022008B504F06DFE04F02C
:1078F0000BFC4FF47A70BDE8084004F055BE7047A9
:107900002DE9F04F0024B5B088469C4D4FF47A77AE
:10791000824621469A48164611958DF85040159496
:10792000CDE9124704F054FC404512DD214694484D
:1079300004F08AFBB0420CDDFE21924804F0DCFC2E
:1079400068B98F48904904F0C3FD4FF4FA6004F021
:107950002BFE11A804F0F4FD35B0BDE8F08F20A88F
:1079600023465246894904F0A3FC24A804F078FC7D
:10797000002835D05C2004F04FFD824620A904F099
:107980003BFCDAF804308DF8644001331695CDF8ED
:1079900068A0CAF80430CDE917477D4B24A820938E
:1079A00004F09EFD159B13B111A804F089FB1A98F1
:1079B000002315901A9310B103681B6B9847054676
:1079C00016A804F0BDFD95B964212B464FF49672BC
:1079D0006B4804F049FB6F49694804F079FDB8E74A
:1079E000CDE917078DF8640016951A90D5E711A810
:1079F00004F0E2FD44F64253984240F0278111A87A
:107A000004F00EFB11A804F00BFB11A804F008FB16
:107A1000834611A804F004FB11A804F001FB0746FB
:107A200011A804F0FDFA044611A804F0C5FD0128D0
:107A300040F00C8111A804F0BFFDC0B218282FD06F
:107A400000250022C02302214D4C4D48CDE90523DD
:107A50000123CDE903314FF4F073114600934FF445
:107A60004873CDE90722CDE9012204F0BDFA204692
:107A700004F04AFD0028FAD1159828B10368DB6AA2
:107A8000984711A804F01CFB002D7FF462AF64211D
:107A90002B464FF496723A4804F0E6FA3E499BE7CB
:107AA00011A804F0BDFA0028CAD17B1C002C0A974B
:107AB000474403EB4303B8BF0F904FF00001304839
:107AC00023F00303B4BF64420F950D9304F080FBD1
:107AD000874206DD00212A4804F07AFBA0EB080368
:107AE0000A930021264804F0AFFA06F18603834288
:107AF00021DB0021224804F0A7FA831B0B93013CF1
:107B00000D9BB2463C2703FB04B300240E93AAEB63
:107B100006030B9A934210DB002AA8BFB618002C6C
:107B20008FD036B216A90FFA89F31548A2B2009683
:107B300004F062FC85E70B94E1E7DDE90E3215986D
:107B4000002A08BF5B469946A8B103685B6A98475C
:107B500000238B4208BF814509D0159830B10368D6
:107B6000002200924A46196A002388473C270023D6
:107B7000C1460C935CE00146EAE700BFD438002020
:107B8000DC470220805101207096002084510120A2
:107B9000643600201E9A00202D9A00203B2F15D914
:107BA00054B10FFA8AF316A9A2B2294800930FFA2A
:107BB00089F3A14404F020FC1598002844D0036800
:107BC00000243C2220A99B689847274607F1D00350
:107BD00034A8791C0DEB0302BB1C50FA81F103376A
:107BE00050FA83F312F8502C11F8501CFFB213F81E
:107BF000500C04F021FA621C34ABD2B203EB440403
:107C0000272A24F8780C05D8A9EB08030A9913440D
:107C10008B4209DB0FFA8AF316A90D4800930FFA7D
:107C200089F304F0E9FB00220C9B144601330C930A
:107C30000A9B0C9A9342B1DC0AF1010ADDE90D239B
:107C40009B1A93440E9362E70446BEE7002513E7B0
:107C5000DC470220000000002DE9F04F002185B034
:107C60008F484FF6FF7404F06FFA01218C484FF6ED
:107C7000E07804F0A9FB00218948282704F0ECFBF8
:107C80000021874804F0A0FB0021854804F0F0F9AA
:107C90000121834804F004FB4FF48C7396221E21CB
:107CA0007F48804E7E4DCDE9003440F2DA2304F067
:107CB0005FFA214600227A48322404F011FA642047
:107CC00004F072FC21B23C23A0222846CDE90078C2
:107CD00004F04EFA04F118010023A52209B2284647
:107CE000463404F0C1F916F8011F284604F0CCFA16
:107CF00040F2EE23A4B29C42E4D100274FF0F008FA
:107D00004FF0460ADFF898B13E464FF6E07901376A
:107D10001FFA88F5282362480AFB07F46A1D0093BE
:107D2000073521B23C23A4B2CDF8049012B204F07E
:107D30001FFA04F118012AB2002309B2584803922D
:107D400004F092F91A2E039A40F09A8004F114017B
:107D50000023534809B204F087F95349504804F00E
:107D600047FB01214E4804F09BFA00234FF41671A3
:107D70004B481A4604F078F94C49494804F038FB5E
:107D80000021474804F08CFA0023232240F2762198
:107D9000434804F069F94649414804F029FB0023AF
:107DA0002D2240F276213E4804F05EF941493C48DC
:107DB00004F01EFB01213A4804F072FA0023372236
:107DC0004FF4FA71364804F04FF93B49344804F057
:107DD0000FFB0021324804F063FA00235A2240F2DC
:107DE00076212F4804F040F932492D4804F000FB79
:107DF0000023642240F27621294804F035F92F4906
:107E0000274804F0F5FA0121254804F049FA002337
:107E100073224FF41671224804F026F928492048AD
:107E200004F0E6FA01211E4804F03AFA01211C4848
:107E300004F036FA4FF4FC61194804F005FB002306
:107E40000A2117481A4604F00FF91E49144804F095
:107E5000B7FB00231E220A21114804F005F91A4934
:107E60000F4804F0ADFB002364220A210C4804F003
:107E7000FBF816490A4805B0BDE8F04F04F0A0BB76
:107E800006F141015846C9B204F0FEF9082E03D1AB
:107E900008F13C08002701E0112EF9D0013636E741
:107EA000DC47022098D100208B9D00208E9D002071
:107EB000949D0020969D0020989D0020599B0020B5
:107EC000AB9D0020B19D0020D19D0020DE9D0020B3
:107ED0002DE9F043804687B01F460C461FFA88F50F
:107EE0001646DDF8389000224FF6FF71244804F062
:107EF000F7F86A1D3BB200270FFA89F9204821B232
:107F0000073512B20391CDE90097CDE9042304F0BF
:107F10007FF94FF6E0700399DDE90423CDE9009085
:107F2000174804F025F92AB2164DAB5D2A2B0DD166
:107F300004F114013B46124809B204F095F81249C5
:107F40000F4807B0BDE8F04304F052BAB8F1EF0FA4
:107F50000DDC04F116013B46094809B204F084F82F
:107F6000F1B2074807B0BDE8F04304F08DB904F161
:107F700018013B46024809B204F076F8A95DF0E723
:107F8000DC4702207DD100208B9D00202DE9F743A6
:107F900007460C4616464FF6FF7100221D489846CC
:107FA000BDB2DDF8289004F09BF81F236A1D21B2B2
:107FB000184801930FFA89F312B200930FFA88F36D
:107FC00004F026F9EA1D144DA4B212B2AB5D2A2BBF
:107FD0000CD1143400230F4821B204F045F80F49A6
:107FE0000C4803B0BDE8F04304F002BA1B34EF2F95
:107FF0004FF00003074821B208DC04F035F8F1B275
:10800000044803B0BDE8F04304F03EB904F02CF896
:10801000A95DF5E7DC4702207DD100208B9D002083
:108020002DE9F04FCC4B4FF0000985B01F224FF6E1
:10803000FF71CA4883F800900E2404F051F8DFF86D
:108040002883282305254FF49676C44F00930E22EB
:108050003C23D8F814104FF49670FFF797FFCDF833
:10806000089004F071F98246962004F09DFABAF166
:10807000FF3FF6D0504604F0C7F91128F1D801A30C
:1080800053F820F0CD8000600781006063800060BD
:108090008B81006063800060838200606380006089
:1080A0006D830060638000606380006063800060B7
:1080B00063800060638000606380006063800060B4
:1080C00063800060E583006017840060962004F000
:1080D0006BFAEF2E0299CCBFA14BE3B29E4AC8BF08
:1080E0001B5D53540B4601330293002302995354F2
:1080F000384664224FF4A07103F0B6FF9649384623
:1081000004F076F9ADE79B2EABDD4FF0280A304640
:108110003C23224658F825103C3ECDF800A0FFF73E
:10812000D7FE962004F040FAEF2E20DC1F224FF6F7
:10813000FF713846352403F0D3FF1F23A0224FF4EC
:10814000C871384605254FF032099B26CDE900A3BA
:108150003C2304F05DF80023A2224FF4D47138468A
:1081600003F082FF3521384604F08EF879E7093CA8
:108170001F224FF6FF71384603F0B2FFCDF800A082
:108180003C23224658F8251064E01B2C34D1B4B2AD
:108190004FF0280A4FF0000B38F92510621D3C23E0
:1081A000384612B2CDE900AB039204F031F84FF635
:1081B000E07338F92510039A3846CDE900A33C2333
:1081C00003F0D6FF58F82510E21D5B4614313846FF
:1081D00012B2013D09B21A2403F046FF6149384644
:1081E00004F006F93C231A2258F825103046CDF841
:1081F00000A0FFF7CBFE34E7EF2E4FF0280A2DDC6E
:108200009DB922463C2332213046CDF800A03924C6
:10821000FFF75EFE3C2339224FF42A713046CDF839
:1082200000A00925FFF7B2FE1BE74FF0460B2246E0
:10823000013C3C230BFB05FB3046CDF800A0013D83
:108240000BF13201FFF744FE3C232246ABF114014F
:10825000CDF800A03046FFF799FE02E722463C2306
:1082600058F825103046CDF800A0FFF731FE013D4B
:108270004FF0280312BF04F1FF340834092500939E
:108280007EE71B2C58F8251031D1B4B24FF0280BE3
:108290004FF0000A3C23621D09B2384612B2CDE904
:1082A00000BA039203F0B4FF4FF6E07338F92510DB
:1082B000039A3846CDE900B33C2303F059FF58F840
:1082C0002510E21D53461431384612B2132409B268
:1082D000012503F0C9FE2349384604F089F8282314
:1082E00058F825102246009349443C23B2E7F02E6B
:1082F0004FF0280A05F101054FF03C03B4BF4FF0E1
:1083000032094FF00009224630464944CDF800A01A
:10831000FFF7DEFD092D01DC0134E0E7EF2E0CDC78
:108320003C23302232213046CDF800A030240025F5
:108330004FF03209FFF72AFE93E6083C3C23D8F8B9
:10834000041030462246CDF800A001254FF0000968
:10835000FFF71CFEC3E700BF9E5C0220DC47022043
:108360007DD100208B9D0020C8CE0020B6F5B47FC3
:108370003FF477AEEF2E4FF0280A18DC4621224654
:1083800030463C2369430524CDF800A04FF0320964
:1083900032312546FFF79CFD3C230522D8F8141006
:1083A000F020CDF800A0F026FFF7F0FD59E606F129
:1083B0003C0B3C23224658F825103046CDF800A04F
:1083C000FFF786FDBBF5B47F3FF74BAE09343C2386
:1083D00058F8251058462246CDF800A05E46FFF713
:1083E000D5FD3EE6C8204FF0000A04F0DDF8029B00
:1083F0004FF4A0713846013B0293029A074B03F8F1
:1084000002A05346642203F02FFE0549384603F0CC
:10841000EFFF53466CE605B0BDE8F08F9E5C02208E
:108420002F9D00202DE9F04FB94B002488461546BA
:108430003C210646B7482DED068BA9B00A934FF4B0
:108440007A738DF834400E94CDE90B43B24B1A6821
:10845000B24B01FB0233B2495A6B0A602146D3ED9D
:108460000E9AB04BC3ED009AAF4B93ED008A03F028
:10847000AFFE404512DD2146A64803F0E5FDA842C7
:108480000CDDFE21A94803F037FF78B9A148A849BF
:1084900003F0AEFF4FF4FA6004F086F80AA804F087
:1084A0004FF829B0BDEC068BBDE8F08F234632466D
:1084B0009E4919A803F0E0FF0E9B13B10AA803F030
:1084C000FFFD1D9800230E901D9303F00DFF07463E
:1084D00019A804F035F85FB964213B464FF4967251
:1084E0008C4803F0C1FD93498A4803F081FFD5E72A
:1084F0000AA804F061F844F64253984200F08D80D7
:1085000000270AA803F048FF57B9642181483B4679
:108510004FF4967203F0A8FD87497E4803F068FF88
:108520007F4B864D93ED000A854BB7EEC00A9FED59
:10853000747B20EE070BF7EEC08B93ED000AB7EECD
:10854000C00A20EE070BB7EEC09B38EE690AB7EE03
:10855000C00A20EE070BB7EEC08BB0EE480A03F05E
:1085600067FEB0EE40AAB0EE490A03F085FDF0EEDA
:10857000409A2AEE00AAB0EE680A03F07DFDF0EE04
:1085800040AAB0EE490A03F053FEB0EE409AB0EEB6
:10859000680A03F04DFEF0EE408AB0EE480A03F0A0
:1085A0006BFD69EEA89A60EE690AB0EE4A0AEAEE3F
:1085B000890A03F05DFE634B9FED537B83ED000A58
:1085C000B7EEC00A604B20EE070B95ED007AF3EE94
:1085D000007AB4EEE77AB7EEC00BF1EE10FA83ED55
:1085E000000A07DDDFED597AB4EEE77AF1EE10FA12
:1085F00000F1AF81F2EE027AB4EEE77AF1EE10FA12
:1086000040F11E81F2EE007A77EEC78A37EE277AC4
:10861000FDEEE88ABDEEC78A25E10AA803F000FD59
:108620000AA803F0FDFC0AA803F0FAFC83460AA896
:1086300003F0F6FC0AA803F0F3FC06460AA803F0D0
:10864000EFFC04460AA803F0B7FF01287FF458AFF7
:108650000AA803F0B1FFC0B218287FF451AF0AA8EE
:1086600003F0DEFC00287FF44BAF731C002C049653
:10867000464403EB4303B8BF09904FF0000125487F
:1086800023F00303B4BF64420997079303F0A0FDEE
:10869000864206DD00211F4803F09AFDA0EB080387
:1086A000049300211B4803F0CFFC05F186038342AD
:1086B00022DB0021174803F0C7FC431B0593013C54
:1086C000079BAA463C2603FB04B300240893AAEBAD
:1086D0000503059A9A423BDC002AA8BFAD18002C7E
:1086E0003FF40FAF2DB20FA90FFA89F30948A2B2D8
:1086F000009503F081FE04E70594E0E7AFF3008006
:108700004DC9077746DF913FCB67791EDCA54C400A
:10871000D4380020DC470220783F022028CA0020FD
:10872000283A02202C3A02202039022080510120D0
:10873000709600201E9A00202D9A002010390220E9
:108740001C3902203C300220343002200080AC432F
:10875000DDE908320E98002A08BF5B46994600B34F
:1087600003685B6A984700238B4208BF814509D0A4
:108770000E9830B10368002200924A46196A00231D
:1087800088473C260023C1460693049B069A9342E1
:1087900009DC0AF1010ADDE907239B1A93440893D7
:1087A00095E70146DFE73B2E15D954B10FFA8AF35E
:1087B0000FA9A2B2774800930FFA89F3A14403F0FE
:1087C0001BFE0E98002839D0036800243C2219A90A
:1087D0009B689847264606F1A00328A8711C0DEB5C
:1087E0000302B31C50FA81F1033650FA83F312F8F6
:1087F0003C2C11F83C1CF6B213F83C0C03F01CFCAA
:10880000621C28ABD2B203EB4404272A24F8640C80
:1088100005D8A9EB0803049913448B4209DB0FFA2E
:108820008AF30FA95B4800930FFA89F303F0E4FD84
:108830000022069B144601330693A6E70446C9E7C7
:10884000DFED557AB4EEE77AF1EE10FA7CDCB7EEA4
:10885000C77AB2EE006B37EE465B37EE067BFDEE75
:10886000C58BBDEEC78B6FF059044FF47846DFF827
:10887000248118EE103A18EE902A93426EDC474E8F
:10888000474C306880010C30204403F0A9FC80463E
:108890000021404803F07CFD08FB00F0002301228A
:1088A00000EBD07041103B48C1F5BE7109B203F036
:1088B000DBFB4FF4FC61374803F0C6FD31683548F7
:1088C00004EB81110C3103F093FD00234FF4DC72B3
:1088D0001421304803F0C8FB32492E4803F088FDCC
:1088E00095ED000A00212B48B7EEC00A03F0B8FD51
:1088F0002D49284803F07CFD4FF4DC7200234FF42F
:10890000F071244803F0B0FB2849224803F070FDC1
:10891000274B00211F4893ED000AB7EEC00A03F071
:108920009FFD1C48234903F063FD0AA803F034FDB2
:10893000002F7FF4B3AD64213B464FF49672154887
:1089400003F092FB1C49CFE5F2EE007A77EE678ADE
:108950005CE69FED1A8ADFED1A8A84E7F8EEE87A82
:1089600095ED007ABE23F5224FF4C871404677EEAC
:10897000877A0093CDE90164FDEEE77A17EE903A2D
:108980001BB203F079FC18EE903A013308EE903AEE
:108990006FE700BFDC4702200000AC43B0C50020F9
:1089A000B0C60060F29D00203C710020FD9D0020BB
:1089B000383002200A9E00202D9A00200900000075
:1089C000F8FFFFFF0021294810B503F051FBFFF726
:1089D00043F9FFF725FB264803F0E2FCFFEE007A9F
:1089E000B4EE670AF1EE10FA1ED0224B3C240022AE
:1089F000A2211868204B04FB0030FFF713FD03F0A1
:108A0000A3FC0446642003F0CFFD631CF7D020468E
:108A100003F0FAFC1128F2D101F099F903F070FB90
:108A2000BDE8104000F004BB4FF478410F4803F05C
:108A30000BFD00210D4803F0ABFC002300B2F02237
:108A400000EB001000EBD07108484910C1F5BE7171
:108A500009B203F009FB0949044803F0C9FC4FF6C9
:108A6000FF71024803F0F0FCC9E700BFDC470220B9
:108A70009E5C0220783F022028CA00200E9E002023
:108A80002DE9F04F1C46374B85B01E68364B064427
:108A9000DDF838801D68B3180D4456EA050005EB73
:108AA000040118D431480068984214DB304800684B
:108AB000884210DB24B2CDF8048013B200942AB2AD
:108AC0002C4831B203F094FA2B4A13680133136037
:108AD00005B0BDE8F08F53EA0100F9D423480768D8
:108AE000B742F5DD22480068A842F1DD002EBBBF89
:108AF0006FF0010C994691460CFB0688B8BF002622
:108B00009F42BCBFDB1BA9EB0309002D05DA6D42B8
:108B10000C46554308EB450800258842BCBF091A9E
:108B2000641AB9F1000FD3D0002CD1D0012C06DC8F
:108B300024B2CDF804800FFA89F30094BFE74FEA1E
:108B4000490B434657004146A246BAF1010AEFD00D
:108B50005B4439445A461846039103F099FA039945
:108B60000346F2E7D4390220D8390220E039022046
:108B7000DC390220DC470220D039022030B5ADF5C7
:108B8000017DFDF793FB0446002837D103464FF4DF
:108B90009672C821614803F067FA22464FF4784183
:108BA0005E4803F09DFA5E495C4803F0E9FB5B48D0
:108BB00003F0D2FB40F6B83003F0F6FC21465748EC
:108BC00003F0E6FB05462146544805EB450503F056
:108BD0007FFB4FF49672AB00C82100B201941BB228
:108BE00000904E4803F014FB22464FF6FF714B48AD
:108BF0000DF5017DBDE8304003F072BA02A903A86B
:108C000003F02EFA0346029080B94FF4967243485F
:108C1000114603F029FA4349404803F0E9FB424B6F
:108C20004FF0FF321A600DF5017D30BD012872D082
:108C300000213A4803F088FA012138484FF6FF75C1
:108C400003F0C2FB0021354803F006FC0021334845
:108C500003F0BAFB0121314803F022FB4FF4C87343
:108C600032221E212D48CDE9003540F2DA2303F0EF
:108C70007FFA00224FF4FC61284803F031FA002308
:108C80000F223221254803F0EFF92849234803F049
:108C9000AFFB00222946214803F022FAFE21244896
:108CA00003F02AFB0446E0B9C82203461B481146DC
:108CB00003F0DAF922464FF47841184803F010FA2D
:108CC0001C49164803F05CFB144803F045FB4FF4C5
:108CD000FA6003F069FC22462946104803F000FAC6
:108CE000A1E7029903A803F003FC0F4B1249186097
:108CF0003C2303FB0011114B11484A6B1A60114BC6
:108D00008A6B1A6003F088F901F021F803F0F8F992
:108D100000F08EF987E70020E7E700BFDC4702207C
:108D2000209E00202C9E0020783F02203A9E0020AA
:108D3000805101204B9E002028CA0020283A0220A2
:108D4000AA5C02202C3A022013B54FF0FF33154CD9
:108D5000082201210093204603F012FC2046002146
:108D600003F0DAFB2046012103F0AAFA2046042191
:108D700003F0C6FA2046012103F026FB204600211D
:108D800003F0E2F92046002103F01EFB00212046FB
:108D900003F0DAF9044BDB221A606922034B1A60F4
:108DA00002B010BDDC470220AC470220B42E0220E6
:108DB00008B50948012103F007FB0021064803F02C
:108DC000C3F90021044803F0FFFA00210248BDE87E
:108DD000084003F0B9B900BFDC47022070B588B085
:108DE0001A4B01AA03F1180614461868083353F801
:108DF000041C1546B34203C52A46F6D118682860FC
:108E0000FFF7D6FF0221124803F04AFA4FF47841E7
:108E10000F4803F019FB00210D4803F0B9FA0023B5
:108E200000B2302200EB400000EBC000C0F54871FA
:108E3000074841F34F0103F017F92146044803F0B6
:108E40006FFB034803F088FA08B070BD629E0020F3
:108E5000DC4702200149024803F006BBF46C002005
:108E6000DC4702202DE9F047524C81468A4600211A
:108E7000204617461E46DDF8208003F0EDFA204616
:108E8000032103F00DFA4FF4FC61204603F0DCFAF5
:108E9000484603F0A5F905460021204603F078FA7C
:108EA000454300233022C5F54875204645F34F0160
:108EB00003F0DAF84946204603F0D6FA20460121AD
:108EC00003F0EEF94FF6E071204603F0BDFA50468C
:108ED00003F086F9054600212046093503F058FACB
:108EE0000023942245432046C5F5487545F34F01BC
:108EF00003F0BAF82046304903F0B6FA2F4920466D
:108F000003F0B2FA384603F06BF90546002120461B
:108F100003F03EFA68430023C622C0F5487120469C
:108F200041F34F0103F0A0F83946204603F09CFAC4
:108F30002046002103F0B4F94FF6FF71204603F0FC
:108F400083FA304603F04CF905460021204603F031
:108F50001FFA684300234FF4AE72C0F548712046F3
:108F600041F34F0103F080F83146204603F07CFACC
:108F7000404603F035F905460021204603F008FA83
:108F8000684300234FF4C272C0F54871204641F394
:108F90004F0103F069F84146204603F065FA4FF4AB
:108FA0007A7003F001FB20460021BDE8F04703F092
:108FB00053BA00BFDC470220969900207E9E002015
:108FC00037B5184C01210025204603F0FDF9204655
:108FD000002103F065F90021204603F079F92123EF
:108FE00000B24A22022101950090204603F010F9B8
:108FF0002B464A222046062103F036F820464FF63B
:10900000FF7103F021FA084B084A20461B681B0138
:10901000D15803F029FA2946204603B0BDE8304074
:1090200003F0D2B9DC470220E0C50020F0C50020E3
:109030002DE9F04F9A4B0124DFF87C9200219948EA
:109040000026D9F80020DFF874A2DFF874822DED35
:109050000A8BD3ED008A87B0934BF8EEE88A93ED44
:10906000007A04FA02F307EE903A4FF40073F8EE38
:10907000E77A934087EE27AAF5EE007A2AEE27AA30
:1090800007EE903AF8EEE77A87EE87BA03F008F930
:109090000021844803F01CF9043040F20523DF224C
:1090A00000B22146019600907E4803F0B1F8D9F84D
:1090B0000030002B40F0C880D8F800104FF0FF3689
:1090C000DAED007AE3228C39764878EEA78A09B285
:1090D00002F0CAFF07EE906AF0EE68AA0A2202A91F
:1090E000B8EEE7CA6FF00105DFF8D8B16D4FECEECE
:1090F0000AAAF1EE4CBA9FED689BB7EEEA6A86EEDB
:10910000097BB8FE477B27EE097BB7EEC78BB7EE2E
:10911000C86A86EE097BFCEEC77B17EE900A03F067
:10912000DBF83AEEC87ADAED007A4FF4FC615D487C
:10913000ACEE677A9FED5DCAB0EE478A03F084F922
:1091400002A9584803F090F9D8F8001028EE0B7ADD
:10915000DF225448BDEEC77A17EE103AC91A4FF60F
:10916000E07309B20093062303F0CEF84FF6FF71C7
:109170004C4803F069F9AE425ED007EE905AB0EE6B
:10918000686AD9F800300A22F8EEE77A02A9022BC1
:10919000A7EE8A6AD4BF0023012303EBC30303EBCA
:1091A0004503B7EEC66A043386EE097B5BF82340BD
:1091B000B8FE477B27EE097BF7EEC7CBB7EEEC6A2C
:1091C00086EE097BFCEEC77B17EE900A03F084F86D
:1091D0003AEEEC7ADAED007A022DABEEA77AF7EEF2
:1091E000007A27EE0B7AFDEEC7CA37D007EE104A99
:1091F000B8EEC78A9FED2E7AE8EE0C7A77EE877A82
:10920000FDEEE77A0023E322384617EE901A09B202
:1092100002F02AFF02A9384603F026F91CEE903A24
:10922000D8F80010DF223846C91A4FF6E07309B2A9
:109230000093062303F068F80135032D9BD107B096
:10924000BDEC0A8BBDE8F08FD8F800103346E3225E
:109250001448143909B202F007FF3BE704F109038F
:1092600002A808EE103AB8EEC87AE7EE0C7AB0EE33
:10927000678A02F0B5FF04460021384603F088F8FB
:109280006043DFED0C7A07EE100A78EE277AB8EE2D
:10929000C77A77EEC77AB3E70000000000408F403E
:1092A00068C30020DC470220683F02203333B33F0D
:1092B0000000204200006C42F0CE0020783A0220EC
:1092C0006CC30020A03A002037B51B4C002120467B
:1092D00002F0E6FF0021204603F05AF8054600217F
:1092E000204602F0F5FF2F2205EB850340F2951191
:1092F00000B205EB43030025009020461BB2019508
:1093000002F086FF2B462F22204640F2951102F0F4
:10931000ABFE20464FF4784103F096F807492B4600
:1093200001220968204603F027F80549204603B0CA
:10933000BDE8304003F098B8DC4702207CCF002025
:10934000889E002013B500214F4802F0A9FF00219C
:109350004D48002402F0BCFF40F2FD1300B22F2262
:10936000052101940090484802F052FF23462F2225
:109370000521454802F078FE4FF6FF71424803F0A0
:1093800063F84249404803F06FF823462F226421D6
:109390003D4802F069FE4FF680413B4803F054F827
:1093A0003B4B1A683B4B002A37D13B4A1968D2ED38
:1093B000007AFDEEE77A17EE903A0B4419463248F0
:1093C00002F01AFE4FF680412F4803F03DF80023CB
:1093D0002F22B4212C4802F047FE304B302219686E
:1093E0002F4BE1B92F490968274802FB0133D9689F
:1093F00003F03AF84FF4FC61234803F025F800230A
:109400002F22DC21204802F02FFE274B1B68032B64
:109410000BD8DFE803F0062435371968CFE7234976
:10942000E1E72349184803F01FF800232F224FF4E7
:109430009B71154802F018FE4FF6FF71124803F0B9
:1094400003F81C4B10481A681B4B03EBC203596806
:1094500003F00AF802B0BDE81040FFF735BF174926
:10946000094803F001F800232F22F521064802F0F5
:10947000FBFD134B134A1B68063352F82310D1E748
:109480001149CFE71149CDE7DC4702208F9E00202C
:10949000F0CE002068C30020783A02207C1E022013
:1094A00094BE0020BCC50020303D0220C0C5002075
:1094B0009B9E0020A0340220CC2C00209F9E0020E8
:1094C000E8C50020D8C90020A39E0020A79E002048
:1094D000194B07B5196801292AD1184802F074FF01
:1094E000174B40F2112115481B68052B93BF154AF5
:1094F0004FF4F043DFED147A02EB83029CBFD2ED10
:10950000007A124AFDEEE77A98BF32F91330302222
:109510009BB201937823009317EE903A1BB202F0AE
:1095200077FE0021054803B05DF804EB02F04CBF64
:1095300003B05DF804FB00BF303D0220DC47022091
:10954000E8C50020602C00200000AA42EE68002040
:1095500013B584B2762308482F2240F22D210094BF
:1095600002F0D2FE76232F2240F2352102480094E9
:1095700002F0CAFE02B010BDDC470220F0B585B093
:1095800015460C461A460A9F01461E4624B2384626
:1095900002F0FEFF00212AB20E4D2846039202F08F
:1095A000F7FE0F2310FB07F00027039A2146CDE9B1
:1095B000003703B2284602F02BFE214628463B46E0
:1095C000039A02F051FD3146284605B0BDE8F0404F
:1095D00002F04ABFDC47022013B506240094FFF7CF
:1095E000CDFF02B010BD604B0121604893ED000A31
:1095F0005F4BB8EEC00A93ED007AB8EEC77AB7EECB
:10960000C00A9FED576BB7EEC77A20EE060B27EE28
:10961000067B2DE9F0432DED028B87B0F7EEC08B72
:10962000B7EEC78BDFF8609102F0CEFE00214F4805
:1096300002F036FE00214D4802F0AAFED9F8005093
:109640006FF008030021DFF8448103FB00500A3D5E
:10965000A0F10A07454802F03BFE002300B24A226F
:10966000019339B2C8230090404802F0D1FDD8F8E8
:109670000030092B70D8DFE803F0053C6D6D4E0516
:10968000050505053B4B4BF2B2511B78002B16BF6D
:109690000E464FF4FC664FF4FC61D8F80030042B02
:1096A0000ED0324802F0D0FE39460120B0EE680AF2
:1096B00003AB4A22FFF790FF2F492C4802F0D4FE5B
:1096C00031462A4802F0C0FEB0EE480A03AB4A22F7
:1096D00029460120FFF780FF2749244802F0C4FEF5
:1096E0000021224802F070FE07B0BDEC028BBDE8FD
:1096F000F083204BF1EE687A4BF2B251F1EE488ADA
:109700001B78B0EE678A002B0ABF0E464FF4FC664A
:109710004FF4FC61C1E7194B4BF2B2549FED187A3C
:1097200000211B781148002B164BD3ED007A0CBF9B
:1097300026464FF4FC66F8EEE77A87EE878A02F059
:1097400027FED9F800506FF00403214603FB0055B3
:10975000043DA2E7F1EE488A4FF4FC6631469CE7EF
:10976000FCA9F1D24D62503FA8340220DC47022010
:10977000A4340220A95C0220F9960020F75C0220A4
:1097800000007A448CCC00206CC30020A03402205E
:1097900007B598234FF6E07200210548CDE9003265
:1097A00040F20223472202F0E3FC03B05DF804FB21
:1097B000DC47022007B59E2300224FF0FF31054809
:1097C000CDE9003240F20623472202F021FD03B02A
:1097D0005DF804FBDC47022013B50C4C0121204648
:1097E00002F0F2FD0021204602F0AEFC012002F062
:1097F0000BFC9623002201212046CDE900324FF4D4
:109800000073482202F004FD02B010BDDC470220C4
:1098100070B54FF6FF746C2318224FF40471724830
:10982000714D2DED068B82B0B2EE08AA9FED6F8AC6
:10983000009402F0CDFE009400246C232B224FF400
:109840000471694802F0C4FE07EE904A04F0010377
:109850004FF6FF710134B8EEE77A5A00F0EE487A1D
:1098600003330191C2F113025B002846E7EE0A7A46
:1098700000930223FDEEE77A17EE901A09B202F088
:1098800077FC0A2CE0D14FF4FC644A2318224FF4F1
:109890001F715548B2EE049B009402F099FE524E9F
:1098A000009401244A232B224FF41F714E4802F0EA
:1098B0008FFE9FED4B8B07EE904AB1EE085B04F0F4
:1098C00001034FF4FC65B8EEE77A01345A00C3F1A6
:1098D00004033046019527EE0A7A5B0011320093AB
:1098E0000223B7EEC77A27EE097B87EE056B36EECB
:1098F000087BBDEEC77B17EE101A09B202F038FCE8
:10990000042CD8D14FF6FF74132318224FF404719E
:109910003548009402F0F8FC1323182240F2C621C7
:109920003148009502F0F0FC00212F4802F0B8FC0D
:1099300021462D4802F088FD00234FF402712A4889
:109940001A4602F091FB2A49274802F08DFD0023B8
:109950004FF4067124481A4602F086FB2549224836
:1099600002F082FD00234FF40C711F481A4602F0EA
:109970007BFB21491C4802F077FD00234FF4127154
:1099800019481A4602F070FB1C49174802F06CFD9A
:1099900000234FF4187114481A4602F065FB184969
:1099A000114802F061FD00234FF41E710E481A4663
:1099B00002F05AFB13490C4802F056FD002340F216
:1099C000952109481A4602F04FFB0F49064802B09C
:1099D000BDEC068BBDE8704002F046BDAFF30080E1
:1099E0000000000000E08340DC4702200000044447
:1099F000149C0020869E00207F73002063A000201E
:109A0000869D0020A3710020B09E00203F4B2F2296
:109A1000DFED3F7A4FF404711B683E48052B4FF091
:109A20008D03F0B54FF0000415BF0126022607276D
:109A30000B274FF6FF752DED048B83B09FED368A13
:109A4000DFED369A07FE888A9FED359ACDE900341E
:109A50004FF4887302F0DCFB76232F224FF404715D
:109A60002C48CDE900354FF4887302F081FB0623C2
:109A7000A52240F211212748009502F045FC294615
:109A8000244802F0E1FC2346AC2240F20D2121489B
:109A900002F0EAFA1F4D21461E48344602F0ACFAA5
:109AA00020491C4802F0E0FC07EE904A4FF6FF7395
:109AB000A5222846F8EEE78A0093F0EE697A06239D
:109AC000E8EE887AFDEEE77A17EE901A09B202F016
:109AD0001BFCF0EE497A0023AC222846E8EE887A97
:109AE000FDEEE77A17EE901A09B202F0BDFA2146B0
:109AF0002846344402F080FA0A49284602F0B4FCB1
:109B0000A742D1DC03B0BDEC048BF0BDA034022031
:109B1000E614BC41DC470220CDCC2C42004004447A
:109B200000400344899B00207FB5C41C00254FF4EE
:109B300000731148C4F5F07226B20121C4F1E904A2
:109B400012B2CDE90065039202F062FB01210A48DE
:109B500002F03AFC4FF40073039A01210648CDE964
:109B6000006502F055FB2946034802F02DFC034B2B
:109B70001C6004B070BD00BFDC470220A4CF0020F1
:109B800013B50A4C00210A4823680191012103F111
:109B9000F702C3F1E9031BB212B200934FF4007352
:109BA00002F036FBE923236002B010BDA4CF0020F1
:109BB000DC470220FFF7E4BF07B521230022012183
:109BC0000548CDE90032FF234FF4E07202F020FB9C
:109BD00003B05DF804FB00BFDC47022007B521237A
:109BE00000224FF480710548CDE90032FF234FF485
:109BF000E07202F00DFB03B05DF804FBDC470220CD
:109C000007B5002201212F4802F066FA00212D48F5
:109C100002F01AFC2C4B12221B68013B082B3CD88B
:109C2000DFE803F0053B05053B053B1E1E004FF436
:109C30007843CDE900233723002240F2E92121486F
:109C400002F0E6FA002340F2ED211E481A4602F027
:109C50000BFA1E491B4803B05DF804EB02F004BC8C
:109C60001C2002F0BDFC28B912234FF47842CDE944
:109C70000032E0E7164B187802F0B2FC0028F3D06F
:109C80000022122340F2E9210E48CDE900323723A9
:109C900002F0BEFA03B05DF804FB4FF4FC6340F23F
:109CA000E9210848CDE900233723002202F0B0FA69
:109CB000002340F2ED2103481A4602F0D5F9054988
:109CC000C8E700BFDC470220343D0220B69E0020DA
:109CD000ACCC0020BA9E0020052808B5134B02D159
:109CE00000221A6002E000281CDB1860104A12688B
:109CF000052A05D11A680AB1022A01DD01221A607B
:109D00004FF40060FBF7BEFF0A4B1B6863B90420E9
:109D100002F0EAF902F028FBFFF78AF9BDE80840F3
:109D2000FFF710BB0422DCE708BD00BFF0CE002027
:109D3000A03402201439022008B5FFF729FDFFF7EF
:109D400067FDFFF763FEBDE8084002F03DBA08B5C5
:109D5000FFF72EF8FFF7F0FF02F0D2F9FFF7F2FA63
:109D6000FFF72EF9FFF73FFC02F0FEFAFFF760F96C
:109D700002F0E6F9FFF744FFBDE8084002F0A8B999
:109D800008B50D480122002102F0A6F900234FF486
:109D9000E0720121084802F067F94FF6FF710648AA
:109DA00002F052FB054B064900221B780248CA54B8
:109DB000BDE8084002F058BBDC4702209B5C022053
:109DC00094C92420B1F5007F0B462DE9F04FA8BFC0
:109DD0004FF4007391B00025DFF870810D930646B3
:109DE000574B2C46DFF85CB1DFF85CA10C910E926A
:109DF0000A930D9B9D4246DB524B0C9A9C540E9B42
:109E0000002B00F0888000240125AE264FF0C00909
:109E10004FF002082F274FF40073AC2229464A481E
:109E20000097CDE90744CDE90549CDE90358CDE9CF
:109E3000015602F0D9F8444802F066FB204602F0D1
:109E40003BF9324629464FF400733F480097CDE96D
:109E50000744CDE90549CDE90384CDE9015602F077
:109E6000C3F8394802F050FB4FF4007221463748DE
:109E700002F0EEF94FF084434FF48022C3F88820BB
:109E800011B0BDE8F08F4FF480234FF08442B1460B
:109E90000135C2F88C3003233778504616F8014F4D
:109EA0009BF80010B7FBF3F7B4FBF3F4C7F19D0286
:109EB0002BB2002700910B9219469BF80120C4F1A8
:109EC0009D0401970F9302F013FA0B9B4FF6E0727B
:109ED00050460BF8013BCDE900320F9B2246194654
:109EE00002F006FA16F8013C98F8002038469A422B
:109EF00028BFC1460A2299F8003008F8013BB3FB9D
:109F0000F2F3134A32F813300A9A22F8023B0A920B
:109F100002F0D2F86DE70124094D4FF40073AC2232
:109F2000214609480195009402F062F84FF400734D
:109F3000AD2221460448CDE9004502F059F899E7E1
:109F40004E4B0220B8590220DC470220B8570220AD
:109F5000FA68002070B500212B4800242A4E2DED10
:109F6000048B86B0DFED298A02F09AF90021264899
:109F700002F0AEF9043040F20523DF2200B20121E5
:109F8000019400909FED229A1F4802F041F94FF68C
:109F9000FF711D4802F058FA07EE904A0A2202A902
:109FA000B8EEE78A28EE288AFCEEC87A17EE900A07
:109FB00002F092F9B1EE097AC8EE077A77EEC97A23
:109FC000FDEEE77A17EE905A6B1EB3F5FF7F13D8BC
:109FD000691C0023E322304609B202F045F802A9C9
:109FE000304602F041FA4FF6E073DF2229B20093C7
:109FF0003046062302F088F90134082CCCD106B093
:10A00000BDEC048B70BD00BFDC4702200000FA43AA
:10A01000000000422DE9F04FDFF880B30021CA4A6A
:10A02000DBF80030DFF87883C84C2DED028B13602D
:10A03000E1B0C74B0AAD0DF1A80A18689B880290E1
:10A0400004A8ADF80C3002F077FAC24BD8F8002023
:10A050001B68DBF8001003EB4203BF4A42F82310F1
:10A060000FCC0FC504F10C0694E8070085E8070043
:10A070000FCE11AD0FC596E8070085E8070004F183
:10A080002801482218A84FF4CD7502F001F889265E
:10A09000FFF790FD04F170014822504601F0F8FFEF
:10A0A00004F1B80148223CA801F0F2FF482204F56F
:10A0B00080714EA8002401F0EBFF0021A74802F0B8
:10A0C00083F94FF4007349220121A448CDE90054DB
:10A0D00002F09EF81E23D9224FF400719F4800938E
:10A0E0000F23019402F094F801219C4802F06CF9CE
:10A0F0004FF40073492201219848CDE9005402F041
:10A1000087F8974BE32295481968234647F6EF35C1
:10A110008C3909B201F0A8FF4FF4B4734FF6E07028
:10A1200048222146CDE9003040F202238B4802F05C
:10A130001FF84FF496736B224FF4AF718748CDE947
:10A140000035962302F064F88448012102F0A8F853
:10A15000824833B2A6F11209A7004FF4BE7508EE8B
:10A16000103A0FFA89F93AF8073029B218EE102A96
:10A1700000930F2302F0FCF8A5F108014A460023E2
:10A1800009B2764801F070FF3CAB74482D35D95BBD
:10A1900002F05AF94EAB7148ADB2F958043702F0EB
:10A1A0006FF840F203236D489D42DCD103342D3615
:10A1B000122CB6B2CDD10021684802F071F800230C
:10A1C0007A22152165484FF61F0401F04DFF4FF626
:10A1D000FF71624802F038F96249604802F050F8B5
:10A1E0000023AC2215215D4801F03EFF5E495B482B
:10A1F00002F046F80023CA221521584801F034FF26
:10A200005A49564802F03CF80023E82215215348E9
:10A2100001F02AFF5649514802F032F800234FF46A
:10A22000837215214D4801F01FFF52494B4802F03F
:10A2300027F800234FF49C721521484801F014FFC1
:10A240004D49464802F01CF8D8F800300AAA4348A5
:10A25000DFF8509152F8231002F012F847493F48B6
:10A2600002F00EF800234FF4AB7215213B4801F0C9
:10A27000FBFE4349394802F003F8D8F8003011AA30
:10A28000364852F8231001F0FBFF3E49334801F0F5
:10A29000F7FF00234FF4BA721521304801F0E4FEB5
:10A2A00039492E4801F0ECFF00234FF4C972152103
:10A2B0002A4801F0D9FE3549284801F0E1FF012183
:10A2C000264802F081F80121244801F0E9FF4FF609
:10A2D000FF71224802F0B8F800230A211F481A46ED
:10A2E00001F0C2FE2A491D4801F0CAFF20234FF4A5
:10A2F000E0724FF48A711948CDE9003440F2091335
:10A3000001F086FF0021154802F09EF800234FF46B
:10A31000E07240F21511114801F0A6FE1D490F48E8
:10A3200001F0AEFF00210D4801F0BAFF00234FF409
:10A33000A6723321094801F097FE1749074801F03A
:10A340009FFF002330E000BF58560120D02A002094
:10A35000319D00207C1E02209CC90020DC47022089
:10A360006CC30020159F00202C9F0020489F0020D8
:10A370006C9F0020829F0020A19F002021A0002030
:10A38000BF9F0020E19F0020E59F00200DA000203E
:10A3900027A0002037A0002043A000205456012011
:10A3A000B8C50020185D02204FF4837240F20F11EF
:10A3B000894801F059FE99F8003073B34FF4FC61FD
:10A3C000854802F041F885490024834D824827469C
:10A3D00001F056FF01F0B8FF411CFBD002F014F869
:10A3E00018AB53F82080B8F17F0F4CD01BDCB8F1CC
:10A3F0000D0F4FD0B8F1580F00F0E780052C47D073
:10A40000B8F1300F08BF002C0CBF0126002665D024
:10A4100002AB03F80480013472E021466E4802F07A
:10A4200013F86F49D0E7B8F1990FE7D199F80030E8
:10A43000002128464FF0000A83F0010389F800301C
:10A4400001F02EFF20234FF483724FF487712846CA
:10A45000CDE9003A322301F0DBFE53464FF483721C
:10A4600040F20511284601F0FFFD99F80060002E2A
:10A470003DD028464FF4FC6101F0E6FF57492846DD
:10A4800001F0FEFE04E054B3013C202302AA135560
:10A49000002635E002A907A802F04EF807A904A893
:10A4A00001F08AFE07A802F083F804A801F074FE08
:10A4B000631E0746012B14D84A4B5F434A4B4B4A55
:10A4C000FB18934240F28180494904A801F024FE20
:10A4D0000023069A02A904A801F0E6FD00242646FE
:10A4E0000EE0231F012BE9D84FF47A73E5E74FF60E
:10A4F0001F01284601F0A8FF3949284601F0C0FE97
:10A500004FF6FF71284601F09FFF0121284601F018
:10A51000C7FE20234FF61F0240F2C3112846CDE9A3
:10A52000003255234FF4E07201F072FE00234FF425
:10A53000E0724FF4E471284601F096FD284602A926
:10A5400001F09EFEFA2002F02FF8002E3FF442AFF9
:10A550000020284BB8F1580F274A18604FF001032C
:10A5600018BFCBF800701370DBF80010234A11609D
:10A57000234A137001F054FE2249234B09681B68DB
:10A5800099F80000214A03EB410300B342F823701D
:10A59000002140F2DF1310480A46CDE9003140F2B5
:10A5A0001F3301F035FE00210B4801F00DFFF8F7D5
:10A5B000D7F9FBF72FFEFFF7CAFB04A801F0F8FF5D
:10A5C00061B0BDEC028BBDE8F08F012698E7104921
:10A5D000096842F82310DBE7DC4702203B980020A3
:10A5E000DD97002040420F0030EDECFFB0B0B60127
:10A5F000319D0020A83F0120835C022068C3002019
:10A60000915C0220B8C500207C1E02209CC900205D
:10A61000585601202DE9F34101213A4801F040FE4E
:10A620004FF6FF713748002401F00EFF20234FF64C
:10A630001F014FF4E0723348334D344FDFF8C480CC
:10A64000CDE90031FF234FF4807101F0E1FD0023DB
:10A650004FF4E0724FF480712A4801F005FDD5F8FF
:10A660004012284801F0C8FC3B681BB33B68E41863
:10A6700044D40E2CA8BF002420234FF61F024FF411
:10A6800080714046CDE90032FF234FF4E07201F0C3
:10A69000BFFD00234FF4E0724FF48071404601F09B
:10A6A000E3FC04F19003404655F8231001F0A4FCAC
:10A6B00000233B6001F048FE01F0A6FE064696200E
:10A6C00001F072FF002ECFD1FFF774FA104B114A40
:10A6D00090341B68126845F824308AB90E4A00206D
:10A6E000136001F09DFDFEF72DFEFEF77CFF01F0EB
:10A6F000D7FE02B0BDE8F04101F002BD0C24BBE77B
:10A70000064AECE7DC470220CCA600204C3B0220A6
:10A71000545601207C1E0220C4C50020C8C500205C
:10A720002DE9F74301216A4801F0BAFD4FF6FF71A8
:10A730006748002401F088FE20234FF61F014FF4E4
:10A74000E07263482546634FDFF8BC81DFF8BC91B7
:10A75000CDE90031FF234FF4807101F059FD002352
:10A760004FF4E0724FF48071594801F07DFCD7F846
:10A770004012574801F040FCD8F800302BB3D8F80D
:10A780000030ED183BD40E2DA8BF002520234FF636
:10A790001F024FF480714E48CDE90032FF234FF481
:10A7A000E07201F035FD00234FF4E0724FF4807148
:10A7B000474801F059FC05F19003454857F823102C
:10A7C00001F01AFC0023C8F8003001F0BDFD01F0D3
:10A7D0001BFE0646962001F0E7FE05F190033E4A77
:10A7E00057F8233013603D4A51688B42916808DB6B
:10A7F0008B4202DD3A498B4205DC00243CE00C250B
:10A80000C4E78B42F6DAD2E90D108B4206DB8342B5
:10A8100002DD34498B4203DC01242DE08342F8DA67
:10A82000516E8B4202DB916E8B4232DD03EB0900ED
:10A830002D4988422DD9D2F894108B4203DBD2F8EF
:10A8400098108B4227DDD2F8C4108B4203DBD2F87C
:10A85000C8108B4221DDD2F8F4108B4203DBD2F812
:10A86000F8108B421BDDD2F824118B4204DBD2F8A6
:10A8700028219342D8BF06241C4A1460002E7FF47E
:10A880007BAF1B4A126862B1012A15D003B0BDE844
:10A89000F0830224F0E70324EEE70424ECE7052428
:10A8A000EAE7144A1460144A12681344134A136006
:10A8B000134A42F83430E9E7124A14600E4A12682B
:10A8C00013440E4A13600E4A02EBC4025360DDE7E4
:10A8D000DC470220CCA6002068C3002094BE0020E4
:10A8E000C0CF6A00809FD50000093D00B8C5002098
:10A8F0007C1E0220BCC50020A83F01205456012028
:10A900009CC90020C0C500204C3B022080602AFF6B
:10A9100037B505460C462648012101F0C1FC254B00
:10A9200093F9003033B92448244901F061FC2248EE
:10A9300001F012FD1CB1012C22D003B030BD20204B
:10A94000FFF7F2F820231F214FF4E0721848CDE9F9
:10A950000031FF23012101F05BFC022123464FF46B
:10A96000E072134801F080FB4FF6FF71104801F0D0
:10A970006BFD29680E4803B0BDE8304001F0D4BC3F
:10A9800020234FF4FC624FF480710948CDE9003276
:10A99000FF234FF4E07201F03BFC40F20111002371
:10A9A0004FF4E072024801F05FFB0021DEE700BFD8
:10A9B000DC470220E15C022090B80020B6A1002014
:10A9C00013B504460121114801F06AFC20234FF41D
:10A9D000FC624FF480710D48CDE90032FF234FF443
:10A9E000E07201F015FC0021084801F02DFD002364
:10A9F0004FF4E0724FF48071044801F035FB2146BA
:10AA0000024802B0BDE8104001F08EBCDC470220D5
:10AA100073B50C46064601211C48154601F040FC62
:10AA20004FF6FF71194801F00FFD04F580742023E3
:10AA30004FF61F0224B2CDE90032FF234FF4E0723B
:10AA4000F5B14FF48071114801F0E2FB4FF48071D1
:10AA50000E4800234FF4E07201F006FB29460B4834
:10AA600001F062FC214600234FF4E072074801F038
:10AA7000FBFA3146054802B0BDE8704001F0BCBAAF
:10AA80002146024801F0C4FBECE700BFDC4702208E
:10AA90002DE9F04F9F4D0E462DED068BA5B008AC6D
:10AAA00004900FCD0FC40FCD0FC40FCD0FC495E888
:10AAB0000300994B16AD984A03932B4684E8030094
:10AAC00000210498002840F0EF81D06F1860013118
:10AAD000043204330E29F4D10121904801F074FCB2
:10AAE00000218E48002401F02FFB00218B480DF13E
:10AAF000200801F069FC00218848AA4601F0ACFC5E
:10AB00004FF4AF7319222146844840F2FF7BCDE910
:10AB1000003440F2EE2301F07BFB4FF4FC617F48F0
:10AB200001F092FC01217D4801F0BAFB2346224648
:10AB3000C8217A4801F098FA3146784801F0F4FBD0
:10AB40004FF496731F222E217448CDE900324FF442
:10AB50003073322201F00CFB4FF47843C8222E21CF
:10AB60006E4800934FF4307301F032FD21466B487C
:10AB700001F096FB4FF6FF71684801F065FC214635
:10AB8000664801F005FC064621466448A6EB8606A9
:10AB900001F09EFB323006F12E01234602B25F48DF
:10ABA00009B201F061FA5E495C4801F0BDFB214643
:10ABB0005A4801F0EDFB064621465848A6EB8606AA
:10ABC00001F086FBC0F1C80006F12E01234602B257
:10ABD000524809B201F048FA5249504801F0A4FB2A
:10ABE00021464E4801F0D4FB064621464B4801F071
:10ABF0006FFB23464000494CA6EB8606C0F5AF72BA
:10AC0000464806F12E01322612B209B201F02CFAA2
:10AC10004549424801F088FB5AF8047B0FFA86F94F
:10AC20002046CDF804B03BB2C7F596724946B7EE60
:10AC300008AB12B200932E2301F0EAFA002120465D
:10AC400001F046FB002340004946C0F5AF722046A4
:10AC500012B201F009FA58F8041B204601F064FB17
:10AC60000021204601F094FB06EE906A07EE900A60
:10AC70000021B8EEE68B2046B8EEE77B3236A7EE31
:10AC80000A8B01F025FB4000002300F5AF7220463F
:10AC900012B2BDEEC88B18EE101A09B201F0E4F939
:10ACA0003946204601F0A8F940F2EE239E42B3D186
:10ACB0001E4B4FF0320ADFF878900024174EDFF871
:10ACC00074B0059355F8043B01340FFA8AF74FF03E
:10ACD0000008069324B2BDF8183039463046CDF846
:10ACE0000480C3F59572079300942E23013212B2AB
:10ACF00001F08EFA079B39463046C3F596724FF63F
:10AD00001F03019312B2BDF9183000932E2301F0F6
:10AD10007FFA11E0282C0020CCA60020DC4702207E
:10AD2000BDA100200E920020C1A1002040C600203D
:10AD300078C600204C3B0220DBF8003055F8044C6C
:10AD4000002B76D0A3B239463046CDF80480C3F547
:10AD50009572013301321BB212B200932E2301F01F
:10AD600057FADBF800300A223946304602FB03442A
:10AD70004FF61F03C4F59672019323B212B20093EB
:10AD80002E2301F045FA07EE90AA00213046B8EED6
:10AD9000E78B45F8044C01F0FBFA07EE900A00211E
:10ADA0003046B8EEE77BB0EE489BA7EE0A9B01F079
:10ADB0008FFA40002023CDF8048000F5AF72009395
:10ADC000B7EE007B2E2312B2304639EE479BBDEE24
:10ADD000C99B19EE101A09B201F01AFA0021304687
:10ADE00001F0D6FA07EE900A00213046B8EEE77B74
:10ADF000A7EE0A8B01F06CFA4000002300F5AF7259
:10AE0000304612B2BDEEC88B18EE101A09B201F02E
:10AE10002BF92146304601F0EFF8632C09DC4FF4A2
:10AE20007843C8222E21304600934FF4307301F04E
:10AE3000CFFBC820CBF8008001F0B6FB01F084FA0C
:10AE4000431C3FF479AF01F0DFFA642001F0ACFB62
:10AE50004FF4FC63C4F596723946019323B212B2E3
:10AE6000304600932E2301F0D3F9049B1BBB059BB6
:10AE70001C60039BDC6700230AF1320A09F1040914
:10AE8000CBF80030059B04330593039B04330393F5
:10AE900040F2EE239A457FF415AF25B0BDEC068B4A
:10AEA000BDE8F04FF7F75CBD049801287FF40FAEC2
:10AEB000D2F8B4000AE6049B012B02BF039BC9F839
:10AEC0000040C3F8B440D6E7D020FEF72DBE3F4B7C
:10AED00000213F4830B5A1B01D6801F0E1F9002123
:10AEE0003B4801F0F5F93B4B1B68002B4BDD002480
:10AEF00000B24FF40073F72201210090019434480E
:10AF000001F086F94FF6E071314801F09DFA2346D1
:10AF1000F42201212E4801F0A7F89C232E4AB2EE1C
:10AF2000044B03FB0522D2ED1A6A92ED185AF5EE96
:10AF3000C06AD2ED265ABDEEE67AD36EB7EEE63A97
:10AF4000F1EE10FA21DDB8EEC76B0592BDEEC55AE1
:10AF50008DED027AFDEEE55A009324EE466B1F4913
:10AF60008DED045ACDED015AA3EE046BBDEEC66B18
:10AF70008DED036AD2E91C3207A801F02DF807A96C
:10AF8000134801F0F9F821B030BDB8EEC77B059247
:10AF9000F0EEE66A0093BDEEC55A114924EE477BF8
:10AFA0008DED045AFDEEE66AFDEEE55AA3EE047B54
:10AFB000CDED026ACDED015AB0EEC77BBDEEC77B89
:10AFC0008DED037AD2E91C32D6E700BF781E02204D
:10AFD000DC470220003902204096017006A20020C2
:10AFE0002AA200202DE9F04F87B09B4604460F4669
:10AFF0009DF84030164642484FF0000A0293414BFC
:10B000001B78002B14BF4FF009094FF00B0989453D
:10B010004FF00001ACBF4FF000084FF0010801F005
:10B020003FF90021364801F053F9002103903448DC
:10B0300001F0AEF9152304FB00F5039A00EB400084
:10B04000CDF804A05D4312B2C0EBC00029B200925B
:10B0500003B24FF490722A4801F0DAF84FF6E0712B
:10B06000274801F0F1F9691C53464FF4907209B278
:10B07000234800F0F9FF012C36D0022C36D01CB941
:10B0800021491F4801F078F839461D4800F0B4FF07
:10B090001E491B4801F070F8029B4BB34FF4FC6152
:10B0A000174801F0D1F9002EABEB090314BF42465B
:10B0B0000022B3421FDB42B11E2301220DF1170112
:10B0C0000F488DF8173001F0ABF9B8F1000F08D038
:10B0D0001F2301220DF1170109488DF8173001F0E7
:10B0E0009FF907B0BDE8F08F0949CAE70949C8E7E9
:10B0F0004FF6FF71D4E7002AF3D04FF00008DBE7EA
:10B10000DC470220F85C02204EA200205BA2002057
:10B1100053A2002057A200202DE9F04F1E46434BBA
:10B12000A1B007461B7815464148002B05914FF00A
:10B1300000012A9C14BF4FF009094FF00B0901F0E0
:10B14000AFF800213A4801F0C3F80021834638489F
:10B1500001F01EF9152207FB00F31FFA8BFB00EB31
:10B16000400053434FF49872C0EBC0000393002398
:10B17000BDF90C10019319FB0BF31BB2009303B242
:10B180002B4801F045F8002D05DC3846FBF7CEFBD7
:10B1900021B0BDE8F08F4EB9A94544DA2B9BA3EB53
:10B1A0000903013344BF2C9A9B182360246840F2A2
:10B1B0002D164FF00008DFF878A0059B504653F895
:10B1C000243004931B4B049A1B6893420CBF4FF628
:10B1D000E0714FF6FF7101F037F9174B04999C228B
:10B1E00007A802FB0132154900F0F6FE039B32B2BC
:10B1F0005046591C002309B200F036FF07A95046FB
:10B2000000F0BAFF2B9B9C42BFD008F1010801342B
:10B210002C9BA342D8BF00244545B6D05E44C1450F
:10B22000B6B2CAD1B1E72660C0E700BFF85C022021
:10B23000DC470220781E02204096017060A20020A8
:10B24000D0F88830013B042B13D8DFE803F0060365
:10B25000030F03004FF6E0707047074B4FF6FF7087
:10B260001B68002B18BF4FF4FC6070474FF4784008
:10B2700070474FF6FF707047C43902205D4B1B6862
:10B2800083422DE9F04F044689B040F3A5805A4B24
:10B290001B78002B00F0A080451CDFF874814FF074
:10B2A000010204BF554B1C683423634358F8035014
:10B2B0000323002D40F093800220CDE902230523D3
:10B2C000CDE904350423CDE9060300214C4800F004
:10B2D000E7FF00214A48002600F0FAFF4FF4007310
:10B2E00040004FF4E0720121019600B20090444802
:10B2F00000F08EFF4FF6FF71414801F0A5F833468C
:10B3000040F2BD1201213E4800F0AEFE1DB93D499C
:10B310003B4800F031FF0D270DF108090026DFF84A
:10B32000F4A06743DFF8D8B059F8043B3B44063338
:10B3300058F82330002B09DB9C21584601FB03A160
:10B3400000F01AFF2F49584600F016FF0136032E71
:10B35000EAD1002340F2CD120121294800F084FEF9
:10B36000012D03D12749264800F006FF0D230DF1DA
:10B3700014090027DFF8A0A05C43214E59F8043BD4
:10B380002344063358F82350002D22DB902303FB7F
:10B3900005A52846FFF754FF81B2304601F054F866
:10B3A0002946304600F0E8FED5F88C30012B0CDD44
:10B3B0001549304600F0E0FED5F88C10304600F01C
:10B3C0001BFE1249304600F0D7FE0E49304600F011
:10B3D000D3FE0137032FD1D109B0BDE8F08FCDE9FD
:10B3E00005230523002107930223CDE9021304233B
:10B3F00004936AE72C3D0220F85C022068BE00201E
:10B40000DC470220329D002066A20020B16C0020A3
:10B410007017007040960170007D0070431FBBEEF6
:10B42000017B06EE103AB8EEC66A9FED095BB7EEF7
:10B43000C66AA6EE057BB7EE006B37EE067BBAFE5A
:10B44000477B37EE467BFDEEC77B17EE900A7047D1
:10B45000000000000000B03F08B50548002100F0E2
:10B460001FFF0021024800F093FF024B186008BD47
:10B47000DC470220E034022008B50548002100F036
:10B480000FFF0021024800F023FF024B186008BDA7
:10B49000DC470220D0340220F0B51E4B89B042F6C2
:10B4A000E0620124029350201B4B1C4F03930223A4
:10B4B0001B4E06931B4D0794CDE9042300F0ECFDD1
:10B4C000194B38601948336000F0E6FD2860306899
:10B4D000174E800000F0E0FD03463060386820B170
:10B4E0002A6802B163B900F0DFFF286808B100F0F4
:10B4F000DBFF306810B100F0D7FF002009B0F0BDCD
:10B50000019000F005FF019802A900F0D5FE204649
:10B51000F4E700BF0000484300803B45DC660120A3
:10B520006C560120E866012020BF020080FC0A0062
:10B53000EC66012010B5084C206800F0E9FD206899
:10B5400000F0B2FF054B186800F0AEFF044BBDE8F9
:10B550001040186800F0A8BFDC660120E8660120F2
:10B56000EC66012000B52DED028B99B0024600215A
:10B57000B0EE408A01A800F087FD60B119211148A2
:10B5800001F00AF8104800F0E7FE002019B0BDEC09
:10B59000028B5DF804FB04A901A800F049FD0B4BE8
:10B5A0001B686BB104A8F0EE000AB0EE480A42F640
:10B5B000E0629FED071A4F2100F06EFE0120E5E7E3
:10B5C0001846E3E769A2002090B80020EC6601204D
:10B5D0000AD7233E7FB5134B1B6823B1012B11D033
:10B5E00007B05DF804FB104A14210293CDE9033241
:10B5F000C8230E4A01930E4B009301231846F9F716
:10B600002FFFEDE70B4B0A210B4A6FF03B00049331
:10B610000023CDE90233C8230193084B009305238F
:10B62000EDE700BF743F0220695600607CCF002028
:10B6300083A2002069570060343F0220C9A0002087
:10B64000034B1A68002ABEBF024A12681A6070478C
:10B6500064C30020743F022010B5134C13B9236F4C
:10B660009B0420D400F03F0021F0604122F06042B2
:10B6700040F489102067C4F88010C4F89020236F2C
:10B6800023F480532367084B1A6F002AFCDAD3F89F
:10B69000702122F4000222F40042C3F870211A6FD4
:10B6A00022F480321A6710BD00800D4043690A4AB7
:10B6B00003EB011003EB011130B5047A074D02EBE7
:10B6C0000412946852682560C06810600B690BB161
:10B6D0004A691A6030BD00BF9842002061F801003D
:10B6E00038B543690446027E03EB0212127A8A429D
:10B6F00019D0187AFF2816D0814215D0197EFF295B
:10B7000011D001251968EDB25B680968194209D0AA
:10B71000064B2946204603EB021305225B681A609C
:10B72000FFF7C4FF257638BD0025EBE798420020DF
:10B7300043690A4A03EB011003EB011130B590F89D
:10B740002840074D02EB0412946852682560C06AD5
:10B7500010600B6B0BB14A6B1A6030BD9842002031
:10B7600061F8010038B543690446427E03EB0212DA
:10B7700092F828208A421BD093F82800FF2817D07F
:10B78000814216D093F83810FF2911D0012519688D
:10B79000EDB25B680968194209D0074B294620467B
:10B7A00003EB021305225B681A60FFF7C1FF6576A1
:10B7B00038BD0025EBE700BF984200200F4A4169E1
:10B7C000936B23F47C0343F4802310B59363044606
:10B7D0000A68496813680B43094913600222036928
:10B7E0001A6100F015FC217E2046FFF75FFF617EA5
:10B7F0002046BDE81040FFF79BBF00BF00C00F40D0
:10B80000A0860100B1F5607F28BF4FF46071F0B5EC
:10B8100005468DB00E4672B6244B00247022186087
:10B820002146234B23481C8000F012FD234621496A
:10B8300001249E4228D1002202354FF482719342A6
:10B840002ED11D4B1D78E5B9082000F0E5FD8023C1
:10B850001A4A0446037102A9194B056008A800930F
:10B860000693029200F04CFE164A06A9204600F00C
:10B870006FFE06A800F0A4FC684600F0A1FC00F0F2
:10B88000CBFC62B60DB0F0BD580903F01F020133C6
:10B8900051F8207004FA02F23A4341F82020C8E738
:10B8A00001FB02F02A520132C9E700BF0467012000
:10B8B0003E4B02200C670120AC570220D1D701007B
:10B8C000E83A00201B100100074B00040122C3F8D6
:10B8D000A010C3F8A400C3F8B0205A69D207FCD561
:10B8E00001225A61704700BF00402A4001460020F3
:10B8F00008B5FFF7E9FF0120FFF7E6FF0220FFF799
:10B90000E3FF134B134AC3F8A010C3F8A42001228D
:10B91000C3F8B0205A69D207FCD5D3F80001212220
:10B920005A6183B245F60D5293420ED045F69D52B0
:10B93000934208D1C0F34250032806D0031F584257
:10B940005841000108BD0020FCE70820FAE700BFCD
:10B9500000402A400400030070477047704700BF52
:10B9600070474FF0E02300211022C3F8941DC3F864
:10B970009C2D2E4AC3F8A02D1122C3F89C2D2C4AD1
:10B98000C3F8A02D1222C3F89C2D2A4AC3F8A02D7B
:10B99000294AC3F89C2D294AC3F8A02D284AC3F888
:10B9A0009C2D284AC3F8A02D274A42F01502C3F85F
:10B9B0009C2D264AC3F8A02D02F181520D32C3F806
:10B9C0009C2D234AC3F8A02D224AC3F89C2D224A5D
:10B9D000C3F8A02D214AC3F89C2D214AC3F8A02DFD
:10B9E000204AC3F89C2D204AC3F8A02D1F4AC3F853
:10B9F0009C2D1F4AC3F8A02D00BF00BF00BF00BF91
:10BA000000BF0122C3F8942DBFF34F8FBFF36F8F98
:10BA1000C3F8501FBFF34F8FBFF36F8FD3F8142DB0
:10BA200042F44032C3F8142D704700BF3F000010AD
:10BA3000250008070900100013002000210002075C
:10BA40001400002025000813605D0220090000108A
:10BA500027000B131700004033001013180000607C
:10BA60002F000B071900007031000B131A00008023
:10BA70003B000B137FB57D4B7D4A7E49C3F85C22AA
:10BA8000C3F86012C3F86422A2F530427A4CC3F8BE
:10BA9000682202F5E042C3F86C22C3F87022C3F8B2
:10BAA0007422C3F878221822DA661A675A679A67EE
:10BAB000DA67C3F88020C3F88420C3F88820012205
:10BAC000C3F82C27C3F83027C3F83427C3F8382726
:10BAD000C3F83C27C3F85027684A936923F06043B2
:10BAE00023F4407343F0004343F440739361D2F86E
:10BAF000843043F00C03C2F88430614B1A6842F082
:10BB000002021A6019685F4A21F4F14121F07301C1
:10BB10000904090C0A435C491A604FF0FF325A606D
:10BB200002F57702886802F560520240574842F0F9
:10BB300000529A60DA6822F07802DA601A6A2240CB
:10BB400002431A621A6A2240024321205A62504A72
:10BB50009A62DA62D1F8B82022F03F0242F0010284
:10BB6000C3F8B820D1F8BC20002122F03F0242F0F7
:10BB70000102C3F8BC2040F2056219611867C3F8DE
:10BB800080205867C3F884201A68424822F00202D5
:10BB90001A60414A9A610222DA61404A42F8041B63
:10BBA0008242FBD11A68364C42F001021A602168C9
:10BBB00011F00101FBD1384B0846394EA361022335
:10BBC000E36140F2F563C4F8003240F26643C4F822
:10BBD000103240F29943C4F82032324BC4F830326C
:10BBE00042F20143C4F8343240F23543C4F84032E3
:10BBF0002D4BC4F850322D4BC4F854322C4BC4F8A2
:10BC0000603242F20123C4F864320391FFF76EFE02
:10BC1000054608B38302039904202366FFF754FE08
:10BC2000290508460391FFF761FE05440399357025
:10BC300020B1800260660420FFF746FE1D49002304
:10BC40001D4A3078521A0093012302EB00521B4820
:10BC500000F0EEFB04B070BD0146307010221748B2
:10BC600004B0BDE8704000F0F3BA00BF00801F4090
:10BC7000F9B00100F910010000FFF07C00C00F4096
:10BC800000402A401200FFFF00802A404000008050
:10BC9000FF000F8300432A40F05AF05A00422A4026
:10BCA0008C5C02209F041830EB06180A063201262D
:10BCB0003806180A40540770000000707C390220D2
:10BCC000F0B5154B40204FF480314FF480544FF4C1
:10BCD00000554FF4404643F242071A6912F0020F32
:10BCE00003D09E6159619F61F7E712F4005F01D1B3
:10BCF0005D61F2E712F4805F01D15C61EDE7002A3B
:10BD0000EBDA12F4803F01D09961E6E7520601D4E4
:10BD10005861E2E7F0BD00BF00800D403E4AB3EE3F
:10BD2000096A3E48D2F880309FED3D5A23F0010366
:10BD300010B5C2F8803003233A4CC2F890303A4B29
:10BD4000D3F8E030D9B2016007EE901AC3F30B20AC
:10BD50001B0DB8EEE77A354907EE900A2060F8EE41
:10BD6000E76A07EE903A37EE455A314BF8EEE77A3C
:10BD700037EE466A77EEE67A81ED006A25EE275ABD
:10BD8000C3ED007AD2F88030C5EE065A75EEA65A99
:10BD9000FCEEE55A15EE901ADFED265A37EE657A7D
:10BDA00043EA0153C2F8803027EE277A224B66EE31
:10BDB000277AD2F89011C7EE065A35EEA67ABCEE75
:10BDC000C77A17EE100A87EE867A03EA00430B4320
:10BDD000C2F89031D2F8901177EE267AFCEEE77A2D
:10BDE00017EE903AC3F30B030B43C2F89031D2F82D
:10BDF000803043F00203C2F8803000220F4B83F8FA
:10BE000040200F4B0F4AC3F840214FF0E02301229E
:10BE1000C3F8082110BD00BF00810D40583F02202B
:10BE20000000AA424C3F022000441F405C3F022019
:10BE3000643F02200000B4420000FF0F00E400E075
:10BE400000D40020DFF50100304B40F6617210B5E0
:10BE5000C3F8202100F098FA2D4A2E49D2F88030FC
:10BE600043F00303C2F8803040F204422A4BC3F887
:10BE700060212A4A1068084203D1D3F8A8118C0720
:10BE80001AD04FF000415163D3F8402142F0020232
:10BE9000C3F84021204AD2F840319807FBD44FF034
:10BEA000E0234FF400321920C3F88C224FF00042F7
:10BEB0001A4B9A6300F078FB184B00214FF0804238
:10BEC000154C9A634FF4607219600A23C4F8A831C4
:10BED000134B184600F0BCF94FF4810240F24313B3
:10BEE00002604FF480020264C4F858010D4AC4F89D
:10BEF00048310D4BC3F804224FF0E0234FF40032D9
:10BF0000C3F80C210123C4F8403110BD00800D405E
:10BF100000C00F40001C1E0000002E4000900D408D
:10BF200000000020A5F8010000D4002008B50F4B48
:10BF30001B6E9B0700D4FBBE72B60D4B0022C3F8EC
:10BF40004021A3F50D130B4A1A64A3F1FF53A3F587
:10BF50002B239D46BFF34F8F0748084B03604FF4D8
:10BF60000013DB699B689847E6E700BF00441F4069
:10BF700000002E400300200000802020000012EB73
:10BF80000F4BDA6E42F44032DA66DA6E42F44072F7
:10BF9000DA66A3F5603340F237625A64A0229A64ED
:10BFA0009A6C1206FCD4074A40F237635364A0230C
:10BFB0009364936C13F08003FBD1034A13707047B2
:10BFC00000C00F4000800C407E5C0220F8B500BF2E
:10BFD000F8BC08BC9E4670475FF800F0498C020030
:10BFE0005FF800F0D95002005FF800F0356E0100F4
:10BFF0005FF800F07D7301005FF800F03DDF0100A5
:10C000005FF800F0F9E501005FF800F07908000042
:10C010005FF800F059D701005FF800F0F1910200DD
:10C020005FF800F0A59C00005FF800F05DE70100FC
:10C030005FF800F0B9CE00005FF800F0D59C00007A
:10C040005FF800F01D7A02005FF800F0FB6101006C
:10C050005FF800F0512F00005FF800F04538020053
:10C060005FF800F0ED9C00005FF800F06D680100E3
:10C070005FF800F06B7801005FF800F001560200F5
:10C080005FF800F085E700005FF800F00DDE0000CB
:10C090005FF800F0BDEB01005FF800F071EA01000D
:10C0A0005FF800F0AD9002005FF800F0F7E20100E9
:10C0B0005FF800F071E700005FF800F039720000EF
:10C0C0005FF800F0D93200005FF800F07D2F00002B
:10C0D0005FF800F09BAB00005FF800F075690100AD
:10C0E0005FF800F0356C01005FF800F0BDA80000BB
:10C0F0005FF800F0CF8F02005FF800F0B937020060
:10C100005FF800F0550600005FF800F0817D000048
:10C110005FF800F019B600005FF800F0E5E20100FA
:10C120005FF800F0197300005FF800F051CB0000D9
:10C130005FF800F0097A02005FF800F0CD3D0000E2
:10C140005FF800F0F99F00005FF800F079760100D9
:10C150005FF800F0B9E600005FF800F0810E000023
:10C160005FF800F031CE00005FF800F0919102001E
:10C170005FF800F0057B01005FF800F0D1AF000030
:10C180005FF800F02D2502005FF800F059990000DB
:10C190005FF800F00D7A02005FF800F027E301007D
:10C1A0005FF800F031E301005FF800F02D2F000090
:10C1B0005FF800F04D8F02005FF800F0D5E201005B
:10C1C0005FF800F09DDB01005FF800F08DAB000030
:10C1D0005FF800F0ED6101005FF800F0F58F0200FC
:10C1E0005FF800F0A19202005FF800F0792F0000E4
:10C1F0005FF800F0A9AF00005FF800F041330000E5
:10C200005FF800F0759300005FF800F0DF74000045
:10C210005FF800F0597B01005FF800F061DB01007E
:10C220005FF800F04D9300005FF800F0F14F02005E
:10C230005FF800F0F95302005FF800F0B1FA000077
:10C240005FF800F0858F02005FF800F0F97F0000D2
:10C250005FF800F0F1EC01005FF800F089410000A8
:10C260005FF800F05F3000005FF800F0552D00002F
:10C270005FF800F0794202005FF800F029750100D4
:10C280005FF800F0E5A100005FF800F0DF99000022
:10C290005FF800F0512002005FF800F021CC0000B0
:10C2A0005FF800F0CB6901005FF800F0013F00008B
:10C2B0005FF800F0F94301005FF800F0B9B4000046
:10C2C0005FF800F0CD7601005FF800F061790200C0
:10C2D0005FF800F07F6201005FF800F03DED0100C3
:10C2E0005FF800F0092502005FF800F0D599000022
:10C2F0005FF800F09D7401005FF800F04105010057
:10C300005FF800F0517701005FF800F0D17501008F
:10C310005FF800F011C900005FF800F0A37A000098
:10C320005FF800F03F2F00005FF800F0CDAF000095
:10C330005FF800F0591402005FF800F0AD1202003F
:10C340005FF800F019E500005FF800F001E400007C
:10C350005FF800F099E700005FF800F04FDF0100A0
:10C360005FF800F0853400005FF800F06D0B00000E
:10C370005FF800F0B17901005FF800F09FDF010085
:10C380005FF800F0E59900005FF800F05106020048
:10C390005FF800F0316201005FF800F0293300001F
:10C3A0005FF800F0099B00005FF800F0019F0000BB
:10C3B0005FF800F019CB00005FF800F025430200A1
:10C3C0005FF800F00F2F00005FF800F081770100A8
:10C3D0005FF800F0691100005FF800F02F2D0000F9
:10C3E0005FF800F0ADEA01005FF800F06779020045
:10C3F0005FF800F0099A00005FF800F0A5720100F4
:10C400005FF800F0917400005FF800F007E40000AE
:10C410005FF800F0079F00005FF800F035ED0100C5
:10C420005FF800F03DA001005FF800F041AB0000B4
:10C430005FF800F017F301005FF800F04D370200DD
:10C440005FF800F0F1E600005FF800F06B710100AA
:10C450005FF800F0156300005FF800F01D78010040
:10C460005FF800F0B9DF01005FF800F0FD9E00000A
:10C470005FF800F06F7902005FF800F00D34000003
:10C480005FF800F0993E00005FF800F0ADEB0100AE
:10C490005FF800F0D93802005FF800F00D100200DC
:10C4A0005FF800F0BD5000005FF800F091EA010075
:10C4B0005FF800F0C97700005FF800F0712D000010
:10C4C0005FF800F07DCB00005FF800F0897A000093
:10C4D0005FF800F04F9300005FF800F0D5CA00004D
:10C4E0005FF800F0214201005FF800F0CD79000014
:10C4F0005FF800F0B19D00005FF800F0B1AB000004
:10C500005FF800F041D801005FF800F09566010087
:10C510005FF800F0A98802005FF800F0E970010000
:10C520005FF800F0D99E00005FF800F0C7FA000045
:10C530005FF800F095F001005FF800F087E201007D
:10C540005FF800F0FD3200005FF800F0ADE700009A
:10C550005FF800F00DDD01005FF800F0DD910200F2
:10C560005FF800F0997A00005FF800F0192F0000E2
:10C570005FF800F05DE601005FF800F0491302008B
:10C580005FF800F0258501005FF800F083ED010001
:10C590005FF800F0A5ED01005FF800F0350D020036
:10C5A0005FF800F055EA01005FF800F0CDE501000A
:10C5B0005FF800F0E5E101005FF800F08D9C0000FD
:10C5C0005FF800F085DF01005FF800F0FDA30100D7
:10C5D0005FF800F0137601005FF800F0010500003D
:10C5E0005FF800F039E601005FF800F0092A020068
:10C5F0005FF800F0C54202005FF800F0F5E40000CB
:10C6000071100000DD130000F12B0000293800003C
:10C6100001630000B1720000D97A00008982000035
:10C62000818A0000D5920000BD9E0000C5A10000D7
:10C6300099AF000045E80000CDED0000E5ED0000F9
:10C64000FDED000015EE00002DEE000019F10000D8
:10C6500031F1000049F1000061F1000079F10000C2
:10C6600091F10000EDF3000005F400001DF400005E
:10C6700035F400000DF8000025F800003DF800003A
:10C6800055F8000089F80000B9F80000D1F8000062
:10C69000E9F8000001F9000019F90000D1050100D6
:0CC6A00091A3010091C7010089DE010098
:10C6B0003141000000000000000000004D414C54DA
:10C6C00041204F524445520000000000000000008D
:10C6D000000000000000000000000000000000005A
:10C6E00000000000008046400000000000002940DB
:10C6F0003341000000000000000000004D4F4E419B
:10C70000434F000000000000000000000000000097
:10C710000000000000000000000000000000000019
:10C720000000000000E045400000000000001E4046
:10C730003342360000000000000000004147414C39
:10C740004547412049732E00000000000000000012
:10C7500000000000000000000000000000000000D9
:10C7600000000000000025C00000000000404C4018
:10C770003342370000000000000000005354204204
:10C7800052414E444F4E2049732E000000000000DD
:10C790000000000000000000000000000000000099
:10C7A00000000000000025C00000000000404C40D8
:10C7B0003342380000000000000000004D41555297
:10C7C00049544955530000000000000000000000DB
:10C7D0000000000000000000000000000000000059
:10C7E00000000000000034C00000000000C04C4009
:10C7F000334239000000000000000000524F445254
:10C80000494755455A2049732E000000000000009A
:10C810000000000000000000000000000000000018
:10C8200000000000000034C00000000000C04F40C5
:10C830003343000000000000000000004551554156
:10C84000544F5249414C204755494E454100000044
:10C8500000000000000000000000000000000000D8
:10C860000000000000001040000000000000224016
:10C87000334330000000000000000000414E4E4FE6
:10C88000424F4E2049732E000000000000000000BF
:10C890000000000000000000000000000000000098
:10C8A000000000000000F8BF00000000000016407B
:10C8B00033443200000000000000000046494A49AD
:10C8C0002049732E0000000000000000000000005E
:10C8D0000000000000000000000000000000000058
:10C8E0009A999999999931C00000000000406640DA
:10C8F000334432430000000000000000434F4E5715
:10C90000415920524545460000000000000000004B
:10C910000000000000000000000000000000000017
:10C92000CDCCCCCCCCCC35C00000000000D06540D4
:10C93000334432520000000000000000524F5455B2
:10C940004D412049732E000000000000000000004F
:10C9500000000000000000000000000000000000D7
:10C9600000000000000029C09A9999999939664001
:10C970003344360000000000000000005357415AC5
:10C98000494C414E4400000000000000000000003F
:10C990000000000000000000000000000000000097
:10C9A0000000000000003BC000000000000040400C
:10C9B0003344410000000000000000004B494E4796
:10C9C000444F4D204F46204553574154494E49004E
:10C9D0000000000000000000000000000000000057
:10C9E000AE47E17A144E3AC04C37894160253F404A
:10C9F00033560000000000000000000054554E496E
:10CA00005349410000000000000000000000000049
:10CA10000000000000000000000000000000000016
:10CA200000000000008042400000000000002440A0
:10CA30003357000000000000000000005649455434
:10CA4000204E414D000000000000000000000000EA
:10CA500000000000000000000000000000000000D6
:10CA60000AD7A3703D4A2D402FDD240681155B4077
:10CA700058560000000000000000000056494554D0
:10CA8000204E414D000000000000000000000000AA
:10CA90000000000000000000000000000000000096
:10CAA0000AD7A3703D4A2D402FDD240681155B4037
:10CAB000335935000000000000000000424F555679
:10CAC00045542049732E00000000000000000000C3
:10CAD0000000000000000000000000000000000056
:10CAE0000000000000404BC00000000000000C40AF
:10CAF000335930000000000000000000504554454C
:10CB0000522049732E0000000000000000000000C9
:10CB10000000000000000000000000000000000015
:10CB2000A4703D0AD73351C00000000000A056C0D9
:10CB3000344B00000000000000000000415A455244
:10CB4000424149444A414E000000000000000000FC
:10CB500000000000000000000000000000000000D5
:10CB60000000000000404440000000000000494078
:10CB7000344C0000000000000000000047454F5208
:10CB800047494100000000000000000000000000D4
:10CB90000000000000000000000000000000000095
:10CBA00000000000000045400000000000804640FA
:10CBB000344F000000000000000000004D4F4E54B4
:10CBC000454E4547524F00000000000000000000A5
:10CBD0000000000000000000000000000000000055
:10CBE000DD24068195334540A8C64B378941334043
:10CBF00034530000000000000000000053524920A0
:10CC00004C414E4B410000000000000000000000BD
:10CC10000000000000000000000000000000000014
:10CC20000000000000001C400000000000405440D4
:10CC300034553149545500000000000047454E4529
:10CC4000564120495455000000000000000000003B
:10CC500000000000000000000000000000000000D4
:10CC600000000000002047409A999999999918402E
:10CC7000345531554E00000000000000554E20484C
:10CC800051204E455720594F524B000000000000E4
:10CC90000000000000000000000000000000000094
:10CCA000000000000080444000000000008052C0EE
:10CCB00034570000000000000000000054494D4FB0
:10CCC00052202D204C455354450000000000000028
:10CCD0000000000000000000000000000000000054
:10CCE00023DBF97E6ABC21C0F2D24D6210605F4046
:10CCF0003458000000000000000000004953524179
:10CD0000454C000000000000000000000000000092
:10CD10000000000000000000000000000000000013
:10CD20000000000000004040000000000080414082
:10CD30003541000000000000000000004C4942594D
:10CD400041000000000000000000000000000000A2
:10CD500000000000000000000000000000000000D3
:10CD6000000000000040404000000000000029409A
:10CD700035420000000000000000000043595052FE
:10CD800055530000000000000000000000000000FB
:10CD90000000000000000000000000000000000093
:10CDA0000000000000804140000000000080404082
:10CDB00035480000000000000000000054414E5AB9
:10CDC000414E49410000000000000000000000004A
:10CDD0000000000000000000000000000000000053
:10CDE0000000000000001CC0000000000080434064
:10CDF000354E000000000000000000004E4947458D
:10CE00005249410000000000000000000000000046
:10CE10000000000000000000000000000000000012
:10CE20000000000000001A40000000000000084060
:10CE30003552000000000000000000004D414C4150
:10CE400047415359205245500000000000000000A7
:10CE500000000000000000000000000000000000D2
:10CE600000000000008032C0000000000080474049
:10CE70003554000000000000000000004D415552F4
:10CE80004954414E494100000000000000000000EC
:10CE90000000000000000000000000000000000092
:10CEA000000000000000324000000000000030C020
:10CEB0003555000000000000000000004E494745C5
:10CEC0005220524550000000000000000000000009
:10CED0000000000000000000000000000000000052
:10CEE0000000000000002B40000000000000004097
:10CEF000355600000000000000000000544F474F6E
:10CF0000205245500000000000000000000000001A
:10CF10000000000000000000000000000000000011
:10CF20000000000000001840000000000000F83F72
:10CF30003557000000000000000000005745535422
:10CF400045524E2053414D4F41000000000000006B
:10CF500000000000000000000000000000000000D1
:10CF60000000000000002AC000000000008065C032
:10CF70003558000000000000000000005547414EF9
:10CF8000444100000000000000000000000000001C
:10CF90000000000000000000000000000000000091
:10CFA000000000000000F03F000000000040404092
:10CFB0003579000000000000000000004B454E598C
:10CFC0004100000000000000000000000000000020
:10CFD0000000000000000000000000000000000051
:10CFE000000000000000F8BF0000000000C0424048
:10CFF000355A000000000000000000004B454E596B
:10D0000041000000000000000000000000000000DF
:10D010000000000000000000000000000000000010
:10D02000000000000000F8BF0000000000C0424007
:10D03000364F00000000000000000000534F4D413B
:10D040004C4900000000000000000000000000004B
:10D0500000000000000000000000000000000000D0
:10D0600000000000000000400000000000004740F9
:10D0700036570000000000000000000053454E45F8
:10D0800047414C00000000000000000000000000CC
:10D090000000000000000000000000000000000090
:10D0A0000000000000002E4000000000000032C020
:10D0B0003659000000000000000000004A414D41C8
:10D0C0004943410000000000000000000000000093
:10D0D0000000000000000000000000000000000050
:10D0E000000000000000324000000000004053C07B
:10D0F000374A000000000000000000004A41504193
:10D100004E000000000000000000000000000000D1
:10D11000000000000000000000000000000000000F
:10D120009A99999999D94140666666666676614092
:10D13000374F0000000000000000000059454D4539
:10D140004E00000000000000000000000000000091
:10D1500000000000000000000000000000000000CF
:10D160000000000000002A4000000000008046404F
:10D170003750000000000000000000004C45534FF5
:10D1800054484F00000000000000000000000000B4
:10D19000000000000000000000000000000000008F
:10D1A0000000000000003EC00000000000003C4005
:10D1B0003751000000000000000000004D414C41CC
:10D1C00057490000000000000000000000000000BF
:10D1D000000000000000000000000000000000004F
:10D1E0000000000000002EC0000000000080414050
:10D1F000375800000000000000000000414C474587
:10D200005249410000000000000000000000000042
:10D21000000000000000000000000000000000000E
:10D2200000000000008042400000000000000840B4
:10D23000385000000000000000000000424152424F
:10D2400041444F53000000000000000000000000B7
:10D2500000000000000000000000000000000000CE
:10D260000000000000002A400000000000004EC046
:10D270003851000000000000000000004D414C4407
:10D280004956452049732E000000000000000000B0
:10D29000000000000000000000000000000000008E
:10D2A000000000000000124000000000006052403A
:10D2B00038520000000000000000000047555941AE
:10D2C0004E410000000000000000000000000000CF
:10D2D000000000000000000000000000000000004E
:10D2E0000000000000001C400000000000004DC0D5
:10D2F00039410000000000000000000043524F418F
:10D30000544941000000000000000000000000003F
:10D31000000000000000000000000000000000000D
:10D320000000000000004740000000000000304006
:10D330003947000000000000000000004748414E4F
:10D34000410000000000000000000000000000009C
:10D3500000000000000000000000000000000000CD
:10D360000000000000001640000000000000000067
:10D370003948000000000000000000004D414C54FE
:10D38000410000000000000000000000000000005C
:10D39000000000000000000000000000000000008D
:10D3A00000000000000042400000000000002D408E
:10D3B000394A000000000000000000005A414D42C0
:10D3C00049410000000000000000000000000000D3
:10D3D000000000000000000000000000000000004D
:10D3E0000000000000002EC00000000000003C40D3
:10D3F000394B000000000000000000004B55574171
:10D40000495400000000000000000000000000007F
:10D41000000000000000000000000000000000000C
:10D420000000000000003D400000000000004840F7
:10D43000394C000000000000000000005349455234
:10D440005241204C454F4E450000000000000000B6
:10D4500000000000000000000000000000000000CC
:10D4600000000000000021400000000000002AC071
:10D47000394D3200000000000000000057204D41EF
:10D480004C415953494100000000000000000000D9
:10D49000000000000000000000000000000000008C
:10D4A000000000000000084000000000008059401B
:10D4B000394D3600000000000000000045204D41BD
:10D4C0004C41595349410000000000000000000099
:10D4D000000000000000000000000000000000004C
:10D4E00000000000000018400000000000405D4007
:10D4F000394E000000000000000000004E45504181
:10D500004C000000000000000000000000000000CF
:10D51000000000000000000000000000000000000B
:10D520000000000000803B4000000000004055402B
:10D5300039510000000000000000000044454D206B
:10D540005245502E204F4620434F4E474F0000007B
:10D5500000000000000000000000000000000000CB
:10D5600000000000000010C00000000000002E407D
:10D5700039550000000000000000000042555255DF
:10D580004E444900000000000000000000000000C0
:10D59000000000000000000000000000000000008B
:10D5A00000000000000008C00000000000003D4036
:10D5B00039560000000000000000000053494E47AB
:10D5C00041504F52450000000000000000000000E4
:10D5D000000000000000000000000000000000004B
:10D5E000000000000000F03F0000000000005A4072
:10D5F0003958000000000000000000005257414E62
:10D600004441000000000000000000000000000095
:10D61000000000000000000000000000000000000A
:10D6200000000000000000C00000000000003E40BC
:10D630003959000000000000000000005452494E1B
:10D64000494441442D544F4241474F0000000000DF
:10D6500000000000000000000000000000000000CA
:10D6600000000000000025400000000000C04EC087
:10D67000413200000000000000000000424F5453FF
:10D6800057414E4100000000000000000000000073
:10D69000000000000000000000000000000000008A
:10D6A000B6F3FDD478A938C023DBF97E6AFC394093
:10D6B000413300000000000000000000544F4E47BE
:10D6C000412049732E00000000000000000000000F
:10D6D000000000000000000000000000000000004A
:10D6E0001904560E2D3235C0CBA145B6F3E565C001
:10D6F0004134000000000000000000004F4D414E8A
:10D700000000000000000000000000000000000019
:10D710000000000000000000000000000000000009
:10D7200000000000000036400000000000004D40F6
:10D730004135000000000000000000004248555440
:10D74000414E00000000000000000000000000004A
:10D7500000000000000000000000000000000000C9
:10D760000000000000803B406666666666865640A4
:10D77000413600000000000000000000554E4954F2
:10D780004544204152414220454D49524154455360
:10D790000000000000000000000000000000000089
:10D7A0003BDF4F8D976E3840A69BC420B0324B4074
:10D7B00041370000000000000000000051415441CA
:10D7C0005200000000000000000000000000000007
:10D7D0000000000000000000000000000000000049
:10D7E00000000000000039409A99999999994940A0
:10D7F0004139000000000000000000004241485292
:10D8000041494E0000000000000000000000000040
:10D810000000000000000000000000000000000008
:10D820000000000000003A400000000000404940B5
:10D8300041503200000000000000000050414B4900
:10D840005354414E000000000000000000000000A2
:10D8500000000000000000000000000000000000C8
:10D860000000000000003E40000000000080514029
:10D8700041530000000000000000000053505241DE
:10D88000544C592049732E00000000000000000095
:10D890000000000000000000000000000000000088
:10D8A0000AD7A3703D4A21407B14AE47E1FA5B40A2
:10D8B0004200000000000000000000004348494E04
:10D8C0004100000000000000000000000000000017
:10D8D0000000000000000000000000000000000048
:10D8E0005839B4C876EE434033333333331B5D408D
:10D8F0004253370000000000000000005343415233
:10D90000424F524F55474800000000000000000001
:10D910000000000000000000000000000000000007
:10D920000000000000002E400000000000805D406C
:10D93000425600000000000000000000544149571A
:10D94000414E000000000000000000000000000048
:10D9500000000000000000000000000000000000C7
:10D9600000000000000038400000000000405E4061
:10D97000425639500000000000000000505241544F
:10D9800041532049732E00000000000000000000F9
:10D990000000000000000000000000000000000087
:10D9A00000000000000035400000000000405D4025
:10D9B0004259000000000000000000004348494EAA
:10D9C0004100000000000000000000000000000016
:10D9D0000000000000000000000000000000000047
:10D9E0005839B4C876EE434033333333331B5D408C
:10D9F0004332000000000000000000004E4155527C
:10DA000055000000000000000000000000000000C1
:10DA10000000000000000000000000000000000006
:10DA2000000000000000E0BF0000000000E06440D3
:10DA3000433300000000000000000000414E444F4E
:10DA400052524100000000000000000000000000F1
:10DA500000000000000000000000000000000000C6
:10DA60000000000000404540000000000000F83FBA
:10DA7000433500000000000000000000544845202D
:10DA800047414D42494100000000000000000000F5
:10DA90000000000000000000000000000000000086
:10DAA0000000000000002A4000000000000031C01B
:10DAB00043360000000000000000000042414841E1
:10DAC0004D41530000000000000000000000000075
:10DAD0000000000000000000000000000000000046
:10DAE000000000000000394000000000006053C04A
:10DAF0004339000000000000000000004D4F5A4173
:10DB00004D42495155450000000000000000000052
:10DB10000000000000000000000000000000000005
:10DB200000000000000034C0000000000080404001
:10DB30004345000000000000000000004348494C3D
:10DB40004500000000000000000000000000000090
:10DB500000000000000000000000000000000000C5
:10DB60000000000000C040C00000000000E051C004
:10DB7000434530410000000000000000454153547F
:10DB800045522049732E00000000000000000000F4
:10DB90000000000000000000000000000000000085
:10DBA0000000000000003CC00000000000405BC01E
:10DBB00043453058000000000000000053414E2053
:10DBC00046454C49580000000000000000000000DD
:10DBD0000000000000000000000000000000000045
:10DBE0000000000000003AC000000000000054C027
:10DBF0004345305A00000000000000004A55414EE5
:10DC0000204645524E414E44455A00000000000057
:10DC10000000000000000000000000000000000004
:10DC20000000000000C040C0CDCCCCCCCCAC53C078
:10DC3000434539000000000000000000414E5441FF
:10DC4000524354494341000000000000000000001E
:10DC500000000000000000000000000000000000C4
:10DC6000EC51B81E85A352C0295C8FC2F528E4BFD1
:10DC7000434D0000000000000000000043554241F9
:10DC80000000000000000000000000000000000094
:10DC90000000000000000000000000000000000084
:10DCA000000000000000374000000000008054C069
:10DCB000434E000000000000000000004D4F524F96
:10DCC00043434F000000000000000000000000007F
:10DCD0000000000000000000000000000000000044
:10DCE000000000000080404000000000000020C054
:10DCF000434F000000000000000000004355424177
:10DD00000000000000000000000000000000000013
:10DD10000000000000000000000000000000000003
:10DD2000000000000000374000000000008054C0E8
:10DD3000435000000000000000000000424F4C492A
:10DD400056494100000000000000000000000000F3
:10DD500000000000000000000000000000000000C3
:10DD600000000000008030C000000000002051C012
:10DD7000435400000000000000000000504F5254C7
:10DD80005547414C0000000000000000000000006A
:10DD90000000000000000000000000000000000083
:10DDA000000000000080434000000000000022C08E
:10DDB0004354330000000000000000004D41444582
:10DDC0004952412049732E0000000000000000006D
:10DDD0000000000000000000000000000000000043
:10DDE000000000000080404000000000000031C042
:10DDF000435500000000000000000000415A4F524F
:10DE000045532049732E0000000000000000000070
:10DE10000000000000000000000000000000000002
:10DE200000000000000043400000000000003CC073
:10DE30004356000000000000000000005552554706
:10DE400055415900000000000000000000000000E3
:10DE500000000000000000000000000000000000C2
:10DE600000000000008041C00000000000004CC025
:10DE700043580000000000000000000055525547C4
:10DE800055415900000000000000000000000000A3
:10DE90000000000000000000000000000000000082
:10DEA00000000000008041C00000000000004CC0E5
:10DEB0004359300000000000000000005341424C74
:10DEC000452049732E000000000000000000000003
:10DED0000000000000000000000000000000000042
:10DEE000D7A3703D0AF745400000000000004EC077
:10DEF0004359390000000000000000005354205036
:10DF000041554C2049732E00000000000000000025
:10DF10000000000000000000000000000000000001
:10DF20000000000000A047403333333333134EC0AA
:10DF3000443200000000000000000000414E474F46
:10DF40004C41000000000000000000000000000044
:10DF500000000000000000000000000000000000C1
:10DF600066666666666621C0CDCCCCCCCC4C2A40B9
:10DF70004434000000000000000000004341504510
:10DF80002056455244452049732E000000000000F1
:10DF90000000000000000000000000000000000081
:10DFA000000000000000304000000000000038C009
:10DFB000443600000000000000000000434F4D4FB9
:10DFC000524F532049732E00000000000000000053
:10DFD0000000000000000000000000000000000041
:10DFE00000000000000028C00000000000004640C3
:10DFF000444C000000000000000000004745524D66
:10E00000414E590000000000000000000000000028
:10E010000000000000000000000000000000000000
:10E0200017D9CEF753434A40A01A2FDD24462B4080
:10E030004455000000000000000000005048494C1A
:10E04000495050494E4553000000000000000000B8
:10E0500000000000000000000000000000000000C0
:10E060000000000000002E400000000000405E4064
:10E0700045330000000000000000000045524954F4
:10E080004852454100000000000000000000000070
:10E090000000000000000000000000000000000080
:10E0A0000000000000002E400000000000804340FF
:10E0B00045340000000000000000000050414C45C5
:10E0C0005354494E450000000000000000000000CD
:10E0D0000000000000000000000000000000000040
:10E0E00039B4C876BEFF3F40E9263108AC9C4140B8
:10E0F000453500000000000000000000434F4F4B7A
:10E100002049532E00000000000000000000000025
:10E1100000000000000000000000000000000000FF
:10E12000EE7C3F355E3A35C085EB51B81EF963C0D1
:10E130004536000000000000000000004E49554533
:10E1400000000000000000000000000000000000CF
:10E1500000000000000000000000000000000000BF
:10E160008FC2F5285C0F33C0BA6B09F9A03B65C0BC
:10E17000453700000000000000000000424F534EF1
:10E1800049412D4845525A45474F56494E41000096
:10E19000000000000000000000000000000000007F
:10E1A000E5D022DBF9EE4540B6F3FDD47869324084
:10E1B00045410000000000000000000053504149AC
:10E1C0004E00000000000000000000000000000001
:10E1D000000000000000000000000000000000003F
:10E1E000000000000000444000000000000010C0DB
:10E1F000454133000000000000000000434154414D
:10E200004C414C4F4E49410000000000000000000E
:10E2100000000000000000000000000000000000FE
:10E2200054E3A59BC430454079E9263108ACF23F60
:10E2300045413600000000000000000042414C450E
:10E24000415249432049732E0000000000000000A5
:10E2500000000000000000000000000000000000BE
:10E260000000000000C04340000000000000084023
:10E2700045413800000000000000000043414E41CD
:10E2800052592049732E00000000000000000000D9
:10E29000000000000000000000000000000000007E
:10E2A0000000000000003C400000000000002FC003
:10E2B0004541390000000000000000004D454C4978
:10E2C0004C4C41202620434555544100000000009D
:10E2D000000000000000000000000000000000003E
:10E2E000000000000080414000000000000008C065
:10E2F0004549000000000000000000004952454C64
:10E30000414E44000000000000000000000000003A
:10E3100000000000000000000000000000000000FD
:10E320000000000000804A4000000000000018C00B
:10E33000454B0000000000000000000041524D4528
:10E340004E494100000000000000000000000000F5
:10E3500000000000000000000000000000000000BD
:10E3600000000000008044400000000000804640A3
:10E37000454C000000000000000000004C494245F0
:10E3800052494100000000000000000000000000B1
:10E39000000000000000000000000000000000007D
:10E3A0000000000000001C4000000000000026C02B
:10E3B0004550000000000000000000004952414E9E
:10E3C000000000000000000000000000000000004D
:10E3D000000000000000000000000000000000003D
:10E3E00000000000000042400000000000004A4021
:10E3F0004552000000000000000000004D4F4C445A
:10E4000041564941000000000000000000000000EB
:10E4100000000000000000000000000000000000FC
:10E4200000000000008047400000000000003D4068
:10E430004553000000000000000000004553544F09
:10E440004E494100000000000000000000000000F4
:10E4500000000000000000000000000000000000BC
:10E46000000000000080484000000000000039402B
:10E4700045540000000000000000000045544849D9
:10E480004F50494100000000000000000000000063
:10E49000000000000000000000000000000000007C
:10E4A0000000000000002240000000000080434007
:10E4B0004555000000000000000000004249454CA6
:10E4C0004F52555353494100000000000000000026
:10E4D000000000000000000000000000000000003C
:10E4E0000000000000004B400000000000003C4025
:10E4F0004558000000000000000000004B49524752
:10E5000048495354414E0000000000000000000044
:10E5100000000000000000000000000000000000FB
:10E5200033333333337345400000000000C05240A2
:10E530004559000000000000000000005441444A1A
:10E54000494B495354414E000000000000000000B8
:10E5500000000000000000000000000000000000BB
:10E560000000000000C043400000000000005140D7
:10E57000455A000000000000000000005455524BB6
:10E580004D454E495354414E00000000000000002C
:10E59000000000000000000000000000000000007B
:10E5A00000000000000043400000000000004D405B
:10E5B0004600000000000000000000004652414EEE
:10E5C00043450000000000000000000000000000C3
:10E5D000000000000000000000000000000000003B
:10E5E00000000000008048400000000000000040E3
:10E5F000464700000000000000000000475541446D
:10E60000454C4F5550452049732E00000000000036
:10E6100000000000000000000000000000000000FA
:10E6200000000000000030400000000000004FC06B
:10E630004648000000000000000000004D41594F16
:10E640005454452049732E000000000000000000D3
:10E6500000000000000000000000000000000000BA
:10E660000000000000002AC00000000000804640BA
:10E67000464A0000000000000000000053542E2015
:10E680004241525448454C454D590000000000009D
:10E69000000000000000000000000000000000007A
:10E6A00062105839B4684840F6285C8FC2F50A40B9
:10E6B000464B000000000000000000004E455720BF
:10E6C00043414C45444F4E494100000000000000CA
:10E6D000000000000000000000000000000000003A
:10E6E00000000000000036C00000000000E06440B0
:10E6F000464D000000000000000000004D41525453
:10E70000494E49515545000000000000000000003E
:10E7100000000000000000000000000000000000F9
:10E720000000000000002E400000000000804EC0ED
:10E73000464F00000000000000000000504F4C5900
:10E740004E45534941000000000000000000000059
:10E7500000000000000000000000000000000000B9
:10E7600000000000000032C00000000000C062C0D5
:10E77000464F30000000000000000000434C4950AC
:10E78000504552544F4E2049732E000000000000A7
:10E790000000000000000000000000000000000079
:10E7A0009A999999999924400000000000505BC003
:10E7B00046500000000000000000000053542050AC
:10E7C00049455252452026204D495155454C4F4E02
:10E7D0002049732E0000000000000000000000002F
:10E7E00000000000008047400000000000804CC096
:10E7F0004652000000000000000000005245554E47
:10E80000494F4E0000000000000000000000000022
:10E8100000000000000000000000000000000000F8
:10E8200000000000000035C00000000000004B4068
:10E83000465247000000000000000000474C4F52C5
:10E84000494F534F2049732E000000000000000084
:10E8500000000000000000000000000000000000B8
:10E8600000000000000026C00000000000804740BB
:10E8700046524A0000000000000000004A55414E88
:10E88000204445204E4F56412049732E0000000081
:10E890000000000000000000000000000000000078
:10E8A00000000000000031C00000000000004540F2
:10E8B00046525400000000000000000054524F4D2A
:10E8C000454C494E2049732E000000000000000016
:10E8D0000000000000000000000000000000000038
:10E8E00000000000000030C00000000000004B40AD
:10E8F0004653000000000000000000005354204D6B
:10E90000415254494E000000000000000000000089
:10E9100000000000000000000000000000000000F7
:10E9200000000000000032400000000000804FC0E6
:10E9300046543557000000000000000043524F5A73
:10E9400045542049732E0000000000000000000024
:10E9500000000000000000000000000000000000B7
:10E9600000000000000047C00000000000004A4016
:10E970004654355800000000000000004B45524747
:10E9800055454C454E2049732E0000000000000004
:10E990000000000000000000000000000000000077
:10E9A0000000000000A048C0CDCCCCCCCC4C5140E5
:10E9B0004654355A0000000000000000414D5354F9
:10E9C000455244414D2049732E00000000000000D4
:10E9D0000000000000000000000000000000000037
:10E9E00000000000000043C066666666666653402D
:10E9F00046570000000000000000000057414C4C4A
:10EA00004953202620465554554E41000000000031
:10EA100000000000000000000000000000000000F6
:10EA20009A99999999992AC066666666660666C03B
:10EA30004659000000000000000000004652454E0C
:10EA4000434820475559414E410000000000000056
:10EA500000000000000000000000000000000000B6
:10EA600000000000000014400000000000004AC048
:10EA7000470000000000000000000000454E474C29
:10EA8000414E4400000000000000000000000000B3
:10EA90000000000000000000000000000000000076
:10EAA0000000000000C04940BDE3141DC9E5BF3FA0
:10EAB000475800000000000000000000454E474C91
:10EAC000414E440000000000000000000000000073
:10EAD0000000000000000000000000000000000036
:10EAE0000000000000C04940BDE3141DC9E5BF3F60
:10EAF0004D0000000000000000000000454E474CA3
:10EB0000414E440000000000000000000000000032
:10EB100000000000000000000000000000000000F5
:10EB20000000000000C04940BDE3141DC9E5BF3F1F
:10EB300047440000000000000000000049534C451D
:10EB4000204F46204D414E00000000000000000014
:10EB500000000000000000000000000000000000B5
:10EB60000000000000204B4000000000000012C028
:10EB70004749000000000000000000004E4F5254C2
:10EB80004845524E204952454C414E440000000039
:10EB90000000000000000000000000000000000075
:10EBA0000000000000804B4000000000000018C082
:10EBB000474A000000000000000000004A45525390
:10EBC00045592049732E000000000000000000009D
:10EBD0000000000000000000000000000000000035
:10EBE0000000000000A0484033333333333301C00A
:10EBF000474D0000000000000000000053434F5448
:10EC00004C414E44000000000000000000000000E5
:10EC100000000000000000000000000000000000F4
:10EC20005C8FC2F528BC4B405EBA490C022B02C077
:10EC30004755000000000000000000004755455205
:10EC40004E5345592049732E00000000000000007B
:10EC500000000000000000000000000000000000B4
:10EC60000000000000C04840CDCCCCCCCCCC04C0CF
:10EC700047570000000000000000000057414C45CD
:10EC80005300000000000000000000000000000031
:10EC90000000000000000000000000000000000074
:10ECA0000000000000804A4000000000000010C08A
:10ECB000483400000000000000000000534F4C4F9B
:10ECC0004D4F4E2049732E00000000000000000050
:10ECD0000000000000000000000000000000000034
:10ECE00000000000000024C000000000000064409C
:10ECF00048343000000000000000000054454D4F33
:10ED000054552050524F56494E43450000000000D4
:10ED100000000000000000000000000000000000F3
:10ED2000894160E5D06225C083C0CAA145BE644068
:10ED300048410000000000000000000048554E4718
:10ED400041525900000000000000000000000000D7
:10ED500000000000000000000000000000000000B3
:10ED600000000000000048400000000000003340A8
:10ED700048420000000000000000000053574954C2
:10ED80005A45524C414E4400000000000000000073
:10ED90000000000000000000000000000000000073
:10EDA0009A99999999794740CDCCCCCCCCCC1D403F
:10EDB0004842300000000000000000004C4945437C
:10EDC0004854454E535445494E0000000000000091
:10EDD0000000000000000000000000000000000033
:10EDE0000AD7A3703D8A474033333333333323404C
:10EDF000484300000000000000000000454355416A
:10EE0000444F52000000000000000000000000001D
:10EE100000000000000000000000000000000000F2
:10EE2000000000000000000000000000008053C04F
:10EE300048433800000000000000000047414C41FA
:10EE40005041474F532049732E000000000000003E
:10EE500000000000000000000000000000000000B2
:10EE6000000000000000E0BF0000000000C056C02D
:10EE700048480000000000000000000048414954DC
:10EE80004900000000000000000000000000000039
:10EE90000000000000000000000000000000000072
:10EEA000000000000000334000000000000052C0DD
:10EEB000484900000000000000000000444F4D4998
:10EEC0004E4943414E2052455055424C4943000063
:10EED0000000000000000000000000000000000032
:10EEE000000000000000334000000000008051C01E
:10EEF000484B00000000000000000000434F4C4F52
:10EF00004D424941000000000000000000000000E8
:10EF100000000000000000000000000000000000F1
:10EF2000000000000000144000000000008052C0FB
:10EF3000484B304D00000000000000004D414C5097
:10EF4000454C4F2049732E000000000000000000D7
:10EF500000000000000000000000000000000000B1
:10EF6000000000000000104000000000006054C0DD
:10EF7000484B3053000000000000000053414E2079
:10EF8000414E445245532049732E000000000000BA
:10EF90000000000000000000000000000000000071
:10EFA000000000000000294000000000004054C0A4
:10EFB000484C00000000000000000000534F555472
:10EFC00048204B4F52454100000000000000000067
:10EFD0000000000000000000000000000000000031
:10EFE00000000000008042400000000000C05F40C0
:10EFF00048500000000000000000000050414E4159
:10F000004D41000000000000000000000000000072
:10F0100000000000000000000000000000000000F0
:10F02000000000000000224000000000000054C06A
:10F03000485200000000000000000000484F4E440D
:10F040005552415300000000000000000000000085
:10F0500000000000000000000000000000000000B0
:10F060000000000000002C400000000000C055C05F
:10F0700048530000000000000000000054484149CF
:10F080004C414E4400000000000000000000000061
:10F090000000000000000000000000000000000070
:10F0A0000000000000002C4000000000004059401B
:10F0B000485600000000000000000000564154497E
:10F0C00043414E2043495459000000000000000015
:10F0D0000000000000000000000000000000000030
:10F0E00000000000000045400000000000002A4031
:10F0F000485A000000000000000000005341554441
:10F1000049204152414249410000000000000000F6
:10F1100000000000000000000000000000000000EF
:10F120000000000000003A400000000000004940DC
:10F130004900000000000000000000004954414C5C
:10F140005900000000000000000000000000000066
:10F1500000000000000000000000000000000000AF
:10F16000000000000000454000000000000024C036
:10F1700049530000000000000000000053415244C9
:10F18000494E49412049732E000000000000000054
:10F19000000000000000000000000000000000006F
:10F1A0000000000000004440000000000000224079
:10F1B0004A3200000000000000000000444A4942BA
:10F1C0004F555449000000000000000000000000FE
:10F1D000000000000000000000000000000000002F
:10F1E00000000000000027400000000000804540B3
:10F1F0004A33000000000000000000004752454E66
:10F200004144410000000000000000000000000038
:10F2100000000000000000000000000000000000EE
:10F220003333333333332840CDCCCCCCCCCC4EC06D
:10F230004A35000000000000000000004755494E1C
:10F2400045412D4249535341550000000000000044
:10F2500000000000000000000000000000000000AE
:10F2600000000000000028400000000000002EC048
:10F270004A360000000000000000000053542E2019
:10F280004C554349412049732E0000000000000006
:10F29000000000000000000000000000000000006E
:10F2A0000000000000002C400000000000804EC064
:10F2B0004A3700000000000000000000444F4D49A4
:10F2C0004E4943412049732E000000000000000019
:10F2D000000000000000000000000000000000002E
:10F2E000CDCCCCCCCCCC2E40CDCCCCCCCCAC4EC030
:10F2F0004A3800000000000000000000535420566F
:10F30000494E43454E542049732E00000000000032
:10F3100000000000000000000000000000000000ED
:10F32000CDCCCCCCCC4C2A40CDCCCCCCCC8C4EC093
:10F330004A41000000000000000000004A41504126
:10F340004E0000000000000000000000000000006F
:10F3500000000000000000000000000000000000AD
:10F360009A99999999D94140666666666676614030
:10F370004A44314D00000000000000004D494E415C
:10F380004D492D544F52495348494D41000000000A
:10F39000000000000000000000000000000000006D
:10F3A000CDCCCCCCCC4C3C400000000000406340B5
:10F3B0004A44314F00000000000000004F47415315
:10F3C00041574152410000000000000000000000D1
:10F3D000000000000000000000000000000000002D
:10F3E0000000000000003B40CDCCCCCCCCC4614040
:10F3F0004A54000000000000000000004D4F4E473E
:10F400004F4C4941000000000000000000000000D7
:10F4100000000000000000000000000000000000EC
:10F4200000000000000048400000000000C05A40FA
:10F430004A57000000000000000000005356414CF5
:10F44000424152442049732E000000000000000099
:10F4500000000000000000000000000000000000AC
:10F460000000000000805340000000000000304019
:10F470004A58000000000000000000004A414E20F1
:10F480004D4159454E2049732E00000000000000F8
:10F49000000000000000000000000000000000006C
:10F4A0000000000000C0514000000000000020C02B
:10F4B0004A59000000000000000000004A4F52447A
:10F4C000414E0000000000000000000000000000AD
:10F4D000000000000000000000000000000000002C
:10F4E000000000000000404000000000000042401A
:10F4F0004B4334000000000000000000414E544126
:10F500005243544943410000000000000000000045
:10F5100000000000000000000000000000000000EB
:10F52000EC51B81E85A352C0295C8FC2F528E4BFF8
:10F530004B433600000000000000000042454C41F3
:10F540005500000000000000000000000000000066
:10F5500000000000000000000000000000000000AB
:10F560000000000000001440000000000020614086
:10F570004B47340000000000000000004755414E9A
:10F5800054414E414D4F20424159000000000000BF
:10F59000000000000000000000000000000000006B
:10F5A00000000000000034400000000000C052C015
:10F5B0004B48300000000000000000004D4152495F
:10F5C000414E412049732E00000000000000000061
:10F5D000000000000000000000000000000000002B
:10F5E00000000000000030400000000000406240C9
:10F5F0004B483100000000000000000042414B4534
:10F6000052202620484F574C414E442049732E002B
:10F6100000000000000000000000000000000000EA
:10F62000000000000000F03F00000000000066C085
:10F630004B48320000000000000000004755414DDB
:10F640002049732E000000000000000000000000B0
:10F6500000000000000000000000000000000000AA
:10F660000000000000002C4000000000002062406C
:10F670004B48330000000000000000004A4F484E95
:10F6800053544F4E2049732E00000000000000002C
:10F69000000000000000000000000000000000006A
:10F6A000000000000000314000000000004065C084
:10F6B0004B48340000000000000000004D49445752
:10F6C00041592049732E0000000000000000000096
:10F6D000000000000000000000000000000000002A
:10F6E0003333333333333C4000000000002866C01E
:10F6F0004B483500000000000000000050414C4D18
:10F700005952412049732E00000000000000000003
:10F7100000000000000000000000000000000000E9
:10F72000000000000000184000000000004064C01D
:10F730004B48354B00000000000000004B494E478D
:10F740004D414E205245454600000000000000009B
:10F7500000000000000000000000000000000000A9
:10F760000000000000001E409A999999995964C0C0
:10F770004B4836000000000000000000484157419F
:10F7800049490000000000000000000000000000E7
:10F790000000000000000000000000000000000069
:10F7A000CDCCCCCCCC4C3540CDCCCCCCCCBC63C0BF
:10F7B0004B48370000000000000000004B55524548
:10F7C0002049732E0000000000000000000000002F
:10F7D0000000000000000000000000000000000029
:10F7E0006666666666663C409A999999995966C0BC
:10F7F0004B4838000000000000000000414D455219
:10F800004943414E2053414D4F410000000000004C
:10F8100000000000000000000000000000000000E8
:10F820000000000000002CC000000000006065C067
:10F830004B483900000000000000000057414B45D4
:10F840002049732E000000000000000000000000AE
:10F8500000000000000000000000000000000000A8
:10F86000CDCCCCCCCC4C33400000000000E0644058
:10F870004B4C37000000000000000000414C415399
:10F880004B410000000000000000000000000000EC
:10F890000000000000000000000000000000000068
:10F8A00064533AC07C9B4E40AF81AD12DCBA62C05B
:10F8B0004B50310000000000000000004E41564156
:10F8C0005353412049732E00000000000000000047
:10F8D0000000000000000000000000000000000028
:10F8E00066666666666632400000000000C052C070
:10F8F0004B50320000000000000000005649524703
:10F90000494E2049732E0000000000000000000056
:10F9100000000000000000000000000000000000E7
:10F92000CDCCCCCCCC4C3240CDCCCCCCCC2C50C0E3
:10F930004B503400000000000000000050554552BC
:10F94000544F205249434F000000000000000000C7
:10F9500000000000000000000000000000000000A7
:10F960000000000000803240CDCCCCCCCC8C50C00C
:10F970004B50350000000000000000004445534596
:10F980004348454F00000000000000000000000058
:10F990000000000000000000000000000000000067
:10F9A000CDCCCCCCCC4C32400000000000E050C0AC
:10F9B0004C41000000000000000000004E4F525774
:10F9C000415900000000000000000000000000009D
:10F9D0000000000000000000000000000000000027
:10F9E0000000000000004E40000000000000264023
:10F9F0004C55000000000000000000004152474547
:10FA00004E54494E4100000000000000000000007C
:10FA100000000000000000000000000000000000E6
:10FA200000000000008041C00000000000004DC048
:10FA30004C58000000000000000000004C555845E4
:10FA40004D424F55524700000000000000000000EA
:10FA500000000000000000000000000000000000A6
:10FA60000000000000E0484052B81E85EB511840ED
:10FA70004C59000000000000000000004C495448B0
:10FA800055414E4941000000000000000000000008
:10FA90000000000000000000000000000000000066
:10FAA0000000000000004C400000000000003A4050
:10FAB0004C5A0000000000000000000042554C4776
:10FAC0004152494100000000000000000000000019
:10FAD0000000000000000000000000000000000026
:10FAE000000000000080454000000000000037409A
:10FAF0004F4100000000000000000000504552553A
:10FB000000000000000000000000000000000000F5
:10FB100000000000000000000000000000000000E5
:10FB20003E8D3CBFDF2128C05D035B25983E53C05E
:10FB30004F44000000000000000000004C4542411E
:10FB40004E4F4E00000000000000000000000000CA
:10FB500000000000000000000000000000000000A5
:10FB60000000000000004140000000000000424092
:10FB70004F450000000000000000000041555354B4
:10FB80005249410000000000000000000000000099
:10FB90000000000000000000000000000000000065
:10FBA0009A999999991948406666666666663040E2
:10FBB0004F480000000000000000000046494E4C85
:10FBC000414E440000000000000000000000000062
:10FBD0000000000000000000000000000000000025
:10FBE0000000000000004F400000000000003B400B
:10FBF0004F4830000000000000000000414C414E22
:10FC0000442049732E0000000000000000000000A6
:10FC100000000000000000000000000000000000E4
:10FC20000000000000004E400000000000003440D2
:10FC30004F4A300000000000000000004D41524BD0
:10FC400045542052454546000000000000000000D9
:10FC500000000000000000000000000000000000A4
:10FC60000000000000004E40000000000000354091
:10FC70004F4B00000000000000000000435A4543C5
:10FC8000482052455055424C494B000000000000AE
:10FC90000000000000000000000000000000000064
:10FCA000000000000000494000000000000030405B
:10FCB0004F4D00000000000000000000534C4F5664
:10FCC000414B49410000000000000000000000001E
:10FCD0000000000000000000000000000000000024
:10FCE0000000000000804840000000000000344098
:10FCF0004F4E0000000000000000000042454C474D
:10FD000049554D0000000000000000000000000008
:10FD100000000000000000000000000000000000E3
:10FD2000000000000080494000000000000010407A
:10FD30004F550000000000000000000044454E4DFB
:10FD400041524B00000000000000000000000000D5
:10FD500000000000000000000000000000000000A3
:10FD60003F355EBA49DC4B40AAF1D24D6290284043
:10FD70004F580000000000000000000047524545B9
:10FD80004E4C414E44000000000000000000000006
:10FD90000000000000000000000000000000000063
:10FDA0000000000000804F400000000000004AC03A
:10FDB0004F5900000000000000000000464145527D
:10FDC0004F452049732E0000000000000000000095
:10FDD0000000000000000000000000000000000023
:10FDE0000000000000004F400000000000001CC0A8
:10FDF0004F5A0000000000000000000044454E4D36
:10FE000041524B0000000000000000000000000014
:10FE100000000000000000000000000000000000E2
:10FE20003F355EBA49DC4B40AAF1D24D6290284082
:10FE3000503200000000000000000000504150550A
:10FE400041204E4557204755494E4541000000008E
:10FE500000000000000000000000000000000000A2
:10FE600000000000000014C00000000000406240DC
:10FE700050340000000000000000000041525542D4
:10FE8000412049732E000000000000000000000027
:10FE90000000000000000000000000000000000062
:10FEA000000000000000294000000000008051C058
:10FEB0005035000000000000000000004E4F52547A
:10FEC00048204B4F52454100000000000000000058
:10FED0000000000000000000000000000000000022
:10FEE0000000000000804340CDCCCCCCCC6C5F4007
:10FEF0005041000000000000000000004E45544842
:10FF000045524C414E4453000000000000000000E8
:10FF100000000000000000000000000000000000E1
:10FF20000000000000004A400000000000001440F3
:10FF3000504A320000000000000000004E455448C6
:10FF40002E20414E54494C4C455300000000000007
:10FF500000000000000000000000000000000000A1
:10FF6000000000000000284000000000004051C0D8
:10FF7000504A323500000000000000004355524155
:10FF800043414F000000000000000000000000009E
:10FF90000000000000000000000000000000000061
:10FFA000736891ED7C3F284039B4C876BE3751C0A4
:10FFB000504A34000000000000000000424F4E4153
:10FFC0004952450000000000000000000000000051
:10FFD0000000000000000000000000000000000021
:10FFE000F0A7C64B374928401B2FDD24061151C00E
:10FFF000504A350000000000000000005341424517
:02000004600199
:100000002D53542E45495354415449555300000033
:1000100000000000000000000000000000000000E0
:1000200017D9CEF753A331403BDF4F8D979E4FC07A
:10003000504A370000000000000000005354204DDB
:1000400041415254454E00000000000000000000F5
:1000500000000000000000000000000000000000A0
:1000600000000000000032400000000000804FC08F
:100070005059000000000000000000004252415AA8
:10008000494C0000000000000000000000000000DB
:100090000000000000000000000000000000000060
:1000A0005FF79E6868B32FC0B506B64AD0EB47C06D
:1000B0005059304600000000000000004645524EF6
:1000C000414E444F204445204E4F524F4E48412010
:1000D00049732E0000000000000000000000000036
:1000E0003333333333330FC000000000004040C0CF
:1000F00050593053000000000000000053542050BD
:10010000455445522D5041554C275320524F434B97
:10011000530000000000000000000000000000008C
:1001200000000000000000400000000000003EC091
:100130005059305400000000000000005452494E55
:1001400049444144452049732E000000000000004E
:10015000000000000000000000000000000000009F
:1001600000000000000035C000000000008040C01A
:10017000505A000000000000000000005355524992
:100180004E414D0000000000000000000000000093
:10019000000000000000000000000000000000005F
:1001A00000000000000018400000000000804BC06C
:1001B0005231464A00000000000000004652414E05
:1001C0005A204A4F534546204C414E4400000000FF
:1001D000000000000000000000000000000000001F
:1001E00000000000000054400000000000804B4070
:1001F00052314D5600000000000000004D414C59A6
:100200004A5659534F54534B494A2049732E0000C4
:1002100000000000000000000000000000000000DE
:100220000000000000404E400000000000803C4004
:1002300053300000000000000000000057455354F8
:1002400045524E20534148415241000000000000F9
:10025000000000000000000000000000000000009E
:100260000000000000003B400000000000002AC029
:1002700053320000000000000000000042414E47E1
:100280004C414445534800000000000000000000BD
:10029000000000000000000000000000000000005E
:1002A00000000000000038400000000000C0564080
:1002B000533500000000000000000000534C4F5672
:1002C000454E494100000000000000000000000011
:1002D000000000000000000000000000000000001E
:1002E00000000000000047400000000000002D401A
:1002F0005337000000000000000000005345594340
:1003000048454C4C45532049732E00000000000026
:1003100000000000000000000000000000000000DD
:1003200000000000000010C00000000000004C4071
:1003300053390000000000000000000053414F202E
:10034000544F4D4500000000000000000000000078
:10035000000000000000000000000000000000009D
:100360000000000000000000000000000000184035
:1003700053410000000000000000000053574544B6
:10038000454E0000000000000000000000000000DA
:10039000000000000000000000000000000000005D
:1003A0000000000000C04D4000000000000032408E
:1003B000534D00000000000000000000535745446A
:1003C000454E00000000000000000000000000009A
:1003D000000000000000000000000000000000001D
:1003E0000000000000C04D4000000000000032404E
:1003F000535000000000000000000000504F4C412E
:100400004E4400000000000000000000000000005A
:1004100000000000000000000000000000000000DC
:10042000000000000080494000000000000034404F
:1004300053540000000000000000000053554441E8
:100440004E0000000000000000000000000000005E
:10045000000000000000000000000000000000009C
:10046000000000000000304000000000008040401C
:10047000535430000000000000000000534F55545A
:100480004845524E20535544414E000000000000A4
:10049000000000000000000000000000000000005C
:1004A00000000000000014400000000000803F40F9
:1004B000535500000000000000000000454759505F
:1004C00054000000000000000000000000000000D8
:1004D000000000000000000000000000000000001C
:1004E0000000000000003E400000000000003F400F
:1004F0005356000000000000000000004752454530
:100500004345000000000000000000000000000063
:1005100000000000000000000000000000000000DB
:1005200000000000000043400000000000003840D0
:100530005356324153502F41000000004D5420418A
:1005400054484F530000000000000000000000006D
:10055000000000000000000000000000000000009B
:100560009A99999999194440CDCCCCCCCC4C38402F
:10057000535635000000000000000000444F444581
:1005800043414E4553452049732E000000000000B2
:10059000000000000000000000000000000000005B
:1005A00000000000004042400000000000003C400D
:1005B000535639000000000000000000435245542B
:1005C00045000000000000000000000000000000E6
:1005D000000000000000000000000000000000001B
:1005E0000000000000804140000000000000394091
:1005F0005432000000000000000000005455564135
:100600004C55000000000000000000000000000049
:1006100000000000000000000000000000000000DA
:1006200000000000000022C00000000000606640E2
:1006300054333000000000000000000057455354C0
:10064000204B49524942415449000000000000003B
:10065000000000000000000000000000000000009A
:10066000000000000000F8BF0000000000A065408E
:1006700054333100000000000000000043454E5498
:1006800052414C204B49524942415449000000001C
:10069000000000000000000000000000000000005A
:1006A00000000000000010C000000000008065C0D5
:1006B0005433320000000000000000004541535454
:1006C000204B4952494241544900000000000000BB
:1006D000000000000000000000000000000000001A
:1006E000000000000000F83F0000000000B063C000
:1006F00054333300000000000000000042414E412E
:1007000042412049732E000000000000000000005C
:1007100000000000000000000000000000000000D9
:10072000000000000000F0BF000000000030654045
:10073000543500000000000000000000534F4D4100
:100740004C494100000000000000000000000000D3
:100750000000000000000000000000000000000099
:100760005C2041F1634C0140F6285C8FC295464005
:1007700054370000000000000000000053414E20EC
:100780004D4152494E4F00000000000000000000A3
:100790000000000000000000000000000000000059
:1007A00000000000000046400000000000002A4059
:1007B00054380000000000000000000050414C418F
:1007C00055000000000000000000000000000000D4
:1007D0000000000000000000000000000000000019
:1007E0008FC2F5285C0F1E40D578E92631D06040D5
:1007F000543900000000000000000000424F534E3A
:10080000494100000000000000000000000000005E
:1008100000000000000000000000000000000000D8
:100820000000000000C04540000000000080324091
:100830005441000000000000000000005455524BDD
:10084000455900000000000000000000000000000A
:100850000000000000000000000000000000000098
:100860000000000000004440000000000080404004
:100870005446000000000000000000004943454CC1
:10088000414E440000000000000000000000000095
:100890000000000000000000000000000000000058
:1008A000000000000000504000000000000036C0C2
:1008B000544700000000000000000000475541546C
:1008C000454D414C410000000000000000000000C8
:1008D0000000000000000000000000000000000018
:1008E0000000000000002E400000000000C056C0C4
:1008F000544900000000000000000000434F535422
:100900004120524943410000000000000000000067
:1009100000000000000000000000000000000000D7
:10092000000000000000244000000000000055C04E
:10093000544939000000000000000000434F434FBD
:10094000532049732E00000000000000000000004A
:100950000000000000000000000000000000000097
:1009600000000000000018400000000000C055C05A
:10097000544A0000000000000000000043414D45C3
:10098000524F4F4E00000000000000000000000029
:100990000000000000000000000000000000000057
:1009A000000000000000104000000000000028408F
:1009B000544B00000000000000000000434F525361
:1009C000494341000000000000000000000000005A
:1009D0000000000000000000000000000000000017
:1009E0000000000000004540000000000000224020
:1009F000544C0000000000000000000043454E542D
:100A000052414C2041465220524550000000000007
:100A100000000000000000000000000000000000D6
:100A20000000000000001440000000000000324000
:100A3000544E00000000000000000000434F4E47ED
:100A40004F00000000000000000000000000000057
:100A50000000000000000000000000000000000096
:100A600000000000000010C00000000000002E4048
:100A70005452000000000000000000004741424FB7
:100A80004E20524550000000000000000000000011
:100A90000000000000000000000000000000000056
:100AA000000000000000F03F0000000000002240B5
:100AB000545400000000000000000000434841447E
:100AC000205245500000000000000000000000001F
:100AD0000000000000000000000000000000000016
:100AE00000000000000028400000000000002E4030
:100AF00054550000000000000000000049564F520D
:100B00005920434F415354000000000000000000F2
:100B100000000000000000000000000000000000D5
:100B2000000000000000184000000000000010C09D
:100B300054580000000000000000000043484553E6
:100B40005445524649454C442049532E000000006C
:100B50000000000000000000000000000000000095
:100B6000FA7E6ABC7493683FFA7E6ABC749388BF4D
:100B700054590000000000000000000042454E49AA
:100B80004E00000000000000000000000000000017
:100B90000000000000000000000000000000000055
:100BA00000000000000018400000000000000040AD
:100BB000545A000000000000000000004D414C4964
:100BC000205245500000000000000000000000001E
:100BD0000000000000000000000000000000000015
:100BE0000000000000002A4000000000000020403B
:100BF0005541000000000000000000005255535312
:100C0000494100000000000000000000000000005A
:100C100000000000000000000000000000000000D4
:100C20000000000000C04B400000000000004340F6
:100C30005541320000000000000000004B414C49CB
:100C40004E494E47524144000000000000000000A1
:100C50000000000000000000000000000000000094
:100C60000000000000804B40000000000000354004
:100C70005541390000000000000000004153494187
:100C8000544943205255535349410000000000008D
:100C90000000000000000000000000000000000054
:100CA0000000000000804B400000000000C05440E5
:100CB0005541300000000000000000004153494150
:100CC000544943205255535349410000000000004D
:100CD0000000000000000000000000000000000014
:100CE0000000000000004C400000000000405740A1
:100CF000554B00000000000000000000555A42451E
:100D00004B00000000000000000000000000000098
:100D100000000000000000000000000000000000D3
:100D200000000000000044400000000000C05040EF
:100D3000554E000000000000000000004B415A41E9
:100D40004B48000000000000000000000000000010
:100D50000000000000000000000000000000000093
:100D60000000000000004940000000000040524028
:100D7000555400000000000000000000554B524197
:100D8000494E450000000000000000000000000087
:100D90000000000000000000000000000000000053
:100DA00000000000008049400000000000003F40BB
:100DB000563200000000000000000000414E54497F
:100DC0004755410000000000000000000000000046
:100DD0000000000000000000000000000000000013
:100DE00000000000000031400000000000004EC084
:100DF00056330000000000000000000042454C494E
:100E00005A45000000000000000000000000000043
:100E100000000000000000000000000000000000D2
:100E2000000000000000324000000000000056C03A
:100E30005634000000000000000000005354204B16
:100E4000495454530000000000000000000000005E
:100E50000000000000000000000000000000000092
:100E600000000000000031400000000000804FC082
:100E70005635000000000000000000004E414D49C2
:100E80004249410000000000000000000000000096
:100E90000000000000000000000000000000000052
:100EA00000000000000037C00000000000003040DB
:100EB0005636000000000000000000004D4943527B
:100EC0004F4E455349410000000000000000000063
:100ED0000000000000000000000000000000000012
:100EE0000000000000001C40000000000000634003
:100EF0005637000000000000000000004D41525332
:100F000048414C4C2049732E0000000000000000B6
:100F100000000000000000000000000000000000D1
:100F200000000000000023400000000000E06440DA
:100F30005638000000000000000000004252554EEC
:100F40004549000000000000000000000000000013
:100F50000000000000000000000000000000000091
:100F600000000000000014400000000000C05C40D1
:100F70005645310000000000000000004E53202DB7
:100F80002048616C69666178000000000000000084
:100F90000000000000000000000000000000000051
:100FA000CDCCCCCCCC4C4640CDCCCCCCCCCC4FC09A
:100FB0005645320000000000000000005143202D83
:100FC000204D6F6E747265616C00000000000000BF
:100FD0000000000000000000000000000000000011
:100FE0000000000000C0464066666666666652C045
:100FF0005645330000000000000000004F4E542012
:101000002D20546F726F6E746F000000000000009E
:1010100000000000000000000000000000000000D0
:101020009A99999999D945409A99999999D953C07A
:101030005645330000000000000000004F4E5420D1
:101040002D205468756E646572204261790000003D
:101050000000000000000000000000000000000090
:101060003333333333334840CDCCCCCCCC4C56C067
:101070005645340000000000000000004D414E20A5
:101080002D2057696E6E69706567000000000000D2
:101090000000000000000000000000000000000050
:1010A0003333333333F3484066666666664658C06A
:1010B0005645350000000000000000005341534B2E
:1010C000202D20526567696E61000000000000005D
:1010D0000000000000000000000000000000000010
:1010E00000000000004049406666666666265AC0F9
:1010F000564536000000000000000000414C5441FD
:10110000202D2043616C67617279000000000000AF
:1011100000000000000000000000000000000000CF
:1011200000000000008049406666666666865CC016
:10113000564536000000000000000000414C5441BC
:10114000202D2045646D6F6E746F6E0000000000EE
:10115000000000000000000000000000000000008F
:101160000000000000C04A400000000000605CC0B9
:101170005645370000000000000000004243202DCB
:101180002056616E636F7576657200000000000086
:10119000000000000000000000000000000000004F
:1011A0006666666666A648406666666666C65EC031
:1011B0005645380000000000000000004E57542043
:1011C0002D2059656C6C6F776B6E69666500000049
:1011D000000000000000000000000000000000000F
:1011E0000000000000404F409A99999999995CC07D
:1011F0005645390000000000000000004E42202D3E
:101200002053742E204A6F686E000000000000001A
:1012100000000000000000000000000000000000CE
:101220009A9999999999464066666666668650C00D
:10123000564F310000000000000000004E455746A8
:101240004F554E444C414E44202D2053542E4A6F4E
:10125000686E27730000000000000000000000001E
:10126000CDCCCCCCCCCC47409A99999999594AC0CD
:10127000564F320000000000000000004C41425276
:1012800041444F52202D20476F6F73652042617992
:10129000000000000000000000000000000000004E
:1012A0006666666666A649403333333333334EC0D1
:1012B000564B31000000000000000000415553541F
:1012C00052414C4941202D2043616E62657272612A
:1012D000000000000000000000000000000000000E
:1012E0000000000000C041C00000000000A06240FB
:1012F000564B3200000000000000000041555354DE
:1013000052414C4941202D205379646E657900008B
:1013100000000000000000000000000000000000CD
:1013200000000000000041C00000000000E062403A
:10133000564B33000000000000000000415553549C
:1013400052414C4941202D204D656C626F75726E83
:101350006500000000000000000000000000000028
:101360008E60798E6DEF42C0517E52EDAB1F6240B0
:10137000564B34000000000000000000415553545B
:1013800052414C4941202D204272697362616E6561
:10139000000000000000000000000000000000004D
:1013A0000000000000803BC00000000000206340FF
:1013B000564B35000000000000000000415553541A
:1013C00052414C4941202D204164656C616964653E
:1013D000000000000000000000000000000000000D
:1013E00033333333337341C0333333333353614097
:1013F000564B3600000000000000000041555354D9
:1014000052414C4941202D20506572746800000003
:1014100000000000000000000000000000000000CC
:1014200000000000000040C09A99999999F95C4029
:10143000564B370000000000000000004155535497
:1014400052414C4941202D20486F62617274000066
:10145000000000000000000000000000000000008C
:1014600033333333337345C09A99999999696240FC
:10147000564B380000000000000000004155535456
:1014800052414C4941202D2044617277696E000021
:10149000000000000000000000000000000000004C
:1014A00000000000000029C0CDCCCCCCCC5C60405A
:1014B000564B39430000000000000000434F434FEB
:1014C000532049732E0000000000000000000000BF
:1014D000000000000000000000000000000000000C
:1014E00000000000000028C000000000004058403C
:1014F000564B394C00000000000000004C4F524495
:1015000020484F57452049732E000000000000007E
:1015100000000000000000000000000000000000CB
:1015200000000000000040C00000000000E0634038
:10153000564B394D00000000000000004D454C4C5A
:101540004953482052454546000000000000000075
:10155000000000000000000000000000000000008B
:1015600000000000000031C0000000000080634067
:10157000564B394E00000000000000004E4F52460E
:101580004F4C4B2049732E0000000000000000006B
:10159000000000000000000000000000000000004B
:1015A0000000000000003DC0000000000000654099
:1015B000564B3958000000000000000043485249D3
:1015C00053544D41532049732E0000000000000089
:1015D000000000000000000000000000000000000B
:1015E00000000000000026C00000000000805A40FB
:1015F000564B3957000000000000000057494C4C82
:1016000049532049732E0000000000000000000034
:1016100000000000000000000000000000000000CA
:1016200000000000000030C00000000000C0624068
:10163000564B304800000000000000004845415271
:10164000442049732E00000000000000000000004C
:10165000000000000000000000000000000000008A
:101660000000000000804AC00000000000605240FE
:10167000564B304D00000000000000004D4143512A
:1016800055415249452049732E00000000000000DA
:10169000000000000000000000000000000000004A
:1016A0000000000000804BC00000000000E063402C
:1016B000565032450000000000000000414E4755E2
:1016C000494C4C41000000000000000000000000F8
:1016D000000000000000000000000000000000000A
:1016E00000000000000032400000000000804FC0F9
:1016F0005650324D00000000000000004D4F4E5487
:101700005345525241540000000000000000000008
:1017100000000000000000000000000000000000C9
:1017200000000000000031400000000000004FC039
:10173000565032560000000000000000425249544A
:101740004953482056495247494E2049732E0000BC
:101750000000000000000000000000000000000089
:10176000000000000080324000000000004050C037
:101770005650350000000000000000005455524B48
:1017800053202620434149434F532049732E0000E4
:101790000000000000000000000000000000000049
:1017A00000000000000036400000000000C052C0F1
:1017B000565036000000000000000000504954431D
:1017C0004149524E2049732E0000000000000000E5
:1017D0000000000000000000000000000000000009
:1017E0009EEFA7C64B5738C033333333330B60C03B
:1017F00056503800000000000000000046414C4BED
:101800004C414E442049732E0000000000000000AF
:1018100000000000000000000000000000000000C8
:101820000000000000004AC00000000000804DC021
:101830005650384700000000000000005320474584
:101840004F524749412049732E000000000000001C
:101850000000000000000000000000000000000088
:101860000000000000204BC09A999999995942C0F4
:101870005650384F000000000000000053204F5227
:101880004B4E45592049732E000000000000000017
:101890000000000000000000000000000000000048
:1018A0000000000000004EC000000000000047C023
:1018B00056503853000000000000000053205348E9
:1018C00045544C414E442049732E00000000000056
:1018D0000000000000000000000000000000000008
:1018E0000000000000804CC00000000000003CC070
:1018F00056503857000000000000000053205341AC
:101900004E44574943482049732E00000000000010
:1019100000000000000000000000000000000000C7
:101920000000000000E04CC00000000000803AC051
:101930005650390000000000000000004245524DA2
:1019400055444100000000000000000000000000BD
:101950000000000000000000000000000000000087
:10196000000000000000404000000000004050C0A7
:101970005651390000000000000000004348414774
:101980004F53202D20444945474F2047415243495A
:101990004100000000000000000000000000000006
:1019A0000000000000001CC00000000000005240C9
:1019B000565336000000000000000000484F4E471C
:1019C000204B4F4E470000000000000000000000C8
:1019D0000000000000000000000000000000000007
:1019E00000000000000037400000000000805C4064
:1019F000565500000000000000000000494E444918
:101A00004100000000000000000000000000000095
:101A100000000000000000000000000000000000C6
:101A20000000000000003C40000000000040534067
:101A3000565534000000000000000000414E4441B3
:101A40004D414E2026204E49434F4241522049737A
:101A50002E00000000000000000000000000000058
:101A60000000000000002840000000000030574047
:101A70005655370000000000000000004C41434371
:101A800041444956452049732E00000000000000E3
:101A90000000000000000000000000000000000046
:101AA0000000000000002440000000000040524000
:101AB0005659300000000000000000004E554E4115
:101AC000565554202D204971616C756974000000D1
:101AD0000000000000000000000000000000000006
:101AE0000000000000E04F40713D0AD7A32051C024
:101AF00056593100000000000000000059554B4FBE
:101B00004E202D205768697465686F7273650000F8
:101B100000000000000000000000000000000000C5
:101B20009A99999999594E403333333333E360C0CE
:101B300056593200000000000000000050454920C6
:101B40002D20436861726C6F747465746F776E00DA
:101B50000000000000000000000000000000000085
:101B60001F85EB51B81E4740713D0AD7A3904FC067
:101B7000573143000000000000000000434F4E4E6C
:101B8000202D2048617274666F72640000000000AE
:101B90000000000000000000000000000000000045
:101BA0006666666666E64440CDCCCCCCCC2C52C092
:101BB00057314D0000000000000000004D41494E2B
:101BC00045202D2042616E676F720000000000000A
:101BD0000000000000000000000000000000000005
:101BE000666666666666464033333333333351C0C8
:101BF0005731420000000000000000004D415353E7
:101C0000202D20426F73746F6E00000000000000F2
:101C100000000000000000000000000000000000C4
:101C200033333333333345406666666666C651C028
:101C300057314E0000000000000000004E48202DEB
:101C400020436F6E636F72640000000000000000AC
:101C50000000000000000000000000000000000084
:101C60009A999999999945400000000000E051C067
:101C70005731520000000000000000005249202DA2
:101C80002050726F766964656E6365000000000025
:101C90000000000000000000000000000000000044
:101CA0006666666666E644409A99999999D951C0E4
:101CB0005731560000000000000000005654202D4F
:101CC000204D6F6E7470656C6965720000000000D5
:101CD0000000000000000000000000000000000004
:101CE000666666666626464066666666662652C014
:101CF00057324E4A00000000000000004E4A202DDE
:101D0000205472656E746F6E0000000000000000C9
:101D100000000000000000000000000000000000C3
:101D2000CDCCCCCCCC0C44403333333333B352C062
:101D300057324E0000000000000000004E59202DD8
:101D4000204E657720596F726B20436974790000CB
:101D50000000000000000000000000000000000083
:101D6000666666666666444000000000008052C0F9
:101D700057324E5900000000000000004E59202D3F
:101D80002042756666616C6F000000000000000074
:101D90000000000000000000000000000000000043
:101DA00033333333337345409A99999999B953C072
:101DB00057334400000000000000000044454C2060
:101DC0002D2057696C6D696E67746F6E000000009E
:101DD0000000000000000000000000000000000003
:101DE0009A99999999D943400000000000E052C0A7
:101DF00057334D0000000000000000004D44202D2E
:101E00002042616C74696D6F726500000000000013
:101E100000000000000000000000000000000000C2
:101E20006666666666A6434066666666662653C054
:101E300057335000000000000000000050454E4E97
:101E4000202D205068696C6164656C706869610060
:101E50000000000000000000000000000000000082
:101E60000000000000004440CDCCCCCCCCCC52C013
:101E700057334900000000000000000050454E4E5E
:101E8000202D2050697474736275726768000000B9
:101E90000000000000000000000000000000000042
:101EA000333333333333444000000000000054C068
:101EB00057335700000000000000000057617368AE
:101EC000696E67746F6E20444300000000000000DC
:101ED0000000000000000000000000000000000002
:101EE000333333333373434000000000004053C0AA
:101EF000573441000000000000000000414C412028
:101F00002D204D6F6E74676F6D6572790000000053
:101F100000000000000000000000000000000000C1
:101F2000333333333333404033333333339355C058
:101F3000573446000000000000000000464C4120DD
:101F40002D204D69616D6900000000000000000057
:101F50000000000000000000000000000000000081
:101F60003333333333B3394033333333331354C020
:101F70005734470000000000000000004741202DBA
:101F80002041746C616E746100000000000000006C
:101F90000000000000000000000000000000000041
:101FA0009A99999999D940409A999999991955C0AE
:101FB00057344B0000000000000000004B59202D5A
:101FC000204C6F69757376696C6C650000000000C9
:101FD0000000000000000000000000000000000001
:101FE0009A9999999919434033333333337355C0D0
:101FF00057344E0000000000000000004E43202D2A
:102000002052616C656967680000000000000000F4
:1020100000000000000000000000000000000000C0
:102020006666666666E64140CDCCCCCCCCAC53C08F
:102030005734530000000000000000005343202DDF
:1020400020436F6C756D6269610000000000000044
:102050000000000000000000000000000000000080
:10206000000000000000414000000000004054C09B
:1020700057345400000000000000000054454E4E4C
:10208000202D204B6E6F7876696C6C650000000027
:102090000000000000000000000000000000000040
:1020A0003333333333F3414000000000000055C0A8
:1020B00057344500000000000000000054454E4E1B
:1020C000202D204D656D70686973000000000000D0
:1020D0000000000000000000000000000000000000
:1020E000CDCCCCCCCC8C414066666666668656C04C
:1020F0005734560000000000000000005641202D1B
:1021000020526963686D6F6E64000000000000007B
:1021100000000000000000000000000000000000BF
:102120000000000000C0424000000000006053C0FA
:1021300057354100000000000000000041524B20D4
:102140002D204C6974746C6520526F636B00000025
:10215000000000000000000000000000000000007F
:102160009A999999995941409A999999991957C069
:1021700057354C0000000000000000004C41202DAD
:10218000204E6577204F726C65616E730000000011
:10219000000000000000000000000000000000003F
:1021A0000000000000003E4066666666668656C017
:1021B00057354D0000000000000000004D4953530A
:1021C000202D204A61636B736F6E000000000000D9
:1021D00000000000000000000000000000000000FF
:1021E000666666666626404033333333339356C0A3
:1021F00057354E0000000000000000004E4D202D1D
:1022000020416C6275717565727175650000000022
:1022100000000000000000000000000000000000BE
:102220009A99999999994140CDCCCCCCCCAC5AC0D3
:1022300057354F0000000000000000004F4B4C419C
:10224000202D204F6B6C61686F6D6120436974793C
:10225000000000000000000000000000000000007E
:102260000000000000C0414066666666666658C0B1
:10227000573554000000000000000000544558414C
:1022800053202D2044616C6C61730000000000003D
:10229000000000000000000000000000000000003E
:1022A000666666666666404033333333333358C000
:1022B0005735480000000000000000005445584118
:1022C00053202D20486F7573746F6E00000000005E
:1022D00000000000000000000000000000000000FE
:1022E0003333333333B33D409A99999999D957C0D1
:1022F00057355300000000000000000054455841CD
:1023000053202D2053616E20416E746F6E696F00F3
:1023100000000000000000000000000000000000BD
:102320006666666666663D400000000000A058C014
:1023300057364C00000000000000000043414C20D4
:102340002D204C6F7320416E67656C657300000033
:10235000000000000000000000000000000000007D
:10236000CDCCCCCCCC0C4140CDCCCCCCCC8C5DC03D
:1023700057364400000000000000000043414C209C
:102380002D2053616E20446965676F0000000000D6
:10239000000000000000000000000000000000003D
:1023A0009A99999999594040CDCCCCCCCC4C5DC0F0
:1023B00057364600000000000000000043414C205A
:1023C0002D2053616E204672616E736973636F00D6
:1023D00000000000000000000000000000000000FD
:1023E0009A99999999D942400000000000605EC016
:1023F0005737410000000000000000004152495AD8
:10240000202D2050686F656E697800000000000084
:1024100000000000000000000000000000000000BC
:102420000000000000C040406666666666065CC04C
:1024300057374900000000000000000049444148AF
:102440004F202D20426F69736500000000000000DE
:10245000000000000000000000000000000000007C
:10246000CDCCCCCCCCCC4540CDCCCCCCCC0C5DC0F8
:1024700057374D0000000000000000004D4F4E5443
:10248000202D2048656C656E610000000000000092
:10249000000000000000000000000000000000003C
:1024A000CDCCCCCCCC4C47400000000000005CC040
:1024B00057374E0000000000000000004E45562037
:1024C0002D204C6173205665676173000000000089
:1024D00000000000000000000000000000000000FC
:1024E0009A99999999194240CDCCCCCCCCCC5CC06E
:1024F00057374F0000000000000000004F524547D2
:10250000202D20506F72746C616E6400000000001A
:1025100000000000000000000000000000000000BB
:102520000000000000C04640CDCCCCCCCCAC5EC09E
:102530005737550000000000000000005554414886
:10254000202D2053616C74204C616B6500000000ED
:10255000000000000000000000000000000000007B
:1025600066666666666644409A99999999F95BC071
:102570005737530000000000000000005741534847
:10258000202D2053656174746C650000000000000C
:10259000000000000000000000000000000000003B
:1025A0000000000000C047409A99999999995EC02F
:1025B000573750000000000000000000574153480A
:1025C000202D2053706F6B616E65000000000000CD
:1025D00000000000000000000000000000000000FB
:1025E000CDCCCCCCCCCC47400000000000605DC01E
:1025F00057375700000000000000000057594F20D7
:102600002D2043686579656E6E650000000000004E
:1026100000000000000000000000000000000000BA
:102620009A999999999944403333333333335AC043
:1026300057384D0000000000000000004D4943489D
:10264000202D20446574726F697400000000000042
:10265000000000000000000000000000000000007A
:1026600033333333333345406666666666C654C0DB
:102670005738430000000000000000004F48494F59
:10268000202D2043696E63696E6E617469000000DD
:10269000000000000000000000000000000000003A
:1026A0009A9999999999434066666666662655C0D7
:1026B00057384F0000000000000000004F48494F0D
:1026C000202D20436C6576656C616E64000000000F
:1026D00000000000000000000000000000000000FA
:1026E0000000000000C04440CDCCCCCCCC6C54C029
:1026F00057385700000000000000000057564120E6
:102700002D20436861726C6573746F6E0000000069
:1027100000000000000000000000000000000000B9
:102720003333333333334340CDCCCCCCCC6C54C077
:1027300057394C000000000000000000494C4C20BC
:102740002D204368696361676F000000000000008E
:102750000000000000000000000000000000000079
:102760006666666666E64440CDCCCCCCCCEC55C003
:10277000573949000000000000000000494E442085
:102780002D20496E6469616E61706F6C6973000021
:102790000000000000000000000000000000000039
:1027A0009A99999999D94340CDCCCCCCCC8C55C031
:1027B00057395700000000000000000057495343FC
:1027C000202D204D696C7761756B656500000000F8
:1027D00000000000000000000000000000000000F9
:1027E00000000000008045409A99999999F955C0D8
:1027F000573043000000000000000000434F4C4FE2
:10280000202D2044656E76657200000000000000F7
:1028100000000000000000000000000000000000B8
:102820009A99999999D943409A99999999395AC0FD
:10283000573049000000000000000000494F574198
:10284000202D20446573204D6F696E657300000074
:102850000000000000000000000000000000000078
:10286000CDCCCCCCCCCC444066666666666657C0A0
:102870005730570000000000000000004B414E534D
:102880004153202D2057696368697461000000007E
:102890000000000000000000000000000000000038
:1028A0009A99999999D942409A999999995958C060
:1028B00057304D0000000000000000004D494E4E12
:1028C000202D204D696E6E6561706F6C697300001C
:1028D00000000000000000000000000000000000F8
:1028E000000000000080464033333333335357C079
:1028F00057304B0000000000000000004D4F202D1D
:10290000204B616E7361732043697479000000008D
:1029100000000000000000000000000000000000B7
:10292000CDCCCCCCCC8C43406666666666A657C0E0
:102930005730530000000000000000004D4F202DD4
:102940002053742E204C6F75697300000000000046
:102950000000000000000000000000000000000077
:102960009A9999999959434033333333339356C0E5
:1029700057304E0000000000000000004E4542525B
:10298000202D204F6D6168610000000000000000F4
:102990000000000000000000000000000000000037
:1029A0006666666666A6444000000000000058C0E7
:1029B00057304E4400000000000000004E44202D1F
:1029C000204269736D6172636B00000000000000BB
:1029D00000000000000000000000000000000000F7
:1029E000666666666666474033333333333359C0B1
:1029F0005730500000000000000000005344202D1C
:102A0000205069657272650000000000000000003F
:102A100000000000000000000000000000000000B6
:102A200033333333333346409A999999991959C0BE
:102A30005841000000000000000000004D455849CA
:102A4000434F0000000000000000000000000000F4
:102A50000000000000000000000000000000000076
:102A600000000000000033400000000000C058C01B
:102A70005845000000000000000000004D45584986
:102A8000434F0000000000000000000000000000B4
:102A90000000000000000000000000000000000036
:102AA00000000000000033400000000000C058C0DB
:102AB000584634000000000000000000524556490E
:102AC0004C4C412047494745444F0000000000005E
:102AD00000000000000000000000000000000000F6
:102AE00000000000000032400000000000005CC058
:102AF0005854000000000000000000004255524BF6
:102B0000494E41204641534F0000000000000000A4
:102B100000000000000000000000000000000000B5
:102B2000000000000000284000000000000000C07D
:102B300058550000000000000000000043414D42D5
:102B40004F44494100000000000000000000000068
:102B50000000000000000000000000000000000075
:102B600000000000000028400000000000405A4023
:102B70005857000000000000000000004C414F5377
:102B80000000000000000000000000000000000045
:102B90000000000000000000000000000000000035
:102BA00000000000000032400000000000C059405A
:102BB0005858000000000000000000004D41434153
:102BC0004F000000000000000000000000000000B6
:102BD00000000000000000000000000000000000F5
:102BE00000000000000036400000000000805C4053
:102BF000585A000000000000000000004D59414EEE
:102C00004D415200000000000000000000000000E4
:102C100000000000000000000000000000000000B4
:102C2000000000000000314000000000000058409B
:102C300059410000000000000000000041464748E4
:102C4000414E495354414E00000000000000000076
:102C50000000000000000000000000000000000074
:102C60000000000000004140000000000040514012
:102C7000594200000000000000000000494E444F8F
:102C80004E455349410000000000000000000000D4
:102C90000000000000000000000000000000000034
:102CA00000000000000018C00000000000C05A40F2
:102CB0005949000000000000000000004952415145
:102CC0000000000000000000000000000000000004
:102CD00000000000000000000000000000000000F4
:102CE00000000000008040400000000000804640DE
:102CF000594A0000000000000000000056414E55F7
:102D000041545500000000000000000000000000D9
:102D100000000000000000000000000000000000B3
:102D200000000000000030C000000000000065400E
:102D3000594B0000000000000000000053595249A8
:102D40004100000000000000000000000000000042
:102D50000000000000000000000000000000000073
:102D600000000000000041400000000000804240E0
:102D7000594C000000000000000000004C41545677
:102D800049410000000000000000000000000000B9
:102D90000000000000000000000000000000000033
:102DA0000000000000804C4000000000000038409F
:102DB000594E000000000000000000004E49434151
:102DC0005241475541000000000000000000000093
:102DD00000000000000000000000000000000000F3
:102DE000000000000000284000000000008055C0E6
:102DF000594F00000000000000000000524F4D41FC
:102E00004E494100000000000000000000000000EA
:102E100000000000000000000000000000000000B2
:102E200000000000004046400000000000003A4062
:102E3000595300000000000000000000454C2053E2
:102E4000414C5641444F5200000000000000000079
:102E50000000000000000000000000000000000072
:102E60000000000000002C4000000000004056C0A0
:102E70005954000000000000000000005345524279
:102E800049410000000000000000000000000000B8
:102E90000000000000000000000000000000000032
:102EA0000000000000004740000000000000354026
:102EB0005955000000000000000000005345524238
:102EC0004941000000000000000000000000000078
:102ED00000000000000000000000000000000000F2
:102EE00000000000000047400000000000003540E6
:102EF00059560000000000000000000056454E45F5
:102F00005A55454C41000000000000000000000040
:102F100000000000000000000000000000000000B1
:102F200000000000000026400000000000C050C06B
:102F30005956300000000000000000004156455383
:102F40002049732E00000000000000000000000077
:102F50000000000000000000000000000000000071
:102F600000000000000030400000000000C04FC022
:102F70005A32000000000000000000005A494D4293
:102F80004142574500000000000000000000000022
:102F90000000000000000000000000000000000031
:102FA00000000000000032C00000000000003F40B0
:102FB0005A33000000000000000000004D4143456E
:102FC000444F4E4941000000000000000000000096
:102FD00000000000000000000000000000000000F1
:102FE0000000000000004540000000000080354067
:102FF0005A36000000000000000000005245502E2C
:10300000204F46204B4F534F564F0000000000000A
:1030100000000000000000000000000000000000B0
:103020006891ED7C3F554540EC51B81E852B3540ED
:103030005A3800000000000000000000534F5554B3
:103040004820535544414E0000000000000000009D
:103050000000000000000000000000000000000070
:1030600083C0CAA145361D40E7FBA9F1D22D3F40E0
:103070005A4100000000000000000000414C4241A5
:103080004E49410000000000000000000000000068
:103090000000000000000000000000000000000030
:1030A0000000000000004540000000000000344027
:1030B0005A42000000000000000000004749425250
:1030C000414C54415200000000000000000000008C
:1030D00000000000000000000000000000000000F0
:1030E000000000000000424000000000000018C086
:1030F0005A433400000000000000000043595052C1
:1031000055532042522E20424153455300000000A7
:1031100000000000000000000000000000000000AF
:10312000000000000080414000000000008040409E
:103130005A433600000000000000000050414C459A
:103140005354494E494100000000000000000000B7
:10315000000000000000000000000000000000006F
:10316000000000000000404000000000004041401E
:103170005A4437000000000000000000535420486B
:10318000454C454E412049732E00000000000000D0
:10319000000000000000000000000000000000002F
:1031A00000000000000030C000000000000018C057
:1031B0005A4438000000000000000000415343451D
:1031C0004E53494F4E2049732E000000000000006E
:1031D00000000000000000000000000000000000EF
:1031E00000000000000020C00000000000002CC013
:1031F0005A443900000000000000000054524953B6
:1032000054414E2044412043554E48412049732E9D
:1032100000000000000000000000000000000000AE
:103220000000000000A042C000000000000029C013
:103230005A46000000000000000000004341594DC4
:10324000414E2049732E00000000000000000000E5
:10325000000000000000000000000000000000006E
:10326000000000000000344000000000004054C096
:103270005A4B314E00000000000000004E20434F2A
:103280004F4B2049732E000000000000000000009A
:10329000000000000000000000000000000000002E
:1032A00000000000000026C000000000002064C0F4
:1032B0005A4B315300000000000000005320434FE0
:1032C0004F4B2049732E000000000000000000005A
:1032D00000000000000000000000000000000000EE
:1032E00000000000000035C000000000000064C0C5
:1032F0005A4B320000000000000000004E495545C6
:1033000000000000000000000000000000000000BD
:1033100000000000000000000000000000000000AD
:1033200000000000000033C000000000004065C045
:103330005A4B33000000000000000000544F4B4582
:103340004C41555300000000000000000000000048
:10335000000000000000000000000000000000006D
:1033600000000000000022C000000000007865C0DE
:103370005A4C000000000000000000004E4557209D
:103380005A45414C414E440000000000000000003E
:10339000000000000000000000000000000000002D
:1033A00000000000008044C00000000000E0654014
:1033B0005A4C370000000000000000004348415410
:1033C00048414D2049732E0000000000000000001D
:1033D00000000000000000000000000000000000ED
:1033E00000000000000046C000000000001066C0A1
:1033F0005A4C380000000000000000004B45524DC0
:10340000414445432049732E0000000000000000A5
:1034100000000000000000000000000000000000AC
:10342000C3F5285C8F423DC0CDCCCCCCCC3C66C033
:103430005A4C390000000000000000004155434B89
:103440004C414E4420262043414D5042454C4C2097
:1034500049732E0000000000000000000000000082
:10346000CDCCCCCCCC4C49C09A99999999C964409F
:103470005A5000000000000000000000504152417E
:103480004755415900000000000000000000000006
:10349000000000000000000000000000000000002C
:1034A00000000000000038C00000000000004EC016
:1034B0005A5200000000000000000000534F555415
:1034C00048204146524943410000000000000000EE
:1034D00000000000000000000000000000000000EC
:1034E0000000000000003BC00000000000003C4065
:1034F0005A5300000000000000000000534F5554D4
:1035000048204146524943410000000000000000AD
:1035100000000000000000000000000000000000AB
:103520000000000000003BC00000000000003C4024
:103530005A53380000000000000000004D4152497D
:103540004F4E202620502E452E2049732E0000007D
:10355000000000000000000000000000000000006B
:10356000CDCCCCCCCC4C47C048E17A14AEC742405D
:10357000000000000000000000000000000000004B
:10358000000000000000000000000000000000003B
:10359000000000000000000000000000000000002B
:1035A000000000000000000000000000000000001B
:1035B00080C00F4000000003190000001000000050
:1035C000E8841F4001000000FF000000FF00000031
:1035D00000000000000000001800000010000000C3
:1035E000E4841F4001000000FF000000FF00000015
:1035F00000000000000000001F0000004DD7010087
:1036000070C00F40000C000011000000110000000D
:10361000E0841F40020000002C00000012000000A7
:10362000E0841F40010000001000000011000000B5
:10363000DC841F40020000002D000000120000008A
:10364000DC841F40010000001E00000041D7010083
:1036500070C00F40C0000000120000001300000006
:10366000D0841F4001000000FF000000FF000000A8
:103670000000000000000000130000001300000024
:10368000CC841F4001000000FF000000FF0000008C
:1036900000000000000000001C00000035D7010001
:1036A00024035400650065006E007300790020005B
:1036B0004D004900440049002F004100750064009E
:1036C00069006F0018035400650065006E00730008
:1036D00079006400750069006E006F00040309043E
:1036E00009025501060100C032080B000202020166
:1036F0000009040000010202010005240010010578
:1037000024010101042402060524060001070582A4
:103710000310001009040100020A0000000705035D
:103720000240000007058302400000090402000275
:103730000103000007240100012500062402010105
:103740000006240202020009240301030102010011
:1037500009240302040101010009050402400000DC
:103760000000052501010109058402400000000058
:103770000525010103080B030301010000090403EF
:103780000000010100000A240100013E00020405BE
:103790000C240201020600020300000009240302B7
:1037A00001010001000C24020301010002030000DA
:1037B000000A240631030101020200092403040265
:1037C000060031000904040000010200000904049D
:1037D000010101020000072401020301000B240281
:1037E000010202100144AC0009058509B400010082
:1037F0000007250100000000090405000001020087
:10380000000904050102010200000724010303016D
:10381000000B2402010202100144AC000905050559
:10382000B40001008607250100000000090586118B
:10383000030001050009025501060100C032080B12
:103840000002020201000904000001020201000559
:1038500024001001052401010104240206052406A8
:1038600000010705820310000509040100020A0097
:1038700000000705030200020007058302000200A2
:1038800009040200020103000007240100012500D1
:103890000624020101000624020202000924030199
:1038A00003010201000924030204010101000905CA
:1038B000040200020000000525010101090584023F
:1038C00000020000000525010103080B03030101AC
:1038D00000000904030000010100000A24010001A6
:1038E0003E000204050C240201020600020300004F
:1038F000000924030201010001000C24020301015C
:103900000002030000000A24063103010102020044
:103910000924030402060031000904040000010226
:103920000000090404010101020000072401020350
:1039300001000B2402010202100144AC00090585BC
:1039400009B4000400000725010000000009040577
:103950000000010200000904050102010200000745
:103960002401030301000B2402010202100144ACF4
:103970000009050505B400040086072501000000C4
:10398000000905861104000407000A060002EF0280
:0439900001400100F1
:103994000000000000000000000000000000000023
:1039A4000000000000000000000000000000000013
:1039B400F8B5434E434C3378256843B1012D01D902
:1039C400032D02D100200AF041FC002333703E4B4A
:1039D4001A683E4B1B689A4205D13D4B1A683D4B11
:1039E4001B689A4208D003F0EBFB012D04D823682E
:1039F400002B4ED0012B50D0374B384E1F68336804
:103A0400FB1A082B02D908F0FBFC3760344E002067
:103A140003F046FC33786BB1012D04D82368002BE6
:103A24003ED0012B41D02368032B01D100F0DAFAF8
:103A3400002333702B4B1A781AB100221A7007F046
:103A440033F9294E337883B1284F3B78002B2FD09C
:103A5400274D00242B689847264B3C701C6034701B
:103A64002C602BF0D9FD244B1C70244E33787BB191
:103A74001E4F3B78FBB11E4D00242B6898471D4B0D
:103A84003C701C6034702C602BF0C6FD1A4B1C700B
:103A9400F8BD2BF0A5FD00F031FD09F075FFABE793
:103AA40000F0A0FA00F02AFDBDE700F09BFABAE7A7
:103AB40005F084F8D9E7BDE8F84005F0D3B800BFB5
:103AC4002E5D022014390220D03C02202C3B02201F
:103AD400A4390220343B0220BC470220109101206B
:103AE400915C0220025D0220985C0220975C022017
:103AF400203D0220243D0220E15C0220965C02204D
:103B0400954B01222DE9F047C3F88C200EF004FAFE
:103B140008F034FD914B1B784BB1914C2368013371
:103B2400642B236003D107F0B5FC002323608D4B85
:103B34001B780BB109F0A4FA0EF02AF9431C03D048
:103B44000EF029F92BF028FD874D884C2E686EB9AC
:103B54001C201EF039FA2B68012808BF26602BB9F7
:103B64001C201EF031FA08B9012323602B68012BB5
:103B740019D17F4E30781EF027FA012807D17D4BEA
:103B840018781EF021FA012804BF022323602B6851
:103B9400012B08D130781EF017FA20B9764B1B6838
:103BA4000BB9032323602B68012B2BD1734B1A7899
:103BB400012A07D1704A1268012A03D10422226023
:103BC40000221A706E4E226833689A420FD0062B78
:103BD40003D1002116201EF0D7F9206801F028F83F
:103BE40007F01CF8002009F079F82BF019FDFFF715
:103BF400DFFE2368062B17D8DFE803F00E420E58C9
:103C04005B399000032BDDD15E4B1B7813B1062387
:103C14002360D7E70523FBE75B4B1B681BBB002036
:103C240000F0F2FA00F034F9236833600AF06EFE13
:103C340007F002FC554A106800280BDD54490B6854
:103C44009842C5BF0133012200230B60CABF514B08
:103C540013601A70504B1B68012B40F0C980BDE8FB
:103C6400F04707F0DBBE002006F0AEFFDCE7464B72
:103C74001B68002BD3D0012BF5D12BF089FCD3E7A3
:103C8400012116201EF080F91C201EF09DF940B180
:103C9400424B002116201A68414B1A601EF074F939
:103CA400C2E703F0CDFC0AF031FEEDE702F01CF8A8
:103CB400BAE73C4D01211620DFF8F0801EF064F9CC
:103CC400DFF8AC902F68DFF8ACA02B68D8F80020A0
:103CD400DB1B934207D9002116201EF055F9322030
:103CE40007F03EFDA0E799F800001EF06DF928B931
:103CF40007F028FD2F6807F041FDE6E79AF8000079
:103D04001EF062F910B907F023FDF3E700219FEDDF
:103D1400260A0122084601F0FFFDD6E7194F0121CA
:103D2400DFF88C8016201EF02FF92BF079FC3978FF
:103D340021B91A4B1A681A4B1A60CDE7D8F800302B
:103D4400052B04D0062B35D00AF0E0FDEFE703F095
:103D540077FC08F013FCF7E700400042DC5C02202B
:103D64003C3B02207A5C0220303D0220343D02209C
:103D7400ACCC0020A8CC0020203B02209D5C02207B
:103D8400303B0220935C0220143902206449022053
:103D940088BE00202E5D0220283B0220F000012076
:103DA40068C30020BC47022000000000ECC50020CE
:103DB400A03402200F4B01220F4DC3F88C200F4A70
:103DC400136883B128680E4988420CDC0D4A4FF011
:103DD400004103EB8000C2F88C1003F0DDFC2B687B
:103DE40080332B60B0E700232B603B701360ABE79C
:103DF400BDE8F08700400042F81C0220C0390220D0
:103E0400FF50020000C0004208B50A480EF0BEF997
:103E140078B1102805D0202807D0BDE8084003F069
:103E2400EFB9054B01221A60F7E7034B4FF0FF325D
:103E3400F9E708BDDD5C02204C3B022010B51048B8
:103E4400104C0EF0A3F908B9206010BD102809D059
:103E540020280AD00C4B1B68013B022B08D80023F6
:103E64002360F2E701232360F4E74FF0FF33FAE71E
:103E7400064A23681068584306F0CAFFEFE700BFFC
:103E84008D5C0220A839022064C300203CC70020B6
:103E94002DE9F04F494E0025DFF83C814FF0844A6C
:103EA40006F6F477DFF83491DFF834B100202DED15
:103EB400068B83B006F088FE4FF48013CAF88C306A
:103EC400D9F80030AB425ED0DBF80030AB425AD0B8
:103ED400D8F800305BB1C3F1A302002005F2112130
:103EE4001BB2009012B209B2354817F039F8354BBD
:103EF400B0EE080AB2EE0EAADFED339A93ED008A13
:103F0400324B9FED339AB8EEC88A1B68DFED318AD5
:103F1400012B0BBF96ED017A97ED017AD6ED007A6D
:103F2400D7ED007A07BF77EE877A96ED027A77EEBF
:103F3400877A97ED027A77EE877A87EE800A23F004
:103F440089FE20EE0A0A20EE290AC0EE097A77EEED
:103F5400A87A77EE887AFDEEE77A17EE904A002C7D
:103F640029DD732C4FF61F0305F211211448A8BF55
:103F74007324009309B2C4F1A30223B212B216F05F
:103F8400EFFFC8F800400135002006F01DFE08F1DF
:103F94000408B5F5877F06F10406A7F104078BD161
:103FA4004FF084434FF48012C3F8882003B0BDEC73
:103FB400068BBDE8F08F0024E3E700BFB41E0220A7
:103FC400DC470220B42E02200000E842A034022084
:103FD4000000C8420000000068BA0120A039022095
:103FE4009C39022010B5444C86B0206802A907F021
:103FF40039F802220321414816F084F900213F4890
:1040040015F005FE002200B240F20223114601928F
:1040140000903A4817F068FA394B1A68394B002A6D
:1040240039D1394A30201168226800FB01335968BC
:10403400914202DC9B689A422ADD4FF478412F4872
:1040440016F05BFD00232D481A46194616F0D6F8E3
:1040540002A92A4809F01AFC02220121274816F075
:1040640051F94BF2B251254816F047FD00234FF4A5
:10407400AA7122481A4616F0C1F802A9234B1868FF
:1040840006F0F0FF02A91D4809F000FC06B010BDBF
:104094004FF4FC61D3E71E4A30201168226800FB0C
:1040A40001335968914202DC9B689A4221DD4FF446
:1040B4007841124816F021FD0023DC210F481A46EE
:1040C40016F09CF802A90D4809F0E0FB0222012138
:1040D4000A4816F017F94BF2B251084816F00DFDD4
:1040E4000023142105481A4616F088F802A9094B42
:1040F400C5E74FF4FC61DCE754560120DC4702209D
:104104007C1E022094BE0020BCC50020C8C500202F
:10411400C0C50020C4C5002030B5102389B00025D7
:104124001B2240F211213148CDE90035B42317F0A8
:10413400DBF90DF04DFE9FED2E7ADFED2E7A4FF474
:10414400784230EE077ADFED2C6A40F211212748DD
:104154008DED030A27EE277AC7EE267A9FED277A9C
:1041640077EE877AFDEEE77A17EE903A1CB20E23CB
:1041740024EAE474B42CA8BFB424CDE90032234665
:104184001B2217F0B1F94FF6FF71184816F0B5FC71
:104194002946164816F0E1F82946144815F037FD6B
:1041A400502300B21B2240F2C921019500900F4810
:1041B40017F09AF905AB9DED030A1B224FF43271F7
:1041C40001202BF079FA4FF4FC61084816F095FCB5
:1041D4000B49064809F05AFB0A4B9DED030A1B786C
:1041E40013B1204608F0C2F809B030BDDC47022004
:1041F4000000FE420000D8420000584200000000C7
:10420400AC9E0020805C02202DE9F04F0546012081
:104214002DED048BADF2344D06F0D6FCA74B1B6894
:10422400012B06D0A64B1A68A64B53F82220A64BA6
:104234001A605DB14FF40062DD21A4480DF2344DE3
:10424400BDEC048BBDE8F04F1EF01ABAA04BA94692
:104254009E4EA8460A930CABDFF860A20B939849D4
:104264004FF084424FF480239A484FF0300B9A4F1A
:10427400C2F88C3001350A6803680BFB0274974A54
:1042840002EB0313A48DB3F80AC0D3ED018A0A9B91
:10429400644493ED000AA4B206F060FE8D488F4A90
:1042A400B0EE409A0368864902EB031309685A8901
:1042B4000BFB017793ED018A0A9BB7F82CB093EDC1
:1042C400010A04339344804F0A9306F047FE68EED4
:1042D400898A1FFA8BFB28EE000A814B3A68FDEEAF
:1042E400E88A1B68BDEEC08A18EE901A0C4418EEDA
:1042F400101A8B4424B20FFA8BFB1C1BA3EB0B0B81
:10430400A41AABEB020BDAF80020012A05D11B1B1F
:10431400042B00F3958008F101083268DD2A40F08F
:1043240094807368DD2B0CD06E4B196849B912B2B6
:1043340001912BB26C4800921946B6F9042016F08C
:1043440075FDDD2C00F3B580BBF1DD0F40F39380E8
:104354000123482C4FF0DD0BB8BF4824002B40F05C
:10436400918046F8044BC4F1CA04604B0020742CBD
:104374000B9AA8BF742424EAE47433F8143022F8A6
:10438400023B0B9206F020FC40F2FF139D427FF4A7
:1043940066AF4E4BC3F8FCB7FFF7BEFEDAF8003049
:1043A400012B05D1B8F1660F5CDD3B6801333B603E
:1043B4004C4B1C68002C37D14D4EC0234D4D01276A
:1043C400F72249483946CDE90744CDE90543337816
:1043D40004932B780393F823CDE90173464BB3F987
:1043E400003000934FF4007316F0ECF93E4815F0DA
:1043F40019FE296802233C48B94213BF21462B60A9
:104404003160336018BF2F6016F082FE01210CABBF
:104414003548F72201934FF40073009116F076FCAF
:104424000021314816F074FE4FF084434FF480228B
:10443400C3F888200DF2344DBDEC048BBDE8F08F39
:10444400902BC8BF09F1010967E7482A7FF46CAFD4
:104454007368482B67E70023DD247AE74FF0480BA5
:104464005C467EE7B9F1190F02DCB8F1320F9FDC2C
:104474003B68013B9BE7472C16DDBBF1480FB8BFF7
:104484004FF0480B174B1B68002B7FF46AAF4FF6B5
:10449400E0722BB21448019222B2194600920FFA2C
:1044A4008BF216F0C3FC5CE7BBF1470FD6DD482462
:1044B400E8E7BBF1DD0FCEDCDD24DEE7383B02208C
:1044C400B8C50020AC34022064BA012064B20120D3
:1044D40090E92320E0C5002094BE0020F0C5002010
:1044E400AC47022014390220DC4702205A6A00201B
:1044F40078BC002074BC0020A4CF0020B44B1A6800
:104504004FF40073934007EE903AB24BF8EEE77A1B
:1045140093ED007A2DE9F04F2DED028B87EE878A1B
:104524002DED02AB83B09ABBDFEDAB8A68EE288A2F
:10453400AA4BDFF8D482D3ED007AA94BF8EEE77AE0
:10454400D8F800101B68DFF8C4925B1AD7EE888A8B
:10455400D9F8002007EE103AA24CB8EEC77AFDEE67
:10456400E87A27EE087A9FED92AB17EE90BAB7EE91
:10457400C77A27EE0A7BFDEEC77B17EE905A092A0D
:1045840018D8DFE802F0081254544508080808084F
:10459400DFED958ACCE7954B1B685B442B44B3F560
:1045A400007F07DD0123237004E0904B1B685B440C
:1045B400AB42F7DB8E4E01218E484FF0820A16F093
:1045C400A7FD336800228C4F01338A48B7F90010E5
:1045D4001BB2CDE900A25C2216F086FF00238749B6
:1045E4005C2200935346B1F90010824816F0B8FCDF
:1045F4002378002B71D1D9F800307C4C092B00F2C0
:10460400D280DFE803F03D75B6B6833D3D3D3D3DC8
:104614007B4B93ED007AB8EEC77A27EE087AB7EEB3
:10462400C77A27EE0A7BFDEEC77B17EE905A6F4BD5
:1046340093ED007A05EBD5735B10B8EEC77B06EEFD
:10464400103A9FED5D5BB8EEC66B26EE056B05EE8A
:1046540090BAB8EEE54B37EE465B35EE045BB5EE4B
:10466400C05BF1EE10FA9DD437EE067B9FED546BE0
:1046740037EE047BB4EEC67BF1EE10FA9ADD91E7D7
:104684002368D8ED007A5B44F8EEE77A07EE103A37
:10469400B8EEC77AA7EE887ABDEEC78A4FF08208D3
:1046A400102318EE101A5C22524809B2CDE9008397
:1046B4002BB216F019FF216840F2FF735C225944B3
:1046C4004C480093434609B216F04AFC23684B4A0F
:1046D4005B4487ED008A356013600021454803B0D0
:1046E400BDEC02ABBDEC028BBDE8F04F16F010BD83
:1046F4002368D8ED007A5B1BF8EEE77A5B4407EE9B
:10470400103AB8EEC77AA7EEC87AC5E73C4BD4EDA9
:10471400006A93ED007AB8EEE66BB8EEC77A9FEDC7
:10472400265B27EE087AB7EEC77A27EE0A7BFDEE02
:10473400C77B17EE903A03EBD372521007EE902A20
:10474400B8EEE77BA7EE456B07EE90BAB8EEE77BD1
:1047540037EE067BBDEEC78B07EE903AB8EEE77BEB
:104764009FED196B27EE067BFDEEC77B17EE905A83
:1047740094E705EBD573D4ED006A5B10B8EEE66BF5
:1047840007EE903A9FED0C5BB8EEE77BA7EE456B26
:1047940007EE90BAB8EEE77B37EE067BBDEEC78B2B
:1047A40007EE905ADAE79FED178A77E7AFF30080B8
:1047B400F6285C8FC2F5F03FC3F5285C8FC2ED3F4D
:1047C4000000000000008040666666666666EE3F94
:1047D400F0CE0020683F022000803B47A83F012024
:1047E400A4340220025D0220000000006CC30020FB
:1047F40060B20120DC47022058B201205CB20120E3
:104804008CCC002000000000A8340220A034022038
:104814003D4BB1EE094B93ED007A3C4BB8EEC77AB1
:104824009FED375BB7EEC77A2DE9F74F87EE046B40
:1048340093ED007A364C2C270025DFF8D8A02046CB
:10484400DFF8D490B8EEC77A01214FF6FF7B36EE3D
:10485400456BFDEEC67B17EE908AB7EEC77A87EEFE
:10486400046B36EE456BFDEEC67B17EE906A16F0D0
:104874004FFCBAF90010204608234822CDE9007500
:1048840016F032FEB9F90010204608237422CDE94F
:10489400007516F029FE08F101014FF4FC6320466F
:1048A400482209B2CDE90073072316F01DFE3B46EA
:1048B4000FFA88F120464822CDF800B016F050FBDC
:1048C400711C4FF478432046742209B2CDE9007379
:1048D400072316F009FE204631B23B467422CDF878
:1048E40000B016F03DFB29462046CAF80080C9F8FE
:1048F400006003B0BDE8F04F16F00ABCAFF30080CF
:1049040000000000000040402CC7002030C70020F9
:10491400DC4702207CBC002080BC0020F8B54FF0AE
:1049240084439C695A6914400DD0254F01269C612B
:1049340094FAA4F5B5FA85F557F8253006FA05F585
:104944009847AC43F4D11F4B9C695A6914400DD06D
:104954001D4F01269C6194FAA4F5B5FA85F557F824
:10496400253006FA05F59847AC43F4D1174B9C69FA
:104974005A6914400DD0164F01269C6194FAA4F58F
:10498400B5FA85F557F8253006FA05F59847AC438E
:10499400F4D1104B9C695A6914400DD00E4F012676
:1049A4009C6194FAA4F5B5FA85F557F8253006FA12
:1049B40005F59847AC43F4D1BFF34F8FF8BD00BF62
:1049C40094C700200040004214C800200080004228
:1049D40094C8002000C0004214C900200548064BBA
:1049E4001B1AD90F01EBA301491002D0034B03B1E9
:1049F40018477047C0D60020C0D600200000000031
:104A040008B5054B1BB105490548AFF30080BDE867
:104A14000840FFF7E3BF00BF00000000B83B0220DE
:104A240000DC046010B586B00446CDE9042103938C
:104A34001CF08AFC9DF82000059900902046DDE9D1
:104A440003321CF0E7FC204606B010BD0E4B10B537
:104A54000446104623600023617222618A00237297
:104A64001946E3601DF00CFE084A136833B914605C
:104A74000023204663616360A37210BD1A465B691C
:104A8400002BFBD15461F3E788360020086701202E
:104A9400002210B511460446FFF7D8FF064B204606
:104AA4002360002384F8603184F86131C4E956330B
:104AB400502384F8623110BDD436002010B500F1C3
:104AC400180201210446FFF7C1FF064B204623606C
:104AD400002384F86433C4F8603384F8653384F8BD
:104AE400663310BD6837002010B504460EF0B3FCE1
:104AF400012384F8663310BD304BD3ED007AFDEE0C
:104B0400E77A10B52E4C17EE900A2AF0E1FD012148
:104B140020460DF085FB4FF4FA712A482AF088FDEF
:104B240040F273122A2120460DF0C4FB60B18822A2
:104B3400202120460DF0BEFB30B1E288242120461E
:104B440022F004020DF0B6FB0A211D480DF012FDFF
:104B540000221B4811461C4C0DF034FD0D21184851
:104B64000DF03BFD16480DF048FD002120460DF0E8
:104B740057FB20460DF088FC5522202120460DF0DD
:104B840099FB30B1E2882421204642F004020DF062
:104B940091FB40210C480DF0B6FC0C4B4FF4C802BD
:104BA4000B489A611CF046FC0A4B00220A4883F821
:104BB4006623BDE810401CF03DBC00BF683F0220E6
:104BC400803F0220000020208C3F02208C1E022007
:104BD400B43C0220E84901203C3C022008B50648C8
:104BE4001CF0BEFB05481CF0BBFB0548FFF77CFF2F
:104BF4000448FFF779FF08BD003C0220283C02204E
:104C0400B03F01208046012008B504481CF0A8FBF1
:104C14000348BDE808401CF0A3BB00BF643C02206D
:104C2400783C022001481CF09BBB00BF503C022092
:104C3400F8B500243C4E3D4F05463D4887F8664391
:104C440086F866431CF0F6FB3A481CF0F3FB384642
:104C54000EF001FC3046384E0EF0FDFB374886F866
:104C640066431CF0E7FB30460EF0F5FB34481CF0BD
:104C7400E1FB34481CF0DEFB33481CF0DBFB334B18
:104C840083F86341324B83F86341324B83F86341C9
:104C9400092D0ED8DFE805F018051835350E1D303E
:104CA400333826481CF05CFB2348FFF71DFFFFF751
:104CB400ABFFF8BD284B1B68052B05D127481CF01A
:104CC400B9FB27481CF04CFBFFF788FFFFF7AAFF4E
:104CD400EFE7214B1B68052B04D0062BE7D1FFF728
:104CE400A1FFE4E71D481CF03BFB1348FFF7FCFE63
:104CF4001B481CF09FFBF2E7FFF770FFD9E7FFF7B3
:104D04006DFFFFF781FFE1E70C481CF029FB0A481F
:104D1400FFF7EAFEFFF778FF12481CF021FB124868
:104D2400FFF7E2FEC5E700BF80460120B03F012047
:104D3400003C0220283C022018430120143C02209D
:104D4400503C0220643C0220783C0220504D01205B
:104D5400B44E012018500120A0340220B43C02209B
:104D64008C3C02203C3C0220E84901202DE9F74F0D
:104D7400844B0A22844900241A721960834BDFF899
:104D84003C821A720022196040461146804FFFF798
:104D94005DFE804B4046DFF828A2C8F800300DF0D5
:104DA4000FFEDFF8209238467B4EFFF787FE504611
:104DB4007A4DFFF783FE3B46414602224846009463
:104DC400FFF730FE4846DFF8009232462946DFF806
:104DD400FCB125F04DFF534641460322484600945A
:104DE400FFF720FE32462946484625F041FF6C4B2A
:104DF400DFF8DCA11846DFF8DC91FFF75FFE5046D0
:104E0400FFF75CFE664B2246414648460094FFF796
:104E140009FE4846DFF8C0913246294625F028FFAE
:104E240053464146012248460094FFF7FBFD3246B3
:104E34002946484625F01CFF5A4B0421DFF89CA163
:104E440003F118021846FFF701FE564B564A4FF07D
:104E540001091846DFF888811A600EF017F95349E2
:104E64000846FFF715FE5046FFF712FE4D4B22464B
:104E74004E4940460094FFF7D5FD4046DFF8648173
:104E84003246294625F0F4FE464B22465146CDF8DB
:104E940000904046FFF7C6FD4046DFF84C8132469D
:104EA40029464FF0020A25F0E3FE4046FFF7F0FDE5
:104EB4003C4B22464146CDF800A05846FFF7B2FDD0
:104EC4005846DFF828B13246294625F0D1FE0BF1C9
:104ED400180251465846FFF7B9FD354BDFF810A1CB
:104EE4005846CBF800301EF027FF0AF11C02494651
:104EF4005046FFF7ABFD2F4BDFF8F890CAF80030AF
:104F04004FF480334846CAF818301CF01DFA534653
:104F1400224641464846DFF8E08000941CF07AFAC5
:104F240032462946484625F0A3FE5B4622465146B2
:104F340040460094FFF776FD4046DFF8C0803246D5
:104F44002946DFF8BC9025F093FE224621464046D0
:104F5400FFF77CFD184B4046C8F800301EF00EFEEB
:104F640048461CF0F1F9224641463B464846009427
:104F74001CF050FA32462946484603B0BDE8F04FCB
:104F840025F076BE803F0220B83800208C3F0220F6
:104F9400184301200C3800209CBC002039DB0100A0
:104FA400B03F0120483A022018380020B44E0120B6
:104FB400C8360020BC360020B0360020303A02202B
:104FC400E8490120143C02203C3C0220503C0220D1
:104FD40080460120003C0220283C02201850012079
:104FE400643C0220783C0220504D012018490220E4
:104FF4008C1E02208C3C0220A03C0220004902208E
:10500400B43C0220704700000D4A38B514680546C8
:105014000C4B1F2C09DC185501341460002209487C
:105024001A55BDE8384008F02DBD1F22591C1846FA
:1050340027F03AFC0219034602F8015CEEE700BFD0
:10504400ACBE0120B95B02202DE9F043089F002586
:105054004FF0FF363C46A1EB070915601D60A145E2
:1050640007DC002EC2BF50F8261011601E60BDE898
:10507400F083A4EB070E4FF0000C07EB0408C645C1
:1050840005DD6545DCBF264665460134E7E750F893
:105094002E100EF1010E8C44F1E700000000000018
:1050A4004D4B2DE9F0411D6888B055F820300A2B8E
:1050B40056DC55F8203007EE900A0133B8EEE77A53
:1050C40045F820300023CDE90433444BD3ED007A76
:1050D400B4EEE77AF1EE10FA57D80123FCEEE77A42
:1050E40002AA2846019306AB17EE901A009304AB6C
:1050F400FFF7AAFF049A3A4B02B11A60186800211C
:10510400384F40F2EE23384C4000DFF8E4C0D7F8C3
:1051140000E02268DCF8008055F82360002E07DDEB
:10512400BEF1000F04D18342BEBF01211A468E4650
:105134009042BCBF42460121013BEDD101B1226046
:1051440000233B602368CCF80030049B0BB1244A55
:105154001360059B0BB1254A136008B0BDE8F081CC
:105164009FED1B6B2B1F05F6B43293ED017A0433CC
:10517400B8EEC77A9A42B7EEC77A27EE067BBCEE42
:10518400C77B83ED007AF0D193E777EEA76AB4EE9C
:10519400E67AF1EE10FAD8D8FDEEE77A032303AAF3
:1051A400019307AB17EE904AFCEEE67A009305AB49
:1051B400013417EE901A05EB8400FFF745FF059BB9
:1051C400002BC2D0094A1360BFE700BFAFF30080D1
:1051D4009A9999999999E93FEC39022040CF002096
:1051E400E43902206C390220D0480220E839022038
:1051F400D4480220000000007B4B7C497C4A70B5F7
:105204001C68054686B07B4834B97B4C24680C6026
:105214001468046001241C6012680068121A142ABD
:10522400764A0BD91868012808D17548046875486E
:1052340004607148006810600020186009681068F4
:1052440007EE101A704A07EE900A704BB8EEC77A50
:10525400F8EEE77A37EE076AF4EEC67AF1EE10FA62
:1052640009DB684CD4ED006AF8EEE66AB4EEE66A4F
:10527400F1EE10FA10DA77EEA77AB4EEE77AF1EEEF
:1052840010FA33DB5F4C94ED007AB8EEC77AF4EE93
:10529400C77AF1EE10FA29DB06EE900AD2ED007A15
:1052A4008842B8EEE65BD3ED006AB8EEE77BB8EE71
:1052B400E66B9FED474B9FED483B27EE047B26EEC4
:1052C400046B04EE901AB8EEE44B25EE035B24EE77
:1052D400034B6CDB37EE047B35EE065BBDEEC77B20
:1052E400BDEEC55B82ED007A83ED005A14681E683A
:1052F40006FB04F3344400EE103A6410B8EEC00B1D
:1053040022F0A6FB07EE904AB7EEC00B404BF8EE36
:10531400E77A83ED000A3F4BC3ED007AFCEEC07AD6
:105324003D4B1C6854F82530013344F8253017EE02
:10533400905AFDEEC07A013D17EE903A23B154F82D
:105344002320002A40D00393012303AE04AA294654
:10535400204601930096314BFFF776FE0323C5F5F3
:105364003B7105AA04EB85000231CDE900632C4BA7
:10537400FFF76AFE1A682A441A60049B052B14DDA1
:10538400059B052B11DD231F04F6B4349FED146B2C
:1053940093ED017A0433B8EEC77B9C4227EE067B7B
:1053A400BDEEC77B83ED007AF2D106B070BD37EE57
:1053B400057B36EE046BBDEEC77BBDEEC66B82ED9E
:1053C400007A83ED006A91E7013BB7E7AFF3008011
:1053D400CDCCCCCCCCCCEC3F9A9999999999B93F46
:1053E4009A9999999999E93F544902205849022078
:1053F400BC470220A03F0220983F02205C490220C3
:10540400F0390220F439022090BE00208CBE002026
:1054140040CF0020CC4802209C3F022018390220B3
:10542400F8380220000000006B4B1A68D20770B5F0
:1054340005D46A4A11686A4A116001221A60694CEB
:105444002378062B2AD8DFE803F0045B7D2929A8FA
:10545400BA00654B01281A68604B20D11D68207082
:10546400624BA81A1D601428614B186016DD614B4D
:10547400B0EE087AD3ED007A67EE877AFCEEE77A2D
:1054840017EE903A834209D9554C41F28832236889
:10549400EB1A934202DDFFF703FE256070BD1B6823
:1054A40055490B609B1A554A07EE903A1360544BCA
:1054B400B8EEE77B93ED006A9FED455BB8EE466B73
:1054C40026EE055BB4EEC57BF1EE10FA05DD4D4B1F
:1054D4001B7813B105232370E0E7B1EE025B26EEDF
:1054E400056BB4EEC67BF1EE10FA54DD464B1B7827
:1054F400002B50D1434B1B78002B4CD10623EAE7F9
:105504000028CBD1394A354B10681B683F4D181A17
:105514003F4A2B60132810603DDDA0F11502B2F55F
:10552400367F0AD82E4E32689B1A41F28832934253
:1055340003DDFFF761FE2B6833602B4B2A681A608A
:105544000223C8E7324B18682D4B07EE900A1B68FC
:10555400B8EEE76B07EE103ABBEEEF7BB4EEC76B29
:10556400F1EE10FA17DD234D2A4AD5ED007A1378AF
:10557400FDEEE77A28495B0817EE905A13700A7813
:10558400A8424FF001051F48B4BF52199B1805707B
:10559400B4BF0A700B7000239DE71F4D1F4A2B7880
:1055A4001268D05CFFF730FD1A4A80210023117085
:1055B400144A2B701370144A237013706EE7202062
:1055C400FFF722FD08F0DEFE0F4B01221A70E2E71E
:1055D400333333333333FF3F5C560120BC4702205F
:1055E40004910120B7570220089101200091012065
:1055F400F039022040CF0020B03B0220743A022050
:10560400183902207F5C02207D5C0220C83402200D
:10561400983F0220E3CF0020825C022054C3002084
:1056240010B52DED048B08EE900AB6EE005B1C4617
:10563400B8EEE87BB8EEE86A27EE057BB7EEC78BD9
:1056440007EE901A07EE102AF8EEE77AF8EEC76A2A
:1056540067EE867A87EEA67AB7EEC66AB7EEC77AA1
:1056640037EE057B9FED205BBDEEC77BB8EEC77BB5
:1056740027EE057B87EE069BB7EEC99BB0EE490A81
:1056840023F082FBF0EE409AB0EE490A23F080FC4E
:10569400DFED177A30EE006A2346B0EE677A002217
:1056A40018EE901AF1EE676A8A4211DBA6EE807A50
:1056B40027EEA90AC0EE087AC7EE086ABDEC048B8F
:1056C400BDE8104027EEA70AA6EEA60A22F0F2BA19
:1056D400E7EE066AF3EC015AF0EE477A013236EE51
:1056E400A57ADDE7AFF30080182D4454FB2119405F
:1056F40000000000000000005F4B1B68012BF0B5A8
:105704002DED068B83B040F0AA805C4C4FF480737F
:105714005B4D22685B495C4820F0D0FB2B685B4EF4
:1057240000934FF4807320681946594A21F00EF80B
:105734003246286840F2FF11564B1FF08FFB564B40
:1057440096ED006A45F6C05293ED007A40F2EE21E0
:10575400B7EEC66A2768B7EEC77A4FF480709FED3C
:1057640042AB9FED439B27EE0A7BA6EE097BB7EE87
:10577400C77B83ED007A3B46FFF752FF3A464FF46E
:10578400807346494648F0EE408A20F097FB2B6828
:10579400444F00934FF48073206819463C4A20F02C
:1057A400D5FF3A46286840F2FF113F4B1FF056FBE5
:1057B4003E4B97ED008A40F2EE2193ED007A45F6D8
:1057C400C052B7EEC86A4FF48070B7EEC77A384D4E
:1057D40027EE0A7BA6EE097BB6EE009AB7EEC77BEE
:1057E400D6ED007A38EE278A83ED007A314B28EE25
:1057F400098A83ED008A2368FFF712FFF2EE047A28
:1058040038EE800A2C4B2D4C28EE278ADFED2C7ABB
:1058140020EE090A28EE278A83ED000A28EE008A82
:1058240084ED008A85ED008A08F0F6FD2A684FF6BB
:105834002050244B1A6029F01BFF94ED007ADFED11
:10584400227AB4EEE77AF1EE10FACCBF0120002000
:1058540003B0BDEC068BBDE8F040FFF7E5BD03B037
:10586400BDEC068BF0BD00BF333333333333D33F4A
:10587400666666666666E63F04390220F0340220F6
:105884008430022094A92420301201209030022078
:10589400A43F022088300220BC2E022094892420B8
:1058A40038170120943002208C300220C02E0220B0
:1058B40078300220B82E02200C3A022074300220E4
:1058C4000000C8427C3002200000484208B51C2079
:1058D4001CF07AFB28B9034B1B68012B04BF024A56
:1058E400137008BD303D02209D5C022008B5074BB3
:1058F4001B68012B09D11C201CF066FB28B9044B42
:105904001B68012B04BF034A137008BD203B02200F
:10591400303D02209D5C02202DE9F0412DED088BE5
:10592400ADF5005DB44B0E46B0EE409A82B0B7EED2
:10593400000AB24905461746B1484FF4807293ED08
:1059440000AA21F095FBB7EE000A4FF48072AD492E
:10595400AD4821F08DFB002E00F01581B7EEC96A29
:10596400A648B2EE044BA7490024DFEDA83ADFF8BD
:10597400CCC2DFF8CCE29FED905B012D40F0E680D5
:1059840026EE057BFDEEC77B17EE903A802BA8BF71
:105994008023A34200F3F48003F18002A24240F387
:1059A400EC80E31A0EEB8303D3ED007A90ED007ADA
:1059B400013427EE277AB4F5807FA0EC017A91EDCB
:1059C400007A67EE277AE1EC017AD6D14FF480733E
:1059D4008F4A8A498F4820F03DF84FF40073874A74
:1059E4008B498D4820F036F84FF48073884A8549F6
:1059F4008A4820F02FF84FF40073824A844988487B
:105A040020F028F8874B1B78002B00F0D080B8EEEC
:105A1400CAABB1EE041B9FED6A8BB0EE4A0B22F0C9
:105A2400EBFCB1EE001BB0EE40BBB0EE4A0B22F033
:105A3400E3FC28EE408BB0EE081BB0EE4A0B9FED62
:105A4400627BABEE078B22F0D7FC774B1A682AEE09
:105A54004A6B764B03EB82039FED5D7BA0EE078BD5
:105A64009FED5D7BA6EE078B9FED5D7BAAEE078B1A
:105A74009FED5D7B38EE078B9FED5D7B88EE070B1A
:105A840093ED007AB7EEC77A20EE070B5B494FF42B
:105A94000062B7EEC00B08468DED010A21F0E8FA6A
:105AA40058494FF400629DED010A084621F0E0FADE
:105AB4004FF4006202A951481FF028F80DF58051F7
:105AC4004FF400624F4808311FF020F8012D04D133
:105AD4001EB1574B1A68574B1A60DFF868810023D0
:105AE400554C4FF4006202A9404688F8633184F8AB
:105AF40063310DF044FC0DF580514FF400622046F3
:105B040008310DF03CFC01239D4288F8633184F890
:105B1400633110D17EB1474A454910680B681B1A9E
:105B240007EE903AF8EE677AF4EEC97AF1EE10FADD
:105B3400F4D40B68136017B10A2005F011FE0DF5BB
:105B4400005D02B0BDEC088BBDE8F08134EE467B0D
:105B540027EE057BFDEEC77B17EE903A802BB8BF8E
:105B64008023A3F18002A24207DCA34208DDA21A2B
:105B74000CEB8202D2ED007A18E7F7EE007A15E713
:105B8400F0EE637A12E7002D7FF420AF1B494FF447
:105B940080729FED1E0A084621F06AFA19494FF4F3
:105BA40080729FED1A0A084621F062FA0EE7B7EEFA
:105BB400000B6BE7AFF30080000000000080394069
:105BC4001F85EB51B84E6340E4141DC9E57F1940AD
:105BD40033333333337596400000000080F0B8400F
:105BE4000000000040C9D0400000000000168E40B4
:105BF40000000000006AF8407CCF00209469242053
:105C0400A44302209449242098300220000000007C
:105C140094292420F427012024280120002801208D
:105C240030280120B2D10020B8C5002058A300209C
:105C3400BC470220EC34022018500120F834022022
:105C4400F8360220B44E012070B50A23A0F11405E1
:105C5400B0EE047B0121002604460022B5FBF3F5D7
:105C64001D4B1B68B0FBF3F300EE103A0846B8EE88
:105C7400400B2DED028B20EE070BDFED188AF1EEC1
:105C8400047AB7EEC08BB4EEE78AF1EE10FAC4BF23
:105C9400B0EE048A05F1FF35B0EE480AFFF73CFE8A
:105CA400B54210DC00220121B0EE480A1046FFF78D
:105CB40033FE0B4B0B491A680B689B1A9C42FBD8AA
:105CC400BDEC028B70BD0022B0EE680A01200136E3
:105CD4001146FFF721FEE3E7D84802200000000048
:105CE400EC340220BC4702202DE9F8431E4E01216A
:105CF400162001251CF048F9DFF874803768DFF8B6
:105D040074903368D8F80020DB1B934208D916201E
:105D140000211CF039F93220BDE8F84305F020BD1C
:105D240099F800001CF050F9044618B101280ED06F
:105D34002546E6E7012D37689FED0C0A0DBF2A467C
:105D44000122014611461046FFF7E6FDF0E79FEDFC
:105D5400070A02462DB901462846FFF7DDFD3768DC
:105D6400E6E700210846EFE7BC47022000000000F8
:105D7400ECC50020ACCC0020C54B1B682DE9F047D6
:105D84002DED068BC3B9C34A92ED007AC24AD2ED17
:105D9400007A0133083267EE877AB3F5807F42EDEB
:105DA400027A52ED017A67EE877A42ED017AEED1FA
:105DB400BDEC068BBDE8F0879FEDB38BB64D4FF07D
:105DC4000009DFF85083D8F80030B44F5A1CDFF8CC
:105DD40048A395ED010AB2F5F06FCCBFA3F5F063CB
:105DE400C8F80020AE4AC8BFC8F800301368D8F815
:105DF4000040591CB1F5F06F8ABFA3F5F063116040
:105E04001360A84B166803EBC40103EBC6020968D0
:105E1400396003EBC401A44B49681B6879600AEB41
:105E2400840182ED010A91ED009A29681160D2ED96
:105E3400007A002B66D1F0EEE77AB0EEC00AB4EE39
:105E4400670AF1EE10FA98BFB0EE670A974B0AEBB7
:105E54008606974AD3ED007AD2ED006A954A66EE3B
:105E6400A76A9549D2ED007A944AE7EE896A86EDED
:105E7400000A92ED006A924AC3ED006A914BD3ED99
:105E8400007A26EE276AD2ED007AA7EE896AD1ED70
:105E9400007AF4EEC97AF1EE10FA83ED006A13D8B1
:105EA400DFED897AB4EEE79AF1EE10FA0CDD874B58
:105EB40040F28176C1ED007A186800231A469042B8
:105EC40027DC0BB1C1ED007AD1ED007A804BF4EE02
:105ED400C07A80481A68804CF1EE10FAD4ED005A6A
:105EE40048BF81ED000A002AC4BF02F1FF321A60E4
:105EF4000278042A65D8DFE812F01E00BC003301E2
:105F04004A01680120EE000AA7EEA70A21F0D2FE9A
:105F14009CE701340132B44208BF00240AEB840C2C
:105F24009CED007AB4EEE77AF1EE10FAC4BFF0EE1D
:105F3400477A0123C3E791ED007AB4EEE57AF1EEF6
:105F440010FA0BDB37EE657A644BB0EE656AD3ED7D
:105F5400007AA7EE276A84ED006A32E0604AD2ED47
:105F6400007A66EEA76AF4EEE56AF1EE10FA05D55A
:105F74000123037037EE657A5A4BE6E75A4A1178E3
:105F84005A4A002966D05A49D1ED007AB4EEE76A3C
:105F9400F1EE10FA5EDD0221B4EE006B017055499A
:105FA40091ED007A5449D1ED007A27EE277AB7EEC5
:105FB400C77A27EE067BBDEEC77B83ED007A01230B
:105FC40013704E4B94ED007AD3ED007A4C4AB4EE44
:105FD400E77AF1EE10FA4ABF00230123C4ED007AF8
:105FE4001370484BD4ED007A93ED009A464BB7EE0C
:105FF400C99A93ED00AA454BB7EECAAA93ED000ADD
:1060040020EE270A04F0AAFFB5EEC00AF1EE10FA5A
:1060140000F3EE80B7EEC00AAAEE409B94ED006A4E
:1060240009F101090835B9F5807FB7EEC66A89EE32
:10603400067BB7EEC77BD7ED007A67EE877A45ED2E
:10604400027AD7ED017A67EE877A45ED017A7FF41B
:10605400BAAEADE6032337EE657AB0EE656A037037
:106064002B4BD3ED007A0023A7EE276A84ED006A58
:10607400A6E791ED007AB4EEE57AF1EE10FA4DDB85
:10608400002303705EE700BF9A9999999999A93FF3
:1060940020A3002008C7002090112420EC3B0220FC
:1060A400703A0220E4C20120B4CC0020DCC20120FA
:1060B400E43B02208C390220F41C0220E83B02203D
:1060C400103A0220E0C2012000000000AC1E0220B1
:1060D400143A0220DC5B0220ECFE0120B01E0220F8
:1060E400CC3C022090390220995C0220DB5B022028
:1060F4001C3A0220243A0220683F0220503B02202E
:10610400045C0220F83B0220A84702207C3A0220CB
:10611400FC380220A4CC0020F0FE0120384AD2ED45
:10612400007AF4EEE57AF1EE10FA3FF523AF1B683E
:10613400002B02DD0223037043E7324B37EE657A0E
:106144001B784BB9032303702F4BB0EE656AD3ED74
:10615400007AA7EE876AFEE6042303702B4BF4E76C
:1061640091ED007AB4EEE57AF1EE10FA05DB002346
:106174000370234BC3ED005AE4E61B68002B7FF445
:1061840020AF042337EE657A0370204BDDE6D1EDB2
:10619400007AF4EEE57A37EEE57AF1EE10FA06DBF2
:1061A40000230370164BC3ED005A194BCDE7164B71
:1061B400B7EEE56AD3ED007A27EE277AB7EEC77A11
:1061C400A7EE086BB7EEC66BC5E6D1ED007AF4EE28
:1061D400E57A37EEE57AF1EE10FAE1DA0B4BF0EE00
:1061E400657AD3ED006AE6EE877AC4ED007AE8E6D4
:1061F4009FED010B10E700BF00000000000000004D
:10620400D8C20120DB5B0220FC380220183A0220AD
:10621400B01E0220F5EE400AF0EE407AF1EE10FADC
:1062240008B52DED028B3BD0B0EEE07AF0EEC06AFB
:10623400B4EEE67AF1EE10FA1FDDF5EEC00A87EE51
:10624400A00AF1EE10FA05DDBDEC028BBDE80840B2
:1062540004F0CABEF5EEC07A9FED198AF1EE10FA89
:1062640006DB04F0C1FE30EE080ABDEC028B08BD6B
:1062740004F0BAFE30EE480AF7E7F5EEC07A9FED77
:10628400118A80EEA70AF1EE10FA04DD04F0ACFEE8
:1062940038EE400AE9E704F0A7FEB1EE400AE9E768
:1062A400B5EEC00AF1EE10FA03DC05D59FED060A3F
:1062B400DBE79FED040AD8E79FED040AD5E700BFAA
:1062C400DB0F4940DB0FC940DB0FC9C000000000F1
:1062D4002DE9F0412DED048BDFED678A0026674D33
:1062E400B0EE689ADFF8D881F0EE689A644F654C96
:1062F40094ED000A20F02EFEB0EE408A94ED000AE0
:1063040020F076FED5ED016A95ED006A26EE887AD6
:1063140028EE468AF0EE470AF0EE487AA6EE807A36
:10632400E6EE000AE6EE007AA6EE808AE0EEA98A9E
:1063340077EE877AB0EE480AA7EEA99A77EEA87AA4
:1063440077EEC97AE8EC017A78EEA97AE7EC017A7B
:10635400FFF760FF4C4B4D4A83ED000AD2ED007A03
:106364004B4B4C49C3ED007A4B4BD1ED006A93ED96
:10637400007A4A49A0EE267AD1ED006AB4EEE67AB4
:1063840083ED007AF1EE10FA02D5C3ED006A07E05E
:106394004349D1ED006AB4EEE67AF1EE10FAF4DC8A
:1063A40093ED007A3F4BF0EE476A93ED006A0023C9
:1063B400E0EE066AC2ED006AD4ED006A77EEA67AD2
:1063C400DFED396AC4ED007AF4EEE67AF1EE10FA04
:1063D4003FDA0BB1C4ED007AD4ED007A0023F5EE78
:1063E400C07AF1EE10FA38D40BB1C4ED007A01365C
:1063F4000835B6F5807F7FF47BAFDFED2C7A2C4C2B
:1064040027EE277ADFED2B7A94ED006A2A4B87EE8C
:10641400270A2A4D1B68002BF2EE047AB7EEC66AEF
:1064240020EE270A9FED107BB7EEC00A20EE070B83
:106434009FED0F7BA6EE070BB7EEC00B85ED000AB0
:1064440001DA07F049FB2B68BDEC048B2360BDE83F
:10645400F08177EEE67A0123B6E777EEA67A012398
:10646400BDE700BFAFF300809A9999999999A93F24
:10647400666666666666EE3F0000000090112420A2
:1064840094892420C83C02200C3902209839022027
:1064940008390220CC390220D83B0220E03B0220FC
:1064A400DC3B0220C8390220DB0FC9400080BB4618
:1064B400FC680120DB0F494164C300207C510120AA
:1064C40094A924200000000070B52B4E0346D0EDA3
:1064D400007A012496ED007A284D37EEC77A90EDC4
:1064E400016AD5ED006A26EE477A76EE666A26EEF4
:1064F400066AA7EEA67AA7EEA76A9FED1D5BB7EE24
:10650400C77AB7EEC66A27EE057B87EE064BB7EE71
:10651400C44BA1EC014A944203F1080309DB02F1E4
:106524008042023A00EB82000368336043682B60C8
:1065340070BDD3ED007A013413ED016A93ED017A55
:1065440026EE676A53ED026AA7EE266A27EE077AFB
:10655400A7EEA77AB7EEC66A26EE056BB7EEC77A42
:1065640086EE074BB7EEC44BA1EC014AD3E700BF5C
:1065740058A99185E4C9D53F041D0220081D0220B5
:1065840008B5354BB8EE006B9FED347AD3ED007A45
:10659400334BF8EEE77A2DED068B87EE879ADFED25
:1065A400317A9FED31AAF7EE008A9FED290B83ED36
:1065B400009A2E4B93ED007A2D4B27EE677AC7EEA7
:1065C4000A7AC3ED007AF1EE677A2A4BC3ED007ABA
:1065D400294BD3ED00AAB7EEEA7A27EE067BB7EE95
:1065E400C96A27EE067B87EE000B21F0B5FD234B2D
:1065F400B7EE007B37EE400BB7EEC08B2AEEC90A2C
:1066040083ED008A80EE0A0A22F0BAF9F0EE409A8D
:10661400B0EE680AA9EE490A21F04CFBCAEE8A7A68
:1066240027EE800A22F0B4FCE9EEC08AB1EE487A83
:10663400134BB0EE005BB7EEC77AB7EEE86ABDEC79
:10664400068BA6EE057BB7EEC77B83ED007A08BD0B
:10665400000000000070D740A8CF00200000C8420E
:106664002C4B0220DB0FC9400080BB46B0CC00207D
:10667400E03B0220DC3B022090CC0020C839022001
:10668400CC390220002070477047006910B10368BC
:10669400DB6818477047006910B103681B69184725
:1066A4007047006910B103685B6918474FF0FF3009
:1066B4007047006910B103689B691847704707B5B4
:1066C400006920B94FF0FF3003B05DF804FB0368A4
:1066D40001220DF107019B6898470028F2D09DF82C
:1066E4000700F1E707B500698DF8071028B10368C2
:1066F40001220DF10701DB68984703B05DF804FB44
:1067040010B50C4C0A220C49204626F028F92046E4
:1067140026F08EFAC0F10A03052B08D95F230A225A
:106724002354013021184FF44E7024F035FE0148F3
:1067340010BD00BF77560220A071002038B5856DCA
:1067440004466DB94FF4807024F028FE0146A0651C
:1067540080B10570206D28B14FF4807210F0B8FF3D
:10676400A06D38BD606D0028FAD04FF480720EF031
:10677400B5FFF5E7014BA365F2E700BF005C02201B
:1067840038B5046D11464CB19BB920460FF0D5FBCA
:1067940078B12046BDE838400FF0B9BF446D44B12C
:1067A40020460DF089FD20B12046BDE838400EF0AA
:1067B4003DBB002038BD036D13B50C4683B10DF10C
:1067C400060201A918460FF0A6FD30B1BDF8043049
:1067D400BDF8062053EA02010BD1002002B010BD1F
:1067E400406D0028F9D00DF1060201A90DF028FC36
:1067F400EBE702F01F01012049002170C2F34511AB
:10680400D20A6170A27003F01F022271C3F3431213
:106814005B0A013A03F5EA636271A371DEE7036D73
:1068240013B50C4683B10DF1060201A918460FF009
:1068340062FD30B1BDF80430BDF8062053EA020110
:106844000BD1002002B010BD406D0028F9D00DF12D
:10685400060201A90DF0E4FBEBE702F01F010120A1
:1068640049002170C2F34511D20A6170A27003F08D
:106874001F022271C3F343125B0A013A03F5EA6370
:106884006271A371DEE7036D13B15869002170478B
:10689400436D13B1D3E9000170471846F6E710B110
:1068A40003681B6B1847704710B50446C9B21BF048
:1068B4004BF82046BDE810401BF011B810B5044653
:1068C4001BF004F82046BDE810401BF008B810B5D2
:1068D40004461AF0FBFF2046BDE810401AF0FFBF43
:1068E4001AF0F4BF13B5044661B10846019126F0CD
:1068F4009FF92368024601995B68204602B0BDE80F
:106904001040184702B010BDFFF7ECBF10B50446A5
:10691400FFF7E8FF2046BDE810401AF0E0BF036D22
:1069240013B1D86900217047436D13B1D3E9040151
:1069340070471846F6E7836B10B55BB1187810F012
:1069440008001EBFD8695B69C01A0028B8BF6FF081
:10695400004010BDC06B0028FBD090F8313013F01C
:1069640008030ED0D0E90413D0E90024881A63EB9D
:106974000403B0F1004F73F1000328BF6FF000402F
:10698400E7E71846F5E708B51030FFF7D4FF08BD70
:1069940008B51830FFF7CFFF08BD836B33B11B7800
:1069A40013F0700F14BF012000207047C06B002843
:1069B400FBD090F8313013F0500FF3E708B51830DE
:1069C400FFF7EBFF08BD10B504461830FFF7E5FFED
:1069D40060B1206D10B100210FF0AFFA606D28B1E5
:1069E40000220023BDE810400DF066BC10BD836B8F
:1069F40023B9C06B003818BF0120704701207047CD
:106A040008B51830FFF7F3FF08BD10B50446806DD4
:106A140018B124F0CBFC0023A36518342046FFF7FB
:106A2400E6FF20B12046BDE8104011F0C1B810BD0A
:106A3400064B10B503600446FFF7E7FF044B04F16F
:106A44001800A36011F0B4F8204610BD3C390020B2
:106A54006436002010B50446FFF7EAFF5C212046A7
:106A64001BF032FE204610BD836B13B118460FF0A5
:106A740032BAC06B08B10DF00ABC4FF0FF3070475A
:106A840008B51030FFF7F0FF08BD08B51830FFF760
:106A9400EBFF08BD836B13B118460FF059B9C06BF7
:106AA40008B10DF031BB4FF0FF30704707B501223C
:106AB4000DF107011030FFF7EDFF01280CBF9DF821
:106AC40007004FF0FF3003B05DF804FB08B5183041
:106AD400FFF7E0FF08BD30B4856B114625B143B91B
:106AE400284630BC0FF029BAC06B10B130BC0DF091
:106AF400E3BB002030BC704738B504460498114607
:106B04001D4620B904F11800FFF7E5FF38BD012840
:106B14000ED1236D04F1180013B15A69002303E068
:106B2400636D93B1D3E900238A1843EB0503EBE7C4
:106B340002280CD1236D04F118000BB1DA69EDE7DA
:106B4400636D13B1D3E90423EEE71A46ECE70020A2
:106B5400DCE7836B13B118460FF014BBC06B08B1AC
:106B64000DF096BF704708B51030FFF7F2FF08BD6F
:106B740008B51830FFF7EDFF08BDD0F838C0F0B401
:106B84009DF810409DF814509DF818609DF81C70F5
:106B9400BCF1000F07D06046CDE90667CDE9044596
:106BA400F0BC0FF05FBDC06B30B1CDE90667CDE935
:106BB4000445F0BC0EF0B2B8F0BC70471FB58A793A
:106BC400A2F150031B0612D40C7802F26C724B79BA
:106BD400183003944C7801330294DBB28C7801941E
:106BE400097900910421FFF7C8FF04B010BD00200B
:106BF400FBE71FB58A79A2F150031B0612D40C7867
:106C040002F26C724B79183003944C78013302947D
:106C1400DBB28C780194097900910221FFF7ADFF72
:106C240004B010BD0020FBE7836B13B118460FF0CE
:106C3400A3BDC06B08B10EF05FB9704708B518303A
:106C4400FFF7F2FF08BD07B501228DF807100DF11B
:106C540007011030FFF7E8FF03B05DF804FB08B547
:106C64001030FFF7E1FF08BD10B504460069436822
:106C7400013B43603BB90368DB6A9847206910B164
:106C840003685B6898470023236110BD044B10B56B
:106C94000360044603690BB1FFF7E6FF204610BD0D
:106CA400D438002010B50446FFF7F0FF1421204625
:106CB4001BF00AFD204610BD10B50446006928B13A
:106CC4000368DB6A98472046FFF7CEFF10BD00003B
:106CD40038B50F4B0025044610310360183051F8C5
:106CE4000C3C40F8145C40F80C3C0A4B40F8103C57
:106CF40051F8083C40F8083C11F8043C00F8043C06
:106D040010F028FF044B2046A565A36038BD00BFE2
:106D14003C39002098390020003900202DE9F04149
:106D2400002594B01A4B4FF47A772A46183104465A
:106D340004A800938DF80C50DFF85C80CDE901576E
:106D4400CDE9125510F084FF04A8FFF750FEC0B13E
:106D54005C201BF0B7FC06466946FFF7B9FF736871
:106D640025730133C4F8008026617360C4E90157B8
:106D7400084B04A8009310F01BFF204614B0BDE894
:106D8400F081C4E901072073C4F800802061EFE7B3
:106D94000039002064360020D4380020012B70B55F
:106DA400044694B027D0022B40F2022318BF0023DC
:106DB4000431684610F0E8FF04A8144EFFF717FEEC
:106DC400E0B15C201BF07EFC69460546FFF780FFBE
:106DD40000234FF47A72266023732561C4E90132DB
:106DE4006B6801336B600A4B04A8009310F0E0FE5B
:106DF400204614B070BD44F20223D9E74FF47A73ED
:106E040060602073A36026602061ECE7D438002022
:106E14006436002070B5002800F04181A04CA14BDD
:106E2400E26804F17C06D4ED097A1A602269FDEE69
:106E3400E77A9D4B9D4D1A6062699D4B1A60A26969
:106E44009C4B1A60E2699C4B1A60226A9B4B1A6045
:106E54009B4BA26AC3ED007A9A4B1A60E26A9A4B82
:106E64001A60226B994B1A60626B994B1A60A26B81
:106E7400984B1A60E26B984B1A60226C974B1A601D
:106E8400626C974B1A60A26C964B1A60E26C964B3C
:106E94001A60226D954B1A60626D954B1A60A26D53
:106EA400944B1A60E26D944B1A60226E934B1A60F5
:106EB400626E934B1A60A26E924B1A60E26E924B12
:106EC4001A60226F914B1A60626F914B1A60A26F25
:106ED400904B1A600FCE0FC50FCE0FC50FCE0FC546
:106EE40096E8030004F1B40685E803008A4D0FCE4A
:106EF4000FC50FCE0FC50FCE0FC596E80300874B05
:106F040004F5B07685E80300D4F8EC20844D1A60CB
:106F1400D4F8F020834B1A60D4F8F420824B1A6022
:106F2400D4F8F820814B1A60D4F8FC20804B1A6006
:106F3400D4F800217F4B1A60D4F848217E4B1A60A4
:106F4400D4F84C217D4B1A60D4F850217C4B1A6044
:106F5400D4F854217B4B1A60D4F858217A4B1A6028
:106F6400D4F85C21794B1A600FCE0FC596E8070060
:106F740004F5BE7685E80700754D0FCE0FC596E87B
:106F8400070004F5CC7685E80700724D0FCE0FC5D7
:106F940096E8070004F5DA7685E807006E4D0FCE13
:106FA4000FC596E8070004F5E87685E807006B4D01
:106FB4000FCE0FC596E8070004F5F67685E80700BE
:106FC400674D0FCE0FC596E8070004F5027685E8F5
:106FD4000700644D0FCE0FC596E8070004F5097647
:106FE40085E80700604D0FCE0FC596E8070004F54D
:106FF400107685E807005D4D0FCE0FC50FCE0FC587
:107004000FCE0FC5336800222B602546584BD4F8A9
:10701400741201320834083343F8081C072AD4F8E0
:10702400701243F8041CF2D1524BD5F8AC225249E9
:107034001A603222514825F092FC0A2250495148E4
:1070440025F08DFC0A225049504825F088FCD5F8DB
:10705400FC224F4B4F4E1A60D5F800234E4B4F4C39
:107064001A60D5F808234E4B1A60D5F804234D4B0B
:107074001A600FCE0FC496E807004B4B84E8070054
:10708400D5F828231A60D5F82C23484B1A60D5F874
:107094003023474B1A60D5F83423464B1A6070BD31
:1070A400CCA6002020A3002088BE002040C60020DB
:1070B400343F0220AC47022080CF002040C700208C
:1070C4007CCF0020303D0220B43B0220E0C50020EC
:1070D400F0CE0020F4CE0020E8C50020ACCC002087
:1070E400A8CC002004390220203B0220E4C5002063
:1070F400C0CE0020ECC500207C1E022010C700205A
:10710400B8C50020BCC50020C0C50020C4C50020EF
:10711400C8C500200CC7002078C60020DCC50020AC
:10712400B8CC0020D0C50020CCC50020D8C5002094
:10713400D4C50020F8CE0020A43F0120AC3F01209C
:10714400F0B50020F4B5002090CC0020B0CC002095
:10715400D4CC002058A3002074B8002080B50020AF
:107164009CB50020B8B50020D4B50020C4C60020CA
:107174009CC9002068C300207CA90020AA5C0220CE
:10718400AEA90020E35C0220B8A90020ED5C022037
:10719400FC3B0220D8A90020703F0220AC3402201E
:1071A40020CA002024CA0020803002205CC30020B2
:1071B40060C3002058C300201AF076BF000000000E
:1071C4000D4B32200D4A19681368CB1A434307EE5E
:1071D400903A9FED076BB8EEE77B27EE067BFDEE5A
:1071E400C77B17EE900A10B1116001F0A1BC704783
:1071F4009A9999999999D93FD03C02202C3B022025
:107204001A4B1B68013B022B25D9194B1B7813BB66
:10721400184B1B68032B1ED0174B1B68022B174BF4
:1072240009D11868164B174A196852F821300344DB
:1072340042F821307047144A1268042A0CD1134AC8
:1072440012784AB11A686FF00401114B1B6801FBF4
:107254000233104A136070471A686FF004010E4B32
:107264001B6801FB02330D4AF4E700BF64C300202E
:10727400955C022014390220383B02204C3B02204A
:10728400B8C50020AC340220A0340220F75C0220F0
:10729400343B0220A43902202C3B0220D03C0220A3
:1072A40010B5114C10B105F0DBFC206023680BB95C
:1072B400002010BD0D4B1B68012B05D10C4B1B6826
:1072C400012B01D128F0C4F90A4B1B68013B022BA6
:1072D400EED9094A23681068584303F00BFD0023D4
:1072E40001202360E5E700BFDC480220303D022096
:1072F4000439022064C3002010C7002000000000ED
:107304002DE9F0478E4E3368052B2DED088B82B0A6
:1073140039D0012B1AD18B4C8B4B22688B4903EB50
:1073240082034FF48072084693ED000A1FF0A0FE1A
:107334002268874B03EB82034FF4807293ED000ABB
:107344008449824803F0A5FD10243AE00BB1062BD2
:10735400FAD17C4C7C4B22687C4903EB82034FF4CA
:107364008072084693ED000AB1EE400A1FF080FED9
:107374002268774B03EB82034FF4807293ED000A8B
:1073840030EE000ADCE76F4C6F4B22686F4903EB69
:1073940082034FF48072084693ED000AB1EE400A6E
:1073A4001FF066FE22686A4B02246A4903EB8203DB
:1073B40066484FF4807293ED000A30EE000A03F041
:1073C40068FD3368B6EE008B634D052B9FED54BB0F
:1073D4009FED55AB9FED569B7BD04FF480735F4A76
:1073E4005A495F481EF036FB4FF40073574A5B4915
:1073F4005C481EF02FFB4FF48073584A55495A4895
:107404001EF028FB4FF40073524A544957481EF0AB
:1074140021FB95ED007AB8EEC77AB7EEC77A27EE6E
:107424000B0B20F0E1FA20EE081BB2EE040B20F067
:10743400E3FF80EE0A7B4549E201084601929FED95
:107444003E6B27EE097BB7EEC77BB7EEC77A87EEB4
:10745400060B20EE080BB7EEC00B8DED000A1FF0F3
:1074640007FE019A3B4964020025DFF804A1DFF816
:1074740004810846DFF8D4909DED000A1FF0F8FD62
:1074840050460BF03BFF009040460BF037FF802244
:107494000746009909EB05001DF038FB2D488022B2
:1074A4003946284405F500751DF030FB50460BF0B5
:1074B4003FFF40460BF03CFFA542E1D13368052B6A
:1074C40028D0052002B0BDEC088BBDE8F04704F0DD
:1074D40047B995ED007AB8EEC77AB7EEC77A27EECA
:1074E4000B0B20F081FA20EE081BB2EE040B20F007
:1074F40083FF80EE0A7B15494FF48072084627EE1D
:10750400090BB7EEC00B8DED000A1FF0B1FD4FF46F
:107514008072A7E702B0BDEC088BBDE8F08700BF1E
:107524000000000000408F401F85EB51B89E3F4093
:1075340025068195438B11402FDD2406811540409B
:10754400A0340220B8C50020B8B5002094692420D6
:10755400D4B50020944924207CCF002094292420F1
:10756400F4270120242801200028012030280120AC
:10757400B44E0120185001204FF480722649274848
:1075840008B51DF079FB264B244A1B681146052BD0
:107594004FF4807335D023481EF01CFF1E4A4FF46D
:1075A4008073214811461EF015FF1C4A80231F4892
:1075B40011461EF083FC184A80231D4811461EF014
:1075C4007DFC80231B4A15491B481EF043FAB0EE8C
:1075D4000C0A4FF48072114916481FF049FD154AF0
:1075E4000D49802315481EF035FAB0EE0C0A4FF40D
:1075F400807209490F481FF03BFDBDE80840FFF7C2
:107604007FBE0A481EF05AFC034A4FF480730848B0
:1076140011461EF053FCF0E7944924209469242079
:10762400A0340220DC270120E8270120401C01208F
:107634004C1C012094292420542801206028012076
:107644002DE9F0413C4EADF5816D3C483368052B86
:107654000CBF022710270BF0F3FEB8425FDD384D54
:107664000024DFF8D880404601340BF014FF29468B
:10767400802205F500751DF0F9F940460BF028FF4E
:10768400A742F0D13368052B19D02D4A4FF400637B
:107694002C4811461EF09EFE294A4FF400732A48D6
:1076A40011461EF097FE294B1B68012B01D100F0F7
:1076B40017FF0DF5816DBDE8F041FFF75DBF244B69
:1076C4005A684ABB93ED027AB8EEC77A9FED166BFF
:1076D400B7EEC77A27EE067BB7EEC77BB7EEC77A5D
:1076E400E20102A9164800929FED116B87EE060B8A
:1076F400B7EEC00B1FF0BCFC16480BF0FFFD009A60
:107704000146CDE9000202A81DF000FA1148DDE9A6
:1077140000120BF034FEC6E79FED0F7ADEE70DF59D
:10772400816DBDE8F08100BF101010101010703F83
:107734007B14AE47E17A843FA03402201843012031
:107744009469242070270120A02701206849022081
:1077540064BC0020504D012000000000F8B50C4E20
:1077640004460025374656F8040B01350021C0B203
:107774001AF00AFC042DF6D1064B1B68042B06DC18
:10778400E1B217F82300BDE8F8401AF0FDBBF8BDDC
:10779400E4BF0020B8C5002070B51C4D06461C4C43
:1077A400802229461DF068FA2146304680221DF0C9
:1077B40063FA184E2A462946802317481EF07EFB9A
:1077C40022462146802315481EF078FB802332464A
:1077D400294613481EF03EF9B0EE000A2946304609
:1077E4004FF480721FF044FC3246214680230D483A
:1077F4001EF030F921463046B0EE000A4FF4807294
:107804001FF036FCBDE87040FFF77ABD9469242070
:107814009449242094292420401C01204C1C01203C
:1078240054280120602801200F4B1B6813B5052B39
:107834004FF480740D4B00940DD10D4A64210D4812
:107844001EF02AFB0C4B0D4A009464210C481EF0D8
:1078540023FB02B010BD0B4A642106481EF01CFB3A
:10786400054B094A0094F0E7A0340220581C01207B
:10787400F4AF0020401C0120E421012014B30020B7
:107884004C1C012064AE002084B1002000000000E4
:107894002DE9F047B7EEE07A80460C4616462DED0A
:1078A400068B9FED8F8BC0EE219AB4EEC87BB0EEB1
:1078B400409AF0EE41AAF1EE10FAB0EE61AA4BD470
:1078C400DFED915AF4EEE50AF1EE10FA31DB9FEDAB
:1078D400866B37EE467B9FED866B27EE067BB7EE15
:1078E400C78BA200002140461AF0CAFEB0EE480A37
:1078F40003F012FBF0EE408A8EBB39EEA99A654282
:10790400B7EE00AA4746C246A9464C4500F382801A
:10791400012E40F0A38004EBD474601008EB8000C7
:10792400B7EE007AD0ED007A77EE877AC0ED007A70
:1079340041E037EE488BDFED750AB7EEC80B21F056
:1079440093F8B7EEC00A9FED6C7B9FED6D6B28EE4C
:10795400077BA0EE067BC2E79FED6D8AC1E7012E8F
:1079640006D1B1EE699A04EBD47424F00104C6E79D
:10797400B31E012B02D88AEE8A9AF4E7042EBED1F4
:1079840004EBD474B7EE009A00214046671024F04B
:1079940001040125DFED5F9A621E661052007642F3
:1079A40022EAE27292001AF06BFE08EBC70383ED41
:1079B400009AA54203DDBDEC068BBDE8F087AF421B
:1079C40024D0C4EB450307EE104AB0EE490A07EE93
:1079D400903AF8EEC76AF8EEE77A87EEA67AA7EE51
:1079E400470A20F067F920EE080A03F095FA7319A4
:1079F40007EE903AF8EEE77A67EEA97A89EE277AED
:107A0400C0EE287A27EE277A88ED037A023508F14A
:107A14001008CEE707EE909AB0EE4A0AF8EEE76A4D
:107A240007EE904AB8EEE77AC6EE877AA7EEE70A41
:107A340020F040F920EE080A03F06EFAC0EE28AAFE
:107A4400484609F10209B0EE490A03F047FA60EE2C
:107A5400097A67EEAA7AEAEC017A56E7022E19D17E
:107A640000269FED2C8AB442A5DB07EE905AD7ED91
:107A7400008A01360235B8EEE70A20EE080A20EE45
:107A8400290A21F085FA30EE000A20EE280AA7EC34
:107A9400010AE8E7032E8ED1F8EE008A00269FED56
:107AA4001D8AB44205DA04EBD474641008EB840034
:107AB40036E707EE905A97ED009A01360235B8EE94
:107AC400E70A20EE080A20EE290A21F061FA20EEE6
:107AD400280A20EE090AA7EC010AE2E7AFF30080C6
:107AE400F6285C8FC2F53440EC51B81E856B2140FA
:107AF4004BEA04341136BC3F556AF6402B30B43F90
:107B0400A857CA32C4B1E23F00004842CDCCCC3EB3
:107B140000000000DB0FC93F2DE9F041AD4D00220C
:107B2400AD4F1B219FEDAD1A2846DFEDAD0A4FF492
:107B34000068D7ED001A4FF40074AA4E2DED028BA5
:107B44009FEDA98A84B0F5EE008AB0EE480A8DED67
:107B5400031ACDED020AFFF79BFEA44B0422CDF8D5
:107B640004801B2100932B46A1481EF015FCA14B59
:107B7400CDF80480042200931B212B469E481EF05E
:107B84000BFC05F16C03D7ED001AB0EE480A9DED2D
:107B9400031A184661EEA81ADDED020A002221211B
:107BA400FFF776FE05F1F00205F16C0305F51765A4
:107BB400019421210092022290481EF0EDFBA5F6CB
:107BC400041301940222009521218D484FF48075FD
:107BD4001EF0E2FB06F1F803D7ED001A00229DED3A
:107BE400031A184661EEA81ADDED020A9FED850A14
:107BF4003221FFF74DFE06F5BE7206F1F80301943B
:107C040000923221042280481EF0C6FB06F6FC13C3
:107C1400D7ED001AB0EE480A9DED031A184661EE3E
:107C2400A81ADDED020A00223021FFF731FE06F624
:107C3400BC2206F6FC1306F61876009202213022C6
:107C4400019572481DF0EAFEA6F21C5300963022FC
:107C54006F4E022101956F481DF0E0FE06F51F737B
:107C6400D7ED001AB0EE480A9DED031A1846DDED73
:107C7400020A00222021684FFFF70AFE06F53F7230
:107C840006F51F7306F6183601940421009220228B
:107C940062481DF0C3FEA6F69C03019420220096C0
:107CA40004215F481DF0BAFE5E4BCDF80480042227
:107CB400009330213B465C481EF06EFB5B4B5C4EF0
:107CC4000422CDF80480302100933B4659481EF02D
:107CD40063FBDFF8B48106F50F7306F6F82601940A
:107CE400022200933021434653481EF055FB009670
:107CF400524E434601940222302151481EF04CFB5F
:107D040006F52F724F4B30210092022201954E4806
:107D14001EF042FB06F5EF6206F63446494B00922C
:107D240030210222019549481EF036FB0096484E48
:107D3400434630220221019546481DF06FFEA6F10C
:107D440068033022022100934346019542481DF006
:107D540065FE06F57D7301943022009304213B46B1
:107D640006F542663D481DF059FE01943C4C3B46E5
:107D74000096302204213B481DF050FE802604F575
:107D8400557204F5B664384B0221009230220196F4
:107D940036481DF043FE344B3022022101960094F4
:107DA40033481DF03BFE334A334B402133480095A2
:107DB4001EF072F8324B2F4A4021324800951EF0D3
:107DC4006BF8FFF731FD04B0BDEC028BBDE8F04168
:107DD40027F082BCD0FB2120683F02200000000075
:107DE4000000B442C80C222000A00C4618D4222063
:107DF40088270120B0B3222094270120B82701202E
:107E0400C427012000007A45D02701200C28012036
:107E1400C01D22201828012030C400203C28012045
:107E2400482801207092222070270120B47122205A
:107E3400B82E22207C270120A0270120B03F222039
:107E4400AC27012070C30020DC270120E827012093
:107E5400A8502220F42701200028012024280120F2
:107E6400A061222030280120A4B40020542801203D
:107E740060280120CCA500203C12012030120120F2
:107E84004417012038170120F0C40020000000002E
:107E9400C0EE017A531EC0EE816AB6EE007AF0B5E8
:107EA4002DED108B0DEE103A9FEDA9FA85B00C461E
:107EB400B8EECDDA1746920000210026DFEDA5EAE0
:107EC4006DEE07FA029236EEE7EA054677EEA67AF9
:107ED4009FED859B67EE8F7A2EEE07EA9FED84ABCC
:107EE4009FED85BB9FED86CBCDED017A1AF0C8FBE3
:107EF400029A002120461AF0C3FBBE4203DB05B000
:107F0400BDEC108BF0BD07EE906AF8EEE78A9FEDAA
:107F14007E6B78EEEFDAB0EEED7AB7EEC77AB4EEB8
:107F2400C67BF1EE10FA17D53EEE0E8ADDED017A2E
:107F3400013667EEADDAB0EE6D0A21F029F820EED5
:107F4400080AA5EC010AB0EE6D0A20F01DFF20EE30
:107F5400080AA4EC010AD0E72DEEAE0A20EE0E0AC0
:107F640020F012FF7C4B6DEE8F7A1B78013B80EE84
:107F7400278A032B00F28880DFE803F00239666F5A
:107F840028EEAE0A80EE0D0A21F002F8B7EEC00A20
:107F94009FED5F6B9FED607BA0EE467B9FED6F0ACC
:107FA40028EE800A80EE0D0A8DED027B20F0F0FFB2
:107FB400B7EEC00A9FED5A6B9DED027BA0EE067BE7
:107FC4009FED670A28EE800A80EE0D0A8DED027B94
:107FD40020F0DEFFB7EEC00A9FED536B9DED027BF0
:107FE400A0EE467BB7EEC88A28EE078B49E028EE60
:107FF400AE0A80EE0D0A20F0CBFFB0EE4C7BB7EE5C
:10800400C00AA0EE4B7B9FED550A28EE800A80EE55
:108014000D0A8DED027B20F0BBFFB7EEC00A9FED89
:10802400446B9DED027BA0EE067B9FED4D0A28EE8E
:10803400800A80EE0D0A8DED027B20F0A9FFB7EED9
:10804400C00A9FED3D6BC9E728EE8F0A80EE0D0A4A
:1080540020F09EFF20EE088A68E728EEAE0AB7EE0D
:10806400C88A80EE0D0A20F093FFB6EE007B28EE5E
:10807400078BF7EE007A37EEC00AB7EEC00A28EE97
:10808400008BB7EEC88B51E728EEAE0A80EE0D0ADE
:1080940020F07EFFB7EEC00A9FED296B9FED2A7B8F
:1080A400A0EE467B9FED2D0A28EE800A80EE0D0A95
:1080B4008DED027B20F06CFFB7EEC00ADFED286A7D
:1080C4009DED027BA0EE097B28EEA60A80EE0D0A48
:1080D4008DED027B20F05CFFB7EEC00A9DED027BC4
:1080E400A0EE4A7B7EE700BFA13193A8177CC13F75
:1080F400189EF24300CB853FB9E00CFE7E31DF3F92
:108104002AA73D25E7C4D63F7B14AE47E17A843FD6
:108114008EAF3DB32440DF3FF6285C8FC2F5D63FD7
:10812400BD18CA897615C23FB2632310AFEB873FEF
:10813400ABB184B53176C23FDEE8633E20D0893FDF
:108144003B191C25AF4EDF3F04B97A04ED44D73FF9
:10815400DB0F4940DB0FC940D6CF0020DB0F49417C
:10816400E4CB9641BE490E23BE4ADFEDBF6A2DE93A
:10817400F14FD1ED017A013B01F10401F8EEE77A08
:1081840087EEA67AA2EC017AF3D1DFF844A34FF488
:108194008073DFF840B3DFF84093DAF80020B34986
:1081A400B3481DF061FADFF83483DBF800204FF4A4
:1081B4008073AE49AF481DF057FAD9F800204FF448
:1081C4008073AA49AC481DF04FFAD8F800204FF448
:1081D4008073A649A9481DF047FAA94A4FF4807351
:1081E400A2491268A7481DF03FFAA7494FF48073CB
:1081F400A6480A689D491DF037FAA548A54C4FF4D6
:10820400807302689949A448A44D1DF02DFAA44E28
:108214004FF4807322689549A2481DF025FAA24FB5
:108224002A684FF480739149A0481DF01DFA326802
:108234004FF480738D499E481DF016FA3A689D4F9D
:108244004FF480739C4E89499C481DF00DFA9C4D57
:108254003A684FF4807385499A48824C1DF004FAB9
:1082640032684FF48073814997481DF0FDF94FF44B
:1082740080732A687D4995481DF0F6F9DAF80010F4
:1082840094ED000A4FF480720846B1EE400A1EF0E5
:10829400EFFEDBF8001094ED010A4FF480720846FB
:1082A4001EF0E6FED9F8001094ED020A4FF4807235
:1082B4000846B1EE400A1EF0DBFED8F8001094ED3B
:1082C400030A4FF4807208461EF0D2FE6C4A94ED05
:1082D400040A11684FF48072B1EE400A08461EF099
:1082E400C7FE694B94ED050A4FF48072196808467D
:1082F4001EF0BEFE664894ED060A4FF480720168D3
:10830400B1EE400A08461EF0B3FE624B94ED070A34
:108314004FF48072196808461EF0AAFE5F4A94ED75
:10832400080A11684FF48072B1EE400A08461EF044
:108334009FFE5B4B94ED090A4FF48072196808465E
:108344001EF096FE584A94ED0A0A11684FF48072A2
:10835400B1EE400A08461EF08BFE396894ED0B0A14
:108364004FF4807208461EF083FE316894ED0C0AC7
:108374004FF480720846B1EE400A1EF079FE296877
:1083840094ED0D0A4FF480720846424C1EF070FEC4
:10839400DBF80010DAF800004FF48073334A1EF063
:1083A40063FF324AD9F800104FF4807310461EF070
:1083B4005BFF2E4AD8F800104FF4807310461EF06D
:1083C40053FF2A4A2E494FF48073104609681EF061
:1083D4004BFF264A2C494FF48073104609681EF05F
:1083E40043FF224A2A484FF48073016810461EF066
:1083F4003BFF1E4A21684FF4807310461EF034FF81
:108404001A4A26494FF48073104609681EF02CFF5F
:10841400164A23494FF48073104609681EF024FF5E
:10842400124A21494FF48073104609681EF01CFF5C
:108434000E4A39684FF4807310461EF015FF0B4A3C
:1084440031684FF4807310461EF00EFF074A4FF454
:1084540080732968104601B0BDE8F04F1EF004BFD8
:1084640044A70020383D02200000C84294A92420DB
:10847400ACB60020C4B60020DCB60020F4B6002060
:108484001C1201200CB700202012012024B7002068
:1084940024120120281201203CB700202C120120B4
:1084A400F811012054B70020FC1101206CB7002002
:1084B400F8B50020001201200412012010B600209B
:1084C4000812012028B6002040B6002058B600202B
:1084D4000C12012010120120141201201812012084
:1084E4009FEDC95BCA490023CA4A2DE9F14F91EDBA
:1084F400017A01330431B8EEC77A0E2BB7EEC77A8E
:1085040087EE056BBDEEC66BA2EC016AEFD1DFF816
:108514006CA34FF48073DFF868B3DFF86893DAF87C
:108524000020BD49BD481DF09FF8DFF85C83DBF8EF
:1085340000204FF48073B849B9481DF095F8D9F874
:1085440000204FF48073B449B6481DF08DF8D8F874
:1085540000204FF48073B049B3481DF085F8B34A46
:108564004FF48073AC491268B1481DF07DF8B149ED
:108574004FF48073B0480A68A7491DF075F8AF48F6
:10858400AF4C4FF480730268A349AE48AE4D1DF062
:108594006BF8AE4E4FF4807322689F49AC481DF0CF
:1085A40063F8AC4F2A684FF480739B49AA481DF0C6
:1085B4005BF832684FF48073A84E9749A8481DF0C1
:1085C40053F8A84D3A684FF480739349A6481DF0B8
:1085D4004BF832684FF480738F49A4481DF044F877
:1085E4002A684FF480738C49A1481DF03DF8A149D5
:1085F400884C4FF480730A689F4887491DF034F80B
:108604002268DAF8001050424FF4807200EE100A2B
:108614000846B8EEC00A1EF02BFDD4ED017ADBF853
:1086240000104FF48072B8EEE70A08461EF020FDF1
:10863400A268D9F8001050424FF4807200EE100A7C
:108644000846B8EEC00A1EF013FDD4ED037AD8F83C
:1086540000104FF48072B8EEE70A08461EF008FDD9
:10866400724A1168226950424FF4807200EE100A77
:108674000846B8EEC00A1EF0FBFC6E4BD4ED057A3A
:108684004FF480721968B8EEE70A08461EF0F0FC51
:10869400A2696A48016850424FF4807200EE100AE1
:1086A4000846B8EEC00A1EF0E3FC654BD4ED077A29
:1086B4004FF480721968B8EEE70A08461EF0D8FC39
:1086C400614A1168226A50424FF4807200EE100A27
:1086D4000846B8EEC00A1EF0CBFC5C4BD4ED097A18
:1086E4004FF480721968B8EEE70A08461EF0C0FC21
:1086F400A26A396850424FF4807200EE100A0846AC
:10870400B8EEC00A1EF0B4FCD4ED0B7A31684FF415
:108714008072B8EEE70A08461EF0AAFC226B2968AC
:1087240050424FF4807200EE100A0846B8EEC00AB8
:108734001EF09EFC4F4A94ED0D0A11684FF48072AE
:10874400B8EEC00A3E4C08461EF092FCDBF800105E
:10875400DAF800004FF480732F4A1EF085FD2E4A8C
:10876400D9F800104FF4807310461EF07DFD2A4A9C
:10877400D8F800104FF4807310461EF075FD264A99
:108784002A494FF48073104609681EF06DFD224A91
:1087940028494FF48073104609681EF065FD1E4A8F
:1087A40026484FF48073016810461EF05DFD1A4A96
:1087B40021684FF4807310461EF056FD164A224974
:1087C4004FF48073104609681EF04EFD124A1F498B
:1087D4004FF48073104609681EF046FD0E4A39684E
:1087E4004FF4807310461EF03FFD0B4A31684FF47E
:1087F400807310461EF038FD074A29684FF48073D1
:1088040044E000BFAFF300800000000000005940C6
:108814007CA7002078C6002094692420B8B60020E4
:10882400D0B60020E8B6002000B700201C120120BA
:1088340018B700202012012030B700202412012094
:108844002812012048B700202C120120F811012021
:1088540060B70020FC11012078B70020001201202D
:1088640004B60020041201201CB6002034B60020F7
:108874004CB600200812012064B600200C1201201E
:1088840010120120141201201812012010461EF0AB
:10889400EBFC054A05494FF480731046096801B0A2
:1088A400BDE8F04F1EF0E0BC9469242008120120BA
:1088B40070B5FFF7EDFA40F201140F4800220F4B98
:1088C4000F4950F8045B0132083343F8085CA242B4
:1088D40051F8045B43F8045CF3D140F2FC720021CC
:1088E400084819F0CDFE0123002204490648BDE8DA
:1088F40070401CF041BE00BFB06D222080F42220E5
:10890400AC69222084FC222068420020454BDFED24
:10891400467A10B52DED028B93ED008AF5EE008AB0
:10892400424C82B0B8EEC88AD4ED001AB4EE678A1D
:10893400F1EE10FA37FE888A031E00EE103A4BDD82
:10894400B8EEC00A9FED3A1A0022DFED3A0A1B2165
:1089540039488DED010AFEF79BFFD4ED001A002281
:108964009FED331A212161EEA81ADFED320A9DED45
:10897400010A3248FEF78CFFD4ED001A9FED2C1A41
:10898400002261EEA81ADFED2B0A9DED010A3221C7
:108994002B48FEF77DFFD4ED001AB0EE480A9FED98
:1089A400241A61EEA81A0022DFED220A302125489C
:1089B400FEF76EFFB0EE480AD4ED001A00229FEDD8
:1089C4001C1A2021DFED1B0A1F4802B0BDEC028BEC
:1089D400BDE81040FEF75CBFB0EE480A9FED141AE4
:1089E4000022DFED140A1B211348FEF751FFD4EDDA
:1089F400001AB0EE480A9FED0E1A61EEA81A002282
:108A0400DFED0C0A21210D48FEF742FFD4ED001AD8
:108A1400B0EE480A9FED061A61EEA81A0022DFEDB7
:108A2400050AB4E7A434022000401C46683F022033
:108A3400000000000000B442D0FB21203CFC2120B7
:108A4400C00D2220C41622203C202220224BB7EE47
:108A5400007BB2EE005B93ED006A10B51F4CB7EEDD
:108A6400C66A2368052B07FE057B86EE071B012BD0
:108A7400B7EEC11B21D004DC33B140F6B832C823B1
:108A840006E0023B072BF8D8154B164A1B68126800
:108A940007EE902A144940F201121448F8EEE70A4E
:108AA40007EE903AB8EEE70AFFF702FF2368042BBB
:108AB4000AD0052B0ED0002008E00A4B084A1B6898
:108AC40012685B425242E3E7094B1868BDE8104064
:108AD400FFF71CBF10BD00BF683F0220A034022076
:108AE400A8340220A4340220AC692220B06D2220D4
:108AF4008CCC002030B50B4D0B4C0C492D782268E2
:108B04000B684DB1181A4ABF002308600B600B684C
:108B1400934200DD0A6030BD101A9842ACBF206059
:108B24002360F8E7A95C0220A4340220A8340220C0
:108B340008B51B4B1B68092B0DD8DFE803F02D2D5E
:108B44000505102D2D2D2D2D164A1368191AC01A3E
:108B5400154B11601860BDE80840FFF777BF134B51
:108B64001B78CBB1124BB6EE005B124A196813683E
:108B74001160CB1A07EE103A0F4BD3ED007AB8EE22
:108B8400E76BB8EEC77B96EE057B37EE077BBDEE51
:108B9400C77B83ED007ADEE7FFF7ACFFDBE700BFBE
:108BA400A0340220A4340220A8340220F75C02205E
:108BB400A4390220343B02208CCC00202DE9F04162
:108BC4001D4F1E4E3D683368DFF894801D44D8F86D
:108BD40000301C681A4B1B6803B19847A5B1194BA8
:108BE400194A1B68106803FB0543984204DC174AC2
:108BF40010689842A8BF1846D8F8003000221860C0
:108C0400134B196826F010FD124B1B6853B1124B1D
:108C140001221A700022114B1A7000233B6033604A
:108C2400BDE8F08109F0B4F8431CF6D009F0B3F8BC
:108C34000028ECD0F1E700BF4C3B02208C3B022023
:108C4400243D0220F8390220003A0220FC39022097
:108C5400043A0220483B0220975C0220955C0220E3
:108C6400283D02202DE9F041264E274D34682B681B
:108C7400DFF8B8801C44D8F800301F68234B1B6809
:108C840003B198470CBB09F083F8431C04460BD08E
:108C940009F081F8041E07DB012C16D0042C12D035
:108CA400003C18BF01246442194B1B6803B92CB95A
:108CB400184B01221A700022174B1A7000233360DC
:108CC4002B60BDE8F0814FF0FF3414493B19144A7E
:108CD40009681268994210DD531ED8F80020062155
:108CE4004FF0FF3413600F4A126801FB02330E4A3F
:108CF40052F8230026F00CFDD6E79342A8BF0023C8
:108D0400EBE700BF4C3B02208C3B0220243D0220B9
:108D1400483B0220975C0220955C0220003A022026
:108D2400FC390220043A0220D8C90020283D022040
:108D34009B4B0122B0EE005BB7EE007B2DE9F04FB8
:108D44002DED0A8B1A70F7EE008A964B8BB0DFED8F
:108D5400969A93ED009A954B38EEC99A93ED006A72
:108D6400934BB7EEC66A1A68924BA6EE457B002A6F
:108D74001B68B7EEC78B07EE902AB8EEE75A07EEEA
:108D8400903AB8EEE76A08DC002BF1EE457AC0F2BF
:108D9400F480B0EE695A87FE866A874BB4EE004BC6
:108DA400B7EEC55A042193ED007AB7EEC66A834F35
:108DB4000026B7EEC77A9FED7CBA9FED73AB27EE22
:108DC400047B9FED734B27EE047B85EE074B86EE09
:108DD400075BB7EEC44BFDEEC47AB7EEC55BCDEDD1
:108DE400007AFDEEC57A9DF80040CDED007A9DF83D
:108DF40000309C4204BF631CDBB27E2C28BF7E245F
:108E0400012C38BF0124802B28BF802304EB4402AB
:108E1400012B38BF01239B46694B03EB8202099265
:108E24003C2212FB041267490A44089203F5C0620B
:108E340002EB8402049203F5006202EB84020392C3
:108E440003F5206203F5606302EBC40203EB8403C1
:108E5400079206935C49002201F500752B46013206
:108E640051F8040B83ED01BA0833802A43F8080C47
:108E7400F5D14FF400723946534819F067FB534B50
:108E840039460022013251F8040B83ED01BA08334C
:108E9400802A43F8080CF5D19FED3FCBF6EE00BADB
:108EA400A9464FF0000807EE908A08F10108B8EED1
:108EB400E77AB7EEC77A27EE0A7B87EE0C0BB7EE9C
:108EC400C00B20F065F838EEC00AD9ED007A4B46A5
:108ED400B8F5807F09F1080920EE2B0A67EE807A45
:108EE400C3ED007ADFD101230022394939481CF04F
:108EF40043FB394B1B680193019A314B03EB820C02
:108F04002B4600226146D3ED017A013293ED007ABB
:108F1400084667EEA77A802A01F10C0103F10803E1
:108F2400E7EE077AC0ED007AEDD12C4BF0EE086A3B
:108F3400244822461B6821464FF03C08029300EB6C
:108F440083030093099B8B4503F10C0340F32081B9
:108F540053ED037A13ED027A77EEA97A009808FBB1
:108F6400010E013177EE877A13ED017A77EE877A75
:108F740087EEA67A8EED007AE5E7B1EE465AB0EEBA
:108F8400676A0AE7AFF3008000000060FB21194024
:108F9400000000000000703F0000000000E06F408F
:108FA4005A560220F0B5002000000000F4B500205D
:108FB400A8340220A4340220683F022094A924206B
:108FC400800423208030232080142320801A23202F
:108FD4008016232058420020001D0220FC1C022081
:108FE4005EF8041CF14619600121F9EC017A0131A3
:108FF40093ED007AC9B2F4EEC77AF1EE10FA48BFE5
:10900400C3ED007A0F29F0D108F101080EF13C0EEE
:109014000433C345E4DC814B4FF00C084FF03C09AA
:1090240093ED007A2346DDE903E19B4500F3B58027
:109034007B4B4FF03C09DDF80CE04FF00C0A1B7839
:109044000593784BD3ED006ADDE90631934500F3CF
:10905400BC80754B012293ED007A744B03F20441FA
:10906400D3ED027A0132D3ED006A083368EE277A31
:109074007F2AE6EE877AD3ED026AE7EE267AE1EC00
:10908400017AEDD1694B77EE087A2A460020D3EDB8
:10909400026A03F5806193ED006A67EE266AE7EEE3
:1090A400866AC1ED006AD3EDFE6A67EEA67AD3ED57
:1090B400FC6A5F4BE7EE267AC1ED7F7A92ED007A87
:1090C4000130F1EC017A08328028A3F1080327EE7D
:1090D400277A02ED027A12ED017A27EE277A02ED61
:1090E400017A93ED027A27EE277A83ED027A93EDE3
:1090F400037A67EE277AC3ED037ADFD1019B4D4AE9
:1091040001334D494D48022B88BF00231360029B55
:109114004B4A01330E2B88BF0023136001231A46E8
:109124001CF02AFA474B002103F50072184602EBA3
:109134008602AC46B0EC017A01310835DCED007AE8
:10914400802977EE877AE2EC017AF2D100253A4958
:1091540005F5806208350A44B5F5806F126843F856
:10916400042BF5D1803607F50077B6F5807F7FF4C0
:1091740071AE2A463449354819F0E8F92A4632498D
:10918400334819F0E3F90BB0BDEC0A8BBDE8F08F5E
:10919400049BA046DDF820E03BE708FB03CAF1ECA2
:1091A400017A9AED006AC6EE276AB4EEE67AF1EE29
:1091B40010FA5CBF009809FB030A03F1010358BFCE
:1091C400DAED007AEEEC017A2FE70598BEEC017A2D
:1091D400F8B10AFB02C898ED006A01320831C7EE03
:1091E400067A78EEE77AF5EEC07AF1EE10FA54BF1B
:1091F400C3ED007A83ED00BAF3EC017A11ED017A44
:1092040067EE897AE7EE267A41ED027A41ED017A3A
:109214001CE7009809FB0208DDE700BFAC3F012012
:109224005B560220F0B50020F4B50020800E232008
:10923400781E2320001D022080162320584200207F
:10924400FC1C0220801E23208020232094A924209B
:1092540094892420000000007D4AB7EE001B7D4B5A
:109264002DE9F04FD2F800E07B4A1B687B4F2DEDCF
:109274000A8B92F800A083B0794A019392ED009A88
:10928400784A794B92ED006A784A1B68D2ED00CA9D
:10929400774AD2ED009A774AD2ED00AA764A92ED47
:1092A40000AA764A92ED007A754A92ED00BA754AA0
:1092B400D2ED00BA744A1468744AD2F800800022CD
:1092C4009FED610B10461146019D8D420EDC12B1DB
:1092D4006A4A82ED007A20B1624A82ED006A624AEB
:1092E400136003B0BDEC0A8BBDE8F08F68484FEA09
:1092F400810CDFED687A002600EB8100664DB0EE4C
:10930400672A08EB030B90ED004AA94607EB83009C
:1093140080ED004AB64573DCB7EEE73ABAF1000FC8
:1093240029EE066A29EE278A33EE003BB7EEC66AB9
:1093340081EE035B31EE466BB7EEC55B74EE425AC9
:10934400B7EEC44A28EE058A02FE25CAB7EEC22A41
:10935400B7EEE53AB7EEC88A69EE255AA6EE424B57
:1093640031EE488B25EEA76A28EE033B26EE056A0C
:10937400B7EEC66AB7EEC33B34EE464BB5EEC03A21
:10938400B7EEC44BF1EE10FAB5EEC04A48BFB1EEE9
:10939400433AF1EE10FA48BFB1EE444AB4EEC43A8F
:1093A400F1EE10FA10DD3CEE877AB4EEE97AF1EED4
:1093B40010FA34DC37EE6A7AB4EECA7AF1EE10FAB7
:1093C40001D5B0EE4A7A012267EE077A3348F7EE08
:1093D400006A0026844465EE855A27EE8B6A8CED7C
:1093E40000CA08EB030C26EE276A26EE2B6AE9EE88
:1093F400466AB64516DC234401310120234063E765
:109404000BEB0600F9EC015A0136204007EB800013
:10941400D0ED006AA5EEA62AE6EEA67A7AE7B0EECB
:10942400697AD0E70CEB060095ED005A013620402E
:1094340007EB8000D0ED007A65EEA77AE5EE267A98
:10944400E5EC017AD5E700BFBBBDD7D9DF7CDB3DB6
:1094540050A3002024A3002056560220F800012027
:1094640054A300204CA30020F808012048A30020A6
:1094740040A3002038A3002044A300203CA30020E4
:1094840034A300202CA30020FC08012028A30020E2
:1094940094A92420000000000009012094892420BC
:1094A400A14BA24A2DE9F04F2DED088B1A6087B02D
:1094B4009F4BA04A1A60A04B1A68D10704D49F4A54
:1094C4009F49116001221A609E4B1A68D20704D486
:1094D4009D4A9E49116001221A609D4B9FED9D9A01
:1094E4001A689D4B07EE902A002A1B68B8EEE75ACB
:1094F40007EE903AB8EEE76A08DC002BF1EE457A05
:10950400C0F2FA80B0EE495A87FE866A934BB4EEF5
:10951400004BB7EEC55A924C93ED007AB7EEC66A8B
:109524002368B7EEC77A8F4E012B8F4D27EE047B4D
:109534009FED754B27EE047B85EE074B86EE075BAC
:10954400F7EEC48BB7EEC58B1DD14FF4007200212A
:10955400864819F095F8864FB4462B468548002274
:109564004FF07E514FF07C5E013283ED009A5960DA
:109574000833802A4CF8041B47F8041B40F804EB1A
:10958400F2D102232360FDEEE87ADFF808B29FED02
:10959400609BCDED007AFDEEC87A9DF80040CDEDDC
:1095A400007A9DF80020531CDBB2944218BF134686
:1095B400802B28BF8023012B38BF01237E2C28BF9A
:1095C4007E240093012C38BF012406EB8403059309
:1095D40005EBC4039FED508B04930023019363496F
:1095E4000022002501F5007A5346013251F8040B9C
:1095F4005D600833802A43F8080CF6D14FF40072FA
:1096040059465A4818F0A2FF5B4B594600220132D2
:1096140051F8040B5D600833802A43F8080CF6D136
:10962400564B5246194603930023D2ED007A013378
:10963400B1EC017A1046B3F5807F02F1080267EEBF
:10964400877AC0ED007AF0D14D4D012300224D49B7
:109654004D481BF091FF294653460022D3ED017A71
:10966400013293ED007A084667EEA77A802A01F169
:109674000C0103F10803E7EE077AC0ED007AEDD19F
:1096840037490B68022B40F0A081F6EE005A364AA7
:109694003E4800233A4E9FED224B374692ED007A26
:1096A40001330C3697ED006AB7EEC77A1746802B64
:1096B400B7EEC66A02F10802A6EE047BB7EEC77BDA
:1096C40087ED007A27EE257AA0EC017AE5D1304ABD
:1096D40013780133DBB2132B5ED81370019B0BF5A7
:1096E400007B8033B3F5807F01937FF478AF07B0BC
:1096F400BDEC088BBDE8F08FB1EE465AB0EE676A58
:1097040004E700BFAFF30080000000000000703FDA
:10971400A301BC051214E73F0000000000408F4085
:109724009A9999999999A93FB8BE01205DCC4C3F6B
:10973400B4BE01206C66663F64560120C0C201209D
:1097440021777DBF60560120BCC001200000CA42C1
:10975400A834022000000000A4340220683F022044
:109764008CBC0020801223208026232080142320F8
:1097740080242320C0C00120801A23207C300020B4
:10978400800423208016232058420020BCBE0120E0
:10979400DA5B022094A924200023137003230B60B6
:1097A400914E0027DFF88892B046904991ED000A67
:1097B400B7EE00ABD5ED00BAB8EC01BA2BEE800AD7
:1097C40080EE0B0A1FF0DCF8894B8A48D3ED006A5F
:1097D400D0ED007A20EE260A99ED007AB7EEE75A2A
:1097E400824927EE277AB7EEC00A3AEE455BB7EE18
:1097F400C77A30EE0A0B8AEE006BB7EEC66BB7EE93
:10980400C66AA5EE067BF7EEC77B9FED7B7AF4EE86
:10981400C77AE9EC017AF1EE10FA03DC86FE4A7BA2
:10982400B7EEC77BB7EEC75A744A2BEE077A0137F7
:10983400B7EEEB6A0C353AEE455B802FB7EEC77A8C
:10984400A5EE067BD2ED006AB7EEE65A2BEE266A49
:109854003AEE455BB7EEC66AB7EEC77BB7EEC77A9A
:10986400A5EE076BB7EEC66B08ED016A9ED1644B9B
:10987400644AD3ED002A00236348B7EEE26A634DDD
:109884009FED554B3AEE466B9FED555B03EB430161
:10989400F6EC017AB0EC013A294423EE223AD1EDF8
:1098A400003A5B4983EEA77A19440433B3F5007F89
:1098B400B7EEC33AB7EEC77A87FE487B87FE047BD0
:1098C400B7EEC77BA2EC017AB7EEC77A37EE4A7BD4
:1098D40087FE057BA6EE073B83FE057BB7EEC77BC1
:1098E40081ED007AD2D12546009BAB4200F3A280E1
:1098F400484D524648480021484B92ED007A0131C8
:10990400F5EC017A0832F0EC016A802927EE877AB7
:10991400A3F1080327EE267A02ED027A12ED017A0A
:1099240027EE877A27EE267A02ED017A93ED027A02
:1099340027EE877A27EE267A83ED027A93ED037A6F
:1099440067EE877A67EEA67AC3ED037AD5D1012351
:10995400334934481A461BF00FFE5246002303993C
:109964000133D2ED007AB1EC017AB3F5807F67EE72
:10997400877A0391114602F10802C1ED007AEED113
:1099840001995846284A294B154603EB81030021C7
:109994005646F5EC017A01310AF1080A96ED007A8F
:1099A400802977EE877AE0EC017AE3EC017AEFD153
:1099B40000231B4803F5806108330144B3F5806F2D
:1099C400096842F8041BF5D188E6032B7FF486AEC0
:1099D400E6E600BFAFF30080000000A09999B93F0C
:1099E4000000000000000000BCBE0120C0C2012035
:1099F400BCC00120B4BE0120A4707D3FB8BE0120CC
:109A0400F0B50020802A23208024232080042320F2
:109A1400802C232080122320802E2320781E2320B4
:109A24008016232058420020801E2320948924205D
:109A3400C0C001208B4BAE0003EB850393ED007A8D
:109A4400894B03EB850393ED00BA27EE0B6AB7EE5F
:109A5400C77AB7EEC66A37EE0A7B86EE070BB7EE17
:109A6400C00BB7EEC07A20EE000AB7EEC00AA7EE2C
:109A7400090BB7EEC00B1EF01DF9B7EECB6AB7EEBB
:109A8400C00A7A4A059800218AEE067B9319A2F54A
:109A9400606227EE007BB7EEC77BDFED757AF0EEF0
:109AA400676A2BEE07BA83ED007A724B2BEE07BA86
:109AB40033440C2683ED00BA6F4BC3ED007A6F4B31
:109AC400C3ED007A2346009F9F424BDC6B4B21B1D0
:109AD400694AC3ED007AC2ED006AD3ED006A664BB1
:109AE400D3ED007A86EEA77ADFED657AB4EEE77AF5
:109AF400F1EE10FA45DC87EE276AB1EE005BB6EEB4
:109B0400007BB7EEC66A3AEE466BA6EE057BFDEE29
:109B1400C77B17EE903A5B0001331BB203EBD37E95
:109B2400584A59492646138004EB6E02009F4FEAB7
:109B34006E0901EBC2011046A7EB6E078C46029733
:109B4400029F87421FDCDDF810C02046DFF81C911D
:109B540090424FDA09EB800E0646DFED457A03EBBF
:109B6400000836E0B0EC017A06FB0321013327EE4E
:109B7400077A91ED006A012176EE866AE6EE077AAD
:109B8400A1E70123CAE7394FB646DFED397A07EB7F
:109B9400860809EB0007BE45CCED007A0DDD07EE23
:109BA400103A674601300CF1080CF8EEC76A01362A
:109BB40087EEA67A87ED007AC2E7B8EC017A0EF157
:109BC400010E77EE877AE6E7BEEC017A013677EE8E
:109BD400877AB045CCED007AF6DC07EE103A66469B
:109BE40001300CF1080CF8EEC76A87EEA67A86ED10
:109BF400007AADE70098244EC01ADFF8909006EB87
:109C0400C006009F87421DDD09EB800E8446DFED10
:109C1400187AA0EB030805E03EED017A0CF1FF3C55
:109C240077EE877AC445C6ED007AF5DC07EE103A84
:109C3400374601300836F8EEC76A87EEA67A87ED14
:109C4400007ADEE7094B03EB820302980831904265
:109C540001DC013548E651F8080C013243F8040BE5
:109C6400F3E700BF802C2320802A232080122320A6
:109C74000000000080242320C4C20120B0BE0120C3
:109C8400CDCCCC3E4E4F02208026232084122320AC
:109C9400024B034A1B68013B1360704730A300204A
:109CA400FC08012010B54FF48054002110482246CE
:109CB40018F0E6FC0F4B4FF480620021184618F0B0
:109CC400DFFC4FF480620021104418F0D9FC2246D6
:109CD4000021094818F0D4FC22460021074818F056
:109CE400CFFC224600210648BDE8104018F0C8BC4D
:109CF400941924208050232090F9232090E92320D4
:109D040090D9232030B5ADF5805D3448344B002222
:109D140083B0344950F8044B0132083343F8084CFB
:109D2400B2F5807F51F8044B43F8044CF2D14FF460
:109D340080622D49294818F009FC4FF480622B49B0
:109D4400284818F003FC284828490022284B0132EF
:109D540050F8045B51F8044B0833B2F5807F43F8A4
:109D6400085C43F8044CF2D1012300221C490DF590
:109D7400805420481BF000FC4FF400731E4A083442
:109D84001E4917481DF046F81B4B02AAF3EC017A52
:109D940067EEA77A64ED017A9442F7D1231FA4F108
:109DA40008024FF4806120461BF058F8144BB6EEBD
:109DB400005B14ED026A93ED007AB7EEC66AB7EE63
:109DC400C77A27EE057BA6EE057BB7EEC77B83ED4E
:109DD400007A0DF5805D03B030BD00BF006901203D
:109DE40000710120006D012094A92420948924206D
:109DF40000790120684200200081012080F42220A3
:109E040084BE0020F7B506463C480C463C4B00F5A2
:109E1400806500224FF0000C294650F8047B1F6037
:109E2400002C67D00F6801325F6004310833B2F54B
:109E3400807FF2D14FF480623249304818F086FBBB
:109E4400304F314A0021314B4FF0000C57F8040BCE
:109E54001CB1D3F800E0C5F800E01060002C4BD032
:109E640018680131506004330832B1F5807F05F180
:109E74000405EBD101230022214925481BF07CFB7A
:109E84004FF40073234A24491D481CF0C3FF4EB30A
:109E9400224B204AA3F58051F2EC017A67EEA77AAF
:109EA40063ED017A9942F7D11D4B1B68042B19D03D
:109EB40001AB6A464FF480611A481AF0CFFF1A4B7F
:109EC400B6EE005B9DED006A93ED007AB7EEC66ACC
:109ED400B7EEC77A27EE057BA6EE057BB7EEC77B08
:109EE40083ED007A01230B4909481A461BF044FB11
:109EF40003B0F0BD674696E76046B2E78050232082
:109F04009419242094A92420942124209489242081
:109F1400684200209009242080F42220B42E0220DC
:109F2400A0340220B41E022084BE002007EE900A52
:109F34009FED067AF8EEE77A87EE870AF1EE047A67
:109F440060EE277A27EE800A704700BF0000C842FF
:109F540013B51D4A00211D4B814202F1100203F189
:109F640010030FDB20EAE0721749194892000192AE
:109F740018F0ECFA019A1549164802B0BDE81040F1
:109F840018F0E4BA53ED037A043152F80C4CF1EEB4
:109F9400677A12ED027A43F80C4CB1EE477A53F823
:109FA400044C42ED037A53ED027A02ED027AF1EEAB
:109FB400677A43ED027A52ED017A42F8044CF1EEED
:109FC400677A43ED017AC7E794A924209489242071
:109FD4009469242094492420454B464A1B681268FE
:109FE40045491A4470B52DED068B0A60434A126840
:109FF400012A6DD1424A1268012A6BD0002A414AD3
:10A0040018BF00221344404E404D07EE103A404B17
:10A01400404CB8EEC77B9FED40AA9FED316B27EE15
:10A02400067B93ED006AB7EEC66A87EE069BB7EE31
:10A03400C99BB0EE490A1EF0ABFFB7EEC08AB0EE82
:10A04400490A1EF0A1FE3549354AB7EEC00A354823
:10A05400002391ED005B92ED007B9FED232B25EE19
:10A06400006BB6EC013AB5EC014A013320EE471B14
:10A07400B3F5006FA7EE086B27EE077BA5EE081B70
:10A08400A5EE057B23EE0A3A24EE0A4AB7EEC33A5C
:10A09400B7EEC44A32EE477B24EE069B21EE075B03
:10A0A40026EE077B26EE436BA3EE019BA4EE016B29
:10A0B400B7EEC99BA4EC019AB7EEC66BA0EC016A9B
:10A0C400CDD1BDEC068B81ED005B82ED007B70BDD4
:10A0D400002297E740F2EE2294E700BFAFF300803E
:10A0E400182D4454FB211940333333333333FF3FAA
:10A0F400A83F012068C3002054560120303D0220AF
:10A10400A034022012FDFFFF9469242094492420E6
:10A11400683F022094A92420CDCC8C3F18A30020B2
:10A12400D0000120948924202DE9F04FDFF890B26B
:10A1340082008146034607322DED088BADF20C4DAB
:10A1440022F00702DBF8004000AFADEB020D022C59
:10A1540020FA04FAE846ADEB020DCCBF0125022536
:10A164006E464246C8BFA54087487960C8BF05EB24
:10A17400D5758649C8BF6D10BAF5007FA8BF4FF4E6
:10A18400007A1CF027F932464B46814981481CF07D
:10A1940021F9424641468048B9FBF5F33B601CF087
:10A1A40019F9324631463B6835467C481CF012F9B1
:10A1B4007B4A0021C44613680846DFF80882B3F5D9
:10A1C400007F784EA4BF002313601368824500F318
:10A1D400BD8001B11360DBF80010B6EE00BB724D18
:10A1E4004FF0000A0329AB46CCBF012307EE904A87
:10A1F4001468C4BF8B4007EE903A9FED5FABB8EE96
:10A20400E78A9FED5F9B07EE90AA0AF1010A0BF122
:10A21400080BB8EEE70B20EE0A0B20EE090B1DF03D
:10A224003BFC5F4A08EB8403B0EE4B6B93ED007A82
:10A2340006EB84030134A0EE4B6BB4F5007FA8BF9A
:10A244000024BAF5007F28EE077AB7EEC77A27EE26
:10A25400067BB7EEC77B0BED027A93ED007A28EE0E
:10A26400077AB7EEC77A27EE067BB7EEC77B0BED0E
:10A27400017AC8D14D4E0123146000224A494C484A
:10A284001BF07AF932460023D5ED017A02F580619C
:10A2940095ED007A013367EEA77AB3F5807FE7EE98
:10A2A400077AC1ED007A05F5006191ED007A05F6B3
:10A2B400040105F10805D1ED007A67EEA77AE7EE0F
:10A2C400077AE2EC017ADFD17B68C3B30024DFF8BC
:10A2D400F8809FED388A2546DFF8F09098ED000A63
:10A2E40096ED007A20EE080ADFED337A99F8003013
:10A2F400A7EE270AA6EC010AA8EC010A9BB100F01C
:10A304002DFEB3EE047ADFED2D7A07F10802E0EEBC
:10A31400077AFDEEE77A17EE903A1BB29D4222F8D7
:10A324001430B8BF1D460134B4F5007FD6D199F876
:10A33400003023B1294607F1080001F0C5FF07F2F8
:10A344000C47BD46BDEC088BBDE8F08F08EB8301DC
:10A354005CF804EB0130C1F800E0591C55F804EB3B
:10A3640006EB8303B1F5007FC3F800E0B4BF0B46EE
:10A37400002301212AE700BF1F85EB51B81E1940B5
:10A38400000000000000603F6C28012094A92420F4
:10A3940094892420842801207828012090280120F1
:10A3A400304B022058A2012090F9232090E9232069
:10A3B400684200209A99993E3333333F0000C842E3
:10A3C400F0CE00205892012090D92320805C0220F6
:10A3D4002DE9F041444C0025DFF82481434F264603
:10A3E4002DED088B9FED3AAB9FED3B9BB6EE00BB8A
:10A3F40007EE905AB8EC018A01350836B8EEE70B3F
:10A4040020EE0A0B20EE090B1DF046FBB5F5007F8C
:10A41400B0EE4B6BB7EEC87AA0EE4B6B27EE067B23
:10A42400B7EEC77B06ED027AB7EC017AB7EEC77ACE
:10A4340027EE067BB7EEC77B06ED017AD8D1012360
:10A44400002229492A481BF097F82A4900230A4682
:10A45400D4ED017A02F5806094ED007A013367EE61
:10A46400A77AB3F5807FE7EE077AC0ED007A04F5AA
:10A47400006090ED007A04F6040004F10804D0EDC5
:10A48400007A67EEA77AE7EE077AE2EC017ADFD189
:10A494009FED135B184A0023DFED184AB1EC017AF3
:10A4A400013392ED006A27EE247AB3F5007FB7EE0C
:10A4B400C66AB7EEC77AA6EE057BB7EEC77BA2ECF9
:10A4C400017AEBD1BDEC088BBDE8F081AFF30080DD
:10A4D4001F85EB51B81E1940000000000000603FCA
:10A4E400000000403333D33F90F923209489242083
:10A4F4006842002090E9232090D923203333333F4E
:10A5040094A924202DE9F04FBE4F8046BE483B68F5
:10A51400052B2DED028BADF5805D0CBF02241024BC
:10A5240083B008F08DFFA04207DA00200DF5805DAE
:10A5340003B0BDEC028BBDE8F08FB44808F080FF97
:10A54400A042F2DB4FF084434FF400124FF00009B5
:10A55400DFF8B8A2C3F8842017F0DAFCDFF8A8B259
:10A5640063020090AA4D5046019308F094FFA94E4F
:10A5740009EB050180221AF079FA584608F08BFF9E
:10A5840009EB0601802209F500791AF06FFA5846A2
:10A5940008F09EFF504608F09BFF019B9945E1D1CE
:10A5A4009D4BB3EE048AB2EE040BE401D3ED007AC2
:10A5B4004FF0300BDFF88C92F8EEE77ADFF888A2E0
:10A5C40087EE881AB7EEC11A1DF016FFB7EEC00B5E
:10A5D4002246294628468DED010A1CF049FD2246F3
:10A5E40031469DED010A30461CF042FD07F0D6FBD2
:10A5F400D9F80030224629460BFB03A3284693EDE5
:10A60400070AB8EEC00A1CF033FDD9F80030224620
:10A6140031460BFB03AA30469AED070AB8EEC00A8E
:10A624001CF026FD784808F00BFF322811DD77482E
:10A6340008F006FF32280CDD222178481AF042F88F
:10A64400774817F04CF9704808F005FF6F4808F098
:10A6540002FFD9F80020734B6D4903EB8203DFF846
:10A66400ECA12246084693ED000A3B68B1EE400A8D
:10A67400013B032B1AD81CF0FBFCD9F8003022460E
:10A684000AEB830393ED000AB1EE400ADFF8C0A1A0
:10A6940060495F4800F0FDFBDAF8003083B9B8F197
:10A6A400000F01D0FFF794FEC1460BE01CF0E0FC64
:10A6B400D9F8003022460AEB830A9AED000AE5E74E
:10A6C4004FF000092046FFF743FCDAF8000050B3CE
:10A6D4005549564AB8F1000F13D00B68142B10D10A
:10A6E4000023022813604FF0010303DD834048BFB9
:10A6F40003339B104FF40060B0FBF4F00344013BC0
:10A704000B601368086883420DDA013398421360C2
:10A71400204602BF14234FF001090B60494608BFCD
:10A724001360FFF701FDFFF757FC3B68053B042B63
:10A734004DD8DFE803F0144C21031200344A4FF4DF
:10A7440000633B4811461BF045FE324A4FF4006358
:10A75400384811461BF03EFE01E001F097FD3B68CE
:10A76400042B77D0072B00F0918001214846FFF796
:10A7740049FBFBF701FB7FE02F4B4FF48052802114
:10A784002448C3F8842024F033FF28B92A4B4FF41B
:10A794008052C3F88820E2E71E4BF6EE006A1C4A9A
:10A7A40031461B6813602A460123D1ED007A013338
:10A7B4000832043191ED007A802B77EE877A67EEC8
:10A7C400A67A42ED017A82ED007AEED1DEE7104AF4
:10A7D4004FF40063164811461BF0FCFD0D4A4FF47C
:10A7E4000063144811461BF0F5FD094A4FF4007349
:10A7F400124811461BF0EEFD064A4FF40073104850
:10A804001146A7E7A0340220B03F01208046012072
:10A8140094A9242094892420343F0220D36C00205E
:10A8240090B8002080B5002088BC002084BC0020A3
:10A83400882701209427012000400042B8270120E6
:10A84400C4270120B8C5002094BE00209CB5002078
:10A85400F0CE0020FFF756FAAF4B2946002251F8FC
:10A86400040B0132083343F8080CB2F5807F56F824
:10A87400040B43F8040CF2D13B68023B072B34D899
:10A88400DFE803F009744533333333770021484656
:10A89400FFF7B8FAF0E7DFF8E482AB460026DFF80A
:10A8A400E0A2DFED9E8A4346D8ED010A013608F1A5
:10A8B400080893ED000A00F07DFBDAED007AB6F5A6
:10A8C400807FA7EEA80A70EE677A8AED000AEBECA7
:10A8D400017AE8D1924A3346924993481CF0CEF962
:10A8E400324690498E481AF0C7F93B68032B47DC7F
:10A8F400012B4DDC00228D4802F500610832014431
:10A90400B2F5006F096845F8041BF5D13CE04FF43B
:10A91400807284498048FBF7D7FD82494FF48072E6
:10A924009FED830A08461CF0A3FBF7EE006ABFEE16
:10A93400007A804BFF21F3EC017AF4EEE67AF1EE33
:10A9440010FA10DCF4EE477AF1EE10FA48BFF0EE9C
:10A95400477A013943ED017AEDD14846FFF752FABF
:10A96400FBF70AFAC1E7F7EE007AF2E7FBF7B0FC6F
:10A97400BBE74FF480727049674801F023FCB4E7E9
:10A98400A3F10802012AB5D8062B1AD0072B26D02A
:10A994006A4B1B68012B01D1FDF7E4FB684B1B6874
:10A9A400022B21D0032B4DD0012B1FD1FEF7C0F970
:10A9B400B3EE0E0A4FF480725A4908461CF058FB55
:10A9C40014E04FF48073564A56495E481BF042F82F
:10A9D400534A4FF400735C4811461BF0FBFC802182
:10A9E4004F4824F009FED3E7FEF75AFD574B1B7876
:10A9F400012B09D1564A1370FEF72EFC4FF48072D6
:10AA0400484947481AF038F9524B1B784BB144492E
:10AA1400444824F021FE4FF48072424940481AF021
:10AA24002BF94D4B1B68022B24D1FAF765FE4B4BD7
:10AA34001B68052B1ED0042B1CD8DFE803F00E671F
:10AA4400A3A9AF000022424B1A70FEF705FCB7EE33
:10AA5400080A4FF480723349AFE74FF48073304AE9
:10AA640030493F481AF000FE4FF480722D492C48BB
:10AA74001AF002F93B68052B00F096804FF48073BE
:10AA84002A4A28492F481AF0E5FF4FF40073254A53
:10AA9400264934481AF0DEFFF2EE006A324B2246B1
:10AAA40020491868FFF742FA20EE260A084620EEED
:10AAB400080A1CF0DDFA224602A91A481AF026F800
:10AAC400224602A9294808F05AFC17F021FA009AF4
:10AAD400274B821A09F1010007EE102A4FF40012E5
:10AAE40093ED006BB8EE477B37EE067BB7EE006B59
:10AAF40083ED007B1F4B93ED007B37EE067B83EDEC
:10AB0400007B4FF08443C3F888200FE54FF4807333
:10AB1400034A04491848A5E794212420A4707D3FE2
:10AB24009489242094A924204030022090092420D0
:10AB34000AD7A33B98A9242094692420303F0220FB
:10AB4400B43B02200C280120D027012057560220B4
:10AB54005656022058560220343D0220E8C50020F3
:10AB640070B600203C28012088BE0020504D0120F2
:10AB7400E0000120D80001207CB6002090112420A0
:10AB8400A0BE01204FF48073094A0A490A4869E7C4
:10AB94004FF48073064A0749084863E74FF480730B
:10ABA400034A044906485DE7DFED066A76E700BF1D
:10ABB4009489242094A9242088B6002094B60020E7
:10ABC400A0B60020CDCCCC3D38B538B1114C124DD7
:10ABD4000120FFF797FC022811D138BD0D4D0E4C12
:10ABE4000020FFF78FFC0128F7D12B6822689B1AFD
:10ABF4000A2BF5D9F8F7DCFE2B682360F0E723680D
:10AC04002A689B1A0A2BE3D9F8F7D2FE23682B6033
:10AC1400DEE700BFBC4702200C91012008B507F015
:10AC240067F9054B1B68012B05D10A210348BDE8D0
:10AC3400084007F09FBC08BD343D0220803F02203D
:10AC4400034A044B1268D117C3E90021704700BFBF
:10AC540068C30020F000012008B5104B18600020E4
:10AC640002F03CF80E4B1B68032B11D0042B08D0C8
:10AC74006BB9F9F7B7F924F09FFCBDE8084024F05C
:10AC84007FBC24F099FC074B1B68012BF5D008BD51
:10AC9400F9F7A8F9BDE8084024F08EBC5456012009
:10ACA4001439022064C3002008B50F4A0F4B106802
:10ACB40019680844106000221A60FFF7CDFF0C4B9E
:10ACC4001B682BB1032B0AD0BDE80840F9F716BC6A
:10ACD400F9F788F924F070FC24F052FCF4E7F9F752
:10ACE40081F924F069FCEFE768C30020A83F012044
:10ACF40014390220044B1A6810441860034B1B6873
:10AD04001844FFF7A9BF00BF68C30020A83F012073
:10AD1400324B1B68F0B5092B3FD8DFE803F0053A46
:10AD24003E3E3E053E0505052D4B00211B680122D4
:10AD34002C4D2D4F2A702D4A386014682C4A044437
:10AD440012686ABB2B4A14602B4A1268C2B32B4E9A
:10AD5400B6EE007B034496ED006A0126B7EEC66AA0
:10AD640006FA02F226EE076B07EE902AB8EEE77BAE
:10AD740086EE075B07EE903AB8EEE77BB4EEC57B50
:10AD8400F1EE10FA0EDB3B6000232B701C4B1E709F
:10AD9400F0BD134B19680023C9E700231946C6E721
:10ADA400184AD0E7411AB1EE455B07EE901AB8EEA7
:10ADB400E77BB4EEC57BF1EE10FA0CD83960E3E71B
:10ADC40000F52740104BF830984204D90C4B2A70F8
:10ADD40001221A70DCE70D4B1C60D9E7A034022075
:10ADE400A4340220915C0220A83F012068C3002003
:10ADF4007C1E0220C4C50020F0CE0020683F022043
:10AE0400025D0220C8C50020A8D2020054560120C9
:10AE1400024B1B681844FFF77BBF00BFA83F01200B
:10AE240010B103681B6B1847704713B520B1016854
:10AE340000240094096A884702B010BD10B1036869
:10AE44009B681847704710B5044616F03FFD20462E
:10AE5400BDE8104016F043BD10B5044600230A2295
:10AE640016F065FD2046BDE8104016F038BD13B558
:10AE7400044661B10846019121F0DAFE23680246D6
:10AE840001995B68204602B0BDE81040184702B043
:10AE940010BDF0B5940083B0B5EEC00A0D4607347A
:10AEA40000AF064624F00704F1EE10FAADEB040DF2
:10AEB4006946C7E900210AD51CF0DAF83B682A463E
:10AEC400796810461CF0D0F90C37BD46F0BD284611
:10AED4001CF0CEF83B683246F2E7000008B52DEDD1
:10AEE400028BA0B107EE900AB8EEE78ADFED097A8B
:10AEF40028EE278A28EE008AB0EE480A1DF044FFA7
:10AF0400C0EE087AB0EE670ABDEC028B08BDF7EE1E
:10AF1400007AF7E7DB0FC93FF6EE007ADFED0E5A51
:10AF240020EE276AF7EE007AB0EE677AB0EE670A91
:10AF3400B0EE675AC6EE276A77EE857A66EEA66AA1
:10AF440027EE267A30EE070A60EE256AF4EEC76A29
:10AF5400F1EE10FAEED970475F70893007B5B0EEA4
:10AF6400C00A01A81DF0C6F8DFED0D7A9FED0D7A39
:10AF7400A0EE277ADFED0C7AE0EE077A9FED0B7AEC
:10AF8400A0EE277ADDED017A9FED090AF8EEE77A63
:10AF940077EE877A27EE800A03B05DF804FB00BFE2
:10AFA400A8A19D3FF5CA83C0FBB3C040E09248C04E
:10AFB4009B209A3EB0EEC07ADFED097AF0EEE00A0B
:10AFC400DFED086AB4EEE07AF1EE10FAC7BF20EEC6
:10AFD400A70AA7EE260A27EE270AA0EEA60A7047BC
:10AFE400AFAFCB3EFEDE753F9FED057ADFED057A10
:10AFF40020EE077AE7EE007A27EE800A704700BF5A
:10B00400018E44BED2EE783F114BD3F88020520714
:10B01400FBD5104AD3F8803092ED000A0E4AC3F3F0
:10B024000B23B8EE400A12689B1A07EE903A0B4BBA
:10B03400F8EE677A93ED007A094B67EE877A93ED21
:10B04400007AB8EE477AC7EE876A30EE660A704730
:10B0540000810D40543F0220483F0220503F02200F
:10B06400603F02201FB50A220C46694617F051FBC7
:10B07400684621F0DDFD072817D0082830D00628BF
:10B0840011D19DF8003023709DF8013063709DF854
:10B094000230A3702E23E370BDF80330A380302365
:10B0A400A3710023E37104B010BD9DF800309DF836
:10B0B400012023702E23A270637063719DF8043005
:10B0C4009DF80220A3719DF80530E270E3719DF8AC
:10B0D40006309DF803202372002322716372E2E795
:10B0E4009DF800309DF8022023709DF80130E27035
:10B0F40063702E239DF80320A370A3719DF805307F
:10B104002271E3719DF806309DF8042023729DF8A6
:10B114000730627163720023A372C4E7064B07B55C
:10B12400186902220DF10601FFF788FEBDF806003A
:10B1340003B05DF804FB00BFB0C6002007B5054BA3
:10B14400042218690DEB0201FFF778FE019803B0A1
:10B154005DF804FBB0C600202DE9F04F87B06F4CBA
:10B16400024600230E4601A86D49FBF717FE23692A
:10B1740013B12046FBF778FD059B01A8236100234A
:10B184000593FBF783FD2069FFF74AFE002800F0D2
:10B19400C280206900220023FFF747FE206910B116
:10B1A40003689B6A98475F4B042218600DEB020109
:10B1B4002069FFF743FEFFF7C1FF04220746206919
:10B1C4000DEB0201FFF73AFE042220690DEB0201A8
:10B1D400FFF734FEFFF7B2FF20F002030546102B01
:10B1E40016D0282814D050495048FFF740FE39465D
:10B1F4004E48FFF731FE4E494C48FFF738FE4B48A6
:10B204002946FFF729FE6FF0010007B0BDE8F08F73
:10B21400FFF784FF8246FFF781FF8046FFF78EFF2A
:10B224008346FFF78BFF8146FFF778FF0746FFF75A
:10B2340075FF404BBAF1010F188004D1B8F1010F2A
:10B2440001D1102823D03C493848FFF710FE51465D
:10B254003648FFF7F8FD39493448FFF708FE414600
:10B264003248FFF7F0FD36493048FFF700FE314B16
:10B274002E481988FFF7E7FD32492C48FFF7F7FD00
:10B284002A485946FFF7E8FD6FF00200BDE7122D8A
:10B29400206933D126220023FFF7C7FD0422206949
:10B2A4000DEB0201FFF7CAFDFFF748FF0546B0FBAF
:10B2B400F7F3B34226D924491C48FFF7D8FD2946A1
:10B2C4001A48FFF7C9FD21491848FFF7D0FD394650
:10B2D4001648FFF7B8FD1E491448FFF7C8FD31466C
:10B2E4001248FFF7B9FD1B491048FFF7C0FD0F488E
:10B2F4004946FFF7B1FD6FF0030086E7282DCDD155
:10B304003C22C8E7206910B103685B6A9847124B76
:10B314001860002079E74FF0FF3076E7B0C60020D0
:10B3240080510120A4470220B66D002090B800206F
:10B33400C36D002090550220D46D0020E36D0020E1
:10B34400F26D0020036E0020116E0020226E00209A
:10B35400306E00203F6E0020D43C02202DE9F047DF
:10B36400DFF88880064600AF0D46D8F8100010B10B
:10B3740003685B6A98476B000446D8F810000733EB
:10B3840023F00703ADEB030DFFF74AFD8146EA46C0
:10B3940048B1154B2C441B689C4208D34FF000095C
:10B3A4001248FBF789FC4846BD46BDE8F087104BC0
:10B3B4005146D8F810001A886A4348BF0732D210A1
:10B3C400FFF73CFD00239FED0B7AAB42EBDA3AF931
:10B3D4001320013307EE902AF8EEE77A67EE877AB6
:10B3E400E6EC017AF1E700BFA4470220B0C60020D2
:10B3F4009055022000000038064B1B68062B9FBFA7
:10B404005A20D84000F0010080F0010088BF0120DC
:10B41400704700BF343D0220024808B5FBF74CFCDE
:10B4240008BD00BFB0C6002008B517F02BFB0021F3
:10B4340008BD17F039BB00000A4808B50EF0DEFA63
:10B4440001280DD1142002F001FF152002F0FEFEA8
:10B45400162002F0FBFE1720BDE8084002F0F6BEFD
:10B4640008BD00BF9C3B022041F28831054808B565
:10B474000EF0BAFA044A05490548BDE808401FF031
:10B48400F7BB00BF9C3B02209CBC0020FD320000A7
:10B49400B0C600202DE9F04FDFF8E88181B05649AD
:10B4A4004246564800AF16F035FA554ADFF8D8A19F
:10B4B400A2EB08035349514816F02CFA524652495C
:10B4C4004E4816F027FA514A514CA2EB0A03514D4B
:10B4D40051494A4816F01EFA22465049474816F088
:10B4E40019FA2B1B2A467D1BDFF8A0B14C494348AF
:10B4F40016F010FA4B4C2B463A464B493F4816F08F
:10B5040009FADFF88C91ABEB07035A4647493B48ED
:10B5140016F000FA22464649384816F0FBF9D9F8E5
:10B5240000204449131B354816F0F4F9424ED9F86B
:10B534000030424C3246F31A4149304816F0EAF9D9
:10B54400224640492D4816F0E5F93F4B3E4A1B1B65
:10B554003E492A4816F0DEF93D49284816F0DAF942
:10B564003C4B42463C4908EBC3332448DFF8248172
:10B57400013B16F0CFF90BF1FF33524637491F4810
:10B5840016F0C8F9364B374A37491C4816F0C2F949
:10B59400364B4FF0C0423649184816F0BBF998F8BC
:10B5A40000303BB104EB035322463249013B1348BC
:10B5B40016F0B0F92649114816F0ACF92A46AB1238
:10B5C4002D490E4816F0A6F9D9F800202B49B21AD5
:10B5D4000A48931216F09EF998F800302849043767
:10B5E40004EB0352184B0548D21A9312BD46BDE82A
:10B5F400F04F16F08FB900BF4B6E002090B80020BA
:10B6040098BD02005F6E0020786E0020C0D6002036
:10B61400C0D60020605D02208C6E0020A56E002044
:10B62400B96E0020E0192520D26E0020EB6E0020B8
:10B63400046F0020186F0020000028200000007014
:10B64400316F00204A6F0020405407705E6F002065
:10B654003470002006000000776F00208D6F0020FA
:10B66400FFFF272000002020A36F0020FFFF7F6042
:10B67400B96F0020CF6F0020E56F0020FF6F00201E
:10B6840019700020000000000000002000000520C8
:10B6940098BC00208C5C0220014B1870704700BFDE
:10B6A400F95C0220064A07491378097899421FBFBA
:10B6B400591C1170044AD05C08BF0020704700BFB9
:10B6C4009C5C02209B5C022094C92420034A1378CA
:10B6D400591C1170024AD054704700BF9B5C022071
:10B6E40094C9242010B5044648B9084B1B782A2B6A
:10B6F40002D02C2B08D010BD7F20FFF7E7FFE0B26B
:10B70400BDE81040FFF7E2BF2020F6E7F95C022015
:10B71400064B074A5A62074A9A620023064A137084
:10B72400064A1370064A1370704700BF803A02201D
:10B73400557D0000097D00009B5C02209C5C02207A
:10B7440094C92420014B1868FAF77EBAD84802201D
:10B75400024B186800EB4000FAF776BAD84802208A
:10B764000449054B0A681A600B689B1A9842FBD877
:10B77400704700BFBC470220EC340220014B18681C
:10B78400FFF7EEBFD84802202DE9F0410723054614
:10B7940045FA03F21C46013BD10702D45A1CF7D1E7
:10B7A4001C46013C0E4E0F4FDFF83C80002C01DAA2
:10B7B400BDE8F08133683B6045FA04F3DB070AD542
:10B7C400FFF7C6FFD8F8000044B900EB4000013C85
:10B7D400FFF7C6FFEAE7FFF7B5FFF3E70738F6E739
:10B7E400BC470220F4340220D848022010B5044695
:10B7F40020F084FD78B1204620F088FD18B1204661
:10B8040020F090FDC4B2424B234413F8410CBDE830
:10B814001040FFF7B9BFA4F13003092B04D83D4B06
:10B82400234413F8300CF2E7402C53D8202C0AD8C8
:10B834000A2C55D00D2C53D0374B1868BDE8104056
:10B844008000FFF78DBF213C1F2CF5D801A353F8CE
:10B8540024F000BF517F0000557F0000A97E000046
:10B86400597F0000A97E0000A97E0000617F0000CE
:10B87400617F0000617F0000A97E0000A97E0000B6
:10B88400657F00006D7F0000697F0000A97E0000D5
:10B89400A97E0000A97E0000A97E0000A97E000008
:10B8A400A97E0000A97E0000A97E0000A97E0000F8
:10B8B400A97E0000A97E0000717F0000757F000052
:10B8C400A97E0000A97E0000A97E0000797F000007
:10B8D4005D7F00005F2C19D0B62CADD1682096E7AF
:10B8E4006B2094E7522092E7892090E728208EE786
:10B8F4005E208CE773208AE7552088E7212086E7BD
:10B90400782084E76A2082E74C2080E74D207EE798
:10B9140063D10020A8D10020D848022070B5154B6F
:10B9240004460420144D154E013C1860F9F780F9C3
:10B93400002001F0D3F923F073FE0121162016F044
:10B9440023FB2B68336014F8010F78B90C4B316872
:10B954001A682B685B1A9342FBD90021162016F053
:10B9640013FB084B4FF0FF321A6070BDFFF73EFF28
:10B97400E9E700BF343D0220BC470220F434022032
:10B98400ECC50020303B022070B52DED0A8B9FEDF5
:10B994001CBBB7EE00AB1E4BB6EE008B00241D4E55
:10B9A4000D201D4D1C6002F051FC9FED179B07EE0E
:10B9B400904A0134B8EEE7CAB7EECCCA2CEE0BCBF2
:10B9C4003CEE0A0B20EE090B1CF066F830EE0A0B75
:10B9D40020EE080BB7EEC00BA6EC010A2CEE090B07
:10B9E4001CF05AF8802C30EE0A0B20EE080BB7EE50
:10B9F400C00BA5EC010ADAD1BDEC0A8B70BD00BF07
:10BA0400000000000000803F00000060FB210940AE
:10BA1400A83B0220F8360220F834022070B5FFF764
:10BA240041FE754B1C78002C00F0AA80734C2278E0
:10BA3400002A52D0202816D008D80A2835D01B282E
:10BA44003FD00D20BDE8704002F000BC7F281FD01D
:10BA540003061BD45A2814D8402804D8A0F1300374
:10BA6400DBB2092BEDD8664B2226664A1D68664B6D
:10BA740006FB05221C68611C105520291960E0DDB5
:10BA840067E0A0F16103DBB2192BEBE7D428D8D12E
:10BA94005D4A22201368013B1360594A1168594AD0
:10BAA40000FB01220021D154CBE7554B22201A6818
:10BAB400554B1968534B00FB023300225A54227031
:10BAC400BFE74F4B222051491A684E4B00FB02300E
:10BAD40021F056F800232370B3E70A281ED000F1A2
:10BAE4002F02D2B2092AACD8D1380928A9D801A288
:10BAF40052F820F09F810000C1810000B380000053
:10BB0400B3800000C7810000B3800000CF81000033
:10BB1400DF810000EB810000EB810000384B222024
:10BB24001A68384B00FB0230FFF7F8FE89E7344B04
:10BB34002222344D1B68354802FB0355294621F067
:10BB44001FF8284621F074F82F4B18600123C2E730
:10BB54002B4B002201E02A4B09221A6071E7284A84
:10BB640013680133092BC8BF0023136069E7244A13
:10BB74001368013B48BF0923F7E700221A7060E706
:10BB84005A281FD8402815D81B2832D00AD80A288A
:10BB94007FF457AF1E4D1F482B68C454FFF7BEFEF9
:10BBA4002C604EE7202805D0A0F13003DBB2092B2E
:10BBB4003FF647AF164B174C19684A1C6054202AAD
:10BBC4001A605CE7D42809D00CD87A2803D86028F6
:10BBD4007FF637AFEEE77F287FF433AF0C4A136864
:10BBE400013BC2E72730C0B201283FF62AAF012249
:10BBF400C4E7074B1C6024E762D10020A85C022044
:10BC04007C3F02200ED00020243B0220DE5B022079
:10BC1400A83B022094CA2420024B1A68024B1A60E3
:10BC2400704700BFBC470220EC3402202DE9F843E2
:10BC34001B4D07460020894601F030FE8046002057
:10BC4400184C01F039FE2B68174903EB8707174B93
:10BC540009681B682268A3EB0803154E02EB49022E
:10BC6400BB42A8BF3B46134F9942B8BF1946124B7B
:10BC740029601968114B091A28681B689142A8BFEA
:10BC840011463A689942B8BF19463368216002F0F8
:10BC9400C1FE2B683B6023683360BDE8F88300BFB6
:10BCA400E4340220E8340220D4340220D8340220C0
:10BCB400D43B0220D03B0220CC340220DC340220CE
:10BCC40001280BD1094B1B7813B9094B1B781BB105
:10BCD400084B01221A60704723F0DABC022803D112
:10BCE4000021084623F00CBD704700BF985C022079
:10BCF400965C0220483B0220054A0346127812B99A
:10BD0400044A127812B1044A1360704723F060BCED
:10BD1400985C0220965C02208C3B022038B5254BAF
:10BD240004461B68062B08D1234B02461968234B93
:10BD34001868BDE8384023F027BC012838D1204BCF
:10BD44001E4D19681F4B186802F01CFE1E4B1A6822
:10BD54002B6802EBD27203EB62031C4A12689B1A33
:10BD640007EE903A1A4B93ED007AF8EEE77A194B06
:10BD74001B6867EE877A9C4007EE104AB8EEC77AD4
:10BD8400C7EE876ADFED147A66EEA77AFDEEE77AEE
:10BD940017EE900AFEF7BCFF104B1B680BB9F8F7BF
:10BDA400ADFB054B28681968BDE8384002F00EBEAB
:10BDB40038BD00BFA0340220E8340220E43402205D
:10BDC400D43B0220D03B0220E03402206CC300208C
:10BDD400683F0220F0CE00200000003B143902200E
:10BDE4000B4B01461B68062B04D180B1094B186824
:10BDF40023F0DEBB084B1B7823B1084B186848437B
:10BE0400FEF778BF064B18684843FFF701B8704740
:10BE1400A0340220E4340220E25C022010C7002097
:10BE24003CC70020F8B56B4B93F82520002A00F09E
:10BE3400CF8093F827601D6BD3E90A0151EA000310
:10BE440001D0FFF7F3FE4EB1634F644C39682068AC
:10BE540002F056FE98B13046FFF732FF55B15E4E00
:10BE64005E4C3168206802F04BFE002854D028460E
:10BE7400FFF742FF5748BDE8F84014F0C6BE3968E2
:10BE8400206802F048FE20B13146206802F080FEAE
:10BE9400E4E73968206802F04AFE20B131462068A0
:10BEA40002F0A6FFDAE73968206802F04BFE10B111
:10BEB40023F02AFCD2E73968206802F04EFE68B10C
:10BEC400474B1B68062B05D132463968206823F09E
:10BED4005BFBC3E73046FFF721FFBFE73968206803
:10BEE40002F046FE0028B9D03D4B20681B68396833
:10BEF400062B01D13246EAE73A4B1A683A4B02EB79
:10BF0400D2721B6801EB620203EBD37300EB630193
:10BF1400304602F07DFBA1E73168206802F0FBFDAA
:10BF240020B12946206802F0D9FEA3E731682068D1
:10BF340002F013FE60B12A4B1B68062B04D129467C
:10BF4400206823F035FB95E72846FFF749FF91E782
:10BF54003168206802F0F6FDA0B1214A6FF00403B5
:10BF640012686B43042A08D1204A12782AB1204A65
:10BF7400126813441F4A13607CE71F4A1268134473
:10BF84001E4AF8E73168206802F0F2FD00283FF409
:10BF940071AF1B4B1B68022B08D11A4B1A4A196844
:10BFA40052F821302B4442F8213063E70D4B3068BE
:10BFB4001A680D4B02EBD2721968236800EB620217
:10BFC40001EBD171284603EB610102F083FB51E7D9
:10BFD400F8BD00BF543B0220E8340220E4340220C0
:10BFE400A0340220D0340220E0340220F75C022086
:10BFF400343B0220A43902202C3B0220D03C0220F6
:10C00400383B0220B8C50020AC34022013B50446E6
:10C0140061B10846019120F00BFE236802460199A4
:10C024005B68204602B0BDE81040184702B010BD5E
:10C03400FFF7ECBF10B50446FFF7E8FF2046BDE864
:10C04400104015F04CBC0000F0EE607AB7EEC00A68
:10C054009FED254BB4EEC40BF1EE10FA19D59FED0C
:10C06400246BB4EEC60BF1EE10FA12DDB7EE007AD3
:10C07400F4EEC77AF1EE10FA0BDDB7EEC15AB4EE66
:10C08400C45BF1EE10FA04D5B4EEC65BF1EE10FA1F
:10C0940023DC9FED195BB4EEC50BF1EE10FA1EDD47
:10C0A4009FED176BB4EEC60BF1EE10FA17D5BFEE89
:10C0B400007AF4EEC77AF1EE10FA10D5B7EEC11A91
:10C0C400B4EEC51BF1EE10FA09DDB4EEC61BF1EEB9
:10C0D40010FA4CBF01200020704701207047002057
:10C0E400704700BFAFF300809A9999999999B93F25
:10C0F4009A9999999999C9BF9A9999999999B9BF0E
:10C104009A9999999999C93F70B5294C0E46054653
:10C11400284920462DED028B86B0F0EE608AB0EE01
:10C12400418A8DED010AFFF783FF3146224E2046F6
:10C1340015F0CCFB31462046FFF77AFF20461F4915
:10C14400FFF776FF294620461D4D15F0BFFB31460B
:10C154002046FFF76DFF03AA9DED010A0221062088
:10C1640016F0E8FA03A92046FFF762FF29462046A5
:10C17400FFF75EFFB0EE680A03AA0221062016F05C
:10C18400D9FA03A92046FFF753FF29462046FFF7B3
:10C194004FFFB0EE480A03AA0221062016F0CAFA9D
:10C1A40003A92046FFF746FF06B0BDEC028B70BD25
:10C1B40090B8002036700020359D00204270002089
:10C1C400507000202DE9F04F0026DFF8B080DFF832
:10C1D400B0A085B0DFF8AC900C461746FAF774F9B6
:10C1E400BB1EB34202DC05B0BDE8F08FD9ED007A86
:10C1F400B3EE047AD8ED000AB4EC011A30EEE70A83
:10C20400CAED000A89ED001A77EEE00A31EE671AEA
:10C21400C8ED007A20EE070A154D60EE870A21EE7C
:10C22400071A8DED010ACDED020A8DED031AFFF711
:10C234000BFFB8B1DFF850B00E49DBF800300E4800
:10C244000133CBF80030FFF7F3FE9DED031ADDED6B
:10C25400020A9DED010ADBF800102868FFF754FF7D
:10C2640000232B602B68013601332B60B8E700BF35
:10C27400C8C20120FD6C002090B80020D0C201206B
:10C28400D4C20120CCC2012090BC0020704738B534
:10C294000C46054618F0E8FA844205DA2146284699
:10C2A400BDE8384018F00EBA38BD38B50C4605461E
:10C2B40018F0DAFA844205DA21462846BDE8384007
:10C2C40018F000BA38BD000030B5ADF5037D044662
:10C2D400C1F1FF020D4668460E4920F07DF93B236B
:10C2E400A21E01A904F2FE348DF8053232F9023F90
:10C2F400FF33A242A3EB050323EAE37301F8013FF2
:10C30400F4D140F206216846FFF7CFFF0DF5037D17
:10C3140030BD00BFF66C002070B5044618F0A4FAD6
:10C324002378E3B100281ADD204620F081FC05467D
:10C3340018F09AFA854204DB0B4D0026237833B9B2
:10C3440070BD29462046BDE8704018F0BBB918F00E
:10C354008BFA0028F2DC18F0ADFA2E70EEE7024BEF
:10C3640000221A70ECE700BF805C0220F2EE047A2F
:10C374000346094920EE270A00B5FDEEC07A89B0CC
:10C38400684617EE902A20F027F96846FFF7C4FFA5
:10C3940009B05DF804FB00BF9A6C002000207047D0
:10C3A40000207047002070477047000038B5002512
:10C3B400124B0446102229460360C0E90155C0E926
:10C3C400D655C0E9D85500F55A7016F059F94FF40E
:10C3D4004073204684F87A53A4F8783304F5E7636D
:10C3E400C4F88843C4F838374FF4687384F83E5768
:10C3F400A4F83C3712F0EEFE204638BD94360020F7
:10C4040008B512F015FBBDE80840FFF70BBD0000AE
:10C4140010B52B4800242B4BC0F844030360C0F82C
:10C424006003C0E9014413F03DFB27492748FFF7A7
:10C43400BDFF2748274B80F88240036058330461CE
:10C44400C360FF230475A0F8843080F85E4080F850
:10C454006040C467A0F8804080F8834080F88F4033
:10C46400C0E90144C0E90644C0E90A44C0E91B44E8
:10C47400C0E91D44C0E92444C0E9264413F067FF21
:10C4840011491548FFF792FF1448154B80F82540D1
:10C4940003604C3304610475046280F8244080F81E
:10C4A400264080F82740C360C0E90144C0E906443F
:10C4B400C0E90A44C0E90C44BDE8104014F09BBB39
:10C4C40020F40020BC390020255D022080E20020F9
:10C4D400803A022024380020C0E90020543B022086
:10C4E400E036002070B5044618F0BEF92378EBB1AD
:10C4F40000281BDD204620F09BFB054618F0B4F90C
:10C50400854217DA2946204618F0DCF8BDE8704069
:10C5140018F0D0B918F0A8F9002808DD30780135F2
:10C5240018F096F9635D6619002BF3D170BD18F00D
:10C53400C1F9F7E70025F5E770B504460E46002576
:10C5440018F076F8002805DD18F0ACF8C0B23B28E6
:10C55400605503D12C440023637070BDB542F9DAF1
:10C564000135EDE7034B1B68062B9ABF024AD056F0
:10C5740002207047B8C500201C6C002010B5D2B052
:10C5840018F056F8002800F0BF814FF4807112A80B
:10C59400FFF7D2FF9DF84830002B00F0B5813B2B0C
:10C5A40000F0B281413B132B00F2AE81DFE813F0BF
:10C5B40014002300AC01AC01AC0164001401AC0113
:10C5C4002801AC016101AC016C01AE01E601050278
:10C5D400AC0121022F0259029DF84930492B40F049
:10C5E40044819DF84A303B2B40F08A81AC4912A823
:10C5F40020F0C6FA39E19DF84930552B07D19DF852
:10C604004A303B2B0DD1012023F05AF87CE1442B16
:10C6140040F02B819DF84A303B2B19D14FF0FF306D
:10C62400F2E79DF84B303B2B40F01F810DF14A009F
:10C634001EF061FE38B9FFF795FF9A49024612A829
:10C644001FF0CAFF11E1FFF78DFF97490246F6E795
:10C654009DF84B303B2B40F008810DF14A001EF051
:10C664004AFE20B9FFF77EFF90490246E7E7FFF74D
:10C6740079FF8F490246E2E79DF84930413B132B8D
:10C6840000F24281DFE813F0140030004B00400157
:10C694004001400140014001660040014001400169
:10C6A4004001400140014001400186009700A20082
:10C6B4009DF855303B2B0ED10DF14A001EF01FFEA4
:10C6C400044622F0F5FF7B4B1868201AFEF712FB94
:10C6D400794B1C6018E19DF84A303B2B40F0C58033
:10C6E400754B76491A68AAE79DF855303B2B0DD156
:10C6F4000DF14A001EF003FE044622F0D9FF6D4BF3
:10C704001868201AFEF7F6FA6D4BE2E79DF84A30F6
:10C714003B2B40F0AA806A4B6A491A688FE79DF860
:10C7240055303B2B0DD10DF14A001EF0E8FD614B55
:10C7340000221860644B1A60FEF78EFAF7F7DEFEEB
:10C74400E2E09DF84A303B2B40F08F80594B5F4923
:10C754001A6874E79DF84C303B2B40F0D5809DF867
:10C764004A30302B09D10DF14B001EF0C8FD584B57
:10C774001B68C01A22F014FFC6E0312B40F0C480BD
:10C784000DF14B001EF0BBFD524B1B68C01A22F08A
:10C79400AFFFB9E09DF84A303B2B01D14E4926E763
:10C7A4009DF84B303B2B60D10DF14A001EF0A3FDE8
:10C7B40022F0FAFEA8E09DF84B303B2B55D10DF149
:10C7C4004A001EF098FD01F003FF9DE09DF84A30F9
:10C7D4003B2BE5D141490AE79DF84930542B40F001
:10C7E40093809DF84B303B2B40F08E800DF14A0036
:10C7F4001EF085FD3A4B1860012001F027FD83E00F
:10C804009DF84930442B09D19DF84A303B2B2CD15B
:10C814000521032022F024FF3249E8E6462B24D1E7
:10C824009DF84A303B2B20D12F4B1A680F92FEF70C
:10C83400E3FD00230121B0FA80F00F9A0893400928
:10C84400CDE90B132949CDE9093309680791022180
:10C85400CDE90430069112A82549CDE90233CDE98A
:10C86400003341F288331FF0B7FE12A8FFF73AFEF7
:10C874004AE09DF84930532BF7D19DF84A303B2BC1
:10C88400F3D10F221B49DAE69DF84930442B35D108
:10C894009DF84A303B2B33D102221749CFE600BF23
:10C8A40053700020587000205F70002066700020D4
:10C8B4006D70002068C30020C4C50020747000207F
:10C8C400C8C500207D700020A83F0120867000208C
:10C8D40080CF002040C700208F700020947000207B
:10C8E40020A3002099700020545601207C1E0220B1
:10C8F400A0700020CE700020D5700020452BB4D14C
:10C904009DF84B303B2BB0D152B010BD9DF849304F
:10C91400462B18D19DF84A303B2B06D1674B68490A
:10C924001A68684B53F8222089E69DF84E303B2B59
:10C934009BD1624B0DF14A001C681EF0DCFC614B7C
:10C9440043F82400E0E7472B8FD19DF84B303B2B75
:10C954008BD10DF14A001EF0CEFC5B4B186058B928
:10C96400564B58491A68594B03EB820351F822205D
:10C97400C3F80C2322F04CFE05203EE79DF8493015
:10C984004D2B7FF472AF9DF84B303B2B07D1022324
:10C994009DF84A204E4912A81FF01EFE65E79DF837
:10C9A4004C203B2A7FF461AF002211A88DF844305B
:10C9B4008DF845201EF09FFCA6E79DF84930432BD7
:10C9C4000DD19DF84D303B2B7FF44FAF0DF14A0054
:10C9D4001EF091FC3F4B186022F036FE94E7532B77
:10C9E4007FF443AF9DF84A303B2B7FF43EAF3A4986
:10C9F400FDE59DF84930582B7FF437AF9DF84A3058
:10CA04003B2B7FF432AF354B00221A707CE79DF844
:10CA14004930462B15D19DF84B303B2B7FF425AF85
:10CA24000DF14A001EF067FC024640B92C4B02216E
:10CA34001B6812A800912B491FF0CEFD15E72A4B65
:10CA4400F5E7502B7FF411AF9DF84B303B2B3FF4AF
:10CA54005BAF9DF84A303B2B7FF407AF002223499C
:10CA6400EDE59DF84930422B07D19DF84A303B2B28
:10CA74007FF4FBAE00221E49E1E54D2B12D19DF857
:10CA840055303B2B7FF4F1AE0DF14A001EF037FC1C
:10CA940016F00AF80DF14A001EF031FCC11705F03A
:10CAA400D3FA31E7582B7FF4E0AE9DF84A303B2BA4
:10CAB4007FF4DBAE094B0122A7E700BFB8C5002015
:10CAC400DB700020AC340220383B0220CCA60020CE
:10CAD400E37000207CCF0020EB700020935C0220E8
:10CAE400C4C50020F0700020C8C50020FD700020DF
:10CAF4000371002008B5084805F048FB18B1102858
:10CB040002D0202804D008BD044B01221A60FAE7A1
:10CB1400024B4FF0FF32F9E71D5D0220DC48022092
:10CB240008B5194805F032FB08B3102820D0202896
:10CB340022D0164B1B68013B022B18D9144A002043
:10CB44001449D2ED007A91ED007AF8EEE77A0860A4
:10CB540077EE877AFDEEE77A17EE903AC2ED007A27
:10CB6400642B0DDD642313600B4B01221A7008BD86
:10CB7400084B0A4A1A60DCE7064B4FF07E52F9E78D
:10CB8400002BF1DA0023EEE72F5D022064C30020BE
:10CB940088BE0020801E02202E5D0220000080BF7F
:10CBA40008B500220121264805F0DCFA25490422B3
:10CBB400032015F043FC04222249104615F03EFCE4
:10CBC4000221182015F012FA0021192015F00EFA8E
:10CBD40000211E2015F00AFA002201211A4805F04E
:10CBE400C1FA1A490422192015F028FC0422174915
:10CBF4001E2015F023FC02211F2015F0F7F9002256
:10CC04000121134805F0AEFA12490422212015F03F
:10CC140015FC04220F49222015F010FC00220121EA
:10CC24000D4805F09FFA0D490422242015F006FC56
:10CC340004220A492520BDE8084015F0FFBB00BFC7
:10CC44002F5D022091910000DD5C02207904000038
:10CC54008D5C0220AD0400001D5D02206591000082
:10CC64000020704708B504220321144805F074FA23
:10CC74000A221821124813F0D3FF1E221921114849
:10CC840005F06AFA0A221F210F4813F0C9FF222275
:10CC940021210E4805F060FA0A2223210C4813F0E2
:10CCA400BFFF252224210B4805F056FA0A2226212B
:10CCB4000948BDE8084013F0B3BF00BF2F5D022050
:10CCC4005C390220DD5C02202C3902208D5C0220BC
:10CCD4003C3902201D5D02204C390220704713B5F7
:10CCE400044661B1084601911FF0A2FF2368024681
:10CCF40001995B68204602B0BDE81040184702B0B5
:10CD040010BD00002DE9F0412C4B002401212C48DA
:10CD14001C600EF0FDF9214629480EF047FA214621
:10CD240027480EF0F5F9274D01212548264F0EF02E
:10CD340095F9264E0421DFF8BC8021480EF0D0F985
:10CD440015F8013BC3B1336857F82400C01A22F028
:10CD5400B7FC1F4B58F824001860FDF77DFF3268BC
:10CD640030211C4B01FB02331B4A52F824209A61E8
:10CD74001A4A52F824205A610134052CE0D10120CA
:10CD840022F09EFC164B186822F09EFC154B4FF0C7
:10CD9400FF31186822F064FC134B18680B4B1B68B6
:10CDA400C01A22F08DFC114B1A68094B1A6022F04C
:10CDB40047FC0F4B00221A70BDE8F08114390220A1
:10CDC400DC470220A3D10020AC2C0020B8C50020F1
:10CDD4005456012094BE0020F43C0220083D022059
:10CDE400F03C0220F8660120D83C02201C3D0220C1
:10CDF4007B5C0220DC3C022038B5054605F080F956
:10CE0400044605F087F93C234FF46162434302FB77
:10CE1400043405F089F9B422231893FBF2F102FBE0
:10CE240011330A2293FBF2F3581B4CBF1223002345
:10CE3400184438BD002809DD06233B2890FBF3F392
:10CE44000B6005DC044A52F8230070470020704749
:10CE54004FF47840704700BF14C000202DE9F04F14
:10CE6400002589B06D4E059029466D4807950EF052
:10CE740037F96B4C6B4B0393012200212046DFF8FA
:10CE8400CCB10DF03FFA0023B6F920202046B6F9C4
:10CE94001C1000270DF0B2F94FF47842002120460F
:10CEA4000DF090FBB1682046DFF88C91FFF717FF77
:10CEB4005D4B03EB050A039B0493049B07A9F3EC66
:10CEC400017AFDEEE77A049317EE900AFFF7B2FFBA
:10CED4000021804620460DF040FA326AF1690023B1
:10CEE40021322046394412B209B20DF087F91BF8F9
:10CEF400013B73B1B8F1000F40F08C8042464FF60D
:10CF0400FF7120460DF05EFBD9F800102046FFF7B4
:10CF1400E6FE464B1B7843B11BF8013C1BB1079B53
:10CF2400092BA8BF09238AF800300A370AF1010A3D
:10CF340009F10409BFB2322FBFD1039B05352C364A
:10CF440014335A2D039397D100243C234FF4CD720C
:10CF54000A213348364ECDE90034AA230EF0C4FA30
:10CF640021462F480DF0F9F94FF6FF712C480DF0CA
:10CF7400C4FD23464FF4CD720A2129480DF03EF931
:10CF84002C492748FFF7ABFE33682B4A244852F854
:10CF94002310FFF7A4FE29492148FFF7A0FE2346EA
:10CFA4004FF4D7720A211E480DF028F92C231B4A8E
:10CFB40005991B4803FB0125A968FFF790FE6968E2
:10CFC4001748FFF78CFE23464FF4E1720A211448F8
:10CFD4001B4C0DF013F91B491148FFF780FE216823
:10CFE4000F4814F073FC114B1B7883B1164842238D
:10CFF400602103704D23437033688370059BC370B5
:10D00400236803713B2380F85F30FFF740F909B0D0
:10D01400BDE8F08F1FFA88F2002172E73CC00020BF
:10D02400DC470220C82E02201E5C0220795C02200C
:10D03400C42E0220BB6C002000C0002085A000206C
:10D0440088BE0020C86C0020195C0220A3D10020F7
:10D0540010B50A2405F068F890FBF4F303FB140000
:10D064000028F7D1034B1A68034B1A600122034BC3
:10D074001A7010BDBC470220303002207C5C0220B4
:10D084007F4B2DE9F0471C782DED028B002C32D01C
:10D094007C4D2B68002B40F097807B4C7B4A217899
:10D0A4001068F9B101300428D8BF03461360784AE8
:10D0B400D25C5AB1774A52F82300774B1B689842E6
:10D0C40002D0C01A22F0FCFA00232370BDEC028BBC
:10D0D400BDE8F087F0EE487AB7E02A606A4B012297
:10D0E4001A70F3E7FFF788FE6C4B1B688342EDD0A0
:10D0F4002B680133C2E06A4F6A4B3A68664D1A6086
:10D104002A68694B624E1A60684BDFF888A11A6876
:10D11400674BDFF8C8811A60664BDFF8C4911A6860
:10D12400654B1A6016F8013B0BB32B685AF82400C0
:10D13400C01A22F0C5FA3B6859F8240048F8243094
:10D14400FDF78AFD2B6830215C4A01FB03225C4910
:10D15400936941F824305B49536941F824304FF412
:10D16400FA7340F2DC51C2E90531484B1C600134CA
:10D17400052CD7D1012022F0A3FA4FF0FF31012072
:10D1840022F06EFA002022F09FFAFFF761FF04F00C
:10D19400B7FF054604F0BEFF3C2303FB00F44FF445
:10D1A400616303FB054404F0BFFFB423204490FBF8
:10D1B400F3F203FB12000A23002290FBF3F0374B37
:10D1C4001860304B1A6089E780DDDFF818813E4F24
:10D1D400D8F800303D4E0133DFF8B0A0DFF8BC9042
:10D1E400C8F8003004F0F4FDD7ED007ADAF8000056
:10D1F400F4EEC07AD6ED007AF1EE10FAF4EEC07ACD
:10D20400C8BF87ED000AF1EE10FA48BF86ED000AA8
:10D21400FFF7F2FDD9F80030044683423FF456AFDD
:10D22400D8F80020DAF80030172A9FED298A3FF455
:10D2340051AFD6ED007A97ED007A77EEC77AF4EE27
:10D24400C87AF1EE10FA77FE887A04EB840220465D
:10D254001A44204B03EB8203C3ED007AFFF7FEFD73
:10D264001D4B0022C9F8004033602B68C8F8002029
:10D27400013387ED008A122B3FF72FAF2B6025E790
:10D284007C5C0220F4680120B6570220C42E0220E0
:10D29400A3D10020AC2C0020B8C50020EC680120EC
:10D2A400545601201C3D0220D83C0220303D02206F
:10D2B400F8660120A0340220F03C022094BE002035
:10D2C400F43C0220083D0220F068012070BC0020DC
:10D2D40000000000C82E022000007AC4DC3C0220BA
:10D2E400982C0020F868012008B5002114480DF09E
:10D2F4005DFF012112480DF00BFF002110480DF0D5
:10D3040055FF00210E480DF003FF0E4B02220021B1
:10D314001A6000220C4B01311A605A60143312292E
:10D3240043F80C2C43F8082C43F8042CF3D10022C6
:10D334000648114622F0B4F9054B01221A7008BDC3
:10D34400DC47022014390220C82E0220DCCA002047
:10D354007B5C022010B103685B6B18470048704780
:10D364003570002010B103681B6B184770470368C1
:10D374001B68184713B5044661B1084601911FF0B4
:10D3840057FC2368024601995B68204602B0BDE859
:10D394001040184702B010BDFFF7ECBFF8B50446C3
:10D3A4001FF046FC012802D12378422B0DD10D49F0
:10D3B40000230E460125002282420ADB012D06D0FD
:10D3C40011F8402F0133002AF3D14FF0FF331846F0
:10D3D400F8BD14F802C0013216F8017BBC4518BF31
:10D3E4000025E9E7B0C6006008B5264B2DED068B95
:10D3F40093ED00AAB0EE408ADFED239AB0EE609A76
:10D4040030EE4A0A20EE290A1BF0C2FDF0EE408AF3
:10D414002AEE290A1BF0BCFDB0EE40AA28EE290A28
:10D424001BF0B6FD194BB0EE408AD3ED007A39EE0D
:10D43400679A28EE0A8A29EE290A1BF0A9FDF7EE5D
:10D44400007AF6EE006A37EEC00A28EE008A28EE6B
:10D45400A60A28EE267AB7EEC00AB6EE006BB7EE3F
:10D46400C77A36EE400B37EE000BB7EEC00B1AF05E
:10D4740021FC1AF09DFBDFED067ABDEC068B20EE55
:10D48400270A08BD283A022034FA8E3C2C3A02209E
:10D49400001847460000000038B5554C2DED0E8BA2
:10D4A400FFF77CFF0021206052480DF0A6FE2268A1
:10D4B400531C00F08C80504B0121504C03EB821321
:10D4C4004F4D4C4893ED0C7B9FED43EBB7EEC77B80
:10D4D40084ED007A93ED0E7BB7EEC77B85ED007A81
:10D4E4000CF03BFFD4ED00DA95ED00DAB7EEEDCAAF
:10D4F4002CEE0ECBB0EE4C0B1AF0CEFA414BB0EE44
:10D50400409B93ED008A38EE4D8AB7EEC88A28EE28
:10D514000E8BB0EE480B1AF00BFB3B4BB0EE40BB4E
:10D5240093ED00AAB7EECAAA2AEE0EABB0EE4A0BF0
:10D534001AF0B2FAB0EE40EBB0EE4C0B1AF0F8FA77
:10D54400B0EE40CBB0EE4A0B1AF0F2FAB0EE40ABBC
:10D55400B0EE480B1AF0A0FA29EE0AAB20EE4A8B83
:10D56400F0EE4D0AB0EE6D0AFFF73EFF29EE0B9B7D
:10D57400264BAEEE0C8B83ED000AB7EEC90BF7EE2B
:10D58400C80B1AF041FBB7EEC00A9FED157B9FED67
:10D59400161B20EE070BB7EEC00BB7EEC00A1AF04D
:10D5A400FBF9B7EEC00B1A4BB5EEC00A83ED000AC7
:10D5B400184BF1EE10FACABFDFED177AB1EE400A4C
:10D5C40037EEC00A83ED000ABDEC0E8B38BDBFEE0A
:10D5D400000AF9E7AFF300804DC9077746DF913FB2
:10D5E400CB67791EDCA54C4000000000008076402B
:10D5F400B0C50020DC470220B0C600601C39022000
:10D60400203902202C3A0220283A02203830022005
:10D6140034300220103902200000B44338B50546E6
:10D62400F9F74DF8C4B22846F9F749F860F30F2426
:10D63400A0B238BD38B500240546F9F740F860F3C8
:10D6440007042846F9F73BF860F30F242846F9F756
:10D6540036F860F317442846F9F731F860F31F648D
:10D66400204638BDC900044B01F4FC6103EA0020E4
:10D6740041EAD2021043704700F8FFFF2DE9F0435E
:10D684008BB00D460024294FDFF8AC800646DFF846
:10D69400AC900023264A68462649F9F77FFB2C60A4
:10D6A400049981B30B68002205A8DB6B984709989D
:10D6B400FFF758FE80B3C4EB041232210023404626
:10D6C4005200373212B20CF099FD0998FFF742FE6E
:10D6D40049461FF0B3F948B10998FFF73BFE0146EC
:10D6E400322000FB046001341FF04AFA099810B19B
:10D6F40003689B6B984705A82C60F9F7DDFA05A829
:10D70400F9F7C4FACCE74FF47A7306918DF8201038
:10D71400079305970991CAE705A8F9F7B7FA684688
:10D72400F9F7B4FA20460BB0BDE8F083D4380020F2
:10D73400FE9E002080510120DC470220BD8F002086
:10D744002DE9F843372400264FF03209DFF8F4803E
:10D75400054664200F4614F001FCBE424FF000035E
:10D7640060DB37223221374800240CF047FDDFF814
:10D77400D8804FF4FC6200213248324E0CF022FF74
:10D7840029463048FFF708FED8F80030B3B3C4EB9D
:10D7940004120023322130465200373212B20CF008
:10D7A4002DFD00224FF6FF7130460CF00BFF3221A5
:10D7B400304601FB0451FFF7EFFDD8F800301C445C
:10D7C400A7423DDD002C00DA7C1EC4EB04120023CA
:10D7D400322130465200373212B20CF00FFD4FF4B2
:10D7E400FC62002130460CF0EDFE3221304601FB94
:10D7F4000451FFF7D1FD0023C8F8003004F0C8FA43
:10D8040004F0C9FA8146642014F0A8FBB9F1000FB2
:10D81400BAD14A464FF6FF710A480CF0D3FE2046AF
:10D82400BDE8F88322B2322140461E340CF0E6FCF7
:10D8340009FB065140460136A4B2FFF7ADFD8CE763
:10D844000024C2E7DC4702204C3B0220034B044A7D
:10D85400596B11609A6B034B1A60704728CA0020F9
:10D86400283A02202C3A022013B5044661B1084636
:10D8740001911FF0DDF92368024601995B68204697
:10D8840002B0BDE81040184702B010BDFFF7ECBF6E
:10D894004FF4487070474FF4F070704701460548E4
:10D8A400C9B208B50CF059FD002102480CF088F902
:10D8B40008BD00BFDC47022001460548C9B208B5CF
:10D8C4000CF04BFD002102480CF0A1F908BD00BF8B
:10D8D400DC47022000000000254BB7EE006BDFEDB3
:10D8E400257A93ED007A244BB4EEE77A1A68F1EEC8
:10D8F40010FA9FED1B7B58BFB0EE467B9FED1A6B71
:10D9040027EE067BB7EEC77BFDEEC77A17EE901ABB
:10D91400F9B101EBD1734FF487705B1000FB023354
:10D9240093FBF1F24B4300D5013A144B1A60144BAC
:10D934001B6881B101EBD1724FF48770521000FB68
:10D94400032393FBF1F24B4300D5013A0D4B1A60CC
:10D9540070478722E9E78722F8E700BFAFF300802A
:10D96400676666666666FD3F00000000006AB840B0
:10D97400683F022000C82F47A8340220A0390220A3
:10D98400A43402209C3902202DE9F341FFF7A4FFBF
:10D99400344B1B68042B58D054DC012B5DD8324B1C
:10D9A4004BF2B2541B78002B16BF25464FF4FC658E
:10D9B4004FF4FC642D4F39684B1EB3F5867F09D8AC
:10D9C400002301F2112130222948009309B2742363
:10D9D4000DF0C6FA274E31684B1EB3F5867F09D881
:10D9E400002301F2112130222148009309B274234B
:10D9F4000DF0B6FADFF88880D8F800104B1EB3F5A6
:10DA0400867F08D801F2112174233022184809B204
:10DA140000940DF0A5FA184C21684B1EB3F5867FCF
:10DA240008D801F2112174233022114809B200955B
:10DA34000DF096FAD8F800303B602368336002B0EA
:10DA4400BDE8F081053B042BA8E70C4B1B78002BA9
:10DA5400A5D04BF2B2552C46ACE74FF4FC654BF223
:10DA6400B254A7E7A0340220A95C0220A8BE01207A
:10DA7400DC470220A4BE01209C390220F75C02206E
:10DA8400A039022037B52023002540F2C1120446F4
:10DA940005210F48CDE900354FF400730DF024FD46
:10DAA40001210B480CF059FC4FF6FF7108480DF0AA
:10DAB40024F82B4640F2C112052105480CF09EFBC8
:10DAC4002146034803B0BDE83040FFF7DFBE00BF86
:10DAD400DC4702200000000030B51D4C00212DED74
:10DAE400028B204683B0B0EE408A0CF036FC002353
:10DAF4002F22204640F24F110CF080FB00212046DB
:10DB04000CF05EF80546002120460CF080F81F2337
:10DB1400C5EBC5052F2200B2019340F24F112BB281
:10DB2400009020460DF0E0FCB7EEC80A0221204622
:10DB34009FED057B20EE070B03B0BDEC028BBDE827
:10DB4400304013F001BF00BFF0F06E9E9A99C93FB8
:10DB5400DC47022007B51B23272205210448CDE911
:10DB640000321A2309220BF0D7FF03B05DF804FB3F
:10DB7400DC47022013B5044661B1084601911FF049
:10DB840057F82368024601995B68204602B0BDE855
:10DB94001040184702B010BD70B5124E86B005464D
:10DBA4000C46304600210CF0D8FB30464FF4FC61A3
:10DBB4000CF0A3FFFDF728FA02232A46214600931E
:10DBC400002003AB21F038FD6A1D04F116014FF467
:10DBD400FC6312B23046009309B203230DF08AFBB2
:10DBE40006B070BDDC47022013F070BE38B50546A0
:10DBF4000C460B4800210CF0B0FB4FF4FC610848C4
:10DC04000CF07BFF002321B205482AB20CF0F6FA8F
:10DC1400044B03481968BDE83840FFF7E5BF00BF6F
:10DC2400DC470220343F022038B505460C460B4839
:10DC340001210CF092FB4FF4FC6108480CF05DFFED
:10DC4400002321B205482AB20CF0D8FA044B034849
:10DC54001968BDE83840FFF7C7BF00BFDC470220A2
:10DC640088BE002013B5044661B1084601911EF038
:10DC7400DFFF2368024601995B68204602B0BDE8D5
:10DC84001040184702B010BDF0B58BB00746134CD6
:10DC94000E4668461DF034FC68461DF031FC089DB4
:10DCA400204600210CF059FB2046AD0A4FF4FC61DC
:10DCB4000CF023FF20463AB2002331B20CF09EFA56
:10DCC400294600230A22204613F031FE0449204647
:10DCD4000BB0BDE8F040FFF7C5BF00BFDC47022032
:10DCE400899B0020B0B5054600AF0C460D480021C5
:10DCF4000CF033FB4FF4FC610A480CF0FEFE0023E9
:10DD04002AB2084821B20CF079FA07490548791A71
:10DD14008912FFF769FF05490248BD46BDE8B040D6
:10DD2400FFF7A0BFDC470220605D0220899B002032
:10DD3400574B2DE9F3411B6880B2012B00F1140607
:10DD440000F1280036B204B274D152495248FFF7A8
:10DD540089FF524B524F19684F48FFF745FF3B78F4
:10DD6400002B61D04F4B1B78002B5AD04FF6E0713B
:10DD740049484FF000080CF0C0FE002146480BF063
:10DD84001FFF0546002144480BF041FF324600B214
:10DD940040F2152105EB4515CDF8048000902BB217
:10DDA4003D480DF0A1FB4346324640F215213A4866
:10DDB4000CF024FA3C4B222137481A683B4B01FBF8
:10DDC4000231FFF74FFF3B788BB34FF6FF713248B8
:10DDD40000260CF092FE00212F480BF0F1FE0546C0
:10DDE40000212D480BF013FF224605EB451540F2A8
:10DDF400152100B201962BB2009027480DF074FB58
:10DE04003346224640F2152123480CF0F7F9284BFB
:10DE140028491B682048CE5402B0BDE8F041FFF702
:10DE240021BF4FF4FC61A3E74FF6FF71A0E74FF465
:10DE3400FC61CCE7002118480BF0C2FE0546002126
:10DE440015480BF0E4FE002705EB4515324600B2F9
:10DE540040F215212BB2019700900F480DF044FBBE
:10DE640039460D480BF0ACFE054639460A480BF01E
:10DE7400CEFE224605EB451540F2152100B201976E
:10DE84002BB2009004480DF02FFB02B0BDE8F081E6
:10DE9400283B0220359D0020DC470220E4C50020F9
:10DEA40062D10020A85C02207C3F02200ED000201A
:10DEB400A83B022094CA24202DE9FF4104460D46C4
:10DEC4004448002124B20CF048FA4FF4FC61414864
:10DED4000CF013FE0023224629B23E480CF08EF9C2
:10DEE40040F26A233B489D420CBF3B4B3B4B1968B5
:10DEF400FFF77AFE3A4B1B78002B5AD040F26A2780
:10DF0400354B364EBD4237D11B68002131480027BE
:10DF140033600BF055FE054600212E480BF077FECA
:10DF2400224600B24FF43B7105EB85050197009042
:10DF34002BB228480DF0D8FA3B4622464FF43B71E9
:10DF440024480CF05BF931682248FFF74DFE0021AC
:10DF540020480BF035FE0023A0EB8000224600F29F
:10DF6400AB211C4809B20CF049F91E49194804B008
:10DF7400BDE8F041FFF776BE3268002115484FF046
:10DF840000081A600BF01CFE0546002111480BF036
:10DF94003EFE224600B2394605EB8505CDF80480E5
:10DFA40000902BB20B480DF09FFA434622463946A7
:10DFB400C6E71946074803930BF002FEA0EB800066
:10DFC400039B224600F2AB2001B202480CF016F982
:10DFD4000549CBE7DC47022030C700202CC70020CE
:10DFE400B3D10020D16C0020359D002010B50C4C1D
:10DFF400E36C012B12D10B4B1B686BB90A490B481C
:10E00400FFF730FE0A490948FFF72CFE216D074847
:10E01400BDE81040FFF7E8BD0649F0E710BD00BFBA
:10E02400CCA60020FC3B022011A30020DC470220E8
:10E03400359D00202D9B002008B5084B1B68012B43
:10E044000AD107490748FFF70DFE074B0548196831
:10E05400BDE80840FFF7C8BD08BD00BF80300220FE
:10E06400359D0020DC470220DCC5002000000000B4
:10E074002F4B024693ED006A9FED275BB7EEC66A0D
:10E08400F0B585EE067B2B4D2B4E0C46B3EE006BA4
:10E0940096ED005B95ED004B2DED028B89B027EEDC
:10E0A400067B84EE056B9FED1E5B27EE057B86EEFB
:10E0B400078B9FED1D7B28EE078BB4EEC78BF1EE2B
:10E0C40010FA24DBB0EE478B4FF4784700211B484D
:10E0D40003920CF042F9394618480CF00EFD022365
:10E0E400039AB7EEC80B21460093002005AB21F03C
:10E0F400A3FA13491148FFF7B5FD00220023C6E92E
:10E104000023C5E9002309B0BDEC028BF0BD4FF438
:10E11400FC67DBE7AFF30080000000000000604014
:10E124000000000080842E410000000000005940DF
:10E13400683F0220E0000120D8000120DC470220D3
:10E14400B96C0020F8B505B20C46002309B2384872
:10E154002A460CF053F8374BA4B24FF478411F68A9
:10E1640004F11906324836B2002F3BD00CF0C5FC3E
:10E1740031492F48FFF776FD4FF4FC612C480CF031
:10E18400BCFC314600232A4629480CF037F82B49B9
:10E194002748FFF767FD04F137010023244809B23B
:10E1A4002A460CF02BF8264B50344FF478411E6865
:10E1B40024B21F484EB30CF0A0FC22491C48FFF7C0
:10E1C40051FD4FF4FC611A480CF097FC21460023E2
:10E1D4002A4617480CF012F818491548BDE8F840CB
:10E1E400FFF740BD0CF089FC13491148FFF73AFDD5
:10E1F4003B462A4631460E480CF000F84FF6FF71B4
:10E204000B480CF07AFC1049C2E70CF076FC0D497F
:10E214000748FFF727FD4FF6FF7105480CF06DFC2A
:10E22400214633462A4602480BF0E8FF0649D4E764
:10E23400DC470220303F0220B36C00203B980020D2
:10E2440068490220B66C0020DD9700202DE9F04FCC
:10E254002427404E85B004464743F519D5E9068383
:10E2640002933D4B1B5C002B71D017286FD8297B80
:10E274004FF0000939480FFA88FB0CF06EF80021C2
:10E284003648BDF908A00BF09BFC2B69002113FB59
:10E2940000F332481BB203930BF0B9FC00B2039BAA
:10E2A400524659460090CDF804902C480DF01CF9C4
:10E2B4004FF6FF7129480CF020FCF75938461EF040
:10E2C400B7FC4946039025480BF07AFC039BA8F160
:10E2D4000501524603FB10114B46204809B20BF0CE
:10E2E4008DFF39461D48FFF7BDFC6F68D7B16969DA
:10E2F400494529DDAB681B68FBB94FF6FF71174828
:10E304000CF0FBFB00235946144852460BF076FFF1
:10E314002423124803FB04639B681B6857F82310EB
:10E32400FFF7A0FC242303FB0466336A7BB1414658
:10E33400029805B0BDE8F04F1847022904D1012B1B
:10E3440002D14FF47841DAE74FF4FC61D7E705B026
:10E35400BDE8F08F1C2D0020F6CF0020DC47022002
:10E3640007B51423002240F21221CDE9003202B293
:10E374004FF4857302480DF0B7F803B05DF804FB61
:10E38400DC47022037B5204C002120460BF0E5FF86
:10E3940020464FF4FC610CF0B0FB002120460BF04A
:10E3A4000FFC05460021204605EB85050BF02FFCEC
:10E3B4004FF4AB726B00002500B240F28F211BB208
:10E3C4000195009020460DF08FF82B464FF4AB7268
:10E3D40020464FF424710BF011FF20460B49FFF740
:10E3E40041FC0B4B03224FF496611B68204693FBC0
:10E3F400F2F391FBF3F113F069FA0649204603B0F6
:10E40400BDE83040FFF72EBCDC47022067A20020A5
:10E41400F8380220AD6C00201C4BDFED1D7A93ED23
:10E42400007AB4EEE77A07B5F1EE10FA0EDD4FF498
:10E43400FC6301930F234FF4AB724FF4367115480C
:10E4440000930DF051F803B05DF804FBFBD5124ABC
:10E45400124BD2ED007AF8EE677AC3ED007A104BD6
:10E4640093ED007A77EEC77A9FED0E7AF4EEC77AD1
:10E47400F1EE10FAE7DDD2ED007AF8EE677AC3ED3B
:10E48400007A002301931123D5E700BF74300220E2
:10E4940000004842DC470220BC4702200011012052
:10E4A400041101200000FA4407B54FF491734BF2B4
:10E4B400B2524FF404710548CDE900324FF4887329
:10E4C400BE220CF0E7FF03B05DF804FBDC4702203A
:10E4D40008B54FF4BF70FFF743FF4FF4C970FFF75F
:10E4E4003FFF4FF4D370FFF73BFFBDE80840FFF751
:10E4F400DBBF000007B540F21D13002240F21221D9
:10E504000548CDE900324FF48673C0220CF0ECFFCD
:10E5140003B05DF804FB00BFDC47022008B5FFF739
:10E52400E9FFBDE80840FFF7BFBF10B50024FFF7BF
:10E53400F5FFE0B20134FFF789FE182CF9D110BDC4
:10E5440017282DE9F0410E4629D82423DFF85880F6
:10E5540003FB00F4134808EB0403197BD3E90657C3
:10E564000BF0FBFE0F48B1B2053D0CF0C6FA58F8AB
:10E57400046030461EF05CFB0446002109480BF0A1
:10E584001FFB04FB10503AB2002301B205480BF004
:10E5940035FE31460348BDE8F041FFF763BBBDE8F3
:10E5A400F08100BFDC4702201C2D002008B50022AA
:10E5B400064B4FF4FC6103201A70FFF7C1FF4FF6BE
:10E5C400FF710220BDE80840FFF7BABFE25C0220F9
:10E5D400012808B503D1BDE80840FFF7E7BF074BA2
:10E5E40001224FF4FC6102201A70FFF7A9FF4FF6D5
:10E5F400FF710320BDE80840FFF7A2BFE25C0220E0
:10E60400024B187880F00100FFF7E2BFE25C0220C1
:10E614002DE9F84305460E4617464FF0FF34022312
:10E62400DFF8A890DFF8A880242202FB0392D068C8
:10E6340091690128A1F131000BBF4FF0100E4FF08A
:10E64400080E4FF0200C4FF0100CB0421FDC106984
:10E6540000FB0E11B1421ADDD269BA4217DA6244E4
:10E66400BA4214DD023B092B11D8DFE803F00B1585
:10E674001A26101010101029032C96BF124B0223D7
:10E68400E356D1E7012D02D10020FFF7A1FF0134A9
:10E69400042CF1D1BDE8F883012DF8D1FFF786FFF2
:10E6A400F5E7D8F80000012D0CBF013000F1FF3070
:10E6B400C8F8000021F014F8E9E720F0A5FFE6E728
:10E6C40021F01AF8E3E700BF346C00201C2D002071
:10E6D400F0CE00202DE9F84FDFF810C14FF0FF33E2
:10E6E40000244FF0240EDFF808810EFB04C6D6E99F
:10E6F4000657D6E9036AA5F1310B012E0BBF4FF083
:10E7040010094FF00809202610268B455DDC0AFB12
:10E7140009558D4259DD974257DAF519954254DD72
:10E72400132C15D8DFE804F00A141A273114141432
:10E7340014141414141414493D4D4145274A136804
:10E744000344642B06DD642313600122244B1A70F6
:10E75400BDE8F88F002BB8BF0023F5E720F020FFB9
:10E76400204B1B78002BF3D04FF4FC610220BDE852
:10E77400F84FFFF7E5BE20F0BBFF1A4B1B78002BC8
:10E78400E6D14FF4FC610320F1E7174A012813682E
:10E794000CBF581C03F1FF30BDE8F84F106020F0A7
:10E7A4009FBFBDE8F84F20F07FBFBDE8F84F20F0D1
:10E7B4000BBFBDE8F84F20F05FBFBDE8F84F20F075
:10E7C40013BFBDE8F84F20F007BF0133082BBFD0BB
:10E7D400072B94BF13F90840002486E788BE002065
:10E7E4002E5D0220E25C0220F0CE00201C2D0020D1
:10E7F400386C002030B589B000233E4904A88DF858
:10E8040008308DF810301EF0BBF903F079FC0A22B1
:10E8140002A91CF0C1FD02A81EF00AFA012803D8BF
:10E82400354904A81EF05AF802A904A81EF056F8A7
:10E83400324904A81EF052F803F06CFC0A2202A923
:10E844001CF0AAFD02A81EF0F3F9012803D82A49F6
:10E8540004A81EF043F802A904A81EF03FF82749B3
:10E8640004A81EF03BF803F05FFC0A2202A91CF086
:10E8740093FD02A81EF0DCF9012803D81E4904A860
:10E884001EF02CF802A904A81EF028F800211C4848
:10E8940000250BF062FD002119480BF091F90446A4
:10E8A400002117480BF0B3F9C022C4EB041440F262
:10E8B4001A2100B2019523B2009011480CF014FE05
:10E8C4002B46C02240F21A210D480BF097FC4FF65C
:10E8D400E0710B480CF011F904A90948FFF7C2F9DB
:10E8E40008490748FFF7BEF907490548FFF7BAF991
:10E8F40009B030BDC28F00200F920020F99800208B
:10E90400DC470220319D00207E9E0020054808B58A
:10E914000BF074F8012803D1BDE80840FFF76ABF83
:10E9240008BD00BF903B02204FF4FA7101480BF080
:10E934005BB800BF903B022013B5044661B10846A2
:10E9440001911EF075F92368024601995B6820461F
:10E9540002B0BDE81040184702B010BDFFF7ECBF8D
:10E9640013B5044661B1084601911EF061F92368AC
:10E97400024601995B68204602B0BDE81040184782
:10E9840002B010BD00B500228BB0C02309B200B2A2
:10E9940002914FF4467101900948CDE90523022301
:10E9A400CDE90333074BCDE90722B3F900300093D7
:10E9B400054BB3F900300BF005FF0BB05DF804FB19
:10E9C400DC470220D0340220E034022010B50023BA
:10E9D4008AB0C02202240293CDE90532CDE907337F
:10E9E4004FF446730AB201B207480193074BCDE9CD
:10E9F4000344B3F900300093054BB3F900300BF036
:10EA0400E1FE0AB010BD00BFDC470220D034022072
:10EA1400E03402202DE9F04F364C0D46DFF8D8A043
:10EA2400064601218DB02046174698460CF070FB2F
:10EA3400DAF800103FB20FFA88F2C1F1470336B298
:10EA44000FFA85F9AB4226DD002120460B920CF02B
:10EA540054F80023394620460B9A0BF0CFFB236869
:10EA6400072120461B6898474FF6FF7121480CF098
:10EA740044F84A46314600231E480BF0BFFB236886
:10EA840007211C481B68984700211A480DB0BDE8AF
:10EA9400F04F0CF03DBB0025C023DFF860B04FF011
:10EAA40002082046CDE905530BB24FF44671CDE977
:10EAB400017200932A46BBF90030CDE90755CDE930
:10EAC40003880BF07FFEC0234A4631462046029558
:10EAD400CDE905534FF446730193BAF90030CDE9FB
:10EAE40007550093BBF90030CDE903880BF06AFEAB
:10EAF400BAE700BFDC470220D0340220E034022011
:10EB0400B1F5E07F05DDB0F5FF7FACBF002001204B
:10EB14007047002070470731242906D80138B0F522
:10EB2400017F8CBF002001207047002070472839E6
:10EB3400172905D8B0F5FF7F2CBF002001207047AE
:10EB4400002070472839742905D8B0F5047FD4BF54
:10EB540000200120704700207047472906DD40F25D
:10EB640001239842CCBF0020012070470020704749
:10EB7400BF39B1F5907F08D86FF404731844B0F529
:10EB8400877F8CBF00200120704700207047000061
:10EB9400494B024608461968002900F08480012880
:10EBA40003D0DC21022808D07047012940F083807B
:10EBB400A92A00DD704700207BE0404B501A4049F1
:10EBC4001B688B4248DAA0F17D021E2A02D842F269
:10EBD400107222E0A0F15D021E2A01D8394A1CE01D
:10EBE400A0F13D021E2A01D8374A16E0A0F1BD0269
:10EBF4001E2A02D84FF47A720FE0A0F1DD021E2A19
:10EC040001D8642209E0421E1E2A02D893FBF1F2C5
:10EC140005E0FD381E2841D80A2293FBF2F102FBDD
:10EC240011332A4A116801228A4007EE902A284AA1
:10EC3400F8EEE77AD2ED006A86EEA77A07EE903A0C
:10EC4400F8EEE77AF4EEC77AF1EE10FA28D5214A05
:10EC54001068C01AFCF75CB8A0F19D021E2AB6D950
:10EC6400A0F17D021E2AB9D9A0F15D021E2ABBD9EA
:10EC7400A0F1DD021E2ABDD9A0F1FD021E2AC0D9D1
:10EC8400A0F11D021E2AC1D96FF48E7282181E2AA9
:10EC9400C2D901381E2801D80F4ABEE70023C0E7B5
:10ECA4005842FCF727B801287FF47CAFB2F5AA7F5D
:10ECB40001DD20F079BC70477C1E022054560120EF
:10ECC40080969800A086010040420F00F0CE0020FC
:10ECD400683F0220A83F012000E1F5053C4B3D4A76
:10ECE4001B681268002B18BFDC23C01A3A4B9A42E7
:10ECF40039DAA0F17D031E2B57D9A0F15D031E2B39
:10ED040056D9A0F13D031E2B55D9A0F1BD031E2BEE
:10ED140053D9A0F1DD031E2B51D9431E1E2B50D90C
:10ED2400A0F1FD031E2B8CBF0023012307EE903AB4
:10ED340001FB03F0294BF8EEE77A1A6801239340AC
:10ED440007EE103A264BB8EEC77A93ED006AC6EE8A
:10ED5400076AF4EEE67AF1EE10FA36D5214B1B6819
:10ED64001844FBF7D5BFA0F19D021E2A1DD9A0F1BE
:10ED74007D021E2A1CD9A0F15D021E2A1BD9A0F116
:10ED8400DD021E2A19D9A0F1FD021E2A17D9A0F10D
:10ED94001D021E2A15D96FF48E7282181E2A12D9EA
:10EDA40001381E2888BF0023C0E74FF47A73BDE7FB
:10EDB40042F21073BAE70C4BB8E76423B6E70A23B0
:10EDC400B4E70A4BB2E70123B0E7FBF793BF00BFF8
:10EDD4007C1E02205456012080969800F0CE00201C
:10EDE400683F0220A83F0120A086010040420F0096
:10EDF40001290346084603D19F2B01DCFBF754BFCE
:10EE0400A3F1B002172A05D8012818BF4FF0FF302C
:10EE140020F056BC012814D1A3F1D8021C2A01D831
:10EE240020F02EBCA3F1F1023F2A01D820F0C8BB88
:10EE3400A3F59973262B04D8024B1868013020F0EF
:10EE440043BC7047A03402202DE9F0412DED048B22
:10EE54000B7DF1EE0E7AF2EE0E8A9FED4F8A002BB7
:10EE64000446CB68F0EE006A47FEA88ADFED4B7AD1
:10EE740082B00D4607FE888AD1ED027A4FF0000871
:10EE84009FED479AF8EEE77A67EE887AFDEEE77A27
:10EE940017EE900AC4ED037A90FBF3F323610B6938
:10EEA400584307EE900A60618000B8EEE77AC6EE38
:10EEB400877AC4ED067A13F0A3FA67690646E0611F
:10EEC40047454FDC0026042138461CF01DFA01ABEF
:10EED4003246314620623846019600F0D5FC01984E
:10EEE40013F08EFA01AB02463146A064606900F06B
:10EEF400CBFCC8EE887AE064FDEEE77A17EE901A50
:10EF0400D5ED007A68EE277AFDEEE77A17EE902ABF
:10EF1400C4ED017AD5ED017A68EE277AFDEEE77A41
:10EF240017EE903A0133A3609B1AD5E90302C4E9B2
:10EF34000916C4E90B3002FB00F648435E43504314
:10EF440062635843E66313F05BFAA0632B7D84EDA0
:10EF5400008A84F84030134B636402B0BDEC048B28
:10EF6400BDE8F08107EE908A07EE107A08F10108F7
:10EF7400F8EEE77AB8EEC70A67EE897A87EE800A78
:10EF840019F002FFD4ED067A20EE000A67EE807ACB
:10EF9400E6EC017A94E700BF0AD7233EA69B443DE2
:10EFA400DB0F49400000F0C210B50446806B13F03B
:10EFB40037FAA06C13F034FA206A13F031FAE069DE
:10EFC400BDE8104013F02CBA00238362014B436464
:10EFD400704700BF0000F0C22DE9F04FD0E90935B9
:10EFE4002DED048B9D4283B0044688460BDAC36B37
:10EFF40000269FED528A5D433746236BB34207DCFC
:10F00400A36A0133A36203B0BDEC048BBDE8F08FA7
:10F014006069800013F0F4F96369814603EBD373EC
:10F024005B100133D80013F0EBF900238246D4E9D6
:10F034000421A1EB020C4FEA820E9C4520DC08EB74
:10F04400870E6046814228DC6145B8BF0022CC4669
:10F0540017440022914229DC4FF0000BDFED388A7F
:10F0640052464946E06C00F08FFC636B5B452DDC37
:10F074004846013613F0D4F9504613F0D1F9BCE7F1
:10F08400206A00EB0E0B00EB83000EF1040E01333B
:10F09400DBF800B0C0F800B0CFE7236A5EF804BB29
:10F0A40003EB80030130C3F800B0CBE7E36903EB63
:10F0B4008200236A03EB8203D0ED007A013293EDE0
:10F0C400007A67EE877AECEC017AC3E7B2EE049A31
:10F0D4006168A268636B8A4202DC0BF1010BC4E72E
:10F0E40003FB01B301910AEBC30393ED000AD3EDD3
:10F0F400017A20EE000AA7EEA70A30EE080A18F0FB
:10F10400A9FDB0EE007A20EE090AA36BF0EE687A4E
:10F1140001990131E0EE077AFDEEE77A17EE902AC5
:10F1240082F308025A550135D4ED117AF4EEC07A0F
:10F13400F1EE10FA48BF84ED110ACAE7CCBC8C2B5F
:10F14400000070432DE9F04F2DED048B89B0164675
:10F154000F46044606FB03FADDE916254FEACA0A00
:10F164001168D2F804B003910BFB01F9BBF1010F54
:10F1740000EBC90916D1034697E80300574483E816
:10F18400030008339945F7D105F584730493039B71
:10F19400023B032B00F26382DFE813F01B005600EE
:10F1A400DE007F0108324FEACB080492039A7243CF
:10F1B400049901950091394605905744CDE90623F9
:10F1C400FFF7C0FF059840448145DDE90623EFD1F0
:10F1D400DAE70BF10103F60004EBC3030834D5EDC1
:10F1E400436ABBF1010B53ED015A04F10804D5ED58
:10F1F400427A03F1080326EEE57A13ED046A3544F6
:10F20400A6EE277A67EEA57AE6EE267A54ED046A2E
:10F2140076EEC76A43ED046A54ED036A76EEE76A54
:10F2240043ED036A54ED046A36EE877A04ED047AFA
:10F2340014ED037A77EE277A44ED037ACFD109B03F
:10F24400BDEC048BBDE8F08F06FB0BF304EBCB02A3
:10F2540004EB0B10B6EE005B05EBC30359464FEA13
:10F26400C60C2F4693ED434A04F1080314463601B5
:10F27400F1EE443A043492ED016A013995ED437A92
:10F2840003F1080354ED016A02F1080267EE464AED
:10F29400D5ED427AD0ED012A654490ED003A04F1AF
:10F2A4000804E6EEA74A00F1080067EE867A97EDB7
:10F2B400436AE6EE877A97ED427A66EE626A3744ED
:10F2C400E3EE076A27EE227AA3EE067A13ED046AC8
:10F2D40074EEA62A74EEE64AB7EEC66AB7EEE21AF0
:10F2E40037EE873A77EEC77AA1EE456BB7EEC31ACD
:10F2F400B7EEC66B04ED036A13ED036AB7EEC66A94
:10F30400A1EE456BB7EEC66B02ED016A13ED047A0C
:10F3140037EE227A03ED047A13ED037A37EE037A9B
:10F3240003ED037A14ED037AA4EE277A00ED027A52
:10F3340012ED017AA3EEA47A00ED017A14ED037ABA
:10F34400A3EEA77A04ED037A52ED017AE4EE247A6F
:10F3540042ED017A8FD172E74FF0180E04EB0B13D4
:10F364004FEAC609DC464FEA06180EFB06FED5F83E
:10F3740004A004EBCB0003EBCB01221D2E462F4649
:10F38400D0ED015AD5ED437AD0ED006A27EEE56A57
:10F3940095ED427AD3ED014A93ED005AA6EE876AC1
:10F3A40091ED014A27EE257AD7ED435A12ED013A41
:10F3B400A6EEA77AD7ED427A65EEE46AE5EE276A0F
:10F3C40067EEA47AD1ED004AE5EE257A96ED435A2C
:10F3D400D6ED425A65EE443AE4EEA53A65EE845A17
:10F3E40094ED014AE4EE855A73EE664A34EE675AA8
:10F3F40076EE836A77EE847A36EE233A37EE254A40
:10F4040042ED016AC4ED017A36EE636A76EEC36AB0
:10F4140077EEC47A37EE657AC3ED006A75EE466A14
:10F42400C3ED017A52ED017A74EE875A34EEC77A4D
:10F4340077EE837A42ED017AD4ED017A34EE274AED
:10F4440075EE067ABAF1000F0BD0B0EE476AB0EE53
:10F45400657AF0EE465AB0EE676AF0EE667AF0EE40
:10F46400466ABCF1010C84ED014A00F1080040ED4C
:10F47400025A40ED016A04F1080481ED007A4D441A
:10F48400C1ED017A03F10803474401F10801764410
:10F4940002F108027FF474AFD1E60BFB06F3049A81
:10F4A4004FF018094FEA061A02EBC307AC4609FBF2
:10F4B40006F904EBCB0097ED013AAE46D7ED003ADE
:10F4C40007EBC30704EB0B13F1EE431AD7ED002A45
:10F4D4004FF0000897ED012AF70003EBCB0176010A
:10F4E400039703EB0B122F460496C34504F108045B
:10F4F40000F1080003F1080301F1080102F1080218
:10F504007FF79DAED5ED436A08F1010810ED015A6D
:10F51400D5ED425A26EEC54A10ED026A53ED010AB2
:10F52400D7ED434AA6EE254A13ED021A65EE855A35
:10F5340097ED425A11ED010A574452ED018AE6EE65
:10F54400265A12ED028A65EE206A14ED027A24EE40
:10F55400E06A51ED020A54ED017AE1EE246ADEED2F
:10F56400434AA1EE056A9EED425A24EEC01A039E58
:10F57400CE443544049EA0EE851A25EE005A9CED37
:10F58400430AA0EEA45ADCED424A60EE680AB44491
:10F5940036EE019A36EE416AE8EE240A64EEA84A91
:10F5A40076EE858A76EEC56AE8EE004A26EE421AC1
:10F5B40034EE208A34EE604A62EE260A38EE095AA6
:10F5C40035EEA40A75EEE45A35EE075AF0EE474AD2
:10F5D400A2EE887A04ED025A30EE285AE3EE884A05
:10F5E400E3EE250A35EE275A65EEC25AA1EE841AD7
:10F5F40004ED015AB0EE675AE2EE894AE2EE807AEF
:10F60400A3EE805AE3EE265AA3EE897A66EE436AA5
:10F6140074EEE09AE3EEA87AA2EEA85AE2EE046A47
:10F6240040ED029A37EE256A74EEA04A37EE657A09
:10F6340075EE419A35EE015A40ED019A42ED024AC7
:10F6440002ED015A03ED026A37EEA66A77EEE67A16
:10F6540003ED016A01ED027A41ED017A45E7039B6E
:10F66400D5F800A0DD00284612F0CAFE4FF0000CC9
:10F674004FEACB02034607920BFB06F206924219AD
:10F6840065460592AB451EDC184609B0BDEC048BFB
:10F69400BDE8F04F1BF08ABE04EBCE01DE4403EB61
:10F6A400C208013203C988E8030003999142F3DCDC
:10F6B40004EBC502E0464FF0000E0399714505DCEA
:10F6C4000135B444DEE7AE460022EEE793E80300DA
:10F6D40082E8030003F108000021059FB84206D127
:10F6E40007990EF1010E0A4406998844E5E741445E
:10F6F400049FD0ED015A08308A4510ED026AD8BF44
:10F70400A1EB0A0107EBC10999ED017AD9ED007A61
:10F7140067EE656AE6EE276A67EEA57AE6EE077A93
:10F7240092ED007A37EE267A82ED007A92ED017A34
:10F7340077EE277AC2ED017ACFE7000000000000DF
:10F744002DE9F041054621300F461446C0002DED49
:10F75400068B23BB12F054FE044610B307EE905AF6
:10F76400A0460026B8EEE7AB9FED2D9BC4E90057F9
:10F77400AE4221DBB0EE4A0B04F1080618F068F93A
:10F784000423BBFE400B95FBF3F203FB125191BB28
:10F79400012A1546C6E9003203DD0836F3E72AB923
:10F7A40018602046BDEC068BBDE8F0811A6818602D
:10F7B4008242D3D20024F4E707EE906AB8EEE77BE6
:10F7C40027EE097B87EE0A8B0FB1B1EE488BB0EEC2
:10F7D400480B013618F060F9B7EEC00B08F10808C1
:10F7E40088ED400AB0EE480B18F0A2F9B7EEC00B52
:10F7F40088ED410ABCE7022B0DD0042B0DD0023357
:10F8040007EE903AB8EEE77BB4EE470BF1EE10FA50
:10F8140048BF2B46B7E70323F2E70223F0E700BF14
:10F82400182D4454FB2119C02DE9F341914204469B
:10F834000D4610461F4604F1080817D12068C00081
:10F8440012F0DEFD3B46294601220646CDE900843E
:10F85400FFF778FC226831462846D20012F076FE83
:10F86400304602B0BDE8F0411BF0A0BD0122CDE955
:10F874000084FFF767FC02B0BDE8F0810123FFF7C5
:10F88400D3BF0000000000002DE9F043002510F074
:10F8940001060F4690461C462DED068B83B001955C
:10F8A4000CD0374B2C4637481B68D9681CF03AFEFD
:10F8B400204603B0BDEC068BBDE8F083451001ABD8
:10F8C40032462846FFF73CFF019805EB45030C3010
:10F8D40003EBD3735B1000EBC300002C44D112F094
:10F8E4008FFD0446002CE3D004F10C02019B05EBD0
:10F8F400D579B6EE009B134439464FEA6909284688
:10F90400636003EBC5032260A36001ABFFF718FF3C
:10F914009FED19ABB145CBDD013607EE906AB8EE29
:10F92400E76B07EE905AB8EEE77B86EE078B38EE6E
:10F93400098B28EE0A8B0FB1B1EE488BB0EE480B61
:10F9440018F0AAF8A368F200B7EEC00B083A03EB6C
:10F95400020888ED000AB0EE480B18F0E9F8B7EE9B
:10F96400C00B88ED010AD5E723682060834201D2E9
:10F9740034469DE74446B5E7182D4454FB2109C09D
:10F9840064BE0020E3840020F8B5064600681446EF
:10F99400436843B1344B35481B68D9681CF0C2FD39
:10F9A40001201BF0CFFC72680568FFF767FF7368DE
:10F9B400002104EBC502B6EE006AD3ED007A05EB34
:10F9C400D57793ED017A03EBC5057F1077EE876A4F
:10F9D40077EEC77AC4ED006AC2ED007A61605160C7
:10F9E40001218F4200DAF8BD4FEAC10CB068D3EDB3
:10F9F400035A0131ACF1080C55ED017A55ED024A78
:10FA04000833D3ED006A604435EEE75A083D77EEDB
:10FA1400A57A90ED004A34EEA67A083476EEE46ACC
:10FA2400D0ED014A083A64EEE75A67EE847AE6EECE
:10FA3400845AE6EEA47A77EE256A37EE657A66EEA6
:10FA4400866A27EE067AC4ED006A77EE856A77EE59
:10FA5400C57A66EE866A67EE867AC4ED016A82ED3F
:10FA6400007AC2ED017ABCE764BE0020BD840020A8
:10FA7400002270B51346144642F257758A4202DBDF
:10FA8400C3F30D0070BD560702F1010202BF065D0B
:10FA9400013483EA861313F4005F4FEA430318BF6B
:10FAA4006B409BB2EAE7C27A837A520942EAC30204
:10FAB400437ADB0203F4605342EA0300704738B52B
:10FAC4004A1E431E0C46093013F8011F834202F8F4
:10FAD400011FF9D1657A00235221204605F0F8056B
:10FAE400A3726572FFF7C4FF45EAD025C30840013D
:10FAF4006572A372E07238BDB1F902208B7910B53A
:10FB0400C46804FB02330469CA7904FB03228468D1
:10FB1400B1F90430406904FB0233184410BD0000FD
:10FB24002DE9F84F00258046FFF7E6FFB1F902B052
:10FB34002A462B460BEB05070024002F04EB050196
:10FB440035DBD8F804A0BA4535DDD8F818E01E4EE8
:10FB540001FB0E01365D11F806C056B101EB060932
:10FB6400062E02F1010219F8019CACEB09094B4481
:10FB740007DC01EB0609013299F80190ACEB0909A5
:10FB84004B4454B13FB1A6EB0E09013211F8099070
:10FB9400ACEB09094B44062C09D007F10109CA450D
:10FBA40005DD71440132895DACEB010C6344013421
:10FBB4000137072CC1D124356C2DBBD10AB193FB7D
:10FBC400F2F31846BDE8F88FC87B00202DE9F74F03
:10FBD40000248046FFF790FFB1F90210DFF8A8E097
:10FBE4002246013123460191019900250F19611C18
:10FBF40000910099002F294435DBD8F804B0BB45A7
:10FC040035DDD8F818901EF8056001FB090111F8DC
:10FC140006C056B101EB060A022E02F101021AF8DF
:10FC240001ACACEB0A0A534407DC01EB060A0132CF
:10FC34009AF801A0ACEB0A0A534455B13FB1A6EBC4
:10FC4400090A013211F80AA0ACEB0A0A5344032D45
:10FC540009D007F1010AD34505DD49440132895D24
:10FC6400ACEB010C634401350137042DC1D12134BF
:10FC74000EF1040E842CB7D10AB193FBF2F31846AB
:10FC840003B0BDE8F08F00BFAA7B002000222DE95D
:10FC9400F0415400631C02348B422CDA30F9336097
:10FCA40030F93250AE4226DA8C4206DA30F934604A
:10FCB40030F93350AE42B8BF23469A421DD050F8B3
:10FCC400326000EBC20400EBC30530F93380B5F9B0
:10FCD40004C0EF88B5F902E040F8336066686E60EE
:10FCE40020F832801A46A4F802E0A4F804C0E780A1
:10FCF400CFE71346DAE78C42FBDBBDE8F081000076
:10FD04002DE9F04F87B014465A4A01F1FF390393A5
:10FD14000646037F8A4604EBC908002B564B18BFDE
:10FD24001346029314BF08230423009300231F46A1
:10FD3400F2688DF8163093427ADB04EBC703394638
:10FD4400012977DC384607B0BDE8F08F4FF6F6732B
:10FD5400ADF812300023009AADF814301344B268A1
:10FD6400934215DDBDF8123001331BB2132BADF8ED
:10FD74001230EFDD9DF817300133DBB232698DF8B4
:10FD840017309342E2DB9DF816300133DBB2CFE744
:10FD9400029B04A930469847039B00B29842ADF8F1
:10FDA40010001ADB57451DD1B4F90030834214DA30
:10FDB400D8F80030494620464D462360D8F8043030
:10FDC4006360FFF763FF04AB04EBC5026F1C03CB56
:10FDD40044F835005160002D07DCBDF814300133C0
:10FDE4001BB2B8E7F9DA3D46EDE76B1E34F935008E
:10FDF40004EBC5025B1034F933C004EBC301604566
:10FE0400EBDAB1F90400B1F806E0019054F83500DA
:10FE1400B1F902B044F8330050684860019924F8FD
:10FE240035C01D46A2F802B09180A2F806E0D2E7E0
:10FE34000023A3E72268A3F1080513F8010C013994
:10FE440033F9088C33F906EC33F904CC13F8026C5B
:10FE540043F8082C626843F8042CE0712046A4F8A7
:10FE64000080A4F802E0A4F804C0A671FFF70EFF16
:10FE74002B4665E791C100003DC200002DE9F04F1B
:10FE84000646ADF55F7D1D469146FFF735FE337F8F
:10FE94008846E89F30AC002B40F09F80B6EE005AB5
:10FEA40005224FF0000BDFEDC94A1A44B8F90210DD
:10FEB40011EB020C02D471688C4548DBC4F800B025
:10FEC400C4F804B00133572B37D19FEDC10A30ACCD
:10FED4000023F0EE407A22460133B2EC017AAE2BD5
:10FEE400A7EE070A77EE877AF6D167EEE77A9FEDF9
:10FEF400B97AA7EE870AF3EE087A20EE070A87EEAE
:10FF0400800A17F0D7FE002330A8D4ED007A01331D
:10FF140060EE277AAE2BE4EC017AF6D107F1080300
:10FF240004AA494600F066FDBB68002B40F3068135
:10FF340000200DF55F7DBDE8F08F1C2B05DD3A2B0D
:10FF4400B4BF09220D220834AFE70522FBE7B169EB
:10FF54000DF1100EDFF884A24FF0000C01FB020239
:10FF64001AF8011BB0EE647A0CF1010C515CBCF17F
:10FF7400040F07EE901AF8EE677AA7EE857AAEECD6
:10FF8400017AEDD1DDED066A9DED076A9DED047AF7
:10FF9400F4EEC66ADDED057AF1EE10FAB4EEE77A16
:10FFA40066FE865AF1EE10FAB4EEE76A27FE274A97
:10FFB40075EEC45AF1EE10FAF4EEC76AC4ED005AB5
:10FFC40088BFF0EE467AF1EE10FA88BFB0EE667A9A
:10FFD40077EEC77AC4ED017A74E7B6EE001A002111
:10FFE40007234FF0000EDFED790A0B44B8F9022025
:0CFFF40012EB030C02D4726894450FDB82
:02000004600298
:10000000C4F800E0C4F804E0C4F808E001310C349E
:100010003A293FF45CAF1D29B4BF07230E23E6E75E
:10002000B2690DF1100ADFF8BCB14FF0000C02FB11
:1000300003031BF8012BB0EE607A0CF1010C9A5C03
:10004000BCF1080F07EE902AF8EE677AA7EE817AE6
:10005000AAEC017AEDD19DED086ADDED095ADDEDDE
:100060000A4AB4EEE56ADDED0B3A9DED047ADDED6A
:10007000057AF1EE10FA9DED064AF4EEE34A9DEDA5
:10008000073A66FE252AF1EE10FA24FEA32AF4EEC2
:10009000C22AF1EE10FAB4EEE77A62FE821AF1EEAD
:1000A00010FAB4EEC34A27FE275AF1EE10FA64FEA6
:1000B000036AB4EEE65AF1EE10FAB4EEE62A25FE33
:1000C000260A71EEC01AF1EE10FAF4EEC52AC4ED5C
:1000D000001A88BFF0EE426AF1EE10FAF4EEC37A2D
:1000E00088BFB0EE625AF1EE10FAF4EEE35A76EE03
:1000F000C56A67FE837AF1EE10FAC4ED016A65FE07
:10010000A35AF4EEE75AF1EE10FAB4EEC47A88BFBF
:10011000F0EE657AF1EE10FAB4EEE46A27FE047AA6
:10012000F1EE10FA26FE246AB4EEC76AF1EE10FA78
:1001300088BFB0EE467A77EEC77AC4ED027A65E7FB
:10014000002204A9802310460392CDE9012211F870
:10015000014B34B101AC0DF1040CA45C1C430CF850
:1001600002405B0800F1010004BF013280235B28DC
:10017000EDD101A8FFF799FC9DF80D30B88152210F
:1001800023F0070301A88DF80D3000238DF80E3001
:10019000FFF770FCBB89F88183427FF4CBAE6B81A3
:1001A000337F73B96B1E01A80C49093511F8014B57
:1001B00010F8012B624003F8012FAB42F6D1012069
:1001C000B9E601AA03CA1388286069602B81F6E7A3
:1001D0000000F0C2000000006452BC3BBE7B002067
:1001E000BA7B0020CF7B00202DE9F843C1F309340E
:1001F000172307460E465C43134DE4B24FEA04183A
:1002000005EB041315F80890B9F1000F0ED10F4952
:1002100018460A6801320A600B2239461CF0A1FB1D
:1002200080F80B904544EE60BDE8F883DA68C2F3CD
:100230001502B24205D1394618461CF099FC002837
:10024000F0D00134E4B2D9E7B8560120C8660120E5
:100250000228F8B50D4613D001280CBF0A26002647
:10026000C6F10C0117230E4F25FA01F14B4303F0A1
:10027000FF03180107EB0311385C18B910700BE08D
:100280000C26EDE7CC68C4F31504F440AC4204D16D
:1002900010461CF077FC0120F8BD0133DBB2E8E723
:1002A000B85601200021034B4FF4805202481960D8
:1002B00012F0E8B9C8660120B8560120F0B5002157
:1002C000114F124B3C680D468C461A789AB1DA6889
:1002D000B0EB126F4FEA12662BBFC2F3150204F1A6
:1002E000FF340136012135BF83F800C042EA0662BF
:1002F000C3F80CC0DA6001351033B5F5807FE4D166
:1003000001B13C60F0BD00BFC8660120B8560120B5
:100310002DE9F04F00F124094F4D0A234E4A0646BD
:100320008B4648468C214FF0000805F5A56A2DED57
:10033000068B9BB0FFF7E6FCC822049000214748DB
:1003400012F0A0F9049B984507DB0A201BB0BDEC16
:10035000068BBDE8F04FFFF7B1BF7368192229463D
:1003600048460293B5F90430D6ED0D8A0393EB7934
:10037000D6ED00AA08EE103AB5F9023096ED0CAAB7
:1003800009EE103AAB7909EE903A0DAB00930AAB47
:10039000FFF776FD18B908F101080835D2E7BDF876
:1003A00032303227B3FBF7F407FB1434A4B22A4AE5
:1003B00002EB840CDCF8600480B142899A4207D1D8
:1003C0000A220AA905931CF061FA059B0028E2D0D5
:1003D0000134B4FBF7F207FB1244E8E70C220AAB46
:1003E000624303CB0AEB02044AF8020011AA186820
:1003F00007AB6160A0600AA81949CCF8604401F01D
:10040000F3FA034620B1174A232111A81CF0B2F8D1
:10041000B8EE488AB5F90010F8EEE88A5846F8EECA
:10042000699AB8EECAAAC8EE280A89EE8A0AB8EE16
:10043000C99ADDE90223134411AA07EE903AF8EEB7
:10044000E77A30EE090A70EEA70A20EE2A0AC0EE1B
:10045000AA0A1FF01BF99EE7C04C077020510770D5
:100460008CC700209A6D00200D4B30B51C68A4B1DC
:100470000C4B1B688BB10C4D53182D68AB420CDC38
:1004800004EB820200238B4201DB012030BD50F8D7
:10049000044B013342F8044BF5E70020F6E700BFB8
:1004A000E8660120DC6601206C5601200A4B0146FB
:1004B0001B6810B573B1094A094C10682468C268FA
:1004C00051430A44A24205DC03EB8101FEF786FD9D
:1004D000012010BD0020FCE7E8660120DC66012059
:1004E0006C560120084B1B685BB1084B1B6843B17D
:1004F0004E28D7BFDA6A00239B6B5043D8BF03EB6B
:1005000080031846704700BFE8660120DC660120C2
:10051000074B01461B6810B54BB1064C206830B143
:10052000FFF7F6FE2068BDE81040FEF74FBD10BD96
:10053000E8660120DC660120F8B52DED088BF0EEB1
:10054000409A0446F7EE08AA00EB4007B6EE00AA70
:100550000E4600259FED15BAAF4202DCBDEC088BBC
:10056000F8BD07EE905A29EE8B9A0135B8EEE77A7E
:1005700007EE904AF8EEE77AC7EE278A78EEEA8A25
:1005800038EE8A0A78EECA8A20EE090A17F0B6FB1E
:10059000B0EE408A28EE890A17F0B0FB38EE408AA8
:1005A00028EE0A8AA6EC018AD6E700BF2AC4AA4030
:1005B000000000002DE9F04F2DED068BB6EE00AAED
:1005C00008EE902A85B01D46B8EEE87A8146F0EE36
:1005D0004A7A8846F0EE40AACDED010AE7EE017AAC
:1005E0009FED749BFDEEE77AB8EEE76B17EE904A4D
:1005F00001FB04FA630089EE067B03930AEB4403D4
:1006000098000093B7EEC78B11F0FCFE06460C2055
:100610006043B34611F0F6FE002C22469DED010A20
:10062000B8BFE21D0746009B3146D210019200225E
:10063000934237DC39462046FFF77EFF002204EB69
:10064000440E134643453BDB4FEA840EBC4607EBA2
:10065000840000224FEA8A04C84406EB8A01039B07
:1006600093424DDCAB4606EB0E09A84600239FEDF6
:10067000538ADFED538A534564DB019BB7EE008A52
:10068000254400244FEA4308019B9C426EDB304620
:1006900011F0C8FE384605B0BDEC068BBDE8F04F42
:1006A00011F0C0BEB7EEEA6A0132B8EEE85B26EEA2
:1006B000096B86EE057BB7EEC77BA1EC017AB7E745
:1006C00006EB820000210297009100998E4502DC22
:1006D00001332244B6E719F803C0029907EE90CA25
:1006E00090ED007AF1EC016AF8EEE77A0291009958
:1006F00067EE887A0131A7EEA67AA0EC017AE3E7EB
:1007000099F800300132F0EC016A07EE103ADBEDA7
:10071000007A66EE886AB8EEC77AE6EE877AEBEC86
:10072000017A18F8013CFCEC016A07EE103AD1EDB1
:10073000007A66EE886AB8EEC77AE6EE877AE1EC70
:10074000017A8CE7B0EE480A009318F01FFBA8EC82
:10075000010AB9EC010AF0EE680A30EE080A17F057
:1007600057FA009BB0EE408A013384E707EE904AC7
:1007700006EE908A0134B8EEE77BB8EEE66B27EE22
:10078000097B87EE060BB7EEC00B18F003FC38EEC2
:10079000400ADBED007A20EE0A0A67EE807AEBEC85
:1007A000017A75ED017A67EE807AC5ED007A6BE724
:1007B000AFF30080182D4454FB21194000000000C5
:1007C000DB0FC940014B1868704700BFEC66012081
:1007D00000232DE9F0430B2BD4BFC25C0022CA5486
:1007E0000133162BF7D10B22174E4FF0000C1024BB
:1007F00000EB0208471EB646002517F8019F1EF8B9
:10080000013BB84503EA0903A94683EA131383EAC7
:10081000930383EA530303F0010385EA0305ECD154
:100820004B450CF1010C06F10C061EBF8B5C2343FB
:100830008B54640802BF01328024D2B2BCF1530F42
:10084000D8D1BDE8F08300BF79800020F0B58BB02F
:100850000E46274D01A9FFF734F904A901A8FFF7B7
:10086000B7FF0020802323490246062807DC2C78A6
:100870003454013001354F28F7D10BB0F0BDA0F151
:100880002404062C02D815F8244CF1E7A0F1480402
:10089000062C02D815F8484CEAE702F128046C440B
:1008A00014F8184C234214BF012400245B084FEABB
:1008B000840404BF0132802302F128076F4417F833
:1008C000187C3B4218BF44F002045B0804BF0132AD
:1008D000802302F128076F4417F8187C3B4218BFA9
:1008E00044F001045B080C5D04BF01328023BFE7C4
:1008F000C87B0020CF7B00200022DFF83CC0F0B591
:1009000011460C4D00231CF801EB2F461C4606E057
:1009100017F8016B0133064416F8016C74409E45CC
:10092000F6DC04B1013101320735532AEAD1084619
:10093000F0BD00BFE17D00202680002020EE007A7F
:10094000DFED0C7A9FED0C6AA7EE276ADFED0B7ADC
:10095000F0EE676AE6EE076A9FED096A26EE800A06
:10096000DFED086AE7EE066AE6EE877A80EE270A90
:10097000704700BF0000804200C037C400406C4494
:1009800000006143004083C4DFED167AB4EEE70A4D
:10099000F1EE10FA1FD4DFED147AB4EEE70AF1EEAF
:1009A00010FA1BDC60EE006A9FED107ADFED107A22
:1009B000F2EE0E5AB0EE476A76EEA77AA6EEA76A76
:1009C00060EE067A9FED0B6AA6EEA56AA6EE867A21
:1009D00087EE870A7047BFEE000A7047B7EE000A3D
:1009E000704700BF3D0A9FC03D0A9F4000406C44D5
:1009F0000000D2420000D2432DE9F04FADF58A5DF0
:100A0000044687B00491002102920022059307ABAF
:100A1000013299605960AE2A43F80C1BF8D1B6EE4A
:100A2000005A4FF0000A5325049B9A4506DB059BAC
:100A30001D600DF58A5D07B0BDE8F08F029B214671
:100A400004F52E7700225E1E07ABF1EC017A0C3321
:100A500013ED037A77EE877A13ED027A77EE877AD1
:100A600013ED017A77EE877AF5EEC07AF1EE10FA9F
:100A7000CCBF01200020B942024406F8010FE4D1A6
:100A8000002AD4D00298FFF737FF854202DD0546E1
:100A90000028CCD0DFF804910DF644070022C2EB09
:100AA000C2013C4B19F801BBB846CB180026019394
:100AB0002AE001994FF00C0C11F8013B013B019128
:100AC000354904EB830090ED000A03EB4300084432
:100AD00007A90CFB03134FF0000C10F801EB0CF10D
:100AE000010C04330EF1FF3E96451CBF53ED017A15
:100AF00030EE270ABCF1030FEFD1013620EE450A94
:100B0000FFF742FFA8EC010AB345D2DC01321C37E3
:100B1000532AC4D1F8EE005A1F4807AE00224FF006
:100B20001C0BB1468046002118F8013BB7EE000AC5
:100B30001A4F013BFF5C03970DF644070BFB037C48
:100B4000144FC3EBC3033B4400270193039BBB42F9
:100B500010DC0131FFF7F2FE20EE250A0329A9EC93
:100B6000010AE1D1013203300C36AE2AD9D10AF1A3
:100B7000010A59E7019B01370CF1040C13F801EB52
:100B80000EF1FF3E019396451CBF5CED017A20EE0D
:100B9000270ADBE7E17D0020D77B002026800020AC
:100BA0002DE9F04700240646851C00F10709274679
:100BB000A0464FF01B0A15F8010F50B100F0CCFF12
:100BC00038B9287800F0BAFF60B108F101084D4546
:100BD000F1D1B8F1030F13D147B9F01CBDE8F047CC
:100BE0001AF08BBB287800F0AFFF18B94FF0FF3038
:100BF000BDE8F0872B780137403B0AFB0434E6E779
:100C0000B8F1000FF2D1042FF0DC04F57A70EFE7B1
:100C10007FB505461C46084611463DB900250F49DB
:100C200020461BF0AFFF284604B070BD2B6801AA18
:100C3000984705460028F1D001A81BF0FBFF3C2394
:100C40000646204601A900F8013B324611F080FC1F
:100C500034443E2363700023A370E4E7088500203A
:100C60002DE9F84F002507460E46904699462C463A
:100C7000AA464FF0260B705DB8B926230B2D16D06F
:100C800003FB0AF20135A4FB034A9244F6E7012173
:100C900001F032F8002824DBA4FB0B4301350BFBE9
:100CA0000A33041943EBE07AE5E70B2DEFD10A256F
:100CB0000D4B654303FB0A55A4FB0343EC18A10A43
:100CC000B8F1000F01D0C8F80010B9F1000F02D040
:100CD0008B0AA9F8003017B17B683046984701208D
:100CE00000E00020BDE8F88F7309BFF42DE9F74F4D
:100CF0009046734A0446894690421F46DDE90C56E9
:100D000052D2022813D830B96E4928461BF03AFF58
:100D10000223337021E001284FF0020428460CBF63
:100D200069496A491BF02EFF3470002415E040F237
:100D3000EA3398420CD8664928461BF023FF032269
:100D40000023E11EA81800F084FF03233370ECE7B2
:100D5000604B984205D94FF0FF34204603B0BDE800
:100D6000F08F0023A0F2EB3003244FF01B088DF826
:100D700004300321B0FBF8F708FB170000F090FFE8
:100D80000DF8040014B13846013CF2E750492846FA
:100D90001BF0F8FE2021684600F08EFE0146284632
:100DA0001BF09EFD0323B4E7821AB2F5800F06D232
:100DB0002B4600213846FFF72BFF0423C6E74648A1
:100DC0000023032120441B248DF80630B0FBF4FAE5
:100DD00004FB1A0000F064FF03218DF80500BAFB44
:100DE000F4FB04FB1BA000F05BFF03218DF8040063
:100DF000BBFBF4FA04FB1AB000F052FF8DF80300BD
:100E00000A200521BAFBF0F400FB14A000F048FF13
:100E10008DF8020024200421B4FBF0FA00FB1A40F4
:100E200000F03EFF02218DF80100504600F038FF2F
:100E30002A498DF80000684600F09CFE20B39DF81A
:100E4000030000F089FEF8B9254B28460DF1030197
:100E50001B6840F8043B00F056FE28461BF0EAFEF3
:100E600002287FF678AFB9F1000F06D0B8F1010F74
:100E70001ED11C4928461BF033FD00232946384665
:100E80001A46FFF7EDFE98E79DF80030512B0CD184
:100E90009DF8010000F058FE38B1134B28460DF1C3
:100EA00001011B8820F8023BD5E769462846D2E7B6
:100EB000B8F1020F01D10D49DCE76FF001044CE7F6
:100EC000E87C1F0093990020FCA20020F5990020E7
:100ED00000A30020DB1F08001883A0FF04A300204C
:100EE00008A3002010A300200DA3002013A30020BE
:100EF000427AC2F3C203052B17D8DFE803F00514CA
:100F00001403101207207047037A9B0003F00403B8
:100F100043EA9213052B08D8054AD05C7047082095
:100F2000704709207047062070470A20704700BFAD
:100F3000236C00202DE9F04F89B006468946104603
:100F4000594915461F46DDF848A000F039FEA0B902
:100F50005649284600F00EFE044628461BF06AFE5D
:100F6000804638461BF066FE002C76D1B8F1020FA1
:100F700077D8012009B0BDE8F08F0124EDE7A34642
:100F80007EE000239B46ADF8123083E002F8010BAF
:100F9000012102930192039200F0AEFE00285EDB75
:100FA0002623019AA5FB035103FB08114519029B57
:100FB00041EBE0780133F85C18B13C2801D00B2BF1
:100FC000E4D1203305A948460DEB0302002302F8C3
:100FD0000C3C1A46FFF744FE002840D074B934494F
:100FE000504600F0EDFD90BB3249504600F0E8FD60
:100FF00078BB3149504600F0E3FD60BB0022BDF8EC
:101000001210A40100200B0944EAC21433704FEA05
:10101000985344F0200443EA0113747273704FEA4A
:101020009833B3704FEA9813F370AB0F43EA880319
:101030003371AB0D7371AB0BB371AB09F3714FEA45
:101040004B0343EA850343EA5203337292E70122DA
:10105000D5E70222D3E70322D1E7022891D8022064
:1010600088E70228FBD93B783C2B88D1B84418F894
:10107000013C3E2B83D13B464FF0010B2F461D46D2
:101080000DF11203002229464846FFF7E9FD00282A
:101090003FF46FAF3B783C2B00D10137002505AA08
:1010A000A8462B4687E700BFF599002000A3002043
:1010B000F8990020AA760020AC76002001F1090200
:1010C0000930002310B512F8014DDB0943EA44034F
:1010D0008A4200F8013D137803F08003F3D1002029
:1010E00010BD2DE9FF41054608460E461BF0A2FD46
:1010F000C7B20D2F03D9052004B0BDE8F08100244C
:101100000DF104080194C8F8044088F80840A7428B
:101110004FF00001CCBF305D202000F0EDFD43B268
:101120005A1CE8D09BB20DF10D0111F8012D02EB14
:1011300042024145C2EBC20203EB42039BB20B7079
:101140004FEA1323F1D101340D2CE0D12846FFF7EB
:10115000B5FF00236B72CFE72DE9F04F89460446B7
:1011600090460A272DED028B417808EE903A0378DD
:101170008DB04FEA111BC678A27989054BEA03139B
:1011800090F808B0B60101F0707108EE103A83785B
:1011900094F809A046EA833603794079189D8005C2
:1011A00040EA837046EA930308AE40EA8230E2796F
:1011B0001943CBF3400340EA8212CAF3801401932F
:1011C000002342EA9B008DF82B302622002319F0E1
:1011D00013FF029003911046012100F061FDF055CC
:1011E00027B1013FDDE902031946EEE7314604A8C5
:1011F00000F089FC04A81BF01DFD022805D93B4620
:101200003A4604A94846FFF72BFD334618EE102A4C
:1012100001214846FFF7FCFC019B2BBB314604AE85
:101220007CBB4FEA4B0740461BF0ACFC042307F0A5
:101230000207199A47EADA171370012F16D11649D7
:10124000022428461BF09EFC199B314618EE900A9A
:101250009C701BF097FC0423199A002053700DB06A
:10126000BDEC028BBDE8F08F04A9D9E7022F01D1B4
:101270000A49E5E7032F01D10949E1E72C70012470
:10128000E2E7084940461BF07DFC0023199A2B70C9
:1012900002231370D8E700BFF8990020AA76002037
:1012A000AC760020F5990020421E01390830002359
:1012B00010B512F8014FDB0143EA5403824201F8F2
:1012C000013F137803F00103F3D110BDF0B589B0ED
:1012D0000D460C242A2701A904AEFFF7E5FF0023E1
:1012E0008DF81D30002201A910460B78013243EA27
:1012F0000023092A9BB2B3FBF7F007FB103301F878
:10130000010B98B2F1D1002100F0CAFC3055013C2C
:10131000E8D2304600F0E8FB014628461BF032FCDC
:1013200009B0F0BD7FB50C4601A9FFF7BDFF01A8CC
:101330000022661C10F8015B05F00F0329099F2DA0
:101340008CBF37313031092B04F812108CBF373382
:10135000303306F812300132092AEBD10023A3748E
:1013600004B070BD02292DE9F34104460D467CDD31
:101370003F4B404918689B8800902046ADF80430E8
:1013800000F0F8FB002849D06B1F022B46D83A4BDF
:10139000211D0DF103001A889B78ADF800202A1F4B
:1013A0008DF8023011F0D4F802219DF8000000F011
:1013B000A3FC042180469DF8010000F09DFC05215E
:1013C00007469DF8020000F097FC032106469DF8B1
:1013D000030000F091FC032105469DF8040000F095
:1013E0008BFC032104469DF8050000F085FC48EACB
:1013F000070333432B432343034336D4242303FB04
:1014000008770A2303FB07661B2303FB065503FB30
:10141000054403FB040002B0BDE8F08117492046F3
:1014200000F0A8FB68B1A07800F08EFB48B1072D52
:1014300007DC5123AA1EA11C8DF800300DF101001C
:10144000B0E7A07800F07AFB28B1062D03DC2A462D
:1014500021466846A6E7607800F070FB0028A3D01C
:10146000052DA1DC2A462146E8E74FF0FF30D2E700
:10147000309D002008A3002004A300200DA300201D
:101480002DE9F34100240F463249054614701646F3
:1014900000F096FB002856D12F49284600F090FB1B
:1014A000002852D12D49284600F08AFB00284ED151
:1014B00028461BF0BFFB2A4904468046284600F018
:1014C00059FB68B1072C0BD82846FFF769FB0028A9
:1014D00002DA4FF0FF3000E0033002B0BDE8F081E7
:1014E0002049284600F056FBA8B10123A4F10208C8
:1014F000337041462846FFF735FFB0F1000811DB95
:101500000023294638461A46FFF7AAFB0028E0D0F8
:1015100015484044E1E71549284600F03BFB002808
:10152000E3D1E6E7033C082CD3D8002301AA2946DF
:101530003846FFF795FB0028CBD000230C483370CA
:10154000019B1844C9E72046C7E70120C5E70220F0
:10155000C3E700BF93990020FCA20020F59900206A
:1015600000A3002013A30020E87C5F0010A300204C
:10157000E87C1F002DE9F74F16469A460F460DF1FD
:101580000602054630460C9CFFF77AFF81460DF1B6
:10159000070239465046FFF773FFB9F1000F804646
:1015A000C0F2EE80002803DA022003B0BDE8F08F1D
:1015B0007449304600F0EEFA30B17349304600F01D
:1015C000E9FAE8B10320F0E76E49504600F0E2FA8C
:1015D0000028F2D101272F2150461BF090F96B49CA
:1015E0008346304600F0ECFA90B96949304600F085
:1015F000C1FABBF1000F0DD1FCB947F6916462E06E
:101600006149504600F0C6FA0028DBD10227E2E724
:101610000120EEE7ABEB0A03012BEDDD0028EBD058
:101620005849584600F0CCFA0028E5D156495846AA
:1016300000F0C6FA0028DFD1B6E72378002BDCD013
:101640005449204600F0BCFA002840F086805249F8
:10165000204600F0B5FA002840F082804F4920462D
:1016600000F0AEFA00287ED152224121207800F00D
:1016700078FA00285AD052224121607800F071FA9D
:10168000002853D0A07800F059FA00284ED0E07816
:1016900000F054FA002849D023786278413B413A5F
:1016A00003EBC3035B009BB21344A278E47803EB23
:1016B0008303303A303C5B009BB2134403EB83035B
:1016C00004EB4304A4B29DF8063030462E4943EAA9
:1016D00049099DF8073043EA480800F05BFA002802
:1016E00044D049F001094FEA59530020FF002B7004
:1016F0004FEA593347EA84176B704FEA59136F72F8
:10170000AB704FEA986343EAC903EB704FEA984322
:101710002B714FEA98236B714FEA9803AB71A30AC0
:1017200043EA8813EB71A3082B723EE72378032169
:10173000522B0AD1601C00F06EFA00F5FD443334E0
:101740006FEA44446FEA5444BCE7204600F063FA71
:1017500000F5FD40333084B2B5E747F69264B2E756
:1017600047F69364AFE747F69464ACE70549304623
:1017700000F010FA0028B6D049F001090227B2E7BC
:10178000012012E713A3002010A30020F5990020E8
:1017900000A30020F8990020AA760020AC76002053
:1017A0002DE9F041064690B088461046304915466E
:1017B00000F0E0F900283DD0EA1C00230C2108A825
:1017C00003920793CDE9053300F00AFA2846FFF7A4
:1017D000E7F90028039A08DB264B09210DF11700D1
:1017E000059300F0FDF9024606E0234B19889B782B
:1017F000ADF814108DF816300BAF0C2108A800F0CE
:10180000EFF914210246384600F0EAF99DF81F303E
:101810003BBB9DF82B3033BB9DF83F302BBB04788E
:1018200064B129463046FFF75CFC0446204610B000
:10183000BDE8F0812A460C2105A8D2E708AB05AA2D
:10184000414630460097FFF795FE0028EED008ABE2
:1018500005AA414630460097FFF76CFB0028E0D10F
:10186000E4E70124E2E70224E0E70424DEE700BF26
:1018700000A3002043512000186C00202DE9F04FF8
:1018800090F801C09946037887B04FEA4C3CC6787F
:1018900090F809A088464CEA435C83781146CAF365
:1018A000C2024CEA431C437990F804B002934CEA1C
:1018B000D60C8379C4790393037A4FEA5C000592CE
:1018C00004930023DDE910572B7089F800300B706A
:1018D0004346CDE90017C6F3C001FFF707FA002819
:1018E00075DBB106029B059A01F0E05141EA8B419C
:1018F00041EA941141EA8321039B41EA83007B1C66
:1019000001F001014008CDE900934346FFF7EEF9ED
:1019100000285EDBA102049AC4F3401301F4F841ED
:1019200041EA820147F6906241EA9A11914228D831
:101930002BB1294B1A889B782A8005F8023F0A248C
:101940000020B1FBF4F304FB13119BB2287130317A
:10195000B3FBF4F204FB1233E97012213033AB70A5
:10196000B2FBF1F301FB132241326A70B3FBF1F2D7
:1019700001FB123341332B700523BB7007B0BDE868
:10198000F08FA1F5FD41A1F11102032A13D8DFE880
:1019900002F002060E10002001232870EDE70F4927
:1019A00028461BF0EFF802230020BB70E6E70C4945
:1019B000F6E70C49F4E713B1522305F8013B012384
:1019C00002223339284600F044F90623ECE70120CF
:1019D000D4E70220D2E700BFA7760020F8990020C4
:1019E000AA760020AC7600202DE9F0411E469046F4
:1019F0004FF6FF7300228EB0074688F80020B380B0
:101A0000F3803280B27033810391FFF771FA03994A
:101A1000054608284BD8DFE800F03B4A4A4A424ACC
:101A2000054A31000CAC0DF1220305AA3846019697
:101A30000094FFF723FF05460DF1220705A9404654
:101A400000F0C5F80023B380A7B11A4900F0BFF831
:101A5000A0EB08033946F38000F0B9F854B12378BD
:101A600043B1144900F0B3F8A0EB080321463381D9
:101A700000F0ADF828460EB0BDE8F0810CAC0DF1D9
:101A8000220305AA384601960094FFF765FBD2E7CA
:101A90000024384605A92746FFF718FCCEE70024A6
:101AA000384605A927462546FFF73CFCC6E705252D
:101AB000E0E700BF359D0020034601301A788A42D6
:101AC000FAD01846704738B504460D461BF0B2F8F8
:101AD00000212318A34203D013F8012CAA4200D0FE
:101AE00038BD03F8011DF5E7034607B51846013375
:101AF0000278202AFAD020210190FFF7E4FF019814
:101B000003B05DF804FB70B505460E4611F8013BC5
:101B1000202BFAD030461BF08DF8441E631C02D0F7
:101B2000335D202B08D02846621C314625441AF02C
:101B300018FF00236B7070BD013CEFE730380928B7
:101B40008CBF00200120704700F0DF0041381928C9
:101B50008CBF002001207047A0F12003584258415B
:101B60007047884204D390428CBF00200120704708
:101B70000020704713B50446084601911BF05AF83F
:101B80000199024620461AF081FEB0FA80F0400921
:101B900002B010BD70B50D4606461BF04BF804466A
:101BA00028461BF047F8241A024607D42946301964
:101BB0001AF06CFEB0FA80F0400970BD0020FCE71E
:101BC00008B51AF0D5FFB0FA80F0400908BD013918
:101BD00011F8013F0BB90370704700F8013BF7E7BC
:101BE00038B50B461446254615F8012B12F0DF01D7
:101BF00009D123EAE37210F045FD20460134037851
:101C0000202BFAD038BD012B2C46C4BF03F1FF3383
:101C100000F8012BE7E7F0B503782D2B14D0A3F1E2
:101C20002B0200255342534100220A2602E006FB04
:101C3000024201338B4204DAC45C303CE7B2092F24
:101C4000F5D925B91046F0BD01231D46ECE75242F7
:101C5000F8E7002930B500F1010417DA2D234942D5
:101C6000037000200123013A0A25824214DC0A2075
:101C7000B1FBF3F203FB121102F13005B3FBF0F3F9
:101C800004F8015B002BF3D1237030BD13B12B237B
:101C90000370E6E70446E4E76B430130E5E7000044
:101CA0000B1F012B07D900B3032900F1FF300AD025
:101CB000092807DC01E0092802DC3030C0B2704797
:101CC000052914D00A38192801DC4130F6E71A3802
:101CD00021B904280BDC074B185C7047012906D199
:101CE000002814BF5F202F207047202070475F20FE
:101CF000704700BFA17600200B1F012B10B50DD936
:101D0000202845D003294FF001020CD0A0F1300368
:101D1000DCB2092C04D81344184610BD0022F5E7A4
:101D200005291FD00A32A0F14103DCB2192CF2D9E7
:101D300002F11A0329BB2F2812D82A2812D92B38CE
:101D400004280FD801A151F820F000BF85E300005E
:101D5000D1E30000D7E30000DDE30000E3E300008F
:101D60003F280BD04FF0FF33D6E702F11B03D3E738
:101D700002F11C03D0E702F11D03CDE702F11E03BF
:101D8000CAE70129EED12F2818BF4FF0FF33C3E770
:101D90000023C1E74FF0FF3070470020704700007C
:101DA000084A4FF400630848114610B513F05EFC72
:101DB000064A4FF4006304481146BDE8104013F092
:101DC00055BC00BF94A92420F4CC00209489242081
:101DD00000000000274B93ED000AB5EEC00A70B575
:101DE000F1EE10FA2DED028B36DD234E3025234C1B
:101DF000B3EE0D7B336805FB034393ED098AB7EE21
:101E0000C88A38EE078B9FED177B38EE078BF9F702
:101E1000A7F8B2EE047B3368B7EEC00A05FB0344B3
:101E2000B7EE086B164BA0EE078B94ED077AB8EE71
:101E3000C77A9FED0E0BB7EEC77A38EE400BA7EED0
:101E4000460B93ED007AB8EEC77B30EE470BB7EE4A
:101E5000C00BBDEC028B70BD00229FED0A0A1A6018
:101E6000F7E700BF000000000000000000000000D5
:101E70000000574084BE0020B8C5002094BE00205A
:101E8000343F0220000003C308B50121162010F0E2
:101E9000AFF80021162010F079F80021112010F081
:101EA000A7F8BDE80840FAF77DBE00000023094A04
:101EB00001211370084A1370084A1370084A1370FE
:101EC000084A1360084A1160084A1360084A136000
:101ED000704700BF955C02202E5D0220025D02204B
:101EE000915C0220D03C02202C3B0220A43902202D
:101EF000343B0220064B1B68012B01D0062B05D179
:101F0000044A054B1268D117C3E90021704700BF8E
:101F1000343D022068C30020F0000120704700001B
:101F20002DE9F0413C2440F26D184FF0640C4FF461
:101F3000C87EB0FBF4F3B3FBF4F104FB130004FB25
:101F40001133107018205370B1FBF0F300FB131124
:101F500007209170191DB1FBF0F0C0EBC000091A09
:101F6000002001310446D170C6B206F2B27111F000
:101F7000030741D191FBFCF50CFB1515002D3ED15B
:101F800091FBFEF50EFB1515002D14BF45464FF4D1
:101F9000B7752C440130A342E6D264209671B1FBA0
:101FA000F0F600FB16164FF4C870B1FBF0F500FB1D
:101FB00015113FBB4EBB002940F26D1008BF4FF416
:101FC000B7701B1BDFF858C0034400200128C5B2BE
:101FD0001ED107BB0EBB002914BF1C241D249C422C
:101FE00004D801301B1B0C28F0D105460135013304
:101FF00055711371BDE8F08140F26D15C9E74FF4DA
:10200000B775C6E740F26D10DBE74FF4B770D8E75D
:1020100010F80C40E3E71C24E1E71D24DFE700BFD4
:10202000C771002070B5074C06460D46D4E9002361
:102030008B4208BF824204D0034AFFF771FFC4E914
:10204000006570BDC800012083570220074B084A75
:102050001860084B1B68034413600222064B1A7079
:10206000064B1A68064B1A60704700BFE4660120F1
:102070007856012060BC0020AA570220BC470220ED
:1020800070560120F8B518480025184C03682268DE
:10209000174F3968561CC91AB1F57A7F13D20DB1A2
:1020A00003602260134D23682A689A4208D8124BB5
:1020B0001B682BB1984750EA010309D0FFF7C6FF10
:1020C00020680021F8BD03F57A7332460125E0E768
:1020D0000A4A236812681344094A2B601378003BAC
:1020E00018BF01231370EBE770560120E46601204E
:1020F000BC47022078560120083A022060BC00202C
:10210000AA57022008B5FFF7BDFFFFF78BFF014B71
:10211000987808BD8357022008B5FFF7B3FFFFF793
:1021200081FF014B587808BD8357022008B5FFF79F
:10213000A9FFFFF777FF014B187808BD83570220EE
:10214000034B1860034B1A68034B1A60FFF79ABFE2
:10215000083A0220E46601207856012082700022AD
:1021600041700270C270704770B5044616464078E0
:102170000D4641B102210FF03BFF0221A0780FF084
:1021800037FFE67070BD0FF033FF2946F6E7000019
:10219000F8B50446C67880780FF018FFE578074652
:1021A00060780FF013FF22787E40454002F00F0266
:1021B000054B45EA460003EB8203C0B2185C207071
:1021C00000F03000F8BD00BFAB71002010B5044630
:1021D0000FF00EFA204610BD024A0349034818F0DA
:1021E00049BD00BF9CBC002039E80000DC6801202C
:1021F00013B50446084659B101911AF01BFD236836
:102200000246019920465B6802B0BDE810401847BD
:1022100002B010BD00207047002070470368C9B2AB
:102220001B68184700290CBF0A232A230372704732
:10223000F8B5037A0E461F4C01275B000546090AD4
:10224000204684F8A53084F8307184F82F71FFF7A8
:10225000E5FF31462046FFF7E1FF002120460EF062
:10226000E9FD08B10020F8BD3B460222297A20464C
:102270000EF052FE0128F5D994F8A23094F8A3206C
:1022800093423BBF591C1B194FF0FF3084F8A2103A
:1022900038BF987E94F8A2300002934237BF5A1C90
:1022A0004FF0FF3384F8A220E41838BFA37E184310
:1022B000D9E700BFA0B800202429034670B508BFA5
:1022C000C28001261B7A0D460F4814465B00090A9E
:1022D00080F8306180F8A53080F82F61FFF79EFF0D
:1022E00029460948FFF79AFF0748210AFFF796FF9A
:1022F00021460548FFF792FF314603480EF09AFD4C
:10230000B0FA80F0400970BDA0B800202DE9F0417E
:1023100004465B480E4617461DF0E8F905200FF00D
:102320001FFE06212046FFF783FF46B1B02806D1E5
:1023300000230125237165722846BDE8F0814FF026
:10234000010844F260023021204684F80480FFF73F
:10235000B3FF05460028EFD06C2226212046FFF768
:10236000ABFF4FF4F97228212046FFF7A5FF40F696
:1023700022722C212046FFF79FFF44F246423C2167
:102380002046FFF799FF40F2371224212046FFF73D
:1023900093FF002E6AD03B4B342120469E428CBFD7
:1023A00042460022FFF788FF07EE907A322120464E
:1023B000B8EE677A07EE906AF8EE676AB7FBF6F256
:1023C000C7EE267A02F01F0207EE102AB8EEC77A8F
:1023D00077EEC77A9FED2C7A67EE877AFCEEE77A84
:1023E00017EE903AC3F30A0343EAC222FFF764FFF1
:1023F00044F2FF5230212046FFF75EFF7322022194
:102400002046FFF759FF4FF4C8700FF0A9FD41F6C1
:102410001D522E212046FFF74FFF56B307220421FD
:102420002046FFF749FFB02206212046FFF744FF70
:1024300010220A212046FFF73FFF00220E212046EE
:10244000FFF73AFF43F63C4210212046FFF734FFE6
:1024500047F67F7222212046FFF72EFF36222421E5
:102460002046FFF729FF0123637265E744F2FF026C
:10247000C0E7042220461146FFF71EFF3022D3E7B3
:10248000A0B800204066030100000045014A002179
:10249000FFF73CBF0040C40A10B5044669B9552295
:1024A0002021FFF709FFD0B1E28842F00402204664
:1024B0002421BDE81040FFF7FFBE01290FD140F2F3
:1024C00073122A21FFF7F8FE48B188222021204606
:1024D000FFF7F2FE18B1E28822F00402E7E70020DD
:1024E00010BDF8B51F4605460E461446FFF7A0FE80
:1024F00020EA0703314628461C432246FFF7DCFE4C
:10250000002814BF20460020F8BD38B5044679B92C
:10251000012347F67F7222210371FFF7CDFEE28887
:10252000242142F010022046BDE83840FFF7C4BE27
:102530008029037994BFC1F1800500253BB10023B8
:10254000C288242122F010020371FFF7B5FE45EA8C
:1025500005222221E7E700009FED057ADFED057AED
:10256000E0EE077AFCEEE77A17EE901AFFF7CDBFA0
:1025700000000143EE7CFF3E272938B5054617D9F8
:1025800028390322490042F4B87228462F2996BF01
:1025900003230F24B1FBF3F42A21FFF78DFE90B142
:1025A00044EA041228462021BDE83840FFF784BEE3
:1025B0001D2902D91E390222E4E7132986BF1439E6
:1025C00001220022DEE738BD0F2928BF0F210F2A84
:1025D00028BF0F2242EA01122021FFF76DBE0D290C
:1025E00038BF0D211F2928BF1F2108B541EA01224C
:1025F00041F61F732E21FFF774FF80B208BD08B5A6
:10260000012203230E21FFF76CFF80B208BD0000FA
:1026100037B502AB03E90600C27C0B46002A39D06D
:1026200072B6C27CD10708D54FF0E0244569D4F8D2
:10263000801129408162C4F88011950708D54FF0B8
:10264000E0248569D4F884112940C162C4F884115A
:10265000540708D54FF0E024C569D4F88811294003
:102660000163C4F88811110708D54FF0E024056A0A
:10267000D4F88C1129404163C4F88C11D20608D5D6
:102680004FF0E021446AD1F8902122408263C1F8E2
:10269000902162B68268934226D01C4A8360926978
:1026A0001B49C2F30114C2F3826251F82440013283
:1026B000B4FBF2F12BB38B420BD8B1FBF3F2B1FBBD
:1026C000F2F18B4200D20132B2F5817F03D2022AAD
:1026D00003D8002302E040F20112931E59080A04B5
:1026E00042EA01221343C360036800221A610322F5
:1026F0005A62C2681A64019A1A6601221A6103B00A
:1027000030BD9442EAD30A46DDE700BF00C00F4067
:10271000F83A0020C37C13B3D90704D5816A4FF07F
:10272000E022C2F800119A0704D5C16A4FF0E022F6
:10273000C2F80411590704D5016B4FF0E022C2F82A
:1027400008111A0704D5416B4FF0E022C2F80C11B2
:10275000DB0604D5826B4FF0E023C3F810217047ED
:10276000024A0349034818F085BA00BF9CBC002008
:1027700039E8000020680120024A0349034818F0A4
:1027800079BA00BF9CBC002039E8000088670120AE
:10279000024A0349034818F06DBA00BF9CBC0020F0
:1027A00039E80000B0670120024A0349034818F0E5
:1027B00061BA00BF9CBC002039E8000028680120F5
:1027C000024A0349034818F055BA00BF9CBC0020D8
:1027D00039E80000306801202F4B70B51A6819796C
:1027E0002E4B1269D9772E4B9A4251D22D4A12782C
:1027F00022B14FF0E0224021C2F808122A4C226890
:10280000002A44D0294D2A88402A40D81846BFF3D0
:102810004F8F03F5007603F12001B1428CBF0121F7
:1028200010214FF0E02603EB4111C6F85C0F203079
:102830008842FAD1BFF34F8FBFF36F8F02F140018F
:102840000232083329801A4925680868194905EBBE
:10285000420500EB42000C68174904EB420409688A
:1028600001EB4201002233F9086C083325F81260AD
:1028700033F90E6C24F8126033F90C6C20F81260F6
:1028800033F90A6C21F812600132402AEBD170BD95
:10289000A3F50073B2E700BF4868012000800E4036
:1028A000E0CC2420B157022050680120444B022084
:1028B00054680120586801205C6801202DE9F3412B
:1028C00080460EF091FC07460EF08EFC06460EF098
:1028D0008BFC05460EF088FC04462FB10EB105B105
:1028E00090B938460EF0C8FC16B130460EF0C4FC64
:1028F00015B128460EF0C0FC1CB1204600240EF095
:10290000BBFC25462646274672B6294B1A887F2AE5
:1029100031D9284A11681760274A17681660274A74
:1029200016681560264A1568146000221A8062B67F
:10293000404601910EF0C8FC019908460EF09CFC3F
:102940000122394640460EF0BFFC38460EF094FC9A
:102950000222314640460EF0B7FC30460EF08CFCA9
:102960004046032229460EF0AFFC284602B0BDE8DF
:10297000F0410EF081BC57B10E490A685AB90F6098
:102980000D491A800E600D490D600D490C6062B64C
:1029900002B0BDE8F08162B638460EF06DFC3046FC
:1029A0000EF06AFC28460EF067FC2046DEE700BF0A
:1029B000444B0220506801205468012058680120CF
:1029C0005C68012070B52C4D012101242B4E284656
:1029D0000EF0B6FD002000F067F9294A294B4FF4AC
:1029E00040310320C2F89410C3F87C01C3F864019D
:1029F0000220C3F89405C3F898452B681E60224E48
:102A000098824FF480705E6006F13F46A6F59036DE
:102A10009E606FF00706DE601C4E1E61D8821C4E61
:102A2000D88306209E61988300202B79194E9B0045
:102A300003F1804303F56C2318601E60164BC2F847
:102A40008800C2F89410C2F888300EF053FD134B82
:102A50002A791870124B02F110011248DA76124BE3
:102A600043F82100531102F01F0203F13823944070
:102A700040339B001C6070BD48680120A240384074
:102A80000040384000801F4004000101E0CA2420BB
:102A900000FCFFFF1300008001000092B1570220EC
:102AA00000800E4045EE000000D40020024A034999
:102AB000034818F0DFB800BF9CBC002039E80000D4
:102AC00048680120024A0349034818F0D3B800BF00
:102AD0009CBC002039E8000090670120024A0349AD
:102AE000034818F0C7B800BF9CBC002039E80000BC
:102AF000B8670120024A0349034818F0BBB800BF79
:102B00009CBC002039E8000038680120024A0349D3
:102B1000034818F0AFB800BF9CBC002039E80000A3
:102B200098670120024A0349034818F0A3B800BF80
:102B30009CBC002039E80000C06701202DE9F04F5F
:102B400000F5807EB1E8A00AB2E84015C5EA064368
:102B5000C6EA2544C7EA0845C8EA2746C9EA0A473B
:102B6000CAEA2948CBEA0C49CCEA2B4AA0E8F80784
:102B70008645E7D1BDE8F04F70474FF000022DE9E0
:102B8000F00F00F5807C00BFB1E8A00AC5EA02039F
:102B9000C2EA2544C7EA0205C2EA2746C9EA020793
:102BA000C2EA2948CBEA0209C2EA2B4AA0E8F807A0
:102BB0008445E9D1BDE8F00F70474FF000022DE9E0
:102BC000F00F00F5807C00BFB1E8A00AC2EA05431F
:102BD000C2EA0504C2EA0745C2EA0706C2EA094793
:102BE000C2EA0908C2EA0B49C2EA0B0AA0E8F807E0
:102BF0008445E9D1BDE8F00F70472DE9F00F089C3E
:102C000000F5007B51F8045B53F8046BC5EA0647F6
:102C1000C6EA254952F8045B54F8046BC5EA064835
:102C2000C6EA254AA0E880078345EBD1BDE8F00F4E
:102C3000704700BF10B500F58074036831FB03F2E4
:102C400031FB13F302F30F0203F30F03C2EA034352
:102C500040F8043B8442F0D110BD70B5866905464A
:102C60003EB931460EF044FBE0B1BDE870400EF0D5
:102C700003BBB6F5803F4FF000010AD10EF038FBE0
:102C8000044678B12846002221460EF01DFB20465E
:102C9000EBE70EF039FB044620B131460430FFF774
:102CA000C9FFEFE770BD000038B52E4C0546E36F55
:102CB00043F44023E3672C4B9A68002A49DBD3F89E
:102CC0008830002B45DB002342F210724FF40C6178
:102CD0001C201CF0E3FCE369244A23F4406343F422
:102CE0000063E361A36A23F4FF7323F0010343F05D
:102CF000CE03A362536823F4002323F0070343F4B5
:102D0000002353601A4B25B90322C3F82021C3F8CE
:102D100024210322012400254FF48030C3F8282108
:102D2000114B144A1D661449DC601A61134A58613C
:102D30009961DA61C3F8E050C3F88C4004F1E064B3
:102D4000C3F89040C3F89400C3F89810C3F89C20CF
:102D500038BD002DFCD1064B0322C3F82021C3F857
:102D60002421F5E700C00F400040384000C00A4071
:102D700000801F40010000471B1F0100001F1F1F94
:102D8000024A0349034817F075BF00BF9CBC0020EE
:102D900039E80000C8670120024A0349034817F0D8
:102DA00069BF00BF9CBC002039E80000106801200A
:102DB000024A0349034817F05DBF00BF9CBC0020D6
:102DC00039E8000060680120024A0349034817F00F
:102DD00051BF00BF9CBC002039E80000686801209A
:102DE000524B1A682DE9F3411268514C1979A242ED
:102DF000504BD9776AD2504B1B7823B14FF0E02368
:102E00004022C3F80822DFF86481D8F800100029B6
:102E10005FD04A4B04311B8801EB4301484F3A68AD
:102E2000002A58D0474B04321B8802EB4302464E1F
:102E30003368002B51D045480433008803EB40032E
:102E4000434D286800284AD0DFF808C10430BCF898
:102E500000C000EB4C0000902046FFF7CEFEBFF311
:102E60004F8F04F1200204F50073934234BF012315
:102E700010234FF0E02204EB4313C2F8704F2034CC
:102E80009C42FAD1BFF34F8FBFF36F8FD8F8000089
:102E900020B12A4B1A8822BB40221A80386820B100
:102EA000284B1A883ABB40221A80306820B1274B41
:102EB0001A884ABB40221A80286820B1254B1A88FC
:102EC0005ABB40221A8002B0BDE8F081A4F500741C
:102ED00099E72149A2E7204AA9E71F4BB0E71E481E
:102EE000B9E700241C800EF0C7F91C4B1A681C605F
:102EF000C8F80020D2E700241C800EF0BDF9184B62
:102F00001A681C603A60D0E700241C800EF0B4F907
:102F1000144B1A681C603260CEE700241C800EF04F
:102F2000ABF9114B1A681C602A60CCE7A868012035
:102F3000E0D0242000800E40B2570220464B0220F1
:102F400090680120484B0220986801204A4B0220DB
:102F5000A06801204C4B02207C3400208C680120AA
:102F6000946801209C680120A468012088680120E1
:102F700038B5002104460EF0BBF9034640B172B6E5
:102F800037490868002830D10B60364B188062B68C
:102F9000012120460EF0ACF9034640B172B6324929
:102FA000086800282FD10B60304B188062B60221D0
:102FB00020460EF09DF9034640B172B62C490868D0
:102FC00000282ED10B602B4B188062B603212046BF
:102FD0000EF08EF940B172B627490B68002B2ED146
:102FE000264A0860138062B638BD254A15680DB9B7
:102FF0001360CCE7136000221A4B0D601A8062B692
:103000000EF03AF9C4E71F4A15680DB91360CDE711
:1030100013600022154B0D601A8062B60EF02CF979
:10302000C5E7194A15680DB91360CEE71360002291
:10303000104B0D601A8062B60EF01EF9C6E7134AF7
:1030400014680CB91060CEE710600C6000210B4AC8
:10305000118062B61846BDE838400EF00DB900BFC9
:1030600088680120464B022090680120484B0220CE
:10307000986801204A4B0220A06801204C4B022096
:103080008C680120946801209C680120A4680120BC
:1030900070B5314D01210024304E28460EF050FA13
:1030A0002F4B21464FF480621C6030462D4B1C6034
:1030B0002D4B1C602D4B1C600FF0E4FA2046FFF7EF
:1030C000F3FD2B4A4FF440312A4B03205161C3F8E2
:1030D0008001C3F86C012B6827481E60274EC3E9A6
:1030E000016027486FF00706D86026489E61186186
:1030F000042098824FF48070D882D8830620988369
:103100002879830003F1804303F56C231C601E4C77
:103110001C601E4BD876D2F8883043F01043C2F8BA
:1031200088301B4B936051610EF0E4F92A79194BFA
:1031300002F110011870184B184843F82100531180
:10314000012102F01F0203F1382301FA02F2403399
:103150009B001A6070BD00BFA8680120E0CE24204B
:10316000886801209068012098680120A0680120EB
:103170000040384000801F4004E0FF7F0200010152
:1031800000FCFFFF224038401400008000800E4009
:1031900001000090B257022000D400204DF400003E
:1031A000024A0349034817F065BD00BF9CBC0020DC
:1031B00039E80000A8680120024A0349034817F0D3
:1031C00059BD00BF9CBC002039E80000D067012039
:1031D000024A0349034817F04DBD00BF9CBC0020C4
:1031E00039E8000070680120024A0349034817F0DB
:1031F00041BD00BF9CBC002039E80000B068012040
:1032000010B5054C04F108000EF0F2F92046BDE8B7
:1032100010400EF0EDB900BFD867012010B5084C82
:10322000002120460EF08CF904F1080000210EF078
:1032300087F9044A04490020BDE8104017F01ABD80
:10324000D86701209CBC00206DF80000024A0349A9
:10325000034817F00FBD00BF9CBC002039E80000F8
:1032600040680120024A0349034817F003BD00BF2C
:103270009CBC002039E8000078680120024A03491C
:10328000034817F0F7BC00BF9CBC002039E80000E1
:1032900080680120024A0349034817F0EBBC00BFD5
:1032A0009CBC002039E80000E8670120024A03497D
:1032B000034817F0DFBC00BF9CBC002039E80000C9
:1032C0001868012038B590F8611190F86041CBB2D0
:1032D000A14214D090F8621101330022994298BFA4
:1032E000002300EB8304DBB2A56980F86131294635
:1032F0000DF0EAFF28460DF0BFFF0023A36138BDA3
:10330000D0F8583110B504467BB990F86331012BE1
:1033100007D00DF069FFC4F8580130B911F040FB37
:10332000F7E70DF061FFC4F85801D4F8580100B177
:10333000043010BDD0F8581110B501B390F86031C9
:1033400090F8622101339A4298BF002390F86321DC
:10335000012A0ED090F861219A42FBD09A1DDBB26F
:1033600040F8221080F860310023C0F85831184628
:1033700010BD90F861419C42F0D11046F8E7084634
:10338000F6E72DE9F04705460F461446FFF7B8FF6C
:103390000646D5F85C91C9F18008A04528BFA04633
:1033A0008EB1B9F17F0F0CD92846FFF7C3FF40B9A2
:1033B000C5F85C012846FFF7A3FF0646002CE8D1BC
:1033C00000E01CB900242046BDE8F0874FEA480A17
:1033D000394606EB4900A4EB0804524657440FF067
:1033E000B7F8D5F85C3143447F2BC5F85C31E5D99B
:1033F0002846FFF79FFF0028E5D1C5F85C01002CA7
:10340000E0D02846C2E710B5002104460DF070FF59
:10341000B8B194F866331BB9BDE810400DF02CBF6D
:1034200094F8643394F865130133D12BA8BF0023BB
:103430009942F1D0991DDBB204EB8101486084F818
:10344000643310BD90F8641390F86523CBB29142B9
:10345000D0B238BFD133181A704738B50546D0F806
:10346000600320B10DF008FF0023C5F8603395F824
:103470006543E4B295F86433A34203D1E4B285F81E
:10348000654338BD0134D12C28BF0024A31D05EBB2
:10349000830358680DF0F0FEECE7D0F8602310B518
:1034A000B2B990F8651390F86443CBB2A1420DD045
:1034B0000133D12B28BF00239A1DDBB200EB82021F
:1034C000526880F86533C0F860230432104610BD9E
:1034D0000022FBE710B50446D0F8600320B10DF0E0
:1034E000CBFE0023C4F8603310BDC38B89B21B042C
:1034F00006D4C1F30E01C183C38B9BB2C382704754
:10350000C38BC1F3080103F47E430B43C383F3E78A
:1035100043682DE9F047D3F80080B8275968D8F8F8
:10352000002022EA01027B49C8F800208A6922F0C3
:10353000E05222F0300242F0006242F010028A6152
:10354000057C754A03EB050C03EB85059CF8101010
:1035500002EB011189680F60447C1E190A3496F849
:10356000241002EB011189680F6090F812A003EBA0
:103570000A0E9EF8389002EB0919D9F80890C9F89C
:1035800000705968D8F800700F4303EB8A01C8F83F
:1035900000706F699CF8105002EB05156D682F6084
:1035A00053F8245096F8244002EB04146468256014
:1035B000C96B9EF8384002EB0412526811609A6C95
:1035C0009EF8441011601A6A9CF81C105B6B116025
:1035D00096F830201A60022203681A610F229A6559
:1035E000C37C002B39D072B6C37CDC0708D54FF002
:1035F000E0214469D1F8802122408262C1F8802113
:10360000990708D54FF0E0218469D1F88421224040
:10361000C262C1F884215A0708D54FF0E021C4697D
:10362000D1F8882122400263C1F888211F0708D5FC
:103630004FF0E021046AD1F88C2122404263C1F8A6
:103640008C21DE0608D54FF0E022416AD2F8903195
:103650000B408363C2F8903162B6304983688B4275
:1036600026D02C4B81609B692D4AC3F30114C3F310
:10367000826352F824200133B2FBF3F2294B9A42C1
:103680000BD9B2FBF1F3B2FBF3F28A4288BF0133EC
:10369000B3F5817F03D2022B03D8002302E040F26E
:1036A0000113023B59080A0442EA01221343C36092
:1036B000036800221A6103225A62C2681A64072250
:1036C0001A6601221A61C37C13B3DD0704D5816A2F
:1036D0004FF0E022C2F800119C0704D5C16A4FF0F8
:1036E000E022C2F80411590704D5016B4FF0E02223
:1036F000C2F808111A0704D5416B4FF0E022C2F856
:103700000C11DB0604D5826B4FF0E023C3F81021C7
:10371000BDE8F08700C00F409842002000093D003E
:10372000F83A0020FF083D00436893F824208A42BD
:1037300005D093F82500431A58425841704701209C
:10374000704743681A7C8A4204D0587C431A584216
:103750005841704701207047436893F838208A42E7
:1037600005D093F83900431A584258417047012058
:10377000704700004368427C1A4470B592F82420D8
:103780008A4223D093F824208A4220D093F825201F
:103790008A421BD101221C6825685C68254214D02E
:1037A0000C4CB82504EB011189680D6002F10A0187
:1037B00053F8215099185B6B91F8246004EB0614C0
:1037C0006468256091F830101960427470BD002261
:1037D000E1E700BF984200204368027C1A4470B5BC
:1037E000127C8A421ED01A7C8A421CD05A7C8A42A1
:1037F00018D101221C6825685C68254211D00B4C49
:10380000B82504EB011189680D6003EB82014D6955
:1038100099181B6A0E7C04EB061464682560097F06
:103820001960027470BD0022E4E700BF98420020D6
:103830004368827C1A4470B592F838208A4222D0BC
:1038400093F838208A421FD093F839208A421AD13F
:1038500001221C6825685C68254213D00B4CB825F2
:1038600004EB011189680D6003EB8201CD6B99189F
:103870009B6C91F8386004EB06146468256091F83D
:1038800044101960827470BD0022E2E79842002063
:1038900070B5D3B1046840F2012525611C46A9B179
:1038A00011F8015B0668013B756605682E6FB60767
:1038B00004D46D6F0AB102F8015B013C05686D69C3
:1038C000ED07F2D5002BEAD11CB970BD90F83C5041
:1038D000E8E70368196F8907F6D45B6F0AB102F84D
:1038E000013B013CF0E743681A6811685A681142CD
:1038F00010B504461AD00268002111610521027C2E
:103900001344187C0EF074FB627C63680521134439
:1039100093F824000EF06CFB6368A27C052113442D
:10392000BDE8104093F838000EF062BB10BD0000F7
:103930002DE9F041876C0446194B3D79DD77406CE9
:1039400006791E771D77226CAAB1B2F5004F08D315
:10395000A2F5FF427F3A124B2264DD76DE76BDE8A7
:10396000F08111460068FFF7C0FD1146386800225B
:10397000FFF7BBFDEFE723680F21E06C996540F28C
:103980000131DA6119614FF47C5159610323114609
:1039900084F83D300368BDE8F0411B68184700BF5C
:1039A00000800E40024808B5FFF7C2FF08BD00BF07
:1039B00084B70020024808B5FFF7BAFF08BD00BF72
:1039C000D4B70020002070477047000037B5054687
:1039D0000C460FF059F81C4B984204D800232B805A
:1039E000238003B030BD69460EF046F89DF80620EE
:1039F0009DF80510503A9DF8043092B27F2A1ED8E7
:103A00000131C9B20C291AD81F2B18D843EA411327
:103A100043EA42239BB29DF802102B8017299DF8A0
:103A200001309DF800200CD83B2B0AD83B2A08D83F
:103A30005B0143EAC12343EA52039BB2D0E7002370
:103A4000E9E70023CCE700BFFFA5CE1210B504467E
:103A500040F2D4410EF03AFE204610BD0A46D0F89E
:103A6000841400B58FB059B100236846009302F06A
:103A700022FC10B1684602F0B2FA0FB05DF804FB08
:103A8000D0F888040028F8D00B460C91014668460F
:103A900000F08FFE08B90020EFE7684600F060FFF5
:103AA0000028F8D0E9E7D0F8843430B50D4691B05D
:103AB00014468BB1002203F5896102A813460292D5
:103AC0002A46019102F0A8FB019918B1224602A8EA
:103AD00002F002FD11B030BDD0F888040028F9D002
:103AE00000F589612A4602A80E93019100F0FEFDBF
:103AF000019908B90020EDE7224602A801F0C6F8B6
:103B00000028F7D0E6E70A46D0F8841400B58FB055
:103B100061B1002368460093012302F0CCFB10B191
:103B2000684603F03FFA0FB05DF804FBD0F8880454
:103B30000028F8D00C9101230146684600F039FEB8
:103B400008B90020EFE7684600F0C4FE0028F8D06E
:103B5000E9E70A46D0F8841400B58FB051B10023CC
:103B600001F5896168460093012302F063FC0FB000
:103B70005DF804FBD0F888040028F8D00C910123EC
:103B800000F58961684601F022F8F0E70A46D0F8AE
:103B9000841400B58FB039B100236846009302F059
:103BA0008AFB0FB05DF804FBD0F888040028F8D039
:103BB0000B460C910146684600F0FBFDF1E7D0F89A
:103BC00080342BB19B794FF40070984080B27047DD
:103BD000D0F8840408B1D0F83C047047034690F84C
:103BE000D00410B588B1D3F88424181D32B1D4693B
:103BF000013CFFF7E4FFA4FB000110BDD3F88844AB
:103C0000002CF6D0D4F83044F3E70146F5E770B560
:103C10000546D0F88C0488B90026D5F8800440B356
:103C200003F0BAFE04463EB1D5F88C0488B10368AF
:103C300000215B6C984760B1204670BD0368DB6B68
:103C400098470028E8D0D5F88C0420B9D5F88C0422
:103C500038B90024F0E703681B6C98470028DBD1D3
:103C6000F4E7036801215B6C984706460028D4D12D
:103C7000EFE7D5F884040028D4D001F015FFD1E790
:103C800038B590F8D044B4B1D0F88434051D5BB198
:103C9000DC69013C2846FFF7BAFF241A2846FFF7E3
:103CA0008EFFA4FB000138BDD0F88844002CF1D071
:103CB000D4F83044EEE720462146F4E770B5FF2300
:103CC00000F59265044680F8C81480F8BC34284694
:103CD00005F01AFA2846C4F88C5404F093FD40B954
:103CE0000123D4F88C1420461A46BDE8704003F036
:103CF000E3BF002070BD70B58AB0044601A804AED1
:103D000007ADC4F8C43480E80E00BDF80420A4F860
:103D1000BC24029AC4F8C02407C886E80B0004F249
:103D20009C4685E80B00304695E80E0004F05EFCEA
:103D300094F8AD34C4F88C6443B90123314620466D
:103D40001A460AB0BDE8704003F0B6BF00200AB0C2
:103D500070BD1FB590F8BC24FF2A06D190F8C81496
:103D6000FFF7ACFF05B05DF804FBD0F8C024D0F835
:103D7000C434B0F8BC14CDE9022304ABADF8041090
:103D800013E90E00FFF7B7FFECE7F0B5D0F8905459
:103D90008FB007461DB9002420460FB0F0BD2A6839
:103DA00028460193D2699047B0F5405F0446F2D9A6
:103DB0004FF4007017F0F4FA06460028EBD0B4F187
:103DC000806F0246294603A8019B0FD901F038FAFB
:103DD0000446304617F0ECFA002CDCD02B6828465D
:103DE0001B6A9847381DFFF7B4FFD5E703F056FB71
:103DF000EEE7000030B5D0F8905485B0044625B900
:103E0000002084F8D00405B030BD90F8D02490F89C
:103E1000D13482B3FE2B09D094F8D20436280ED8C0
:103E20000EF0D4F8003818BF0120EAE72B682846C6
:103E30005B6D9847421CEFD038B10120E1E72B6859
:103E4000694628469B6C9847DBE794F8D134FE2BF3
:103E5000D6D103212E200EF0CBF81A491A4B486810
:103E60001A4A1B68B3FBF2F303EB83034A68121A86
:103E70009342FBD8C4E7FE2B1AD1154B9B689B03DA
:103E8000BED5201DFFF765FF0028D6D103212E20C7
:103E90000EF0AEF80B490C4B48680C4A1B68B3FB9C
:103EA000F2F303EB83034A68121A9342FBD8A7E7A5
:103EB00090F8D2043628E4D80EF088F80028E0D133
:103EC0009EE700BF001000E068B5002040420F00F0
:103ED0000080004230B50D46044685B01C4805F010
:103EE0002DFCFE2D84F8D1541ED14FF00001201D71
:103EF000FFF7E4FE2E2384F8D00484F8D23488B986
:103F0000184603210EF074F81249134B4868134AFF
:103F10001B68B3FBF2F303EB83034A68121A934264
:103F2000FBD8002005B030BD362DFAD800230C4A4E
:103F30008DF80450201D8DF80530CDE9022304AB27
:103F400013E90E00FFF7D7FE84F8D004EAE700BFBC
:103F500039000100001000E068B5002040420F0069
:103F600040787D011548164A164BC0F89424164A2D
:103F700003600023C0F8A8240722C0F88434C0F8E6
:103F80008834C0F89034A0F89C34C0F8AC242922BE
:103F900080F8B53480F8BC3480F8CC344FF47F43DB
:103FA00080F8B124A0F8D034FF23084A0849C0F8AB
:103FB000A02480F8D234074A16F05CBE805101205C
:103FC000383A0020D839002000093D00743700201D
:103FD000350001009CBC0020F0B500F1240385B041
:103FE00004460F4601AD164693E8070085E8070032
:103FF0007A012946206A01F0EDFC012806D13246FB
:104000002946206A01F099FC05B0F0BD0020FBE7CD
:1040100010B5044600F03EFD002384F8313084F8EA
:10402000333010BD38B50D46144600F1240100228E
:10403000006A01F082FC20B143892B8003890120B2
:10404000238038BD38B50D46144600F12401002206
:10405000006A01F072FC20B1C3892B8083890120A2
:10406000238038BD38B50D4690F83110044651B95B
:1040700038220EF007FB40230120256284F83130FE
:1040800084F8330038BD0020FCE70000F0B40D4692
:1040900011F8014B202CFAD01B4F156095602E466D
:1040A00016F8014B0CB12F2C0BD12C4615F8011B27
:1040B0002029FAD02F29F8D01C601146F0BC01F05D
:1040C00067BB3C2C12D8212C06D8611E1E290AD9A8
:1040D000202C11D13546E2E7A4F12201C9B227FA1A
:1040E00001F1C9070DD50020F0BC70475C2CFAD057
:1040F00004D83E3C012CF6D99660EBE77C2CF2D03C
:10410000FAE72E2CE5E700BF012100052DE9F04F6D
:104110002DED028B90F8333083B004468946DD07DD
:10412000164663D5580603D494F8313019070BD5D9
:10413000D4E90023D4E90410B51843F10003A942DF
:1041400070EB030300D28E1A04F11803B04608EE98
:10415000103A71E0206AD4E90032D0F838741F4078
:10416000C7F3080A4FB913432CD194F831305A06DB
:104170004CBFD0F83434E369A361D4F820B0780A96
:10418000A2699BF84514951EDBF82C248D4005EBA5
:1041900057251544BAF1000F31D1B8F5007F2ED361
:1041A000DBF81C2295422AD0B8F5806F4ED2DBF89E
:1041B00014024A46294603681B699847B0B14FF478
:1041C00000772FE094F83330A1695B0602D5013106
:1041D000A161D2E718EE102A01F0C9FB002805DB27
:1041E000CBD194F8313013F0500F28D194F83230FD
:1041F0004FF0FF3043F0020384F8323021E0CAF57B
:104200000077002229460BF50470474528BF474632
:1042100005F066FA0028E9D000EB0A013A46484664
:104220000EF096F9B944A8EB0708D4E90032DB197F
:1042300042F10002C4E90032B8F1000F8AD1A6EBC6
:10424000080003B0BDEC028BBDE8F08F01238B406A
:104250004FEA58211B1A8B4228BF0B4695424FEA62
:1042600043270AD9DBF8140229460268D2F814B0B1
:104270004A46D8470028D5D1B8E7E9188A42F1D292
:104280000BF50470019305F004FA019B0028E9D1B5
:10429000ACE7F7B501220DF1070104468569D0E9C5
:1042A0000067FFF733FF0128A5610CBF9DF80700E9
:1042B0004FF0FF30C4E9006703B0F0BD2DE9F84FBF
:1042C00090F831C0044616461F46D0F81880BCF15D
:1042D000000F5BD0D0E90003BB4208BF904206D07C
:1042E00056EA070205D10023A361C4E90067012053
:1042F0004FE01CF0080F04D0D4E90412B142BA41D7
:1043000044D3D4F820E0751E9EF8451447F1FF3AD7
:104310000931C9B2C1F12009A1F12002CD400AFA48
:1043200009F92AFA02F2A1F1200A45EA0905C1F1C8
:104330002009154394F8332012F0400F02D0E369AE
:104340002B44D1E710F1FF3B43F1FF322BFA01F18F
:1043500002FA09F922FA0AF241EA090111438D42EF
:1043600001D3034317D11CF0400F14BFDEF83434DF
:10437000E369A36104F11809002DB6D04A46A1698A
:10438000206A013D01F0F3FA0028F5DC0020C4F8B2
:104390001880BDE8F88F6D1AECE700002DE9F04FAA
:1043A0009A4690F831308DB004460E461546002BE3
:1043B00043D191F8313013F0500F3ED00AF0030989
:1043C000B9F1030F39D009F101090AF0080349EAEC
:1043D0000309002A38D017690F23002208460E3738
:1043E000B7FBF3F702370023FFB2FFF767FF4FF089
:1043F000000BD846202204A93046FFF787FE00288C
:1044000000F0C380202818D19DF910109DF81020CD
:1044100000291EDBBBF1000F05D13168A1F120039B
:104420000193B3690093BB453CBF0BF101035FFAF5
:1044300083FB5AB9002D40F0A8804FF0000884F8A3
:10444000318084F833806AE00327D0E7002080467B
:10445000D0E7B8F1000F27D1BB4538BF4FF0000BB4
:10446000852AF3D13822414620460EF00BF99DF8FB
:1044700011209DF81410012084F8302001F037023B
:10448000C90658BF42F0080284F83120326A22621D
:10449000B26962623268203AA26296F83320C2F3AF
:1044A000801284F82C20D2E7C02A50D19DF8112028
:1044B00084F833909307DDE9060148BF49F04002D4
:1044C000C4E9040148BF84F83320099ADDE90A01F0
:1044D000E261C4E9020135BB1AF4006FADD11AF4F0
:1044E000884F03D194F83330980705D594F83130CC
:1044F000D906A2D4DA07A0D41AF4806F3CD094F87D
:1045000033309B0799D5002200232046FFF7D6FEC3
:10451000002892D0204600F08BFC00288DD0404629
:104520000DB0BDE8F08F2A684FF0000329696A607A
:104530009DF81320AB81914288D1A88ABDF8142040
:10454000A0EB020CDCF1000040EB0C007FE7C12A7D
:104550007FF47CAF2A4604A9204601F09DF800288C
:104560003FF475AFAA89002A7FF471AFD5E9011233
:1045700091427FF46CAFAFE71AF4804FCFD0204662
:10458000D4E90423FFF79AFEC7E71AF4007F3FF44B
:1045900054AF19F0020F3FF450AF002D3FF44DAF70
:1045A000BB4526D338220021204696F833800EF0F2
:1045B00069F8336AC8F3801807F1FF3A23620823C9
:1045C00084F82C805FFA8AFA84F831304FF00008C2
:1045D000009B6362019BA3622B68A5F80C806B6053
:1045E0005FFA88FB5F4526D8204600F053FA8046E4
:1045F00095E7202204A93046FFF788FD50B93046E0
:10460000D6F8188000F067FA00283FF416AFC6F815
:104610001880C5E720287FF410AFBBF1000F05D14B
:104620003268A2F120030193B36900930BF10103F7
:104630005FFA83FBB4E7012259462046FFF7CCFC22
:10464000064600283FF4F9AE90F90020002AFFF654
:10465000F4AE202200210EF015F8BBF1000F20D19E
:1046600085233370204B84F830A086F801A01B68A6
:104670008BB10DF10B020DF10E0103A89847BDF8A7
:104680000C307381BDF80E3033819DF80B303375DB
:1046900008F10108A4E745F621437381F381738291
:1046A000F6E7BBF1010F0CD169F07F03C02286F859
:1046B00001B0327084F833302B69F370AB8AB38069
:1046C000E6E7C12306F11E0B3370AA891AB9D5E9B2
:1046D00001129142DCD0284605F03CF826F8020F82
:1046E000B345F2D1D4E700BFFC660120F0B51F4608
:1046F00097B0002305460C4601921493ADF8143090
:1047000090F8313013B1002017B0F0BD91F831109E
:1047100011F0500FF7D011782F291CD1104612F844
:10472000011B2F2908D003B10190246A31B9214619
:104730002846FFF797FCE7E70123EFE7382200213F
:1047400008A80DF09FFF4023109408AC8DF851305D
:1047500001238DF8533001AB02AA01992846FFF7D7
:1047600095FC0028CFD0019B1B78DBB1002302AA67
:1047700021462846FFF712FE0028C4D008AE2A467C
:1047800005F1300C34461068083252F8041C3346E8
:10479000624503C31E46F6D1106818602846FFF72D
:1047A00037FCD8E73B4602AA21462846FFF7F6FD2C
:1047B000AAE719B101F58961FFF798BF084670476C
:1047C000134610B490F8312062B991F8312012F0FC
:1047D000500F07D00A6812F01F0203D15DF8044B96
:1047E000FFF7DCBD00205DF8044B704710B50023D7
:1047F0000478CA03012B42EA5102C15C11FA82F229
:1048000091B208D1852C14BF0122032213441F2B1F
:10481000EFD9084610BD0122F8E710B5044604F0B0
:1048200038FF58B104F5047004F033FF30B1D4F808
:1048300040040368BDE810401B6A1847002010BD03
:10484000F8B50446006AA16901B10131012200F006
:10485000D0FF0128054602D800263046F8BD0123C6
:104860000146206A1A4601F018F806460028F3D0DF
:10487000A26994F833302AB943F0400384F8333006
:10488000A561EAE7590611D44FF0FF322946206AA4
:1048900001F0C0F80028DFD0A1690029F0D02A4635
:1048A000206A01F0B7F80028EAD1D5E70132AA4220
:1048B000E6D023F04003E16984F83330A369206A2D
:1048C0008B42E1D94F1C3A4601F0A4F80028C3D02E
:1048D0003946F3E7F8B590F8333004469A0701D427
:1048E0000020F8BDC169D1B900250122E9B22046F6
:1048F000FFF772FB0028F3D00378013503F07F0344
:104900000370EBB294F830209A42EED20023206A72
:1049100084F8313084F83330FFF77FFFE1E75B063E
:10492000006A1AD590F84534D4E902250933013AD2
:10493000DBB245F1FF35C3F12007A3F12006DA40D1
:10494000002305FA07F725FA06F63A433243013207
:1049500000F0A3FF0028C7D1C2E701F078F8F9E71B
:1049600010B590F8313088B00446DB0602D4002040
:1049700008B010BD00220023FFF7A0FC20226946EA
:104980002046FFF7C3FB48B12028F0D19DF9002055
:104990009DF80030002AEADB002BEFD108232046E7
:1049A00084F8313094F8333043F0020384F8333024
:1049B000FFF790FFDCE700002DE9F34100270446F4
:1049C000DFF8CC803E460022F9B22046FFF704FB18
:1049D000054600283DD00378C02B44D0C12B21D000
:1049E000852B36D194F8313003F037038380D8F823
:1049F000003083B10DF103020DF1060101A89847C3
:104A00009DF80330BDF806206B75BDF80430AA810F
:104A1000EB812A826B82226A92F8103243F0010302
:104A200082F81032013731462846FFF7DFFE94F84E
:104A30003020FBB206469A42C5D2012204F124017D
:104A4000206A00F07AFF20B14680206AFFF7E5FE79
:104A500030B994F83230002043F0010384F832304A
:104A600002B0BDE8F08194F83320437852064CBF81
:104A700043F0020303F0FD034370D4E90423C0E9CB
:104A80000223E3694361D4E90223C0E90623C2E7B4
:104A9000FC66012010B590F8313004460BB90120B6
:104AA00010BD90F9332090F83330002A07DA03F074
:104AB0007F0380F83330BDE81040FFF77DBF006A08
:104AC000FFF7ABFE0028EAD194F8323043F001033F
:104AD00084F83230E4E7F8B590F8313004465A06ED
:104AE0003FD5006A01F080F8236AD3F83C341844BB
:104AF000B0F1806F45D22046FFF7A2FE002840D0DB
:104B0000236A0026A569012793F84524023DD3F8BE
:104B10002C3495401D44206A90F8453407FA03F37D
:104B20009E4220D394F831305B0615D494F833308C
:104B300063F07F0384F83330D0F83C24D4E90231A9
:104B40009B1841F10001C4E90231D4E904319B18FA
:104B500041F10001C4E904312046BDE8F840FFF707
:104B600099BF8068C0E70522A91900F5047004F018
:104B7000B7FD30B14FF40072002101360DF082FD17
:104B8000C9E70020F8BD10B591F83130044613F0A4
:104B9000500F1AD040F60223FFF700FCA8B11023F3
:104BA000204684F83130FFF796FF70B1A3692046A4
:104BB0000022E3610023FFF781FBC123204684F834
:104BC0003330BDE81040FFF765BF002010BD2DE970
:104BD000F041984696B0002305460C460192ADF888
:104BE0001430149390F831301BB1002016B0BDE89A
:104BF000F08191F8313013F0500FF6D013782F2B4D
:104C00000AD1019A13782F2B2CD0216A08A8FFF71C
:104C100029FA0028E9D008AC01AB02AA019928467C
:104C2000FFF734FA0028E0D0019B1B7843B3002340
:104C300002AA21462846FFF7B1FBB0B108AE2A46CA
:104C400005F1300334461068083252F8041C374628
:104C50009A4203C73E46F6D1106838602846FFF7EF
:104C6000D7F9D9E701320192CBE7B8F1000FBCD0F8
:104C700002AA21462846FFF786FF0028DED1B4E7C6
:104C800002AA21462846FFF77EFFAFE7F0B50446AB
:104C90009DB000200C901A9094F8310010F0180F7D
:104CA00002D100201DB0F0BD206A0B6A9842F8D1F5
:104CB00040F601236846FFF719FD0028F1D00EAA3F
:104CC000234604F1300716461868083353F8041CCD
:104CD0001546BB4203C52A46F6D1186809AA04F155
:104CE0002403286007CA83E807009DF83030204677
:104CF00084F8303094F8333063F07F0384F8333035
:104D0000FFF7C8FE0028CCD00023304615930223BD
:104D10008DF86B3008238DF86930FFF7DBFDC1E7B4
:104D20002DE9F84F1F4690F83130044689461B079D
:104D30009DF828509DF82CA09DF830B09DF8346067
:104D400001D4002054E0A2F2BC721FFA82F8B8F13C
:104D50007F0FF6D87B1E0B2BF3D86B1E1E2BF0D8C3
:104D6000BAF1170FEDD8BBF13B0FEAD83B2EE8D8CC
:104D7000FFF790FE0028E4D045EA4713770816F0C5
:104D8000010643EA482547EA4B174FF0000BADB246
:104D900018BF642647EACA27D84609F0010ABFB2FD
:104DA00000225FFA8BF12046FFF716F90028C8D0E1
:104DB0000378852B1ED04033DBB2012BC1D80BF119
:104DC000010B4146FFF712FD94F830205FFA8BF398
:104DD00080469A42E4D2012204F12401206A00F0C4
:104DE000ACFD0028ADD0A0F80280206AFFF715FDC9
:104DF000BDE8F88F94F83130226A03F037038380DE
:104E000092F8103243F0010382F81032BAF1000F29
:104E100001D00782458219F0020F1EBF0675078177
:104E2000458119F0040F1EBF46758781C581C6E70D
:104E3000F7B590F833200446930702D4002003B05E
:104E4000F0BDC369002B56D012F04002816937D003
:104E5000006A90F84554D4E902260935013AEDB2CA
:104E600046F1FF36C5F1200CA5F12007EA4006FA0D
:104E70000CFC26FA07F742EA0C023A430132A9B1C8
:104E8000013B4D1C5B1A01951A4492B92046D4E9A6
:104E90000023C4E90223C4E9042394F8333063F007
:104EA0007F0384F83330FFF7F5FDC8E70193E16134
:104EB000EBE70023019900F0F0FC0028E6D1BDE704
:104EC000B1B1019201AA006A00F051FD0028B5DBE2
:104ED00007D04FF0FF32A169206A00F09BFD002847
:104EE000ACD001990029D1D0206A00F0B0FDE4E7F0
:104EF0000193C161F5E70120A1E700002DE9F74F1B
:104F000090F8333088460446914699071ED51A0713
:104F100016D44F4604F1180A4FF0010BD4E90053A0
:104F2000EFB9D4E90212A9429A4180F0E180C4E9C4
:104F3000025394F8333063F07F0384F83330DCE0BD
:104F4000D0E90423FFF7BAF90028E2D194F832300F
:104F50004FF0000943F0010384F83230CDE0206ABD
:104F6000A169D0F838341D40C5F3080625BB0029D7
:104F700055D094F833305B064AD590F84504D4E90F
:104F800002320930013BC0B242F1FF32C0F1200EC3
:104F9000A0F1200CC34002FA0EFE22FA0CFCE269DA
:104FA00043EA0E0343EA0C0313448B422DD82046F8
:104FB000FFF746FC0028C9D0D4F820C06B0AA169CD
:104FC0009CF845240239DCF82C04914001EB552172
:104FD000014486BBB7F5007F2DD3B7F5806FDCF8B1
:104FE0001CE2DCF814026AD27145424602BF4FF05F
:104FF000FF338CF81062CCF81C3203685B6A984768
:105000000028A3D04FF400753FE00131A161D3E740
:10501000524600F0ACFC002898DBC8D0CCE7E3692E
:105020003BB92046FFF70CFC00288FD0A369E36151
:10503000C2E7A361C0E7C6F50075BD4228BF3D4683
:10504000002E3AD16369206801932369626898420F
:10505000019B72EB030330D305220CF5047004F0BE
:105060003FFB00283FF472AF30442E442A464146AD
:105070000DF06EFAB6F5007F206A06D100F50470D7
:1050800004F007FB00283FF461AFA8447F1BD4E97C
:105090000032D4E90401EB1842F100029842914138
:1050A0003CBF94F8331061F07F01C4E900323CBF8B
:1050B00084F83310C4E9043230E70122CDE70BFA5B
:1050C00002F2D31A7A0A934228BF134671454FEA77
:1050D000432508D8CA18724582BF4FF0FF328CF8BA
:1050E0001062CCF81C220268966A4246B047C9E7B3
:1050F000044B1B68002B7FF41CAF484603B0BDE88F
:10510000F08F00BFFC66012013B5044661B108466C
:10511000019117F08FFD2368024601995B682046D4
:1051200002B0BDE81040184702B010BD8368C3F359
:10513000080310B483B100210269D1540133B3F5DF
:10514000007FF9D1C36801681A68546A0269184679
:1051500023465DF8044B184701205DF8044B704767
:10516000826803460069C2F3080210B4815458688B
:1051700001EB7001596099680131996040F2FF11AB
:105180008A420AD1D86819680268546A4A1C1A60AF
:105190001A6923465DF8044B184701205DF8044B5B
:1051A000704738B50C46C9B20546FFF7D9FF28B19C
:1051B000210A2846BDE83840FFF7D2BF38BDF8B510
:1051C000002405460160C0E90144A0B204F0BAFB26
:1051D000A04201460CD02846FFF7E3FF10B301348C
:1051E000B4F5803FF1D12846BDE8F840FFF79EBFF7
:1051F000661CB6F5803F06D0B0B204F0A3FBB04207
:1052000001D10136F5E7371BB7F5007F13D34FF611
:10521000FF712846FFF7C5FF20B1B9B22846FFF756
:10522000C0FF58B90020F8BDA1B228460134FFF7ED
:10523000B8FF0028F6D0A642F6D8D1E73446CFE72B
:105240002DE9F04F1E4689B00B680D4602901446BA
:10525000DB69C0E9031208469847B0F5801F07468E
:105260000CD216B94FF0000A01E291493046FFF71F
:105270004BFF90493046FFF747FFF3E70023012239
:1052800001335200DBB2202B04D09742F8D81C2BFC
:1052900040F2E380A3F10B02C2F347021A2B019202
:1052A0004FF00001204686BF013301224FF4005A1F
:1052B0004FF0010984BFC3F3460302FA03FA019ACF
:1052C0004FEA8A034FEA4A0B0493A7EB8A03D340C1
:1052D00003FA02F803934FF4007208EB4A034AF60C
:1052E000552805930DF0CEF9072384F8BF9184F873
:1052F000C091224684F8C231FE230021284684F85A
:10530000C331FF23C4F8C6B184F8C43184F8C53171
:10531000059BA4F8FE81C4F8CA312B685B6A9847E4
:10532000002800F0A8814FF40072002120460DF003
:10533000A9F9EB2384F86E904FF0000923707623CF
:105340004FF4C372F4216370902304F17800C4F821
:1053500040B0A3704523C4F858B0E37058232371BC
:10536000462363714123A3715423E37120232372E5
:105370006372A372059BA364039BE3650423C4E9E2
:1053800018374FF480734F46A4F86830092384F827
:105390006C30019B84F86D308023C4E914AA84F832
:1053A0006F300DF06FF9A4F8FE81A9F16A03012BAB
:1053B00006D9B9F1700F1CBF14F8093003EB770759
:1053C00009F10109B9F5007FEFD12B682246594652
:1053D00028465B6A9847002800F04D812B682246DA
:1053E0000BF10C0128465B6A9847002800F04381C6
:1053F0004A46002120460BF101080DF043F94AF618
:105400005523A4F8FE310BF109030793631E05939E
:1054100004F2FF130693059B13F8012F02EB7707A5
:10542000069A9342F8D12B682246414628465B6A89
:105430009847002800F01F812B68224608F10C01D4
:1054400028465B6A9847002800F0158108F1010999
:10545000079B994503D0C846DDE708221EE708F1FF
:1054600003084FF40072002120460DF00BF9059B54
:1054700013F8012F02EB7707069A9A42F8D12B68AE
:105480002246494628465B6A9847002800F0F38088
:105490002B68224609F10C0128465B6A98470028D0
:1054A00000F0E98009F10101884505D08946DEE771
:1054B0003A72002091720020231F04F5FE7243F817
:1054C000047F9A42FBD12B68224628465B6A9847A4
:1054D000002800F0D0802B68224609F10D012846F3
:1054E0005B6A9847002800F0C6801EB164493046C8
:1054F000FFF70AFE039B4FF40072002120464FEA9B
:105500008308DA440DF0BEF8204608F20728F82395
:105510000027DFF880B14FEA582913224FEA983864
:10552000FF2100F8013B0DF0ADF8B7FBF8F308FBE5
:10553000137323B91EB159463046FFF7E5FD2B68BA
:1055400022460AEB070128465B6A9847002800F0CC
:1055500092802FB94FF40072394620460DF092F830
:105560000137B945E1D11EB146493046FFF7CCFDC0
:10557000039F4FF00109019B073709FA03F9FF0860
:1055800007F2FF13B9EB532F4FEA532A73D34FF4AB
:105590000072002120464FF000080DF073F8072339
:1055A00023702B682246049928465B6A4144984739
:1055B000002860D0B8F1000F01D184F8008008F114
:1055C0000108C245EDD11EB12F493046FFF79CFDC1
:1055D000049B029803EB0901FFF7F1FD00284AD074
:1055E000019A4FF400739340029A92689A4242D80B
:1055F0001EB126493046FFF787FD019B4FF0020A96
:105600004FF4007200210AFA03F8049B20469844E4
:105610000DF038F8822103228123C4F834A084F8E5
:1056200040100299227084F8203000234968626596
:10563000029AA7631F4661649268C4E916232B6827
:10564000224608EB070128465B6A9847824690B1DC
:105650002FB94FF40072394620460DF013F8013788
:10566000B945ECD11EB10A493046FFF74DFD504611
:1056700009B0BDE8F08F002E7FF4FBADF2E500BF6E
:1056800050720020057200205D72002074720020AC
:1056900083720020F46C00202DE9F04116460D467F
:1056A00001F11E08B38935F8024F43B9D6E9012349
:1056B0009A4204D1B4FA84F04009BDE8F081304642
:1056C00004F048F804F03EF90746204604F03AF9A1
:1056D000874203D14545E5D10120EEE70020ECE704
:1056E0002DE9F84F90F8313082468846002B48D09B
:1056F000013A0C464FF0020900258F189AF8303015
:105700004B4533D3002249465046FEF765FCC0B3F3
:105710000378C12B35D1064600F11E0B1B4B36F822
:10572000020FDDB100F5105292B2B2F5806F28D2AF
:1057300003EA8525C0F30900284300F5803021469F
:105740003A4604F072F80446D8B100250F4BB34531
:10575000E5D109F101095FFA89F9CFE700F5205297
:1057600092B2B2F5006F07D30028E8D10023A4EB72
:1057700008002370BDE8F88FB2F5806F01D20546AE
:10578000E5E7002088F80000F4E700BF00FC0F0008
:1057900000200B6870B50C4606464FF6FF754B604F
:1057A0008881A3892061EBB9D4E901239A4219D1F8
:1057B0000138A682FE288CBF0020012070BD04F0B5
:1057C000C1F8F30343EA560353FA80F3000A9AB28E
:1057D000C3F34E0343EAC23310FA83F320699EB247
:1057E0000130DEE7204603F0B5FFA842E7D10020F4
:1057F000E4E72DE9F84F074693468A46C9B18D1E66
:10580000D7F830340124AB4298BF002505F00703D8
:10581000C5F3C809A8462E469C40E4B2D7F82C141C
:105820000022384601EB163103F05AFFC0B9BDE83B
:10583000F88FD0F82054E3E7B046B5422BD0D7F824
:105840003024B24221D9640014F0FF040AD109F1D6
:10585000010301244FF00009B3F5007FDED2994621
:1058600010F80930234206F10106E5D1A6EB080243
:105870005A45E2D1BAF1000F04D1BBF1010F08BFC4
:10588000C7F8208408F10200D1E74FF000084FF478
:1058900000794646DBE70120C9E702392DE9F843E4
:1058A00005461F46D0F830048B18164683423FD871
:1058B000D5F82024BFB3914206D8934204D983423D
:1058C00028BF0023C5F8203401F007034FF0010979
:1058D000C1F3C80409FA03F9D5F82C345FFA89F941
:1058E00003EB1138012241462846904403F0F8FEAC
:1058F000F0B10319494600F500701A780A4214BF46
:1059000001240024BC4213D04A40013E1A7012D038
:10591000490011F0FF01F0D101330C4601219842FA
:105920008946EAD1DEE7914238BFC5F82014CBE7BB
:105930000020BDE8F8830120FBE738B5D0F8383403
:105940000C46496800F5047090F8355219402368F8
:10595000023BAB4003EB5123D0F81C12194403F077
:10596000BFFE18B16368C3F30803184438BD38B5E7
:10597000D0F830340C46154601338B4202D24FF03A
:10598000FF3038BDD0F82414002200F5047001EB7C
:10599000D41103F0A5FE0028F1D0A400C4F308043C
:1059A00003595A1C16BF012000202B60E9E737B5C8
:1059B00005460024019101AA01992846FFF7D7FF67
:1059C000002805DB04F10104F5D1204603B030BD09
:1059D0000024FAE770B54B680646D0F838440D4607
:1059E0001C4014441A444A6090F845340933DBB231
:1059F000DC400CB901200CE02B7A29681BB1013185
:105A00002960013CF5E72A463046FFF7B0FF012840
:105A1000F7D070BD012938B50C46154601D80020D5
:105A200038BDD0F8303401338B42F8D3D0F8241489
:105A3000012200F5047001EBD41103F051FE00289F
:105A4000EDD0A400C4F3080405510120E8E72DE9D6
:105A5000F34107460C46884601AA21463846FFF71F
:105A600086FF061E04DA0025284602B0BDE8F08154
:105A7000002221463846FFF7CDFF05460028F2D028
:105A8000621C16B1019B93420AD00023A2EB0802CC
:105A900041463846FFF701FF0028E4D0DDF80480D6
:105AA000019C002ED8D1DFE72DE9F0410024064605
:105AB000D0F82C7400F5047825463946002240467B
:105AC000013703F00DFE68B1013805F5805C10F870
:105AD000011FFF2908D108340835D6F83034AB420D
:105AE0000FD8181BBDE8F0810029F5D0082201234A
:105AF00019424FEA430318BF0134013ADBB2F7D130
:105B0000EAE76545E3D1D8E7F8B54FF0FF3316462D
:105B100000F504770022C0F8401404464160C0F844
:105B20001412114680F844240270C36080F81022D9
:105B3000C0F81C32384603F0D3FD042E054601D9C7
:105B40000020F8BD0028FBD0B6B1731E00EB031394
:105B500093F8BE2112F07F02F2D193F8C231002BEC
:105B6000EED000EB06163846D6F8B661314603F0A3
:105B7000B7FD05460028E3D01A490522E81C16F0B7
:105B8000DEFE01460028DBD195F86C30092BD7D119
:105B90002B6D3344C4F824346B6DC4F82834AB6DDA
:105BA0003344C4F82C34EB6DC4F830342B6EC4F895
:105BB000343495F86D300125C4F82004204684F86B
:105BC000453409332A4605FA03F3C4F83C34013B53
:105BD000C4F83834FFF70DFE4023284684F84434D7
:105BE000AFE700BFA172002010B50446D0F834140E
:105BF000FFF7DDFE94F845340933DBB2984010BD61
:105C000038B50D460446242200210CF03BFDA5606A
:105C1000EB79102B03D0202B06D00C2B06D12023A0
:105C200001202370A07038BD4023F9E70020FAE777
:105C300010B50446283003F02CFD50B104F50E7069
:105C400003F027FD28B120680368BDE810401B6AF7
:105C50001847002010BD024638B552F8105F0446C0
:105C60008068294601F034FE40B1A3783DB943F085
:105C70004003A370A37863F07F03A37038BD0135A0
:105C80002269AA42F6D023F04003F2E7F8B505787E
:105C9000044615F0200502D000263046F8BD4269C2
:105CA000154B9A42F8D2FFF7D6FF06460028F3D0EC
:105CB000A26823699179023B57698B401F44A06811
:105CC000E9B203798B4208D882794FF4007393408C
:105CD000626912FA83F36361DFE7052239442830F1
:105CE000013503F0FDFC0028D6D04FF400720021EE
:105CF0000CF0C8FCE3E700BF00FE1F0010B504462F
:105D000080680A462830A16903F0EAFC20B1A38824
:105D100003F00F0300EB431010BD03780BB9FFF73E
:105D20006FBF0020704738B5CB6804460D4623B9D5
:105D30008968BDE83840FFF7F0BF242200210CF04D
:105D4000A1FC102301202370A070AB68A360EB6856
:105D5000236238BD2DE9F04F2DED028B8378044688
:105D600083B08846D807154671D52378190713D50F
:105D7000E36962699B1A9D4228BF1D4604F1100326
:105D80002E464FF0000908EE103A76B9A81B03B072
:105D9000BDEC028BBDE8F08F9A06EFD5A3685A8957
:105DA0006369C3EB42139BB2E5E722786769930608
:105DB000A068C7F3080B4FEA57211BD5026A1144AC
:105DC000D4F808A0BBF1000F48D1B6F5007F45D349
:105DD000DAF83420914241D0B6F5806F56D2DAF825
:105DE0002C00424603681B69984700282FD04FF4C7
:105DF000007745E090F8059009EA0109BBF1000F32
:105E000008D1B9F1000F05D16FB952064CBF026A33
:105E1000226A2261A268216990790239526981401F
:105E200011444944CCE71307216905D5A2785706E8
:105E300002D501312161EDE718EE102A01F081FC55
:105E4000002804DBE6D1237813F0700F9ED163782D
:105E50004FF0FF3043F00203637098E7CBF5007713
:105E600000220AF12800B74228BF374603F038FC69
:105E70000028ECD000EB0B013A4640460CF068FBE2
:105E80006369B844F61B3B4463617EE72078730A7C
:105E9000800606D49AF80400A0EB0900834228BFCC
:105EA000034691424FEA432709D9DAF82C000268E9
:105EB000D2F814A04246D0470028E1D1C7E7C8185D
:105EC0008242F2D20AF12800CDE9001303F0E1FB8F
:105ED000DDE900130028E8D1B9E773B501220DF11F
:105EE00007010446D0E90456FFF734FF01280CBF30
:105EF0009DF807004FF0FF30C4E9045602B070BDB2
:105F0000436913F4F07F37B50446C3F3431500D05B
:105F100099B901220DF107012046FFF71BFF40B29E
:105F2000012802D0002003B030BD63691F33A06890
:105F30006361383000EB4510F5E72033F7E72DE9D2
:105F4000F0410D4601780446076981B14069A842D5
:105F500006D03DB92561A378656123F02003A370C5
:105F6000012006E00B0706D5E369AB420BD2002007
:105F70002761BDE8F0818E0605D5A3685B89B5EB86
:105F8000431FF4D8E7E7D4F808C06E1EA2789CF847
:105F90000630520603F10903DBB226FA03F603D5F5
:105FA000236A33442361D6E7421E22FA03F39E425A
:105FB00000D390B94B064CBFDCF82030236A236134
:105FC00004F11008002EC6D042462169A068013EA7
:105FD00001F0B7FB0028F5DCC9E7F61AF0E710B5C9
:105FE00003780446DA0609D50021FFF7A8FF01214E
:105FF0002046FFF785FF18B963785BB1002010BD1C
:1060000003783BB1E52BF2D02E2BF0D0C37A1B07DF
:10601000EDD4F3E7082320462370A37843F002036E
:10602000A370BDE8104000F0BDBFF8B50F4616469E
:106030000021242204461D460CF024FBB8683B6A6C
:10604000A68006F00F06E36000F13803A06003EBC2
:106050004613DA7A11073AD402F017022270D97A7D
:1060600011F0180F04BF42F0080222709DF81820AA
:10607000E27005F00302012A21D0022A21D032BBAE
:106080006A0524D40122970704D52178CE061ED4B0
:10609000C9071CD405F008010A43A270426B598B52
:1060A000A2619A8A41EA02416A0514D559B9A378D6
:1060B00063F07F03A3706B0411D40120F8BD0222AA
:1060C000E1E70322DFE701F044FC0028EFD10020E4
:1060D0002070A070F2E72162DB69E361EBE7E16920
:1060E0002046FFF72CFF0028E7D1F0E72DE9F04329
:1060F0001346027885B007460E46002A42D10A7838
:1061000012F0700F3ED04C6914F01F043AD1A14632
:1061100000213046D6F814800393FFF7F1FE88B3D0
:10612000017879B32E29039B21D0E5291FD0C27AAB
:1061300012F0080C1DD184B1411E00F10A054FEA8E
:10614000CC1211F8010F42EA5C02A94250FA82F225
:106150005FFA82FCF3D1E14514D1C8F34F12314606
:1061600038460094FFF761FF05B0BDE8F0830024D6
:10617000CEE70F2AFBD14A06CAD501F01F0490F8DA
:106180000D90C5E70020EFE737B503780446002BF4
:1061900035D090F90230002B2BDA0121FFF7AEFD4C
:1061A000054630B96378002043F00103637003B003
:1061B00030BD0378E52BF5D023781B0744BFE36996
:1061C000C361236A43831B0C83820E4B1B6863B13C
:1061D0000DF103020DF1060101A89847BDF8043046
:1061E0002B836B82BDF80630EB82A37803F07F032C
:1061F000A370A068FFF71CFD0028D3D0D7E70120CB
:10620000D5E700BFFC66012010B50446FFF7BCFFD0
:1062100000232370A37010BDF0B51F4695B0002376
:1062200006460C4601920293ADF83830037813B15C
:10623000002015B0F0BD0B7813F0700FF8D0137874
:106240002F2B12D1019A13782F2B05D0A16833B9C7
:106250003046FFF762FDECE701320192F2E702A857
:10626000FFF7CEFC0028E3D002AC01AB0BAA0199EA
:10627000304600F041FE0028DAD0019B1B789BB12C
:1062800000230BAA2146304600F0F4FC0028CFD0B2
:10629000354602AC0FCD0FC40FCD0FC42B6830466E
:1062A0002360FFF7B1FFDFE73B460BAA21463046EC
:1062B00000F0E0FCBDE719B101F58961FFF7ACBF63
:1062C0000846704770B506460C46FFF75DFF054669
:1062D00010B90025284670BD00213046FFF70EFD9D
:1062E00003460028F5D0214600F1200253F8040BA4
:1062F000934241F8040BF9D1ECE730B589B00D4673
:1063000014466946FFF7DEFF28B1BDF810302B8038
:10631000BDF80E30238009B030BD30B589B00D46D0
:1063200014466946FFF7CEFF28B1BDF818302B8020
:10633000BDF81630238009B030BDF0B50B7889B0B8
:1063400004460E4613F0700F02D1002009B0F0BDD4
:1063500040F6022300F08EFC0028F6D0012710251D
:106360002046A7702570FFF791FC0028EDD0236927
:10637000002120462362FFF7E2FD2046FFF704FFDD
:106380000028E2D039462046FFF7B8FC0028DCD0D0
:106390006A46C572034600F1200C1546186808339A
:1063A00053F8041C1746634503C73A46F6D14FF02D
:1063B0002033A068216A0122CDF801302830CDF8C1
:1063C00005300239ADF8093010F8223C994050F8F8
:1063D000143C194403F084F903460028B5D02E225A
:1063E000AC4607460DF1200E8DF8002062460837B6
:1063F00003CA724547F8080C47F8041C9446F5D1C7
:106400002E2220338DF80120326A08AE110CADF82F
:106410001A202A46ADF814101546083303CDB542AC
:1064200043F8080C43F8041C2A46F5D1A068FFF78E
:10643000FFFB8BE7F0B51F4695B0002306460C46E0
:106440000192ADF814300B93037813B1002015B00E
:10645000F0BD0B7813F0700FF8D013782F2B0AD102
:10646000019A13782F2B24D0A1680BA8FFF7C8FB43
:106470000028EBD00BAC01AB02AA0199304600F02A
:106480003BFD0028E2D0019B1B78FBB1002302AA50
:106490002146304600F0EEFB70B135460BAC0FCD17
:1064A0000FC40FCD0FC42B6830462360FFF7ACFE3E
:1064B000E0E701320192D3E7002FC7D002AA2146BC
:1064C0003046FFF73AFF0028E7D1BFE702AA21468E
:1064D0003046FFF732FFBAE72DE9F04303789BB06F
:1064E0004FF00009044613F0180F0F469046CDF800
:1064F0002090CDF8449003D100201BB0BDE8F0837C
:1065000082688B689A42F7D12646FFF73DFE11ADAF
:106510000FCE0FC50FCE0FC53368494620462B60FE
:10652000FFF7ECFB0028E7D06A46034600F1200C99
:1065300015461868083353F8041C1646634503C60D
:106540003246F6D1237808AE13F008030AD040F69D
:106550000123424639463046FFF75EFE0028CBD085
:10656000002707E0424639463046FFF763FF002820
:10657000C2D0109F0E9B01212046A361BDF824309C
:10658000A3809DF82330E3700B9BE36000238DF81C
:1065900020308DF82230FFF7B1FB0028ACD00DF190
:1065A0000D0300F10D020DF11D0153F804CB8B42D8
:1065B00042F804CBF9D1198811809B7893709DF82B
:1065C0000B30C372002F3DD0A068BB1E82792830EB
:1065D00050F8141C93400022194403F081F800285D
:1065E0008AD000F12002AE4600F140031068083264
:1065F00052F8041CF4469A42ACE80300E646F5D192
:106600003946A06801F0A5F900283FF475AFA068ED
:106610000122216A837928300239994050F8143CCC
:10662000194403F05DF800283FF466AF00F1200341
:106630002A46083303CAB24243F8080C43F8041C44
:106640001546F5D1002311A8199302238DF8463081
:1066500008238DF8443000F0A5FC00283FF44CAF2F
:10666000A068FFF7E5FA48E72DE9F84F9B46037865
:1066700005460E461B079DF828409DF82C709DF896
:1066800030809DF8349002D40020BDE8F88FA2F24B
:10669000BC721FFA82FABAF17F0FF5D80BF1FF3303
:1066A0000B2BF1D8631E1E2BEED8172FECD8B8F1A8
:1066B0003B0FE9D8B9F13B0FE6D8FFF765FD00289D
:1066C000E2D001212846FFF719FB0028DCD044EA7C
:1066D0004B134FEA590243EA4A2342EA48129BB25B
:1066E00042EAC722F70748BF4382B40792B208D5EF
:1066F00019F001090382C28118BF4FF0640980F8C4
:106700000D90710744BF0383C282A868FFF790FA17
:10671000BBE713B5837804469B0702D4002002B080
:1067200010BD036A3BB30169E1B1002301AA80688F
:10673000019301F006F80028F0DB07D06FF07042FB
:106740002169A06801F05CF80028E7D0019961B9DF
:1067500063692046E361A37863F07F03A370FFF7CA
:1067600013FDDCE701930162F0E7A06801F0F1F8A6
:106770000028EDD1D2E70120D1E700002DE9F04754
:1067800083780446894617469D071AD5190713D4FE
:106790006369DB1915D2B84604F1100A6369B8F1D0
:1067A000000F14D1E2699A4280F0AF80E361A378D0
:1067B00063F07F03A370ADE0C169FFF7C0FB002861
:1067C000E6D16378002743F001036370A2E0A0687C
:1067D000C3F308052169467916EA53260AD14DB953
:1067E00000293BD0A27852062CD5E2699A4229D9D9
:1067F00001312161D4F808C021699CF806300239C2
:106800009940DCF8143019443144002D32D1B8F5E8
:10681000007F2FD3B8F5806FDCF83420DCF82C0033
:1068200058D291424A4602BF4FF0FF338CF82850AD
:10683000CCF8343003685B6A98470028C1D04FF425
:1068400000763CE0524600F07CFF0028B9DBD1D155
:106850002046FFF700FA0028CCD1B2E7236A3BB903
:106860002046FFF7F8F90028ABD023692362C1E77F
:106870002361BFE7C5F50076464528BF46462DBBD8
:106880006269E3699A4223D2A37813F0200F0CBF08
:10689000012205220CF1280002F022FF002890D0EE
:1068A00028443544324649460BF052FEB5F5007F88
:1068B000A06804D1283002F0ECFE002881D0636982
:1068C000B144A8EB06083344636167E70122E1E7BE
:1068D0000522DFE79CF804309B1B4FEA5826B342A1
:1068E00028BF334691424FEA432609D801EB030EF5
:1068F000964582BF4FF0FF328CF82850CCF83420F8
:106900000268956A4A46A847D7E7044B1B68002BE4
:106910007FF44DAF3846BDE8F08700BFFC6601202C
:10692000411E00F10A030020C20142EA500211F8A0
:10693000010F50FA82F29942D0B2F5D1704710B5EA
:1069400049010446FFF7FBFA28B120460021BDE8C3
:106950001040FFF7D5BA10BD2DE9F04F05468DB0B8
:10696000164607468946984603AC0FCD0FC40FCD97
:106970000FC42B6823600124336873600023B38144
:10698000444501D9012008E0A9EB040103A889B21C
:10699000FFF7D5FF824618B900200DB0BDE8F08F93
:1069A0000025EAB25146384600F0CAFDB389834655
:1069B0003BB9D6E901239A4203D1B0FA80F04009ED
:1069C000EBE7304602F0C6FE0190584602F0BAFFEF
:1069D000019B8346184602F0B5FF8345DCD10135A3
:1069E0000D2DDED10134E4B2CAE72DE9F04F0546A2
:1069F0008DB0144689461F4603AE4FF00F0A0FCDE7
:106A00000FC60FCD0FC62B6804F1160001253360A9
:106A1000FFF786FF0026236880466360A681BD429B
:106A200003D901200DB0BDE8F08FA9EB050103A843
:106A300089B2FFF784FF0028F4D0059ABD424FF0D9
:106A4000000100F1010B92F8283043F0010382F8B5
:106A500028300CBF45F040032B4680F80BA0017393
:106A6000037080F80D804183A089A8B9D4E901237F
:106A70009A4211D1B6B101364FF6FF70F6B2042931
:106A8000CBB211D8ABF8000001310BF1020B0D298C
:106A9000EAD10135EDB2C2E72046019102F05AFE7B
:106AA0000199ECE70126EAE70A2B94BFABF8030053
:106AB000ABF80500E8E702464FF0203152F8163BEC
:106AC0002DE9F04386680546C0F816105160C2F8FB
:106AD000071018782E3818BF01201F4613F8012B15
:106AE0002E2AFAD0731EBB429E4603D913F8012901
:106AF0002E2AF8D100224FF0070C4FF0080911465A
:106B000090460AE03B782E2B15D1BE4521D14FF09F
:106B10000A0C08214FF010090137B742F2D3AB7DC0
:106B2000202B58D000284CD018EA020F18BF0222A0
:106B30006A75BDE8F083222B0BD07C2B09D0A3F122
:106B40005B04022C05D9A3F12A04052C06D82D2BB1
:106B500012D0614512D800205F2320E0A3F13A044F
:106B6000052C03D9A3F121045D2C05D903F0C00342
:106B7000802BEED10020CFE7614507D9BCF10A0F89
:106B80001DD0BE451BD30EF1FF37F3E7A3F161041F
:106B9000192C0DD8203B49EA0202DBB2D2B24C1CC0
:106BA0002944E4B28B75062C00D82C752146B3E736
:106BB000A3F14104192C98BF49EA0808EFE7002027
:106BC000ADE72B7D01227E212B446A751046997515
:106BD0003121D975ADE70020ABE700002DE9F04782
:106BE00007460D460E7D62244FF0000ADFF88080D4
:106BF00001F11609D8F80030032E534428BF0326AC
:106C00001FFA83FA331DDBB20AF00F02E918013BC9
:106C10004FEA1A1A092ADBB294BF303237329E4249
:106C20008A75F1D1AB197E22002138469A75FFF79B
:106C300086F901213846FFF763F9014628B97878CB
:106C4000B0FA80F04009BDE8F087037873B1C37AE9
:106C50001B07EED40B22484615F018FE0028E8D199
:106C6000601E10F0FF04C5D12046ECE70120EAE7E2
:106C7000BC4702202DE9F04F2DED028B8BB00D4665
:106C8000174604938B68079005930B7813F0700FE9
:106C900005D100200BB0BDEC028BBDE8F08F079B47
:106CA0001B78002BF5D113690D22002128460C33E7
:106CB0004FF0000AB3FBF2F3DBB2D0465446D346A2
:106CC00006937B7D9A0717BF069B012303F10109F9
:106CD0005FFA89F3D1460293FFF731F907F1160302
:106CE000CDF80CA008EE103A6E6900212846C6F3D4
:106CF0004F16FFF705F9002861D16B78002BC8D13A
:106D0000049B9A05C5D503F00303013B012BC0D8B2
:106D1000039B002C08BF33460393029B9C42C0F0A8
:106D2000C080BBF1000F40F0D780029B3A46284656
:106D30005E1E039B5FFA86FB53FA86F6B6B25B468D
:106D40003146FFF752FE0028A3D031462846FFF710
:106D5000F6FD044600289CD0202200210BF092FC76
:106D6000D7F816302360D7F81A306360FB8B238185
:106D700097F82030A3727B7D03F0180323735D4BDB
:106D80001B68002B00F0B0800DF123020DF12601ED
:106D900009A89847BDF824302382BDF82630E38146
:106DA0009DF823306373059B059A93F8283043F0D0
:106DB000010382F828306BE04FF0010B94E7027872
:106DC000E52A00D082B9039B002C08BF3346039309
:106DD000029B9C423CBF0134E4B2002A90D0E52AD9
:106DE00006D14FF000097FE7029B9C4238BF002488
:106DF0002E2AF6D0C17A0F2929D1B9F1000F1CD162
:106E000002F01F08069B43457FF46EAF12F0400965
:106E10003FF46AAF90F80DA09946B8F1010F7FF4E6
:106E200063AF711C4B463A46284689B2FFF794FD82
:106E3000002808BF4FF0000956E708F1FF385FFA55
:106E400088F84245CDD1427B5245E6D0C9E70B07D1
:106E5000C7D4B9F1000F0AD0B8F1010F7FF419AF10
:106E6000FFF75EFD50457FF414AFCB460CE00B22DC
:106E700018EE101A15F00AFD00287FF435AF97F8C8
:106E800015B01BF0010B97D1049B19053FF501AF1D
:106E9000049B324629460798CDF800B0FFF7C5F8A5
:106EA000F8E600212846FFF72BF890B96B78002B05
:106EB0007FF4EFAE2846FEF7E9FE00283FF4E9AE86
:106EC000059B1B7904EB0313DCB2029BA342F1D8B0
:106ED00027E70134E4B220E739462846FFF77EFE73
:106EE00000287FF422AFD4E645F621432382238392
:106EF000638258E7FC660120F7B514461E46084633
:106F000011F8013B202BFAD00025254F2060037893
:106F100033BB2369013BFE2B13D8024610F8013B1B
:106F2000202BFAD02F2BF8D02046326003B0BDE8DA
:106F3000F040FFF7C0BD2239C9B227FA01F1CA07F4
:106F40002BD5002003B0F0BD5C29FAD005D83E391E
:106F50000129F6D92561A060D9E77C29F1D0F9E7AC
:106F60002F2BD6D001AA011D02F0A8FC0028E8D0E2
:106F7000019BB3F5803F34BF012202227F2B1544D1
:106F8000E8D83C2BD9B2DFD82129D4D81F29D8D9A9
:106F90002E2BBCD0202BBAD0DCE72E2BFBE700BF7A
:106FA000012100052DE9F04100238AB00446019338
:106FB00083789A0703D400200AB0BDE8F081016A03
:106FC000002945D101212046FEF798FE05460028FC
:106FD000F1D0FFF7A5FCE527002306462F702370AC
:106FE000A068A370FEF724FE0028E4D0E378002B0D
:106FF000E2D0214601A8FEF796FE0028DBD001254D
:107000005FFA85F8E3784345D5D3A18801A8491BE9
:1070100089B2FFF794FC0028CDD0C37A0F2BCAD1D8
:10702000027802F01F034345C5D1437BB342C2D16E
:1070300007700135A168ADB291F8283043F0010323
:1070400081F828305306DBD5A068FEF7F1FDB3E7E1
:10705000806800F07EFC0028B4D1ACE713B504468C
:1070600061B10846019115F0E5FD236802460199DA
:107070005B68204602B0BDE81040184702B010BD62
:10708000486810B50C4658B10B894A8901339BB248
:107090009A420B8104D80349FFF7E0FF00232381C4
:1070A000206810BDF46C0020F0B5044687B00E4691
:1070B000154600214FF40072406A0BF0E3FA206A93
:1070C00010B12049FFF7CAFF636A03AAE06903937E
:1070D000236AE168049300230131ADF814306B0991
:1070E000ADF81630036800926A1EDF6A164BB84787
:1070F00010B9002007B0F0BD206A10B11349FFF7A6
:10710000ADFFF822636A102E4FF0FF001A704FF0A7
:1071100001030CBF04220C22616AC85401339A4255
:10712000FAD1E069626A0368E1685B6A98470028FF
:10713000DFD0E069626A0368D4E902155B6A29441A
:107140009847D7E750720020ED3601000572002005
:1071500038B5436A4FF40075044600212A461846A4
:107160000BF090FAEB22A0F80B50027076224270DE
:10717000902282704FF02032C0F80320C0F8072020
:1071800094F82B204273228DC28102220274F822CD
:1071900042752269C261A26902624AF65522A0F8CC
:1071A000FE2138BD70B504464FF400720021406ADC
:1071B0000BF068FA656A2269216805F2BF1002F0D7
:1071C000EDFAA369226905F2C31021681A44013A55
:1071D00002F0E4FA94F82A30002185F8C2312369DC
:1071E000E069C5F8C631A369626AC5F8CA314AF6D2
:1071F0005523A5F8FE310368BDE870405B6A184767
:10720000F8B5D0F814C04FF480730446456A90F87E
:107210002B6043606368ACEB0301B1FBF6F101F254
:107220000110000A420002F1A107BB4210D3DB1B90
:10723000A06003F180002061A1F6F570B0F5704FF9
:1072400009D3206A10B12B49FFF708FF0020F8BDD1
:1072500080336360DEE781330120E36001FB0623B6
:10726000208520462133B3F5803FA36134BF04233A
:10727000062384F82A30FFF795FF0028E6D0204641
:10728000FFF766FF4FF40073A5F81130A368EB8297
:10729000802385F82430292385F82630164BC5F83D
:1072A00027304FF02033C5F82F30C5F82B30C5F804
:1072B0003230462385F83630412385F83730542361
:1072C00085F83830312385F83930362385F83A305F
:1072D000E069626A036821695B6A98470028B5D053
:1072E00062682046E3681021D21ABDE8F840FFF733
:1072F000DBBE00BF2672002087D61200F8B54FF41F
:1073000000530446456A42F2090C03614FF480437E
:10731000476990F82B6043606368F91AB1FBF6F196
:1073200001F18102D2090CEB420E5000734503D2E9
:1073300003F500536360EFE7A2604FF6F4729142E9
:1073400006D8206A10B14F49FFF788FE0020F8BD2B
:10735000A3F5005201FB0633121A204692B2228591
:1073600002F50052E260A3F50052A261464A934240
:1073700094BF0B230C2384F82A30FFF713FF002857
:10738000E4D02046FFF7E4FEA36802226B623F4B85
:10739000C5E90B23802385F84030292385F8423046
:1073A0003B4BC5F843304FF02033C5F84B30C5F8A0
:1073B0004730C5F84E30462385F85230412385F8D2
:1073C0005330542385F85430332385F85530322315
:1073D00085F85630E069626A036821695B6A9847FC
:1073E0000028B3D0E06921690368626A06315B6AEC
:1073F00098470028AAD04FF400720021606A0BF071
:1074000041F9244BE069C5F8FC31036821695B6AE6
:10741000626A02319847002898D0E06921690368C0
:10742000626A08315B6A984700288FD01A4BE0697E
:107430002B6003F1FF53626A03F500532033C5F854
:10744000E4314FF0FF33C5E97A33036821695B6AA1
:107450000131984700283FF479AFE069216903685A
:10746000626A07315B6A984700283FF46FAFA268F1
:10747000204694F82B30202103EB4202BDE8F8406F
:10748000FFF712BE267200200004FB000100060078
:1074900087D61200000055AA5252614138B5044601
:1074A0000846C4E908320B68E161DB69984700F2DD
:1074B000FF736061DB0A062B236008D8206A10B9CD
:1074C0000025284638BD1B49FFF7C8FDF8E7102BFB
:1074D0001ED9202B1ED9402B1ED9802B1ED9B3F5C7
:1074E000806F1DD9B3F5004F8CBF80234023B0F5CA
:1074F000800F84F82B30204614D2FFF781FE05461A
:10750000206A95B10028DCD00B49FFF7A7FDD8E72A
:107510000223ECE70423EAE70823E8E71023E6E781
:107520002023E4E7FFF7EAFEE9E70028C8D0034993
:10753000EBE700BFF37100200872002016720020F4
:10754000042A04D801EB4202B2F8010070470A2A6B
:1075500003D801EB4202908870470C2A9ABF01EBD6
:107560004202D08800207047F8B504780D461746CF
:10757000BCB314F0600407D0012A32D92F230120B4
:107580000B7000234B70F8BD2146FEF7B7FB40B3EC
:10759000064621460822082933780BD1202B1CD01F
:1075A00010222E23A4460134BC421AD2E4B205F8BC
:1075B0000C300FE0A3F1410C0136BCF1190F07D8D4
:1075C00090F80CC012EA0C0FECD02033DBB2E9E7E4
:1075D000202BE7D101310C29DDD1002320462B558A
:1075E000D1E700202870CEE72DE9F04F00258BB0C1
:1075F0000378064688461746019563B1C37823B9D8
:10760000FFF7B2FF0BB0BDE8F08F014601A8FEF70F
:107610008AFB002855D1002088F80000F2E7B188E5
:1076200001A8A1EB090189B2FFF789F98246002878
:10763000F1D0C37A0F2BEED1037803F01F039B45E3
:10764000E9D14FF0000B5FFA8BF251463046FFF75D
:1076500077FF25B300F5105292B2B2F5806FDAD2FF
:107660001B4BC0F3090003EA8525284300F5803051
:1076700021463A4602F0D9F804460028CBD000252E
:107680000BF1010BBBF10D0FDDD109F101091FFA5F
:1076900089F95FFA89FBF3785B45C0D207E000F512
:1076A000205292B2B2F5006F06D30028E0D1002339
:1076B000A4EB08002370A5E7B2F5806FABD20546B6
:1076C000DEE7013F44464FF001094744E1E700BFD0
:1076D00000FC0F00FFF788BF1368B3F5807F30B55B
:1076E0001C4628BF4FF4807401EB4405A94202D325
:1076F0001B1B136030BD31F8020B0028F6D1506817
:1077000001305060F2E71368802B30B51C4628BF6B
:10771000802401EB8405A94202D31B1B136030BDFA
:1077200051F8040B0028F6D1506801305060F2E7A0
:10773000037A00F50E70022B08BF42F0020201F03E
:10774000CFBF01292DE9F04106460C46174603D864
:107750004FF0FF30BDE8F081C3698B42F8D3C379A5
:10776000202B12D18169002201EBD411FFF7E0FF39
:107770000028EDD0A40004F4FE740359F2699A4283
:107780002ABF012000203B60E4E7102B0DD1C1F39C
:107790000721836900221944FFF7CAFF0028D7D0C8
:1077A000640004F4FF74035BE8E70C2BD0D1C1F351
:1077B0004E088369002218FA81F81FFA88F5C8F389
:1077C000462898444146FFF7B3FF0028C0D0C5F3D0
:1077D0000803C55C0133B3F5007F08D1002208F12E
:1077E00001013046FFF7A4FF0028B1D00023C35C9D
:1077F000E20745EA03234CBF1B09C3F30B03BDE7B4
:1078000001292DE9F04180460C46154602D800209A
:10781000BDE8F081C3698B42F9D3C379202B0DD128
:107820008169012201EBD411FFF782FF0028EED01D
:10783000A40004F4FE7405510120E9E7102B0DD1DA
:10784000C1F30721836901221944FFF771FF002862
:10785000DDD0640004F4FF740553EDE70C2BD6D1A2
:10786000C1F34E078369012217FA81F7BEB2C7F34D
:1078700046271F443946FFF75BFF0028C7D014F0A6
:107880000104C6F308031CBF2A01C15C00EB030618
:1078900003F101031BBF02F0F00201F00F01EAB295
:1078A0000A43B3F5007F327007D101224046B91870
:1078B000FFF73EFF0028AAD00023C5F30715C21822
:1078C00024B9C35C23F00F0343EA15151570B3E721
:1078D0002DE9F341C46805460E4690468C4201D31B
:1078E000012701E00C4600270134EB69A34202D2D4
:1078F000C7B9EC68F4E7A64214D001AA214628468D
:10790000FFF71FFF00280DDBEED0019B002BEBD112
:1079100007B1EC606FF0704221462846FFF770FF18
:10792000074620B90027384602B0BDE8F0812EB9DD
:107930006B6A002B0ADAC8F80040F4E722463146A9
:107940002846FFF75DFF0028F2D1EBE7013B6B62B1
:10795000F1E773B505460C4601AA21462846FFF714
:10796000F0FE061E15DB002221462846FFF748FFE1
:1079700078B16B6A002BA4BF01336B62EB68A34242
:1079800084BF04F1FF34EC60019C002EE4D102B00E
:1079900070BD0020FBE70000F0B50446406A87B0E8
:1079A000002838DAE3790025E6690C2B06F1010698
:1079B00033D094F838222369D207CDE904652ED458
:1079C0000022E579206804AE84F83822202D4FF09B
:1079D000FF32A1690568C4F8442204F5127227D168
:1079E0000196154E0096AD69A84748B105986062AA
:1079F00011E004AA39462046FFF7A3FE002802DA68
:107A00004FF0FF3007E002D0049B03B90135013786
:107A1000B742EED3284607B0F0BD0227F8E704F5D9
:107A20000E70039301F035FE039B0028C8D1E7E7F1
:107A30000196024ED6E700BF733D0100453D0100AF
:107A4000F8B50023044601601546C371012004F116
:107A50002806E162E0604FF0FF3084F82830606370
:107A6000C4F83C1284F83832C4F84402CAB1042A7B
:107A700001D90020F8BD05F180551A461946304657
:107A8000013D01F02DFE00F5DF732A0103EB051522
:107A90000028EED029790029EBD09B5C5B06E8D169
:107AA000AD6800222946304601F01AFE0028E0D0D9
:107AB000B0F80B30B3F5007FDBD1037C2372013BC0
:107AC000012BD6D8417B092600224B1E2171637100
:107AD0000123994233D1A271C38A23610BB9436A4E
:107AE0002361C389B0F811102B44266961814901D3
:107AF000A361077C01F2FF1106FB0733236203EB4E
:107B00005123B0F81310636101B9016AED1A0D44F5
:107B1000D5406B1CE3614FF0FF33636240F6F473B2
:107B20009D4215D94FF6F4739D4213D9C36A23625F
:107B300020230120E3712663C4F840629AE7013EE6
:107B400001D1A27195E701325B00D2B2DBB2C0E78E
:107B50000C23EEE71023ECE7F8B500278C6B064604
:107B60000D46C0E90E7784B10146242000F0A1F84B
:107B7000078087700446AD6BB0630FCD0FC40FCD87
:107B80000FC42B6823603046F8BDCB6B002BFAD0B6
:107B90000146382000F08DF880F831404486EB6BC8
:107BA000F06303F1340253F8041B934240F8041BC2
:107BB000F9D1E8E710B50446806B28B1FEF724FB45
:107BC00010B10023A36310BDE06B08B90020FAE7F1
:107BD000FCF71EFA0028F9D00023E363F3E773B53E
:107BE00004460D4611B9002002B070BDCDE9002356
:107BF000FFF7E0FFD5F88064DDE9002396B10026A9
:107C00002146242000F055F806808670A063D5F840
:107C10008014DDE90023FEF74EFB08B10120E3E705
:107C2000A063E1E7D5F88414CDE900230029DAD078
:107C30002146382000F03DF880F831604686E06348
:107C4000D5F88414DDE90023FCF7B3FD0028E5D165
:107C5000E063C9E773B50D4601920446FFF7AAFF3A
:107C6000AE6B019A8EB12146242000F022F800214B
:107C7000019A01808170A063A96BFEF737FA10B1F9
:107C8000012002B070BDA063FBE7E86B0192002801
:107C9000F7D02146382000F00CF8019A80F83160C6
:107CA0004686E063E96BFCF78BFD0028E8D1E063D2
:107CB000E7E70846704700002DE9F843002704462F
:107CC0001E46C0F88814C0F8807401464FF49060D6
:107CD0009146FFF7EEFF324680F84474054680F87F
:107CE0007974A0F87A74C4F88404D4F88814DFF89E
:107CF0009880FDF709FFB8B105F589673846FCF7AC
:107D000087F929463846FCF7ADF968B11C4B1A686B
:107D100002B91D60B9F1000F02D1D8F800300BB9DB
:107D2000C8F80040012028E00027214640F26C40BE
:107D3000C4F88474FFF7BDFF0223C7713246037293
:107D40000546A0F8487480F84A74C4F88004D4F852
:107D50008814FFF775FE58B105F589663046FEF7C1
:107D600053FA29463046FDF7D8FF08B1054BCEE758
:107D70000020C8F80000C4F88004BDE8F88300BF04
:107D800080670120E8680120E468012038B50446D6
:107D90004FF47A750020C4E901052073044DC4E94D
:107DA0001200204640F8105BFFF719FF204638BD4F
:107DB000003900204FF0FF307047407C7047007D55
:107DC0007047407D704701207047007F704703680F
:107DD00010B45C690123A4465DF8044B604738B5D4
:107DE000036804460D461B6A984700B1257738BDE5
:107DF0002DE9F0471F46C37C04460D46022B16466C
:107E0000DDF8209002D183698B4209D0236829468E
:107E100020461B6E984710B90020BDE8F087A56189
:107E200005EB060845450BD1A369207F3344A361C8
:107E30000028F2D1236820465B6EBDE8F047184762
:107E400049462846B847236801462046DB6D013580
:107E500098470028E6D1DFE77047043001F0F1BB16
:107E600010B5044620210AF031FC204610BD1FB594
:107E700003686946DB6C984710B39DF8003013F037
:107E8000C00320D19DF806309DF8070003F00303DE
:107E90009DF80A20800040EA83209DF8083040EADF
:107EA00093109DF8093003F0030301305B0043EAAF
:107EB000D2139DF8052002F00F021344073B9840AF
:107EC00005B05DF804FB402B0ED19DF809009DF82C
:107ED0000730013003F03F0300EB03409DF808300A
:107EE00000EB03208002EBE70020E9E72DE9F041F9
:107EF0001E46C37C04460D46022B174602D18369F9
:107F00008B4209D02368294620461B6E984710B93A
:107F10000020BDE8F081A5610025AE4207EB4521B8
:107F20000BD1A369207F3344A3610028F1D12368DA
:107F300020465B6EBDE8F041184723682046DB6DA4
:107F400098470028E4D00135E7E770B5867C044601
:107F50006EB9051D284601F036FB3146207C01F044
:107F600030FBFF21284601F086FB0123A37470BD7E
:107F7000837C13B504466BB10121007C01F021FB29
:107F8000201DFF21019001F076FB019801F032FBEA
:107F90000023A37402B010BD70B5C37C0446012B4E
:107FA00010D0867C0EB9FFF7D0FF201D01F04CFBEE
:107FB000B0F1FF0518BF012516B92046FFF7D8FF1D
:107FC000284670BD0025FBE7F7B5184F0446061D8F
:107FD0003D6805F59675ADB23046CDE9001201F069
:107FE00033FBFF282075DDE900120FD0FE2818D1E1
:107FF000304601F034FB2075A8B9304601F024FB6F
:10800000304601F021FB012003B0F0BD3B68EB1AC4
:108010001B04E1D51D2320466374FFF7A9FF002050
:10802000F2E71823F7E72523F5E700BFBC47022056
:108030004FF40072FFF7C8BF70B5094E051D3368D5
:1080400019448CB2284601F0FFFAFF2801D1012023
:1080500070BD3368E31A1B04F4D50020F8E700BFB5
:10806000BC47022003682DE9F3411B6A04460192D4
:108070000D469847002838D0A37C13B92046FFF757
:1080800064FF0C2D28D1261D03270DF1040845F0AF
:108090004001304601F0EFFA18F80710304601F0C1
:1080A000EAFA013FF8D2002D30464FF00A050CBF26
:1080B0009521872101F0DFFA304601F0C5FA3046FC
:1080C00001F0C2FA0306207503D5013DADB2002DC3
:1080D000F5D102B0BDE8F0814FF496712046FFF76C
:1080E000ABFF0028CFD1002DCDD0FF20F1E7F8B5B0
:1080F00000220D463A210446FFF7B4FF30B11223A7
:1081000020466374FFF734FF0020F8BD2E1D271DA5
:10811000384601F099FA06F8010DAE42F8D1204632
:10812000FFF726FF0120F0E738B515460022044688
:10813000FFF798FF30B11B23637420460025FFF73B
:1081400017FF0AE0294610222046FFF73DFF0546AB
:108150000028F2D02046FFF70BFF284638BD0A461C
:108160000921FFF7E1BF0A460A21FFF7DDBF38B555
:1081700003680D4604469B6D984703284FF0120193
:10818000204618BF6D022A46FFF76CFF30B10C2362
:1081900020466374FFF7ECFE002038BD0120E07438
:1081A000FBE738B500240C2105462246C474FFF7CE
:1081B00059FF30B1092328466B74FFF7D9FE2046DA
:1081C00038BD2846FFF7D4FE0120F9E7C27C022A19
:1081D00002D103685B6E1847012A01D1FFF7E1BFA6
:1081E00001207047F8B51E46C37C04460D46012B9E
:1081F000174602D183698B4207D029462046FFF7F4
:10820000B6FF08B90020F8BDA5610025B54207EB0F
:1082100045210AD1A369207F2B44A3610028F2D114
:108220002046BDE8F840FFF7BCBF2046FFF700FF3F
:108230000028E7D00135E9E72DE9F0471E46C37C69
:1082400004460D46012B1746DDE9089A02D18369E1
:108250008B4208D029462046FFF789FF10B900203D
:10826000BDE8F087A56105EB060845450AD1A3697D
:10827000207F3344A3610028F2D12046BDE8F047B7
:10828000FFF78FBF39462046FFF7D2FE0028E6D021
:108290002846524639460135C847E6E738B50368EF
:1082A0000D4604469B6D984703284FF01901204660
:1082B00018BF6D022A46FFF7D5FE30B10E232046C7
:1082C0006374FFF755FE002038BD02230120E374DC
:1082D000FAE700002DE9F04788B00446002617466B
:1082E00001ADA6746674667585E80E009DF80400FD
:1082F000207401F063F90121207C01F062F94F48FC
:108300000723C4E9020395E8070005AB251D83E8B0
:10831000070028460ECB01F05DF92046E6740A26D8
:10832000FFF713FE0121207C01F04BF9013EFF21F4
:10833000284601F0A0F916F0FF06F7D131460A26CB
:10834000207C01F03EF9002220461146FFF78AFE0C
:10835000012880460AD0013E16F0FF06F3D1012322
:1083600020466374FFF704FE002055E008214FF417
:10837000D5722046FFF776FE410750D4022304262B
:108380006375013E284601F05FF9207516F0FF067F
:10839000F7D1AA284ED123682046DFF8A4A09B6D10
:1083A0009847821EDAF80030504203F5FA685041CF
:1083B0001FFA88F88607002237212046FFF752FE71
:1083C000324629212046FFF74DFE814650BB2368E7
:1083D00020469B6D9847022817D14A463A212046ED
:1083E000FFF740FE40BB284601F02EF900F0C00028
:1083F000C028284604BF0323637501F025F92846E9
:1084000001F022F9284601F01FF92046FFF7B0FDE0
:1084100007230120A760E36008B0BDE8F08784F877
:108420001580B8E7DAF80030A8EB03031B04C2D5C7
:10843000172395E7062393E7122391E7801A060096
:10844000BC4702207FB503680E4669460446DB6CD4
:108450001546984780B19DF80A305A0611D403F0AA
:108460003F039DF80B205B0043EAD2136A1C3243A2
:10847000134206D02723637420460025FFF778FDBA
:1084800026E0637D20212046032B1CBF76026D026F
:108490003246FFF7E7FD08B12623ECE72A46212103
:1084A0002046FFF7DFFD02460028F5D126212046B1
:1084B000FFF7D8FD0028EFD142F210712046FFF7F8
:1084C000BBFD054608B92823D5E72046FFF750FD38
:1084D000284604B070BD38B54FF416710446FFF756
:1084E000ABFD054630B91E2320466374FFF740FDFF
:1084F000284638BDFD21201D01F0BDF82046FFF7BC
:1085000037FD0023E374F3E737B51546044604301E
:10851000019001F0B0F84FF400722946019801F083
:10852000B3F8FF21019801F0A6F8FF21019801F0AE
:10853000A2F8019801F088F8207500F01F000528C6
:1085400007D0202320466374FFF712FD002003B0FC
:1085500030BD0120FBE713B501914FF416710446BD
:10856000FFF76AFD019A30B9242363742046FFF7B0
:10857000FFFC002005E0FC212046FFF7C5FF002896
:10858000F4D002B010BD036870B59B6D0D46044673
:108590001646984703284FF01801204618BF6D0271
:1085A0002A46FFF75FFD30B10D2363742046002596
:1085B000FFF7DEFC0AE03246FE212046FFF7A4FF6B
:1085C00005460028F2D02046FFF7D2FC284670BDB1
:1085D00010B4047F34B103689C6A0123A4465DF89B
:1085E000044B60475DF8044BFFF7CDBF30B585B055
:1085F000054601AC84E80E0094E80E00FFF76AFE21
:1086000020B19DF8053003F001032B7705B030BD94
:108610002DE9F843089D06460C46174603EB010872
:10862000444502D10120BDE8F88333683A4621462B
:1086300030461B6904F1010998470028F3D0204611
:10864000099A39464C46A847EAE72DE9F041054624
:108650000C461F465618B44201D101200CE02B688D
:1086600020460699D3F82480B8472146024628467A
:108670000134C0470028EED1BDE8F08100207047EA
:10868000002070470020704770470000074B002112
:10869000074A9963186B106012681A639A6C22F08B
:1086A00081029A64034B1970704700BF00002C4090
:1086B000F4660120AB570220064BC3F8CC01C3F887
:1086C000D001C3F8BC01C3F8C001C3F8C401C3F8AA
:1086D000C801704700801F40034B04481B6B1840C3
:1086E000B0FA80F04009704700002C4001000F00F4
:1086F000024B586A00F00100704700BF00002C4098
:10870000034B586A80F08070C0F30060704700BF70
:1087100000002C40014B1878704700BFAB57022077
:10872000034B586A80F40060C0F3C020704700BF5C
:1087300000002C40034B586A80F48060C0F3802016
:10874000704700BF00002C40034B04481B6B1840CF
:10875000B0FA80F04009704700002C4002007F1101
:108760004FF47A735843234B5A6AA3F51033D3F866
:1087700000110623C2F3C22201F03F010132B1FB16
:10878000F3F11D4BB3FBF1F30921B3FBF2F301222B
:1087900030B51401B3FBF4F4844201D9013902D19C
:1087A0001446012103E05200F3E701312C46B3FBEC
:1087B000F4F5854203D9102902EB0405F5D14FF4F5
:1087C0007A700139520844430C48B3FBF4F3036058
:1087D0000B48C36A23F47F2323F47F6343EA011326
:1087E00043EA022343F46023C362436A1B07FCD5B8
:1087F00030BD00BF00C00F4000EC695E685601202C
:1088000000002C40014B1878704700BFDACF0020E1
:10881000014B1868704700BFF4660120054B03F157
:10882000100253F8040B934241F8040BF9D10120D4
:10883000704700BF8A570220054B03F1100253F81E
:10884000040B934241F8040BF9D10120704700BF9B
:108850009A570220024B01201B680B60704700BF33
:10886000D066012070470000F8B50546064F09F0B4
:1088700051FB0646A847044620B109F04BFB801B7C
:10888000B842F7D92046F8BD40420F002DE9F0412B
:108890000B4F0546DFF82C80386009F03BFB06469D
:1088A000A847044620B9002320463B60BDE8F0817C
:1088B00009F030FB801B4045F5D80CF071F8EFE76C
:1088C000F066012040420F0010B504460C2109F06B
:1088D000FDFE204610BD000008B5002047F2B8029A
:1088E000FFF7EAFE41F2B801064BC3F8BC23C3F818
:1088F000C023C3F8AC23C3F8B013C3F8B423C3F840
:10890000B82308BD00801F402E4B0520D3F800215E
:1089100042F0800210B5C3F80021D3F800212A4CA0
:1089200022F03F02C3F80021D3F8002142F01802E0
:10893000C3F80021D3F8002122F08002C3F80021FF
:1089400003F51033D3F8802042F00C02C3F88020E6
:108950005A6A22F460525A62DA6942F48032DA6169
:108960005A6A42F400625A62FFF7A6FEA36C43F013
:108970000043A364E36A43F0807343F40043E3627B
:10898000E36ADA01FCD44FF4C870FFF7E9FEFFF7A1
:10899000A3FF0E4B0E4A63630E4BC3F8F8210E4B38
:1089A000602283F86E204FF0E0234FF48042C3F83A
:1089B0000C21E36A044A43F00063E362D36A1B01BB
:1089C000FCD410BD00800D4000002C400B007F1136
:1089D000F94C010000D4002000E400E0044B1B78B7
:1089E00023B1044B18780230C0B2704701207047A1
:1089F000755602208156022038B5044614480D46AB
:108A0000FFF732FFF8B9134BA1029D6007D59A6CAE
:108A100022F0FF029A64E2B2996C0A439A6424F04D
:108A2000FF040C4D0C48EC60FFF71EFF58B92A6B91
:108A30000A4B1A601A682A631A68D20703D51B68A2
:108A400013F4702F01D0002038BD0120FCE700BFD7
:108A50005D4D010000002C40454D0100F4660120F1
:108A600008B5044B04481968FFF7C6FF08B1034B6B
:108A7000186908BDD466012000001A0D00002C40C2
:108A800008B5FFF7EDFF80F48070C0F3002008BD4B
:108A9000FFF7E6BF134B30B50C4685B01968FFF7FA
:108AA000ABFFE8B1104B04F10F051A6900925A6947
:108AB00001929A690292DB690393002323F0030277
:108AC00003F0030101331032C9000F2B6A4452F83E
:108AD000102C22FA01F205F8012DEFD10023E373E7
:108AE00005B030BDD466012000002C4008B5084810
:108AF000FFF7CCFE50B9074B1A68920705D51A68E4
:108B0000054B1A420CBF0120002008BD0020FCE7E5
:108B1000814D0100F466012000007F11F8B51D466B
:108B2000930707460C46164600D145B9184B252237
:108B30001A7040F2F512174B1A600020F8BD164863
:108B4000FFF7A4FE30B1124B0A221A704FF4FC72E8
:108B5000104BF1E7114B012211491A70114B1860AB
:108B6000114B0E6003EA054343F400734B600F4B57
:108B70008B630F4B1B7803B9640221463846FFF71D
:108B80003BFF0028D9D0BDE8F840FFF7AFBF00BFDA
:108B9000DACF002074560120ED500100AB570220BF
:108BA00000002C40F46601200000FF1F02007F112E
:108BB00081560220F8B50746007A0C461546C007D4
:108BC0001E460ED40E44B44210D03B682A462146BD
:108BD00038461B69013405F5007598470028F2D125
:108BE0000DE0900711D00E44B44201D1012007E0FE
:108BF0003B682A46214638461B69984708B9002039
:108C0000F8BD013405F50075EEE70648FFF786FF6D
:108C10000028EBD1044B0C221A7040F2A132034B16
:108C20001A60EDE737003A12DACF002074560120BF
:108C3000F8B50746007A0C461546C0071E460ED406
:108C40000E44B44210D03B682A46214638465B6A3F
:108C5000013405F5007598470028F2D10DE0900722
:108C600011D00E44B44201D1012007E03B682A46EE
:108C7000214638465B6A984708B90020F8BD0134A0
:108C800005F50075EEE70648FFF748FF0028EBD131
:108C9000044B0E221A7040F23D42034B1A60EDE77E
:108CA00027003A19DACF002074560120164A1378AB
:108CB00013F0C00318D19379D07903F00303917AAC
:108CC000800040EA8320137A40EA9310537A527965
:108CD00003F00303013002F00F025B0043EAD113FB
:108CE0001344073B98407047402B0BD1507AD379FF
:108CF000013003F03F0300EB0340137A00EB032045
:108D000080027047002070479A570220037ADB07E1
:108D100008D50A4B1B6803B11847094B187860B196
:108D2000FFF7AEBE074B1B780BB1FFF70DBD064B2F
:108D3000586A80F08070C0F300607047F0660120D0
:108D4000745602208256022000002C4038B5154689
:108D5000284A937A13F0400412D103F03F03D27AE9
:108D60005B0043EAD2136A1C0A43134208D0224B29
:108D700027221A7040F20232204B1A60204638BD7A
:108D80001F4B1B780BB949026D021E48FFF734FEDA
:108D9000044630B9184B0F221A7040F20A32174BB2
:108DA000EBE729461848FFF727FE044630B9124B77
:108DB00010221A7040F20D32104BDEE700211348EA
:108DC000FFF71AFE044630B90B4B11221A704FF40C
:108DD00044720A4BD1E70E48FFF746FD0028CDD07C
:108DE000054B282200241A7040F21332034B1A60FC
:108DF000C4E700BF9A570220DACF00207456012042
:108E00008156022000001A2000001A2100001B26B3
:108E1000ED50010010B50F4C23780BB9012010BDA7
:108E20000D48FFF721FD00230C4A2370116B0C4BFA
:108E300019601968116318B91A680A4B1A42EDD003
:108E4000094B1F2200201A7040F27A22074B1A6049
:108E5000E5E700BF82560220B54D010000002C401E
:108E6000F466012000007F11DACF00207456012043
:108E7000F0B5057AADF5017D04460F4615F0010504
:108E800016461BD0930706D031466E464FF400724B
:108E9000684609F05DFB0123324639461A48FFF760
:108EA0003DFE054630B9194B0D221A7040F21142B1
:108EB000174B1A6028460DF5017DF0BDFFF7AAFF9C
:108EC0000028F7D0637A022B02D16368BB420FD02F
:108ED000236820461B6A98470028EBD02368394650
:108EE00020461B6E98470028E4D002236760637217
:108EF000236831462046DB6D98470028DAD0636846
:108F0000054601336360D5E701003A18DACF002047
:108F10007456012038B5174C00211748A36A23F472
:108F20008033A362FFF768FD054640B9134B092261
:108F30001A7040F23D22124B1A60284638BD114883
:108F4000FFF7A4FC40B10D4B0A2200251A704FF424
:108F500010720B4B1A60F0E7636A9B07EDD5616BEB
:108F6000A36AE26A23F4803342F08062E2626163C2
:108F7000A362E2E700002C400000DB0CDACF002007
:108F8000745601206D4D010070B50C46FFF742FF8D
:108F90000546D8B1194B5A6AD20507D49A6A22F409
:108FA00080329A629A6A42F400329A629A6A14484B
:108FB00042F480329A62FFF757FC48B1114B2122EC
:108FC00000251A704FF47E720F4B1A60284670BD50
:108FD00004F50071094A536A5B05FCD5231F04F1AF
:108FE0003C0053F8046F83421662FAD140348C423D
:108FF000F1D1064B01221A70E8E700BF00002C40B7
:10900000A14D0100DACF00207456012082560220C3
:1090100010B514480C46FFF739FC40B1124B0A2238
:1090200000201A7040F24B42104B1A6010BD104BDA
:109030009A6A22F480329A624FF400725A600D4BA1
:109040001B7803B9640221460B48FFF7D5FC0028C2
:10905000ECD1054B0E221A7040F25742034B1A60B6
:10906000E4E700BFED500100DACF00207456012084
:1090700000002C408156022020003A1938B50446E1
:1090800018480D46FFF7F0FB40B1174B0A220020AD
:109090001A704FF4CC72154B1A6038BD144B012274
:1090A00021461A70134B144A1860144B14481D6063
:1090B0005A60144A9A63FFF79FFC38B90A4B04229E
:1090C0001A7040F29F12094B1A60E6E7FFF70EFD97
:1090D0000028E2D1044B25221A704FF4D172034BC1
:1090E000F2E700BFED500100DACF002074560120F6
:1090F000AB570220F46601204000010000002C4024
:1091000011003A0602007F112DE9F04F0024834F31
:10911000834D91B0DFF84882824E017244723C70F8
:109120002C7088F800403470FFF7EEFB2146204693
:10913000FFF762FC044648B9012340F28E222B70EF
:10914000794B1A60204611B0BDE8F08F0324DFF898
:1091500014924FF4D5714846FFF74EFC80B1734B23
:109160001B69B3F5D57F07D006234FF425722B700A
:109170006D4B00241A60E5E7012333706C4E0FE05D
:10918000013CE6D13378002BF8D1FFF7BDFB214637
:109190002046FFF731FC3378002BEFD14FF4401617
:1091A00008F0B8FEDFF8AC910446DFF8BCA1DFF8A8
:1091B000BCB100214846FFF71FFC28B917234FF424
:1091C0002A722B70584BD4E731465046FFF714FCF7
:1091D0000028F3D008F09EFE001B5845EED8534BF4
:1091E0001A69002AE5DA1969524A534811600021C8
:1091F0001B695A0044BF012388F80030FFF7FCFBCD
:10920000044628B9022340F2B1222B70464B98E75E
:1092100000214A48FFF7F0FB044628B903234FF426
:109220002D722B70404B8CE7404EDFF84481336940
:1092300043491B0C43481B04C8F80030FFF72AFCC5
:10924000044628B9072340F2B9222B70364B78E741
:109250003D493E48FFF71EFC044628B908234FF459
:109260002F722B70304B6CE7D8F800103848FFF79E
:10927000C3FB044628B9052340F2BF222B702A4BBA
:109280005FE7D8F800103348FFF7B6FB18B30221A8
:109290003148FFF7B1FB0446E8B1B36A69466FF0A5
:1092A0007F4023F00603B362B36A43F00203B36264
:1092B0004FF010137364FFF7E1FE90B946F2A81265
:1092C0000520FFF7F9F91046FFF74AFAFFF704FB0C
:1092D00001233B7036E7142340F2C3222B70124B5C
:1092E00047E79DF80D309B07E8D50F4E69461B48B0
:1092F00095F80090D6F80080FFF7C0FE9DF810307A
:1093000018B103F00F03012B04D085F80090C6F8C4
:109310000080D3E74CF25032D2E700BF74560220EF
:10932000DACF0020755602207456012000002C4030
:1093300000003040D06601200000090200001A033E
:109340009A570220000009098A5702200000090AE2
:1093500000001B0700001A3700001A06F1FFFF800B
:109360008156022000001A080000022940420F0026
:10937000D466012038B5254B0C465A6A90050DD4A9
:109380009A6A22F480329A6272B69A6A42F4003281
:109390009A629A6A42F480329A6262B61C48FFF777
:1093A00063FA40B11B4B1A221A7040F256321A4B24
:1093B00000201A6038BD04F50072144D6B6A19055F
:1093C000FCD5231F04F13C01286A43F8040F8B42AB
:1093D000FAD140349442F1D11048FFF745FA30B148
:1093E0000C4B1D221A7040F261320B4BE0E72A6BE6
:1093F0000B4B1A601A682A631A689207DAD51A6842
:10940000084B1A420CBF01200020D3E700002C407B
:109410008D4D0100DACF002074560120B54D0100BA
:10942000F466012000007F1110B514480C46FFF7C8
:109430002DFA40B1124B0A2200201A7040F2B132CC
:10944000104B1A6010BD104B9A6A42F480329A6237
:109450004FF400725A600D4B1B7803B96402214629
:109460000B48FFF7C9FA0028ECD1054B0C221A7003
:1094700040F2BD32034B1A60E4E700BFED5001003B
:10948000DACF00207456012000002C4081560220C3
:1094900030003A12F0B5057AADF5017D04460F466D
:1094A00015F0010516461FD0930721484FF0010320
:1094B0000CBF14466C462246FFF730FB054650B9F8
:1094C0001C4B0B221A704FF45D721B4B1A6028461E
:1094D0000DF5017DF0BDB442F9D04FF4007269463C
:1094E000304609F035F8F2E7FFF794FC0028EED09B
:1094F000637A012B02D16368BB420ED023682046F9
:109500001B6A98470028E2D039462046FFF78CFFB7
:109510000028DCD001236760637231462046FFF7E4
:1095200029FF0028D3D06368054601336360CEE786
:1095300011003A11DACF00207456012070B5134A99
:1095400000250E4645722946936A114823F480335C
:109550009362FFF751FA044640B90E4B09221A7084
:1095600040F2D3320C4B1A60204670BD002EFBD067
:109570000A48FFF78BF90028F6D0064B0A222C4642
:109580001A7040F2D732044B1A60EDE700002C400D
:109590000000DB0CDACF0020745601206D4D010075
:1095A00010B50446FFF736FC38B1637A2BB120467C
:1095B0000121BDE81040FFF7C1BF10BD012108F037
:1095C00017BD08F0E3BCD0E9011208B50068F9F74F
:1095D0001FF808BD84B00DF1100C0CE90E00044A10
:1095E000002B08BF13460360184604B0F9F790BF7C
:1095F00084B700200368DA7C12B3D00704D5986AD8
:109600004FF0E021C1F80001910704D5D86A4FF06E
:10961000E021C1F80401500704D5186B4FF0E02198
:10962000C1F80801110704D5586B4FF0E021C1F8CB
:109630000C01D20604D59A6B4FF0E023C3F8102139
:1096400070470068FAF74FB90368FF221B685A6633
:10965000DA6D12F4F81FFBD0586FC0B2704708B52E
:1096600000681346FF2280F83C200A460021FAF7E2
:109670000FF9002008BD03681B685966DA6D12F403
:10968000F81FFBD05B6F7047134600680022FAF7A3
:10969000FFB873B503780446DA071FD5406804F1B4
:1096A0001002E168036801925B6A9847019A0546D7
:1096B00018B90025284602B070BD23789B0704D452
:1096C000237823F001032370F4E7201D43C80368C7
:1096D00031445B6A98470028F2D1EAE70125E9E7BF
:1096E000436870B504460E4615460BB9002070BDA0
:1096F000C3688B4208D0FFF7CCFF0028F6D06B0779
:109700000AD50023E6602370237805F00305204680
:109710002B4300F8103BEAE7606804F11002314681
:1097200003681B6998470028EBD1DFE7002313701B
:10973000014B1B68184700BF00670120024B034A1A
:109740001A60034B18607047FC660120995D0100A8
:1097500000670120838913B5044623B1002282816A
:10976000184602B010BDD0E901018842F8D201AA22
:1097700000F0A4F810B94FF6FF73F1E7019A6060AA
:10978000B2F5803F93B2EBD3C3F30903920AA3F57A
:109790001053A2F52152A38193B2E1E7B1F5807F86
:1097A00030B52FD810294FF020042DD920292DD9DC
:1097B00080292DD9B1F5FC7F2CD9B1F57C7F2BD92F
:1097C000B1F5FC6F2AD9B1F57C6F94BF8023FF23DC
:1097D00013FB04F3B2FBF3F1B1F5806F20D203FB6E
:1097E0001123B2FBF4F5B3FBF4F304FB1522DBB257
:1097F0000132D2B203708B08817023F03F031A4309
:10980000427030BD3F24D3E70223E1E70423DFE7C2
:109810000823DDE71023DBE72023D9E74023D7E740
:109820003F22FE2340F2FF31E4E70346501A7F2B2C
:1098300005D8002841D0084600F8013B7047B3F531
:10984000006F0DD2012837D99A0903F03F0308466B
:1098500062F03F0263F07F0300F8022B4B70704709
:10986000B3F5803F11D2022826D91A0BC81C62F02A
:109870001F020A70C3F3851203F03F0362F07F02F8
:1098800063F07F034A708B707047032814D99A0CD9
:10989000081D62F00F020A70C3F3053262F07F0206
:1098A0004A70C3F3851203F03F0362F07F0263F056
:1098B0007F038A70CB70704700207047884230B5B4
:1098C00005463AD2037890F90000002802DB681CB4
:1098D000136030BD03F0E000C0281ED103F01F0369
:1098E00002242819884228D8013515F8011B01F0F7
:1098F000C004802C21D101F03F01854241EA83134D
:10990000F3D1A3F180040E498C4216D8A3F5584137
:10991000B1F5006F11D31360DBE703F0F000E0282E
:1099200003D103F00F030324DBE703F0F800F02872
:1099300003D103F007030424D3E70020C9E700BFE5
:109940007FFF10007E2830B527D8A0F16103192BC6
:109950008CBF00230123A0EB431398B230BD03EB6F
:10996000520231F8225085428CBF14461346E21A47
:10997000012AF4D89AB231F8223098422DD301EB63
:109980008201C31ACA78934227DA91F90220012A88
:1099900007D103F00103C31ADFE73524002311497F
:1099A000E5E71AB192B2024490B2D7E74EF2A03284
:1099B000F9E703EB520231F8225085428CBF14467E
:1099C0001346E21A012AF4D89BB231F823208242CE
:1099D00004BF01EB83014888C0E74B240023024900
:1099E000EFE700BF446B00202E6900200022816059
:1099F0000270024A12684260704700BFBC470220F2
:109A000010B5094CD0E901322168C91A914208D336
:109A10000AB1017819B123684360012010BD1344D5
:109A2000FAE70020FAE700BFBC470220026E22F4EA
:109A30007F6323F00F0343F00F0303664166036F58
:109A40009B07FCD40266406F80B270474166C36DCD
:109A500013F4F81FFBD0406FC0B27047B0F92C2050
:109A6000B0F92410B0F92EC01144F8B5B0F8543054
:109A7000B0F928409942B0F856701444B0F9262045
:109A8000A8BF1946B0F954509C42624421EAE171E2
:109A9000B0F95660A8BF1C46B0F92A30BA4209B2E4
:109AA000634424EAE474A8BF3A460186BB4224B268
:109AB00022EAE272A8BF3B46A14212B2848623EAA0
:109AC000E37342861BB2C3861CD0A2EB030CDCF10D
:109AD000000747EB0C07AC42077215D10A4313D1BC
:109AE0009A1B5342534143720AF05AFF074B1B78AB
:109AF0003BB1074B1B78DB0703D5064B1B68064BB6
:109B00001B68F8BD0127E6E70023ECE72B5D022088
:109B10002A5D0220BC4702204849022070B5164D3C
:109B20004FF4807680F88230056000259DF814306F
:109B300080F8725080F881309DF81030C56080F850
:109B4000833001230582856380F83C50A0F848509B
:109B500080F8801080F8A02080F88C3080F8725057
:109B6000C0E90156054EC0F894604FF07E56C0E93A
:109B70002155C0F89C6070BD243900200100010807
:109B800011B1B0F850007047B0F85400704711B1EF
:109B9000B0F852007047B0F856007047084A01EB21
:109BA00081015318525C80F85F205A7880F8602059
:109BB0009A78DB7880F8612080F86230704700BFC7
:109BC000DF71002090F8632090F85F30D20902D056
:109BD00043B91846704790F8E920C2F3810202FBAE
:109BE0000333DBB290F85C2071B1012AB0F9541054
:109BF00003D891FBF3F3DBB2EBE713FB02F3DBB229
:109C000091FBF3F1CBB2E4E7012AE2D913FB02F3B3
:109C1000F1E790F8632090F86030D20902BF90F825
:109C2000E92002F0030202FB033390F85D2008BF35
:109C3000DBB279B1012AB0F9561003D891FBF3F3E6
:109C4000DBB205E013FB02F3DBB291FBF3F1CBB225
:109C500018467047012AFBD913FB02F3F0E7D0F84E
:109C6000A430002010B51A78824202DC4FF0FF3099
:109C700010BD5C6814F830408C42F9D00130F3E735
:109C80002DE9F04190F86330054688461446DB091B
:109C900006D190F85F3013FB04F318B2BDE8F081F1
:109CA00022B9084612F0C6FF84B21CB395F85F6073
:109CB0000EB1EB6EEFE7374618F80610202908D1F1
:109CC000EB6E3B449FB20136B3B2A342F4D338B239
:109CD000E4E70D29F7D00A29F5D02846FFF7BFFFA2
:109CE0000028F0DBD5F8A4305B6803EBC0035B68A9
:109CF0001B79E6E72046D1E7F0B5BDF820609DF876
:109D000014509DF818009DF81C40BDF8247056B9F9
:109D1000D200334802F4FC6200EA012142EAD30394
:109D200043EA0100F0BDBE4209D3C3002C4803F44E
:109D3000FC6300EA052043EAD4031843F2E707EE88
:109D4000906A07EE107A06EE905AB7EE004BF8EEE6
:109D5000677AB8EEC77AB8EEE65A06EE900AC7EE12
:109D6000872AB8EEE66AB7EEE27A25EE225A26EEA8
:109D7000226A34EE474B07EE901AB7EEC55AB8EE9A
:109D8000E77BB7EEC66AA4EE075B07EE902AB8EE53
:109D9000E77BA4EE076B07EE903AB8EEE73B07EEE1
:109DA000904AFCEEC55BB8EEE77A15EE903A27EEE6
:109DB000227AFCEEC66B1B02B7EEC77A03F4784238
:109DC00016EE903AA4EE037BDB0003F4FC6313432E
:109DD000FCEEC77B17EE900AC0F3C400ADE700BFEE
:109DE00000F8FFFFF0B587B0BDF830408BB3A34259
:109DF00032D240F2031C40F20F2701F01F06C1F3DC
:109E00004515C90A0CFB05F57E4379432135173604
:109E10001731CDE90334C2F3451402F01F03C1F337
:109E200087110CFB04F47B4321341733C4F38714EC
:109E3000C3F387130194D40A0293C5F387127C43BA
:109E4000C6F387131734C4F387140094FFF754FF45
:109E50000146084607B0F0BD1146FAE79FED097AC2
:109E6000C0EE077A37EEA70A9FED047BB7EEC00A73
:109E700020EE070BB7EEC00B0FF08CB8182D445432
:109E8000FB2109400000B443000000009FED097A67
:109E9000C0EE077A37EEA70A9FED047BB7EEC00A43
:109EA00020EE070BB7EEC00B0EF070BF182D445418
:109EB000FB2109400000B443436F73B5009304468F
:109EC000174B0D46D0F88400019302AB13E906004E
:109ED000F8F79EFB94F88020362A07D8114B100122
:109EE00003EB02111B58C968C3F88810D4F88440EA
:109EF000002126683046FFF7A9FD29463046FFF7C6
:109F0000A5FD362A07D8074B110103EB02125B5857
:109F1000D268C3F884202046F8F7FCFB02B070BD7D
:109F2000070000C098420020436F73B500930546B8
:109F3000174B0E46D0F88400019302AB13E90600DC
:109F4000F8F766FB95F88040362C07D8114B2101B5
:109F500003EB04125B58D268C3F88820D5F884500C
:109F600000212A681046FFF771FD31461046FFF7C1
:109F70005DFD362C07D8074B220103EB04149B58D8
:109F8000E268C3F884202846F8F7C4FB02B070BD2D
:109F9000070000C09842002090F8A830F7B50446AA
:109FA0000E460BB1C36F4367636FD4F88400009310
:109FB0001B4B019302AB13E90600F8F729FB94F859
:109FC0008020362A07D8174B100103EB02111B58CB
:109FD000C968C3F88810D4F884703D68EEB1C02118
:109FE0002846FFF733FD28460021FFF72FFD362ACC
:109FF000054607D80B4B110103EB02125B58D268E0
:10A00000C3F884203846F8F785FB94F8A8300BB1E4
:10A01000A36F6367284603B0F0BD4021E0E700BFAF
:10A02000070000C0984200200121FFF7B5BF0000E3
:10A03000436F73B500930446174B0D46D0F8840068
:10A04000019302AB13E90600F8F7E2FA94F88020D6
:10A05000362A07D8114B100103EB02111B58C968AF
:10A06000C3F88810D4F88440802126683046FFF772
:10A07000EDFC29463046FFF7E9FC362A07D8074BA6
:10A08000110103EB02125B58D268C3F8842020460A
:10A09000F8F740FB02B070BD070000C098420020F6
:10A0A000F8B50B4E05460C463768012C03D1BF218D
:10A0B0002846FFF7BDFF2846FFF7B6FF3268034684
:10A0C000D21B0A2A02D834EA0303EED0F8BD00BF3F
:10A0D000BC47022038B590F84E3004460D468B42FE
:10A0E0001AD04021FFF7A4FF94F84F306DB143F030
:10A0F000800384F84F30012384F84E3094F84F10D9
:10A100002046BDE83840FFF7D7BE03F07F0384F850
:10A110004F3084F84E50F1E738BD38B50446154647
:10A12000FFF786FF29462046BDE83840FFF7C4BE4A
:10A1300070B5044616460A4688211D46FFF7EDFF16
:10A14000012007F00DFF324689212046FFF7E5FF89
:10A15000012007F005FF20462A460421FFF7DDFF16
:10A160000120BDE8704007F0FBBE90F8E83049B12F
:10A1700043F008034AB143F00402202180F8E820AC
:10A18000FFF7CBBF03F0F703F4E703F0FB02F4E7BC
:10A1900090F8E92002F0FC02032910D8DFE801F072
:10A1A0000402090C42F00102212180F8E920FFF7A6
:10A1B000B4BF42F00202F7E742F00302F4E770474F
:10A1C000F8B504460E461546CAB22A211F46FFF7C7
:10A1D000A4FFC6F307222B212046FFF79EFF2C2168
:10A1E000EAB22046FFF799FFC5F307222D2120464A
:10A1F000FFF793FF1FB1A4F85860A4F85A50F8BDB8
:10A20000F0B490F8AB70154621EAE17422EAE272EC
:10A2100042F20E7680F8CC30002F4BD090F88C10A4
:10A2200011B1214614460A46B2420ED1B0F954206B
:10A2300002EBD272521043B9012180F8CB1090F892
:10A24000631041F0400180F8631042F20E718C42BD
:10A250000ED1B0F9564004EBD474641043B9012117
:10A2600080F8CB1090F8631041F0200180F8631063
:10A2700090F8631049070DD4B0F95410A142DCBF27
:10A2800001F1FF310CB2B0F956109142DCBF01F17F
:10A29000FF310AB290F8CB10A0F85840A0F85A202D
:10A2A00061BB5BBB90F86310C90927D12146F0BCA4
:10A2B000FFF786BFB1420ED1B0F9544004EBD4741D
:10A2C000641043B9012180F8CB1090F8631041F07D
:10A2D000200180F8631042F20E718D42C8D1B0F9AE
:10A2E000562002EBD2725210002BC1D1012180F80E
:10A2F000CB1090F8631041F04001B7E7F0BC704715
:10A300000A464421FFF709BF002380F85E3090F829
:10A310006330DB0970B506460D4614460FD101F0D7
:10A32000030590F8EA3002F00304222123F00F0322
:10A3300044EA85021A4380F8EA20FFF7EEFE013571
:10A340000134EDB2E4B2012D86F85C5086F85D4030
:10A3500001D8012C02D9012386F85E3070BD0A466F
:10A36000FFF7D2BF38B50D4690F8C9100446012951
:10A370002ED190F86330DB092AD1012D14D0022DA3
:10A380001CD02DBB90F8EB3003F03F0380F8EB308E
:10A39000FFF704FC94F8EB20204684F8C8502E21E7
:10A3A000BDE83840FFF7B9BE90F8EB30022103F06A
:10A3B0003F0343F0400380F8EB30E9E790F8EB30DF
:10A3C000032103F03F0363F07F0380F8EB30DFE706
:10A3D00038BD4FF0807337B5C0F88830044690F828
:10A3E0004E300D4613B90121FFF774FE94F8633027
:10A3F00003F07F0384F8633045BB29462046FFF70E
:10A40000CDFB94F86330DB0707D52946FFF7AAFF99
:10A410002A462F212046FFF780FE94F8E9202046A7
:10A42000212102F05F0284F8E920FFF776FE002385
:10A43000012084F8C93007F093FD94F85F30E3669B
:10A4400040F20113A4F85C3003B030BD012DFBD104
:10A4500094F8631011F0010129D094F8E92021212A
:10A46000204684F8C95002F07F0242F0200284F8AE
:10A47000E920FFF752FE284607F072FD032206216D
:10A480002046FFF74AFE00212046FFF76BFF94F8B5
:10A49000EC202F212046FFF740FE042007F060FD4E
:10A4A000204628220521FFF738FE0420C3E7204676
:10A4B0000191FFF78EFF01992046FFF76FFBBCE784
:10A4C00038B590F8DA3004468B4211D00F2910D8F5
:10A4D00008230022102180F8DA30032380F8BD30F1
:10A4E000FFF71BFE94F8D03013B1022384F8CD306F
:10A4F00038BD102100250C2280F8DA1080F8BD50FC
:10A50000FFF70BFE94F8D03013B1012384F8CD305F
:10A5100084F8CF50ECE7000070B5144E01F4784297
:10A5200090F8BD3005460C46A0F8B810F35C6321E6
:10A530001A41D2B2FFF7F1FD95F8BD3004F4FC6288
:10A540002846334464215B781A41D2B2FFF7E5FD17
:10A5500095F8BD3004F01F0228461E446521B378EB
:10A560001A41BDE87040D2B2FFF7D7BDA5710020F7
:10A5700070B5144E01F4784290F8BD3005460C4693
:10A58000A0F8BA10F35C60211A41D2B2FFF7C5FD02
:10A5900095F8BD3004F4FC622846334461215B78B1
:10A5A0001A41D2B2FFF7B9FD95F8BD3004F01F0291
:10A5B00028461E446221B3781A41BDE87040D2B2E9
:10A5C000FFF7ABBDA571002038B590F88830044680
:10A5D000154643B1174A41EA01431340436145EA36
:10A5E000054313408361B4F8BE308B4204D020464B
:10A5F000A4F8BE10FFF790FFB4F8C030AB4205D00E
:10A6000029462046A4F8C050FFF7B2FF002384F883
:10A61000BC3094F86330DB090BD194F8EA20204673
:10A62000222102F0BF0284F8EA20BDE83840FFF79B
:10A6300074BD38BD1FF8E00790F8AB3013B521EAC0
:10A64000E174A3B1B0F9523048210190A342DCBFBC
:10A6500003F1FF331CB2E2B2FFF75FFDC4F3072240
:10A660004921019802B0BDE81040FFF756BDB0F98E
:10A67000503046210190A342DCBF03F1FF331CB2EE
:10A68000E2B2FFF74AFDC4F307224721E9E790F859
:10A69000AB3013B521EAE174A3B1B0F950304621D3
:10A6A0000190A342DCBF03F1FF331CB2E2B2FFF71B
:10A6B00034FDC4F307224721019802B0BDE81040E1
:10A6C000FFF72BBDB0F9523048210190A342DCBF07
:10A6D00003F1FF331CB2E2B2FFF71FFDC4F3072200
:10A6E0004921E9E738B504461546FFF7A5FF294695
:10A6F0002046BDE83840FFF7CABF90F8AB3037B509
:10A700000D4614460BB115460C46EAB25C21019089
:10A71000FFF703FDC5F3072201985D21FFF7FDFC5C
:10A720000198E2B25E21FFF7F8FCC4F307225F2133
:10A73000019803B0BDE83040FFF7EFBC90F8AB30B4
:10A7400037B50D4614460BB115460C46EAB25421F6
:10A750000190FFF7E2FCC5F3072201985521FFF7AE
:10A76000DCFC0198E2B25621FFF7D7FCC4F30722C4
:10A770005721019803B0BDE83040FFF7CEBC90F8F8
:10A78000AB3037B50D4614460BB115460C46EAB250
:10A7900058210190FFF7C1FCC5F307220198592108
:10A7A000FFF7BBFC0198E2B25A21FFF7B6FCC4F3F5
:10A7B00007225B21019803B0BDE83040FFF7ADBC34
:10A7C0000A465121FFF7A9BC2DE9F84F89460446F6
:10A7D00016462DED028B9DF83C1008EE103ABDF99F
:10A7E00030B0BDF934A0BDF938809DF840209DF807
:10A7F00044309DF848509DF84C709DF8500009B9C0
:10A8000094F8CF100AB994F8CF20022905F0F0058A
:10A8100004BF6FEA46466FEA5646022A04BF6FEA53
:10A8200048486FEA584893B377B345F00A0540218A
:10A830002046FFF735FC94F84E201AB1002120463F
:10A84000FFF748FC324649462046FFF777FF5A4655
:10A8500018EE101A2046FFF750FF51462046424698
:10A86000FFF78DFF29462046FFF7AAFFD7B1C02288
:10A8700020465021FFF751FC20464021BDEC028BC1
:10A88000BDE8F84FFFF70CBC45F00505CFE717B161
:10A8900045F00B05CBE710B145F00305C7E745F0E0
:10A8A0000205C4E78022E3E710B5044661B3002245
:10A8B0003021FFF732FC002231212046FFF72DFC2A
:10A8C00094F8502034212046FFF727FC94F85120BB
:10A8D00035212046FFF721FC002232212046FFF7D8
:10A8E0001CFC002233212046FFF717FC94F852206D
:10A8F00036212046FFF711FC94F8532020463721DB
:10A90000BDE81040FFF709BC90F8AE203021FFF7FA
:10A9100004FC94F8AF2031212046FFF7FEFB94F8A9
:10A92000B02034212046FFF7F8FB94F8B120352100
:10A930002046FFF7F2FB94F8B22032212046FFF7C1
:10A94000ECFB94F8B32033212046FFF7E6FB94F8A4
:10A95000B42036212046FFF7E0FB94F8B520CDE780
:10A9600030B490F8AB40BDF908502CB114462A46DB
:10A9700025460C4619462346B0F95040A0F8AE10C3
:10A9800000219442A0F8B230A8BF1446B0F952207A
:10A99000AA42A0F8B040A8BF2A4630BCA0F8B42014
:10A9A000FFF782BF0022B0F9503090F8AB10A0F84A
:10A9B000AE20A0F8B220B0F95220A0F8B030A0F834
:10A9C000B42019B1A0F8B020A0F8B4300121FFF7ED
:10A9D0006BBF2DE9F04104460F461646CAB29121DD
:10A9E0001D46BDF91880FFF798FBC7F307222046E4
:10A9F0009221FFF792FB2046F2B29321FFF78DFBE5
:10AA0000C6F3072220469421FFF787FB2046EAB2CF
:10AA10009521FFF782FBC5F3072220469621FFF719
:10AA20007CFB20465FFA88F29721FFF776FBC8F39C
:10AA3000072220469821BDE8F041FFF76EBB0A4689
:10AA4000C721FFF76ABB38B590F8AA3004460D4617
:10AA5000033B012B01D8FFF7F2FF65B18A222046A4
:10AA60001146FFF75AFB94F8DB208B212046BDE806
:10AA70003840FFF752BB0A228A21F7E701F00301B1
:10AA8000022910B5044680F8AC102AD003292ED034
:10AA9000012904D00022002184F8AB2002E000222A
:10AAA00080F8AB10FFF761FB94F8AB00B4F95030BD
:10AAB000B4F9521094F8EA20D8B142F010022046BE
:10AAC000A4F85410A4F85630222184F8EA20FFF7A5
:10AAD00024FB002320466362636DA362FEF7BEFF82
:10AAE00010BD0023012280F8AB301146DAE70122C5
:10AAF000D1E7184602F0EF020B460146DFE7B0F857
:10AB0000BE208A4210B5044603D0A0F8BE10FFF75D
:10AB100003FD012384F8BC3094F86330DB090BD1CA
:10AB200094F8EA202046222142F0400284F8EA20EC
:10AB3000BDE81040FFF7F1BA10BD0D2970B504460D
:10AB40000D4643D00A2925D190F8601092B290F8B2
:10AB50005D304B4390F8C41090F8AB0088B9A4F86E
:10AB60005800B4F85A0001440A441A4412B2B4F925
:10AB700058102046A4F85A200023BDE87040FFF783
:10AB80001FBBB4F8580001440A4413440022A4F83F
:10AB90005830ECE790F84E3013B90121FFF79AFADC
:10ABA00002212046FFF744FA29462046FFF784F9A0
:10ABB00080212046FFF774FA94F8AB2094F85F30B8
:10ABC0002AB9B4F858201344A4F8583070BDB4F82A
:10ABD0005A201344A4F85A30F8E773B51D4690F88C
:10ABE0004E3004460E4623B100210192FFF772FA5F
:10ABF000019A31462046FFF775FD02212046FFF7F6
:10AC000017FA94F8DA30082B06D92946204602B004
:10AC1000BDE87040FFF788B9290A2046AB09C5F3A3
:10AC2000C10521F01F0103F01C031943294302B0A1
:10AC3000BDE87040FFF740B92DE9F7431D4690F895
:10AC40004E3004460E46904613B10021FFF742FAFB
:10AC5000BDF9282029462046FFF744FD0221204661
:10AC6000FFF7E6F9636FD4F884000093264B019355
:10AC700002AB13E90600F7F7CBFC94F88050362DB1
:10AC800007D8224B290103EB05125B58D268C3F8A1
:10AC90008820D4F8847006EB48080021D7F800908B
:10ACA0004846FEF7D3FEB0450FD1362D07D8174BD7
:10ACB0002A0103EB05159B58EA68C3F8842038463F
:10ACC000F7F728FD03B0BDE8F08394F8DA0036F812
:10ACD000021B0F280FD80B0A08284FEA9112C1F364
:10ACE000C10123F01F0302F01C0243EA020341EA00
:10ACF000030104D989B24846FEF798FED3E74846D7
:10AD0000FEF7A4FECFE700BF070000C09842002076
:10AD10002DE9F04F1C4642F20E7385B0154699425C
:10AD200042F20E73BDF9389007460CBFB0F954607B
:10AD30008EB2DDF83CA04FEA440802BF361B06EB9A
:10AD4000D676C6F34F069A4290F8AB3009BFB0F9F9
:10AD50005650ADB2A5EB090505EBD57508BFC5F397
:10AD60004F05002B36D0013CA8F10203DFF86CB090
:10AD70001FFA89F234449A44A4B2B44219D205B0FD
:10AD8000BDE8F08FB1F800C041442BF810C098B274
:10AD900001334845F6DB2BB25946384603920093FF
:10ADA00023B2013CFFF748FFAAF1020A039AA4B2BA
:10ADB000E3E751460023EAE72BB201355146C2448E
:10ADC000ADB20093224633463846FFF735FF4D4576
:10ADD000F2DBD4E7A94436B2A4B2F8E7504F022020
:10ADE00010B50446FFF724F900212046BDE81040C5
:10ADF000FFF7D2B82DE9F843DFF8308005460E465C
:10AE000017461C46D8F8009031462846FFF7E8FF61
:10AE1000384208D0D8F80030A3EB0903A342F3D995
:10AE20000020BDE8F8830120FBE700BFBC470220FB
:10AE30002DE9FF411F4604460D461646B942BDF9AD
:10AE40002880BDF82C3006D1424504D104B0BDE8BD
:10AE5000F041FFF7C2BE94F8AB202AB13A4647460C
:10AE600090462A463546164694F84E202AB10021CF
:10AE700020460393FFF72EF9039B012284F8C2209A
:10AE8000B4F8B8209A4203D019462046FFF744FB95
:10AE90003B46324629462046CDF80080FFF799FD13
:10AEA000204680229021FFF738F914238022902138
:10AEB000204604B0BDE8F041FFF79CBF2DE9F0410A
:10AEC0002DED048BBDF8284005460E461746012C93
:10AED000BDF82C80DDF830C006D84346BDEC048BAD
:10AEE000BDE8F041FFF779BE013C6344A4B208EE2F
:10AEF000903A07EE904AF8EEE88AB8EEE78AB0EEAC
:10AF0000680AFEF7ABFF284628EE000AB8FE409A12
:10AF1000B0EE680AFEF7BAFF07EE906A28EE000A64
:10AF2000CDF82C80B8EEE77A07EE907A3A463146B3
:10AF3000F8EEE77AB8FE400A37EE097A284677EE4F
:10AF4000807ABDEEC77AFDEEE77A17EE903A1BB233
:10AF50000A9317EE103ABDEC048B1BB2BDE8F0412A
:10AF6000FFF766BF73B51D46BDF81830012D04DC30
:10AF700002B0BDE87040FFF730BE541E01930B468F
:10AF80002C4424B20094FFF753FF02B070BD13B5F8
:10AF90004C1E2344BDF810401BB2CDE90024FFF73E
:10AFA00047FF02B010BD012B10B4BDF8044004DC13
:10AFB00023465DF8044BFFF710BE01945DF8044B87
:10AFC000FFF7E5BF2DE9F341B0F90E50044688467E
:10AFD00017461E469DB1038AADB2B34204D1013576
:10AFE000C58102B0BDE8F081B0F90A10B0F90C20BB
:10AFF0000D44013DCDE900232BB2FFF719FF0123DA
:10B00000A4F80A80A781E3812682EAE738B50D46D5
:10B010008E210446FFF7E4FE5DB100F07F0120467B
:10B02000FEF74AFF4DB920468021BDE83840FFF7C2
:10B0300037B860F07F03D9B2F1E738BD38B50D46B7
:10B040008E210446FFF7CCFE35B100F0BF0120464B
:10B05000BDE83840FEF730BF40F04001C9B2F6E726
:10B0600038B590F8CE3004460D468B4238D090F873
:10B07000D0306BB190F8DA30082B09D90821FFF7EE
:10B080001FFA80212046FFF70BF8022384F8CD3009
:10B0900094F8E830E5B1012163F07F0384F8CE1025
:10B0A00084F8E8302046FFF7C9FF94F8E820202113
:10B0B0002046FFF732F894F8CE308BB994F8DA30A6
:10B0C0000F2B0DD820461021BDE83840FFF7F8B906
:10B0D00003F07F03294684F8CE5084F8E830E1E796
:10B0E00038BD000038B590F8CE3005460C4613B98F
:10B0F0000121FFF7B5FF611E2846C9B2052996BF99
:10B10000034B00225A5C5221BDE83840FFF705B8D6
:10B110002E6C002038B50C4641210546FFF760FE35
:10B12000042C44D8DFE804F003141B3A3E0000234B
:10B1300000F0F20185F8CF302846FEF7BDFE95F805
:10B14000CE30A3BB28460121BDE83840FFF788BFB9
:10B15000012300F0F30185F8CF301943ECE795F9AE
:10B16000E93000F0F70195F8E920002B41F00404E4
:10B170000EDA02F07F022846212185F8E920FEF749
:10B18000CCFF224628464121BDE83840FEF7C5BF26
:10B1900021462846BDE83840FEF78EBE40F00C013F
:10B1A000C9B2F6E700F0FB0141F00801F1E738BD54
:10B1B00037B5B0F852200446B0F850300D46013A89
:10B1C000013B12B21BB2009200221146FFF701FCB4
:10B1D00029462046FFF7A0F920469021FEF728FFD8
:10B1E0002046B021FEF768FE1423802290212046DD
:10B1F000FFF700FE012384F8C23003B030BD13B561
:10B2000004460191FFF7CEFB0199204602B0BDE84C
:10B210001040FFF7CDBF00002DE9F341154690F82F
:10B22000AB201F4604460E46BDF820309DF8248012
:10B230000AB12E460D46012F07DC2A46314620462C
:10B2400002B0BDE8F041FFF7C8BCB4F9522002EBF0
:10B25000D272B7EB620F4FEA6201C4BF01F1FF3255
:10B2600017B294F84E202AB1002120460193FEF730
:10B2700031FF019B012284F8C220B4F8B8209A4221
:10B2800003D019462046FFF747F9F2B2992120462C
:10B29000FEF743FFC6F307229A212046FEF73DFF43
:10B2A0009B21EAB22046FEF738FFC5F307229C2116
:10B2B0002046FEF732FF9D21FAB22046FEF72DFF11
:10B2C00090212046FEF7B4FE0A4B6367B8F1000FE9
:10B2D0000ED060212046FEF7EFFD4B234022902147
:10B2E0002046FFF787FDA36F636702B0BDE8F081DA
:10B2F0004021EFE78096980037B542F20E75BDF811
:10B300001840A94242F20E7502BFB0F9541001EB89
:10B31000D1714910AA4202BFB0F9562002EBD27295
:10B320005210002B0CDD012B05D1234603B0BDE8E4
:10B330003040FFF752BC0025CDE90045FFF76CFF18
:10B3400003B030BD37B542F20E75BDF81840A942C2
:10B3500042F20E7502BFB0F9541001EBD1714910E1
:10B36000AA4202BFB0F9562002EBD2725210002B53
:10B370000CDD012B05D1234603B0BDE83040FFF7BB
:10B380002CBC0125CDE90045FFF746FF03B030BDD9
:10B390002DE9F04F90F8AB4085B09C46BDF83C904D
:10B3A000BDF938309DF840802CB164469C46234658
:10B3B0000C461146224611EA0C0F6AD4B0F95070BF
:10B3C0008F4201DC674564DD1A4262D4B0F95260F5
:10B3D000964201DC9E425CDD21EAE17422EAE275DC
:10B3E0002CEAEC7A23EAE37BA74290F84E30DCBFEC
:10B3F00007F1FF3424B2AE42DCBF06F1FF352DB2B7
:10B400005745DCBF07F1FF370FFA87FA5E45DCBF0F
:10B4100006F1FF360FFA86FB23B100210390FEF7F9
:10B4200059FE0398012380F8C230B0F8B8304B457C
:10B4300004D049460390FFF76FF80398544509D1AB
:10B440005D4507D14B462A46214605B0BDE8F04F81
:10B45000FFF7C3BB53462A462146CDF800B0039000
:10B46000FFF7B7FA03989021FEF7E2FD0398B8F1D1
:10B47000000F0BD0B021FEF71FFD0398142380228C
:10B48000902105B0BDE8F04FFFF7B4BC90210390C8
:10B49000F1E705B0BDE8F08FF0B51C1E85B007469A
:10B4A0000D461646BDF928C0BDF82CE01CDDBCF1E8
:10B4B000000F19DD012C08D1BCF1010F05D1734635
:10B4C00005B0BDE8F040FFF788BB6A1E002329469F
:10B4D00038462244741E644424B2CDE901E300944A
:10B4E00013B23246FFF754FF05B0F0BDF0B51C1E95
:10B4F00085B007460D461646BDF928C0BDF82CE0BC
:10B500001CDDBCF1000F19DD012C08D1BCF1010FCD
:10B5100005D1734605B0BDE8F040FFF75EBB6A1E7B
:10B520000123294638462244741E644424B2CDE9DE
:10B5300001E3009413B23246FFF72AFF05B0F0BDD5
:10B540002DE9F04F85B00F4615461946BDF93890E4
:10B550000026BDF93CA0BDF840B0002406E0BA5D6D
:10B560003346013301349D42E4B204DAAE42F6DBE5
:10B5700005B0BDE8F08F17F803C0944501D19D4296
:10B58000EFD11FFA84F892B190F85D2090F85C300A
:10B5900002FB0A9C13FB08F3CDE9002B1BB20FFA48
:10B5A0008CF2CDE90201FFF7A1FFDDE9020190F87D
:10B5B0005C30264413FB08F30B4419B2CDE72DE9A8
:10B5C000F04F8BB01C468246884604AF0125B7F881
:10B5D00044307A613B61D0F8A4303A6C5B6803EB8D
:10B5E000C2035B681A689B68FA60BB60E31D23F0C6
:10B5F0000703ADEB030D00230DF1100B1E461A4699
:10B60000B9688E4203DB1C37BD46BDE8F08FF96890
:10B610004FF00709895D7960A24218DB9BB19C421B
:10B6200025D19AF85D109AF85C307A69386913FB75
:10B6300004F305FB01221BB212B2CDE90010414612
:10B640005046FFF753FF01350023EDB21A467968E3
:10B6500041FA09F1B9F1010901F0010C0BF802C03E
:10B6600002F101026344D2B2D6D20136C8E73B6987
:10B67000224659465046CDE901537B690093434623
:10B68000FFF75EFFDFE70D29F7B5044616461F46B4
:10B69000BDF820C051D00A2926D190F86030B6B24A
:10B6A00090F85D2090F8AB105A4390F8C43091B9EF
:10B6B000A0F85810B0F85A100B441E44324412B28D
:10B6C0000023B4F958102046A4F85A2003B0BDE86E
:10B6D000F040FEF775BDB0F858100B441E443244DC
:10B6E000A0F858200022EBE7202939D1C26E90F84B
:10B6F0005C3090F85D1013FB02F390F8602090F836
:10B70000AB6012FB01F2B0F95850B0F95A101BB2FD
:10B7100012B2CDE9002C96B90A462946FFF7E6FE9B
:10B72000B4F8580094F8C33094F85C20B4F96C1065
:10B73000034401FB0233A4F8583003B0F0BD2A469D
:10B74000FFF7D4FEB4F85A0094F8C33094F85C20A4
:10B75000B4F96C10034401FB0233A4F85A30ECE74F
:10B76000FEF77DFA0028E8DBD4F8A43094F86310E3
:10B770005B684907B4F9542003EBC0035B681D798B
:10B7800094F8AB304DD5B3BB94F85CC0B4F9581005
:10B790000CFB051191420FDBB4F85A1094F8C42049
:10B7A000A4F858300A4494F85D10324494F860606C
:10B7B00006FB0122A4F85A2094F86A2062B9B4F971
:10B7C0005A10B4F95860CDE90007CBBB0A462B46A6
:10B7D00031462046FFF7F3FE94F85C3094F8AB2036
:10B7E0005D4394F8C33072BBB4F8582013441D4431
:10B7F000A4F85850A1E794F85DC0B4F95A1005FBBD
:10B800000C119142D8DBB4F8581094F8C4200A44C3
:10B8100094F86010324401FB0C22A4F85820002256
:10B82000C8E743B194F85D60B4F95A1006FB0511FE
:10B830009142C1DB81E794F85C60B4F95810F5E7F8
:10B840002B463246C5E7B4F85A2013441D44A4F8E9
:10B850005A5072E72DE9F04F044689B08B46904666
:10B8600042B9084611F0E6F91FFA80F8B8F1000F66
:10B8700000F07C81B4F8B83094F863700493FF0949
:10B88000B4F8BA3007935FD194F85D3094F8615002
:10B8900094F862A094F8639015FB03F51AFB03FA81
:10B8A00019F00109EDB25FFA8AFA03D003EB430302
:10B8B0005FFA83F994F8CC3053B994F8CB203AB9B5
:10B8C000002F00F0238194F8BC10002940F0218162
:10B8D0004246594620460393FEF7D2F994F85C603D
:10B8E00094F860101FFA8AF216FB00F0AA44039B3A
:10B8F00086B294F85D0011FB00F1A1EB0A05ADB230
:10B900003BB336B30023B4F8581084F8CC30A1EB25
:10B910005601B4F85A3009B29B1A94F8AB20A4F837
:10B920005810A3EB55031BB2A4F85A301AB1A4F86F
:10B930005830A4F85A100023B4F95A20B4F958101A
:10B940002046FEF73DFC50E04FF00009CA464D4648
:10B95000B0E794F8CB30002B45D0002E45D0002323
:10B9600084F8CB3094F86330990612D594F8AB3054
:10B9700043BBB4F9543003EBD3717308C3EB6103D9
:10B980001BB2A4F8583094F8633003F0DF0384F856
:10B99000633094F863305B06CDD594F8AB30D3B9FF
:10B9A000B4F9563003EBD373C2EB6302A2EB55023A
:10B9B00094F8633012B203F0BF03A4F85A2084F85D
:10B9C0006330B8E7B4F9563003EBD373C2EB6303CB
:10B9D000A3EB5503D4E7B4F95430720803EBD373E7
:10B9E000C2EB6302E4E7002EA5D194F84E3023B9F0
:10B9F0001FB901212046FEF76DFB94F84E3023B1AC
:10BA00001FB100212046FEF765FB94F84E30B4F8D4
:10BA1000BEA01BB194F8C230002B7DD1B4F8C03069
:10BA2000079394F86430002B00F09080B4F8BE3097
:10BA300000225049049303921BF802300A3BDBB208
:10BA4000162B03D841FA03F3D80703D5039B013320
:10BA50009BB20393013293B24345EDD387B194F87F
:10BA6000BC306BB966B1B4F8BA302DB2B4F95A2013
:10BA70002046019333B2B4F958100095FFF736FD14
:10BA800000250BF1FF3B05951BF8013F069394F849
:10BA90006430002B5CD0069B0A3BDBB2162B04D82B
:10BAA000344A42FA03F3DB0752D5039B6E1CB4F809
:10BAB0006610204600932B46B4F86820B6B2FEF715
:10BAC00091F90146002F4ED135462046FFF717F871
:10BAD0004A469BF800102046FFF72FF8059B0133DC
:10BAE0009BB243450593CFD394F86430002B3DD0EF
:10BAF000002384F86430002F38D1B4F8BA202046EF
:10BB0000049909B0BDE8F04FFEF75EBD3D463E46E4
:10BB10006BE71546164668E7B4F8B830534506D0CB
:10BB200000235146204684F8C230FEF7F5FCB4F8F5
:10BB3000C010B4F8BA308B4205D00023204684F8F8
:10BB4000C230FEF715FDDDF810A06AE7039385E724
:10BB5000002FBDD0079B4A460699204600935346C6
:10BB6000FFF791FDBAE735468246F3E709B0BDE835
:10BB7000F08F00BFF6FFBFFF2DE9FF47868D1C4603
:10BB8000B0F934703144BDF93050BDF834301FFA8B
:10BB900081FE09B28F4248DDC68D3244B0F936606D
:10BBA0001FFA82FC12B296423FDDB0F9309001EBF1
:10BBB0000408C84539DDB0F9328002EB050AC245F8
:10BBC00033DD8945C1BFAEEB090E4946A6440FFAE5
:10BBD0008EF49045C1BFACEB080C4246AC440FFA62
:10BBE0008CF501EB040CBC45C4BF7F1A3CB257195D
:10BBF000B742C4BFB61A35B2002C16DD002D14DDD5
:10BC0000012C06D1012D04D104B0BDE8F047FEF7A8
:10BC1000E4BF4E1E26440124CDE90134541E33B244
:10BC20002C4424B20094FFF7B3FB04B0BDE8F087C6
:10BC3000B0F90E3013B504464BB1028AB0F90A10C0
:10BC4000019201220092B0F90C20FFF795FF00232A
:10BC5000E38102B010BD000070B590F8A03000255F
:10BC60000446FF2B80F8A85010D10121FEF7E0F91F
:10BC700001212046FEF720F9142006F071F9204634
:10BC80002946FEF719F9C82006F06AF994F8AD10B4
:10BC90002046854DC1EB01116A18695C9378527892
:10BCA000FEF746FA94F8DA300F2B00F2F680002205
:10BCB00010212046FEF731FA032384F8BD302046D8
:10BCC00094F8AD301421C3EB03132B44DA78FEF75C
:10BCD00024FA94F8AD3020461521C3EB03132B440E
:10BCE0001A79FEF71AFA94F8AD3020461621C3EB04
:10BCF00003132B445A79FEF710FA94F8AD3020461E
:10BD00001721C3EB03132B449A79FEF706FA94F834
:10BD1000AD3020461821C3EB03132B44DA79FEF72C
:10BD2000FCF994F8AD3020461921C3EB03132B44E2
:10BD30001A7AFEF7F2F994F8AD3020461A21C3EBD7
:10BD400003132B445A7AFEF7E8F994F8AD302046F5
:10BD50001B21C3EB03132B449A7AFEF7DEF994F808
:10BD6000AD3020461C21C3EB03132B44DA7AFEF7D7
:10BD7000D4F994F8AD3020461D21C3EB03132B44B6
:10BD80001A7BFEF7CAF994F8AD3020461E21C3EBAA
:10BD900003132B445A7BFEF7C0F994F8AD302046CC
:10BDA0001F21C3EB03132B449A7BFEF7B6F9012145
:10BDB0002046FEF779FD0A2006F0D2F820460A2137
:10BDC000FEF79EFA20460021FEF7E2F92046002108
:10BDD000FEF7FFFA94F8AD103448C1EB011300EB05
:10BDE000410210F811101D4420465278AB7800250E
:10BDF000FEF79EF90123012084F8A830A36F0133D8
:10BE000004BF2B4BA367E36F013304BF294BE367E8
:10BE1000A36F6367636706F0A3F800212046FFF76E
:10BE2000F5F8012006F09CF8802201212046FEF75B
:10BE300074F9012006F094F820460021FFF7B8F9C4
:10BE400020460121FEF7FFFD20460021FEF716FEE9
:10BE500000212046FEF73EF92046FEF7A3FDB4F888
:10BE6000BE102046FEF758FBB4F8C0102046FEF77F
:10BE70007FFB94F8EA202046222102F0BF0284F8DA
:10BE8000BC5084F8EA20FEF748F92B462A4629469A
:10BE90002046BDE87040FEF7B3B90C2210212046C1
:10BEA000FEF73BF9002308E70971002036710020F6
:10BEB00080A81201808D5B0038B504460020FF2564
:10BEC000A367049B84F87100E3674FF6FF7384F85F
:10BED0004E00A4F8BE30022384F8A15084F86330E9
:10BEE00084F8CD3094F8633084F8DB5040F20115CB
:10BEF00043F0040384F8B60084F8AA1084F8633091
:10BF0000944B84F8AC0084F8AB00A4F8A80084F843
:10BF1000D000A4F8A200A4F8C00084F8C200A4F8DD
:10BF2000CE00A4F8D200C4F8D400A4F8D800A065CC
:10BF3000A4F85C5084F85E0084F8C80084F8C3005C
:10BF4000C4F8C400A4F8CA00C4F8DC306FF0590388
:10BF500084F8BD0084F8CC0084F86400C4E9383368
:10BF600010239A4284F8DA301FBF082384F8DA30AD
:10BF7000032384F8BD300123042900F2E680DFE8C2
:10BF800001F0030909030900734B6365002384F87A
:10BF9000AD3010E084F8D03094F8DA306F4A102BCE
:10BFA000626534BF02230123022984F8CD3040F0BA
:10BFB000B68084F8AD100025B4F95420B4F9563099
:10BFC000012140F20110A4F8502084F88D1021774F
:10BFD000A4F85230A4F8B020A4F8B430A4F88E002D
:10BFE000204622856385A4F8AE50A4F8B250A4F888
:10BFF0004850C4E90855FDF731FD2046E562FDF7DC
:10C000002DFD94F88110564884F8E85084F84F507C
:10C0100084F8E950A4F8EA50A4F8EC50F7F791FB43
:10C0200068B194F882104E48F7F77EFB38B194F867
:10C0300083104B48F7F790FB002840F0898094F874
:10C0400081104848F7F77DFB00286AD194F88110E9
:10C050004548F7F776FB002873D094F882104248E1
:10C06000F7F762FB00286CD094F883103E48F7F78E
:10C0700073FB002865D03C4894F88110C4F8840014
:10C08000F7F7AAFB94F88210D4F88400F7F772FB54
:10C0900094F88310D4F88400F7F7CAFB012194F8D0
:10C0A000800005F0A5FFD4F88400F7F731FA94F882
:10C0B0008000012105F06AFF94F8A000FF281BD042
:10C0C000012105F095FF012194F8A00005F05EFF25
:10C0D0000A2005F045FF002194F8A00005F056FF66
:10C0E000DC2005F03DFF94F8A000012105F04EFF93
:10C0F0004FF4967005F034FF1C4B636794F8B6302C
:10C100002BBB2046FFF7A8FD94F8AA30033B012B78
:10C110001DD820460121BDE83840FEF790BC012320
:10C1200035E794F882100F48F7F7FEFA00288DD013
:10C1300094F883100B48F7F70FFB002886D00948C6
:10C140009AE794F8B63043F0020384F8B63038BD6D
:10C15000034891E70000B443E00110012003E0012F
:10C1600084B70020D4B7002024B8002000093D0087
:10C170002DE9F04F2DED068B8FB092460446884690
:10C18000BDF87C20BDF878B00792B0F954209DF836
:10C1900080608A429DF884704FDDB0F95620524588
:10C1A0004BDD06EB46014A0008EB4101002944DD66
:10C1B0000AEBC7014FEAC70E00293EDD07998B4500
:10C1C00040F03C8103EB8303012E069340F01D8178
:10C1D000012F40F01A811FFA8AF94FF0000A069BDE
:10C1E0000525954A0026134413F8012B013D3A42D8
:10C1F000ADB218BF46F001067600F6B2002DF3D1BD
:10C2000076080FFA89F26EB11F2EADB21AD105EB86
:10C2100008010523CDF800B00FFA89F2204609B2D3
:10C22000FEF7B5FE0AF1010A7F0009F10109BAF132
:10C23000080FFFB21FFA89F9D1D10FB0BDEC068B00
:10C24000BDE8F08F1E2E05D105EB08010423CDF8C3
:10C2500000B0E1E706F01C031C2B0FD1360105EB03
:10C26000080104350323F6B2204609B2CDF800B028
:10C270000292FEF78CFE2DB2029AC4E706F0180374
:10C28000182B0DD105EB0801F6000223204609B258
:10C29000CDF800B00292F6B20335FEF778FEEAE779
:10C2A000F3060BD505EB0801B6005B46204609B244
:10C2B0000292F6B20235FEF790FCDCE7760001351B
:10C2C000F6B22DB29FE713F8011B013D0498ADB201
:10C2D000014218BF49F001094FEA49095FFA89F99B
:10C2E000002DF0D193B207FB02A24FEA5909079340
:10C2F00033B212B20AEE103A3BB20593B9F1000F15
:10C300000FD0B9F11F0FADB220D1029B13FB05F185
:10C3100018EE103A4144CDE9007B09B22046FFF700
:10C32000E5F8049B5B00DBB20493079B01331AB270
:10C33000039B013B9BB20393002B3FF47EAF069B14
:10C3400005253D494FF000090B44BCE7B9F11E0F2C
:10C3500008D1029B13FB05F118EE903A4144CDE958
:10C36000007BDAE709F01C031C2B16D1029B4FEA75
:10C3700009192046CDF804B013FB05F1059B5FFABF
:10C3800089F904354144009319EE103A089209B234
:10C39000FFF7ACF82DB2089AB0E709F01803182B94
:10C3A00014D1029B4FEAC9092046CDF804B013FB13
:10C3B00005F1059B08925FFA89F94144009319EE53
:10C3C000903A033509B2FFF791F8E3E719F0100F3F
:10C3D00014D0029B4FEA89092046CDF804B013FB24
:10C3E00005F1059B08925FFA89F9414400931AEE22
:10C3F000103A023509B2FFF779F8CBE74FEA49095D
:10C4000001355FFA89F92DB278E7B3B200220293C1
:10C41000730009EE903A06EB460309EE103AB300BA
:10C4200008EE903A06EB860308EE103A08230393D1
:10C430000123049383E700BFAF760020838DB0F91A
:10C440002E509844B0F934001FFA88F304930FFA81
:10C4500088F3984202937FF7F0AE5544B4F93690D2
:10C460001FFA85FC2DB2A9457FF7E7AEB4F930106D
:10C470001A448A427FF7E1AEB4F93220AE449645C1
:10C480007FF7DBAEB3B206EB46060393BBB2760092
:10C490000A93FF00029B9942CDBF049B194636B216
:10C4A000A3EB010EC8BF76441FFA81FEC8BF36B2A7
:10C4B00001EB06088045C8BFA0EB0E000EF1FF3E61
:10C4C000C8BF06B2AA42CDBFACEB020C2A463FB2AF
:10C4D000674490B2C8BF3FB202EB070CCC45C8BF5F
:10C4E000A9EB000300F1FF30C8BF1FB20EEB06033B
:10C4F00038441BB200B200902046FEF731FA636F59
:10C50000D4F884000C934E4B0D930EAB13E9060048
:10C51000F6F77EF894F88030362B07D8494A19018F
:10C5200002EB03135258DB68C2F888300221204620
:10C53000FDF77EFD039B4FF0000A5B000693B4F904
:10C540003630AB4216DD0A9B2B441BB2099305E043
:10C55000B4F93230AB425BDD01352DB2099BAB4201
:10C5600003D0B4F93630AB42F2DC0AF1010ABAF179
:10C57000080FE4D194F88030362B58D9D4F88400D1
:10C58000F6F7C8F859E6B4F93030BB420BDCB4F921
:10C590003430BB4207DD5B460FFA88F120460B9230
:10C5A000FEF71BFB0B9A013708F102083FB21FFA96
:10C5B00088F8089B4345E6D1039B03991E44059BDD
:10C5C0008944013BB7B21FFA89F913F0FF0336B271
:10C5D000059325D1069B0AEB050907EB03080FFA23
:10C5E00089F91FFA88F8B845B6D0B4F93030B342AB
:10C5F00009DCB4F93430B34205DD079B4A4639B251
:10C600002046FEF7EAFA0136023736B2BFB2EAE751
:10C6100005EB0A020523DDF81090029E12B2059385
:10C62000069BC84637464B449BB20893C1E7054A70
:10C63000190102EB03135258DB68C2F884309DE7FE
:10C64000070000C0984200202DE9F04F89B0044651
:10C65000DDE91279DDF850800592CDE903138AB93E
:10C66000002970D0B0F8C0300FFA89F239B21393B4
:10C670000FFA88F31293BDF9103009B0BDE8F04FFE
:10C68000FEF734BF00250FFA88F3DDF810A0BB4693
:10C690002E460FFA89F206930AF1FF3A0123059913
:10C6A00003FA0AF30B423CD07DB1039B6BB1B4F8A3
:10C6B000C030ABEB050120460792019309B2069BFF
:10C6C00000932BB2FFF758FA079A013600250BF1B9
:10C6D000010BBAF1000FDFD1049B1F446EB1B4F817
:10C6E000BE30B91B0FFA89F2204601930FFA88F386
:10C6F00009B2009333B2FFF73FFA25B3039B13B39C
:10C70000B4F8C0307F1B0FFA89F2204613930FFA5A
:10C7100088F339B212932BB209B0BDE8F04FFFF79E
:10C720002BBA6EB1B4F8BE30ABEB060120460792CF
:10C73000019309B2069B009333B2FFF71DFA079AE3
:10C7400001350026C3E709B0BDE8F08FB0F94830E5
:10C750008B422DE9F04342DD836B046C1D7A5E68E9
:10C76000641B9F7AB0F946C006EBC40595F90680B4
:10C7700008EB570890F88F7018FB07CE72452EDB38
:10C7800095F80390C84407FB08CC624527DA90F877
:10C790008EC0A2EB0E0295F90580B0F944003A4430
:10C7A0001B6818FB0C00013A091AA878614492FB37
:10C7B000F7F210FB02F2013936F8340091FBFCF17C
:10C7C0000A440344C2F3CC0102F00702595C8023FF
:10C7D0001341194214BF01200020BDE8F08300205E
:10C7E000FBE700002DE9F04F0D2997B004460691B4
:10C7F00000F08481816B069A0B7A934200F27E816D
:10C800004A7A06988242C0F07981C31A4F6807EBD2
:10C81000C302039292780992039AD2780B92039AF8
:10C8200092F905508A7A50080A90039890F9060008
:10C8300000EB52000890207FB0B1099894F88EC0A8
:10C840002E18B4F9580006FB0C00B4F95460B0423D
:10C850000ADD002094F88F60A4F85800B4F85A005C
:10C8600006FB0200A4F85A0037F833300968029337
:10C8700094F8BC300C91002B00F0F0804FF0000ACF
:10C88000BDF82070D346D0465FFA8AF30B9A9A42DD
:10C8900000F2E0804FF00003A4F84830039B94F8C6
:10C8A0008E201979B4F8583001FB0233A4F85830BF
:10C8B00024E11BF0070F07D1029B029901330C9A68
:10C8C0009BB212F801800293B9F1070F30D9B8F189
:10C8D000FF0F30D194F88FC0A819B4F85A101CFB80
:10C8E00007F294F88E300A44B4F8581000FB031194
:10C8F000B4F8BE00DB0012B209B2CDE900C0204698
:10C90000FEF7F4FD08231E44A9EB03099B4408FA33
:10C9100003F3F6B25FFA89F95FFA8BFB5FFA83F8EB
:10C92000B9F1000FC5D101370AF1010ABFB2ABE777
:10C93000B9F1030F1DD908F0F003F02B1AD194F8C8
:10C940008FC0A819B4F85A101CFB07F294F88E3067
:10C950000A44B4F8581000FB0311B4F8BE009B0061
:10C9600012B209B2CDE900C02046FEF7BFFD042394
:10C97000C9E71ED108F0E003E02B1DD194F88FC069
:10C98000A819B4F85A101CFB07F294F88E300A4428
:10C99000B4F8581000FB0311B4F8BE0003EB4303D6
:10C9A00012B209B2CDE900C02046FEF79FFD032375
:10C9B000A9E7B9F1010F1DD008F0C003C02B19D1B0
:10C9C00094F88FC0A819B4F85A101CFB07F294F819
:10C9D0008E300A44B4F8581000FB0311B4F8BE00BE
:10C9E0005B0012B209B2CDE900C02046FEF77EFD21
:10C9F000022388E718F0800F15D0B4F88E0040F2BB
:10CA0000011CB4F858106045B4F85A20B4F8BE3090
:10CA10000BD108982944024431442046524409B2BB
:10CA200012B2FEF7DAF801236DE794F88F0094F85C
:10CA30008EC010FB07FE724405EB060E0EFB0C11B8
:10CA400012B2CDE9000309B294F88E302046FEF709
:10CA50004DFDE8E7DDF82490002661E7B4F85800C2
:10CA6000A18D099F014494F93CA0EF1994F88F809F
:10CA70008BB209B2059103990E7994F88E10BE42DB
:10CA800006FB01FEB4F92E60B4BF07FB013703EBD0
:10CA90000E0705FB0133002DB4F934501BB2B4F975
:10CAA0005A10A8BFDDF814B0BFB2B8BF9B460493BC
:10CAB000BCBF002304935D451DDD31441FFA88F39C
:10CAC00012FB08FC0AFB0816079306EB5C06B4F998
:10CAD00036C01FFA86F936B2B4450CDD3FB2B4F960
:10CAE0003030BB4207DC079B02FB0393B4F93220D2
:10CAF0001BB29A4205DD7044A4F8580017B0BDE897
:10CB0000F08F9C45D4F88400A8BF9C46B4F9463009
:10CB10008B42CDF838C01CBF0023A4F84830636FA7
:10CB20001493AD4B159316AB13E90600F5F770FDA2
:10CB300094F88030362B07D8A84A190102EB03136A
:10CB40005258DB68C2F88830BD422B460A9AA8BF0B
:10CB50003B460793089B9D1AA5EB0A0515FB08F5B4
:10CB600059FA85F52DB2AE4230D14FF0000A049B40
:10CB7000D146A3EB0B03CDF820A011935FFA8AF303
:10CB80000B9A9A4204D9B4F93630AB4200F30F81C4
:10CB90000E9BAB4200F31681069BA28D2364B4F872
:10CBA00058301344E28DA4F84430B4F85A3013449A
:10CBB000A4F84630079BA4F84830B4F8BE30A4F877
:10CBC0004A30B4F8C030A4F84C3067E6B4F93230DB
:10CBD000B34205DD01362046FFF72AF836B2C2E738
:10CBE000B4F93630B342F5DD5F4612E0B4F93030C7
:10CBF000BB420CDC324639462046FFF7A7FD60B148
:10CC0000B4F84A30324639462046FEF7DBF90137A0
:10CC10003FB2079BBB42E9DCDCE7059B9F42B4BF08
:10CC2000B4F84C30B4F8C030ECE7B4F93230934289
:10CC300067DD089FDDF80880CDF8289020460F9228
:10CC4000FEF7F6FF0F9A013212B2531B94F88F10C1
:10CC5000DBB2994203D9B4F936309342E5DC0AF1EC
:10CC6000010A1546DDF828900897CDF8088085E779
:10CC7000B4F93030B34213DCB4F93430B3420FDDD1
:10CC8000314620460A92FFF761FD0A9A002835D006
:10CC9000B4F84A30314620460A92FEF793F90A9AD0
:10CCA000013636B2049BB342E2DC119E089F9B45DD
:10CCB000C8BF00260D9BDDF808805E440A934B46F2
:10CCC00036B20D998B421ED1079BB342B6DDB4F943
:10CCD0003030B3420FDC314620460F92FFF736FD6D
:10CCE0000F9A00285BD0B4F84A30314620460F92A4
:10CCF000FEF768F90F9A013636B2E5E7B4F8C030AE
:10CD0000C8E75E46CEE7591C5B07C9B208BF08F109
:10CD100001030F9102BF0C9911F808701FFA83F8F4
:10CD200031467BB210938B1B94F88E00DBB2984295
:10CD300004D87F000E460F9BFFB2C2E7B4F9303033
:10CD40008B420FDCB4F934308B420BDD109B002B8F
:10CD50000BDAB4F8BE302046CDE91212FEF732F9F4
:10CD6000DDE91212013109B2DDE72046CDE91212E8
:10CD7000FFF7ECFCDDE9121248B1B4F84A30204666
:10CD8000CDE91212FEF71EF9DDE91212EAE7059B62
:10CD90009942B4BFB4F84C30B4F8C030EFE7059B0B
:10CDA0009E42B4BFB4F84C30B4F8C0309DE7099B44
:10CDB0002A46089F4B44DDF80880CDF82890DBB266
:10CDC0000D9342E7B4F93230AB4228DD01352046FD
:10CDD000FEF72EFF2DB2DBE6070000C098420020D0
:10CDE000B4F93030B3420CDC2A4631462046FFF716
:10CDF000ADFC60B1B4F84A302A4631462046FEF711
:10CE0000E1F8013636B2079BB342E9DCDEE7059B69
:10CE10009E42B4BFB4F84C30B4F8C030ECE75E4684
:10CE2000F1E700BFF7B51F46838D05461944B0F9F9
:10CE300030300EB2B34221DCB0F93430B3421DDDE4
:10CE4000C38D1A44B0F9323014B2A34216DCB0F9E3
:10CE50003630A34212DD3346224631460094FDF7B8
:10CE60007FFD28460221FDF7E3F83B462246314686
:10CE7000284603B0BDE8F040FDF7AFBE03B0F0BDFB
:10CE8000D308D243C85C02F00702104100F0010051
:10CE90007047F0B50020012602F00707D508C7F15A
:10CEA00008044D5DA3420ED306FA04FCA0402244C0
:10CEB000A7F108040CF1FF3C1B190CEA050540EA38
:10CEC0000500E9D1F0BDE41A9E4098402541013E9D
:10CED00035402843F6E710B51C46FFF7DAFF01227C
:10CEE000631E02FA03F303421CBF02FA04F3C01AE2
:10CEF00010BD2DE9F04F076A85B0044615461E4661
:10CF0000DDF84080002F00F0BF800A2908D10023FF
:10CF100013803B7E32881344338005B0BDE8F08F28
:10CF20000D29FAD0BA7B8A4200F29E80FB7B8B42AD
:10CF3000C0F09A808B1ABA7C5A43BB7C2046396871
:10CF4000FFF7A7FFB9680323002201442046FFF73B
:10CF5000A0FF00900028E0D197F81390032220460C
:10CF60004B4609F10309FFF794FF97F814A04A46CE
:10CF7000019053462046FFF78CFFCA4497F815B03E
:10CF8000524602905B462046FFF7A5FF0BEB0A02D4
:10CF900097F816B08146204603925B46FFF79BFF49
:10CFA000039A8246FB7D5A442046FFF772FF318880
:10CFB0007B7E1FFA8AFABDF808E01FFA89FB0B4452
:10CFC0002A88BDF80410A3EB0E0312FA89F203902D
:10CFD000A3EB0A030FFA82FC94F81C9011FA82F278
:10CFE00018B21EFA83F312B21BB2B9F1000F19D0B6
:10CFF000B4F95440944215DA009B2B8032883B7E72
:10D0000013449BB233809A442A880FFA8AF01EFA9E
:10D010008AFA93440FFA8AF30FFA8BFC11FA8BFB0E
:10D020000FFA8BF20E99B1F900106145C4BF0E9949
:10D03000A1F800C00F99B1F900108142C4BF0F9947
:10D040000880B8F900109142B8BFA8F80020119AE2
:10D05000B2F900209A42BCBF119A1380039A2B8820
:10D060001A4413462B8058E73B7C8B423FF655AF62
:10D07000787C8842FFF451AFCB1AF97B0B449B1AA2
:10D08000BA7C03FB022258E7806B002873D00A2980
:10D0900007D1178094F88F10827A338801FB02330E
:10D0A0003AE70D293FF439AF037A427A9942FFF407
:10D0B00034AF91423FF631AFCB1A416890F80A90F5
:10D0C00001EBC301207F8B78CA7891F804A091F915
:10D0D00005E0897901EB590149B290B10EEB030CDF
:10D0E00094F88EB0B5F900000BFB0C00B4F954C0F5
:10D0F000604506DD2F8094F88F70308807FB0900AB
:10D10000308094F88E0094F88F40B5F800C013FB7F
:10D1100000F3368812FB04F20EFB00CC013B01FB4E
:10D120000466013A0FFA8CF713FA8CFC12FA86F3B4
:10D130000E9A31B2B2F900200FFA8CFC1BB2BA423F
:10D14000C4BF0E9A17800F9AB2F900208A42C4BF5A
:10D150000F9A1180B8F900206245119AB8BFA8F85B
:10D1600000C0B2F900209A42BCBF119A13802B88EC
:10D170000AFB003376E794F88A30012B70D194F8DB
:10D18000633094F85C7013F001031EBF94F85D30B7
:10D1900003EB4303DBB20D295FD00A290CD194F8CD
:10D1A0005D1094F8600094F8C42000FB0122002177
:10D1B0001344DBB20A460AE020293FD1B4F96C30AF
:10D1C000002194F8C32003FB07220B46D2B2288823
:10D1D000024407FB01222A8094F8600094F85D4025
:10D1E00000FB043303301BB23380B5F9002004FB8D
:10D1F000003301FB0722B8F90010013B013A9142CC
:10D20000B8BFA8F80020119AB2F900209A42BCBF1A
:10D21000119A13800E9AB5F90030B2F900209A42A3
:10D22000C4BF0E9A13800F9AB6F90030B2F90020ED
:10D230009A427FF772AE0F9A13806EE62046FCF793
:10D240000EFD002809DBD4F8A4305B6803EBC003B3
:10D250005B68197900231A46B9E700210B46A9E754
:10D2600094F88B30012B52D10A2905D1108094F803
:10D27000601094F85D2010E70D293FF44EAE237F37
:10D2800083B194F85D2094F86030B4F9541013FB26
:10D2900002F3B5F900201A448A42C1BF28803288BF
:10D2A0009B18338094F85F3094F85C00B5F9001057
:10D2B00013FB00F294F8607094F85D00B6F900304A
:10D2C000114407FB00330139B8F90000013B8842E3
:10D2D000B8BFA8F800101199B1F900109942BCBF6D
:10D2E00011990B800E99B5F90030B1F900109942EF
:10D2F000C4BF0E990B800F99B6F90030B1F9001038
:10D300009942C4BF0F990B802B881344AAE60A29BF
:10D3100006D1108094F88F20338803EBC203FBE51D
:10D320000D293FF4FAAD237F8BB1B2F9002006231B
:10D3300094F88E1013FB0123B4F95420934206DDB8
:10D34000288094F88F20338803EBC203338094F84D
:10D350008E100622B5F9003094F88F0012FB0132CE
:10D36000B6F90030013A03EBC003B8F90000013B05
:10D370009042B8BFA8F80020119AB2F900209A4252
:10D38000BCBF119A13800E9AB5F90030B2F9002093
:10D390009A42C4BF0E9A13800F9AB6F90030B2F9C0
:10D3A00000209A42C4BF0F9A138001EB41032A88E0
:10D3B00002EB430356E62DE9F04F89B00C46804658
:10D3C000ADF81630A618169D0DF11E0A15990DF12F
:10D3D0001C0BDDE91397A9F80030BDF848303B80FD
:10D3E00000232B800B80B0F85430ADF81830B0F823
:10D3F0005630ADF81A304FF6FF73ADF81C30ADF86B
:10D400001E30B44218D1BDF91C30BDF9182093422A
:10D4100005DB0133A9F800209B1A159A1380BDF98A
:10D420001E30BDF91A209342A1BF01333A809B1AE6
:10D430002B8009B0BDE8F08F0DF11A030DF1160233
:10D4400014F8011B4046019306ABCDE902BA0093E4
:10D4500012ABFFF74EFDD4E730B590F89740D208F5
:10D46000B3FBF4F5895C05FB1433621ED21A90F805
:10D47000943090F8960012FB03F2D2B211410840AA
:10D4800030BD2DE9F04FD0F8209004462DED048BEF
:10D4900099F80E008BB099F81230884200F2A980FA
:10D4A00099F80F208A42C0F0A480091A03FB01F208
:10D4B000D9F800102046FFF7ECFCD9F8083000221C
:10D4C0000344204608EE103A032318EE101AFFF723
:10D4D000E0FC0690002840F04A8199F8135003229E
:10D4E00020462B460335FFF7D4FC99F814602A46F2
:10D4F000834633462046FFF7CCFC2E4499F815505E
:10D500000746324620462B463544FFF7E4FC99F89F
:10D51000166080462A4633462046FFF7DCFC2E4440
:10D5200099F817508246324620462B46FFF7B1FC49
:10D53000B4F958300590002BBCBF069BA4F85830B6
:10D54000B4F9583013EB080248BFA3EB0803049268
:10D55000B4F9542042BFA4F8583000230493049B2C
:10D560005B44934215DD237F002B00F00081B8F16E
:10D57000000FB4F85A20B6BFC8F1000300231BB255
:10D58000A4F8583099F818301344A4F85A300023FE
:10D590000493B4F95A20B4F95630934240F3E7802B
:10D5A000354499F81960BA4494F8BC10164494F8BC
:10D5B0009430A6EB0A06BA46002900F08880012BB9
:10D5C0007FD9013B4FF0010807354FF0000A08FAF8
:10D5D00003F8F31925F007055FFA88F80693069B10
:10D5E0009E4236D1B4F85830059A1A44A4F858200F
:10D5F000BDE099F810508D420BD899F811208A425D
:10D6000007D399F80F2001310A44521B121A5A43CA
:10D610004EE700224CE72A4618EE101A2046FFF784
:10D620001BFF404509D3049B3A46204603EB090102
:10D63000B4F8BE3009B2FFF7F5FB94F8943009F165
:10D6400001091D44D9450AEB0903E4D19A46013684
:10D65000C5E74FF0000937B2F4E72A4618EE101A72
:10D66000204605F10109FFF70BFC70B34A4603237E
:10D67000204605F10409FFF70CFC871C4FF0000859
:10D680004D46ABEB08092A4618EE101A2046B9F1B0
:10D69000200FA8BF4FF020094B464D44FFF7F9FB80
:10D6A000049B024600214344C844204600934B4655
:10D6B000CDE90167FEF7C8FFC345E2D83E44AAEBB7
:10D6C000070ABAF1000FC8DC8CE70127D6E7012B67
:10D6D000B4F9581090B240F2EF80B4F92C30B4F99C
:10D6E00034A001EB03080499B4F92E3059441FFA11
:10D6F00088FC1844B4F932E008910599A4F85A005E
:10D7000041440898A4F858C08142B8BF014699F82E
:10D710001800B4F9369051450990A8BF5146013917
:10D7200007910798B4F9301081421CDC04988045B9
:10D73000A8BF804628EAE878C24514DD134409985A
:10D7400006EB070B18445845B8BF58464845A8BFD4
:10D7500048460138864506DCB342A8BF334623EA73
:10D76000E373994508DC059B9C44A4F858C00BB0B2
:10D77000BDEC048BBDE8F08F4145774600B2B8BFE1
:10D7800041469E4500902046B8BF1F468946BDF9D8
:10D790001C300FFA88F13AB2FDF7E2F8B7422EDBFF
:10D7A000073525F00705B34540F082802046FDF798
:10D7B000F9F8B4F8C030B4F85A200193236A1B7EFC
:10D7C00013440FFA8BF2A3EB0B031BB20093BDF9CA
:10D7D0001430B4F958102046FEF7CEF902E70FFADC
:10D7E0008AF1B4F8C030204609920AF1010AFDF727
:10D7F000F4F9099A079B9A45F1DD0137CEE7CA464D
:10D800003AB2F7E7B4F93030BB421ADCB4F934303D
:10D81000BB4216DDB4F93230B34212DCB4F9363013
:10D82000B3420EDD049B0FFA87FABB4202DC089B71
:10D83000BB420CDCB4F8C0304A4651462046FDF7E6
:10D84000CCF90137079B9F42DCDD0136ABE7069B35
:10D850002A4618EE101A2046FFF7FEFD94ED277AAF
:10D86000C2B2A3696169204607EE902AC91AF8EE90
:10D87000E77A67EE877AFCEEE77ACDED097A9DF8D4
:10D8800024204A43514603EB52134A4623F078437F
:10D8900023F4F81323F4FC6343EA13439BB2FDF72C
:10D8A0009CF994F894301D44069B01330693C8E715
:10D8B00047460FFA86F9C5E7BDF91430301A08EE6D
:10D8C000903A00B2B4F8C03000902046019318EEB0
:10D8D000903AFEF751F908EB0B030893089A059B61
:10D8E0009B1A0993BAF1000F0EDCB4F8C030B4F8FB
:10D8F0005A200193236A1B7E134432B29B1B1BB236
:10D90000009318EE903A64E72A4618EE101A204663
:10D9100005F10108FFF7B4FA002856D04246032368
:10D92000204605F10408FFF7B4FA00F1020933B20A
:10D93000B4F8C020B4F95810002709EE103ABDF829
:10D9400010300192454606930FFA89F3204607935B
:10D95000069B079A5B1A009219EE102A1BB2FEF77B
:10D960000BF9ABEB07082A4618EE101A2046B8F15F
:10D97000200FA8BF4FF0200843464544FFF789FA1F
:10D98000049B024601213B44474420460093434602
:10D99000CDE90169FEF758FEBB45E2D8089B059A20
:10D9A00093420ED2B4F8C03019EE102A06992046E0
:10D9B00001933944079B09B20093BDF92430FEF767
:10D9C000DBF84E44AAEB090A8CE74FF00109AEE7F9
:10D9D0002DE9F04390F88C308BB004460D4663B1CE
:10D9E00090F8643013B1002380F864302946204653
:10D9F0000BB0BDE8F043FDF72DBF90F8CC7017B920
:10DA000090F8CB3063B30DF126030026294620465B
:10DA1000049309AB009603930DF12203079202933E
:10DA200008AB01933346FFF7C6FC079A17B3BDF85E
:10DA30002430FBB1BDF8201084F8CC6001EB530119
:10DA4000B4F858305B1ABDF82210A4F85830BDF86D
:10DA5000263001EB5301B4F85A305B1AA4F85A305F
:10DA6000AE186FF005084FF00009B5423CD10BB07D
:10DA7000BDE8F08394F8CB30002BF1D0BDF8240042
:10DA80000028EDD0002384F8CB3094F86330990659
:10DA900011D5B4F9543003EBD371BDF8203003EB4A
:10DAA0005003C3EB6103A4F8583094F8633003F0DB
:10DAB000DF0384F8633094F863305B06D0D5B4F9A3
:10DAC0005630BDF8260003EBD371BDF8223003EBCE
:10DAD0005003C3EB6103A4F85A3094F8633003F0A9
:10DAE000BF0384F86330BBE7236A15F8011B83B1D9
:10DAF0000A29BAD00D2908D11B7EB4F85A20A4F8FF
:10DB000058901344A4F85A30AFE72046FFF7B9FC09
:10DB1000ABE7A76B8FB10A290BD1B97AB4F85A20B9
:10DB200094F88F00A4F8583000FB0122A4F85A2082
:10DB30009BE72046FEF756FE97E70A290AD194F89C
:10DB40008F20B4F85A3003EBC203A4F85A30A4F87B
:10DB500058708AE70D2988D094F88F302046B4F9A0
:10DB60005A20039394F88E300293B4F892300193C4
:10DB7000B4F8903000930B46B4F95810FEF7F8FA59
:10DB800094F88E10B4F8583001EB410203EB4203D5
:10DB9000227F1BB2A4F85830002A3FF466AFB4F9D4
:10DBA000542008FB012293427FF75FAF94F88F3037
:10DBB000B4F85A2003EB430302EB4303C5E710B567
:10DBC00090F88C30144692B21BB1FDF743FE20460C
:10DBD00010BDFFF7FDFEFAE707B501228DF807102B
:10DBE0000DF10701FFF7F4FE012003B05DF804FB1F
:10DBF000704700207047012070477047704770479A
:10DC00000023064A436013680BB9106070471A4638
:10DC10005B68002BFBD15060704700BFB8680120E3
:10DC2000F7B516460D461F46089A044658B153B13B
:10DC300006B141B13B4632462946204603B0BDE815
:10DC4000F04000F097BA0749074803F065FE2B46FD
:10DC5000224606490448CDE9006703F05DFE002036
:10DC600003B0F0BD8173002090B80020D77300206E
:10DC700070B504461D460846043311469DF81060F1
:10DC800084F8A10CC0F3032084F8A33C1B129DF878
:10DC9000142040F0200084F8A43C002384F8A20C57
:10DCA00084F8A55C84F8A63C84F8A76C84F8A82CBA
:10DCB00025B12A4604F6A94004F04AFC094B04F6B3
:10DCC000A1411A681A68084B1A6005F1080240F66B
:10DCD000B213D2B204932346D4F89C0BBDE8704033
:10DCE000FFF79EBFBC4702202839022037B50D46FA
:10DCF000991CD0F8C44711D0591C03D0D91C0FD19E
:10DD0000A38B00E0638BA18D1C0ADBB2019400930E
:10DD100013462A46FFF7ACFF03B030BD238BF2E772
:10DD20009BB2F0E708B504F0C1F9044B044A196846
:10DD300011601A68034B1A6008BD00BFBC4702207F
:10DD40002839022024390220D0E908231BB11A62A5
:10DD500022B15362704703490A60F9E7024A13602F
:10DD6000704700BFC0660120BC660120D0E90823CF
:10DD70001BB11A6222B15362704703490A60F9E786
:10DD8000024A1360704700BFCC660120C4660120C0
:10DD9000F8B54FF480314E4B40244FF480554FF48A
:10DDA00000564FF4404743F2420C1A6A900704D5DC
:10DDB0009F625962C3F828C0F7E7900401D45E62FD
:10DDC000F3E7D00401D45D62EFE7002AEDDA12F444
:10DDD000803001D09962E8E7520601D45C62E4E742
:10DDE0003C4A3D4CD2F8803043F00303C2F8803007
:10DDF0004FF04042394B9A634FF440425A63052238
:10DE0000186003F58F130A20C3F8B4200822C3F862
:10DE1000A422334B5A6842F080625A604FF080620D
:10DE2000C3F8842004F09CF8D4F8403143F0020396
:10DE3000C4F84031D4F8405115F00205FAD1294E0A
:10DE400002F0AEFD2B4601253246013342F8045B59
:10DE5000202BFAD14FF480720021234804F012FCE9
:10DE60000023224A13700322C4F89050C4F8A8215A
:10DE7000C4F84831C4F85461C4F84C31C4F858317E
:10DE80001B4B1C4AC4F84031D4F8843143F480530E
:10DE9000C4F88431D4F85831D4F85431164BC3F84F
:10DEA00000224FF0E0234FF48032C3F80C21134BD3
:10DEB000C4F84831D4F8483143F01203C4F848316B
:10DEC000D4F8483143F44023C4F84831F8BD00BFCA
:10DED00000800D4000C00F4000022E4000A00D4009
:10DEE0000080004200E00020835602207656022087
:10DEF000158B010099A9010000D400200400000343
:10DF0000C36870B504460D469BB1632911D904F06E
:10DF100001F82449244E0A68A0605AB94FF04043E2
:10DF2000A2610C60C4E90452013DC6F88850C6F8ED
:10DF30008C3070BDD6F88C3023F07F439D4218D2D0
:10DF400072B600204FF000725B1BC6F88C00C6F85A
:10DF500044210A682561013D0C60C4E90520136174
:10DF60004FF040439461C6F88850C6F88C3062B6D2
:10DF7000DFE7ED1A536923B9C4E90453A261546180
:10DF8000D7E71A69AA4209D9521B1A619A69C4E9EA
:10DF90000453A2619C61A3695C61CAE7AD1A1A4689
:10DFA000E8E700BF7C56012000022E4070B50A460B
:10DFB00004460369996849063AD54021966803F1F9
:10DFC000340591601168196051685960D168D96051
:10DFD000116919615169596191699961D1699C62AD
:10DFE000D961D16AD962116B1963D2E90D0185E853
:10DFF0000300D16BD9631946086801281AD10A6059
:10E000001946106000200D68AA4215D1002248620E
:10E010000A6294F8342012F0FD0F13D10D48026803
:10E020005A62AAB90C4A1360016001209E6070BD5B
:10E030001B68BFE70968DFE70D68C1E908500846BB
:10E040002946E0E7054802685A620AB9044AEAE745
:10E050001362E9E7BC660120C0660120C4660120A6
:10E06000CC6601202DE9F8439946CB8880460E46C0
:10E07000B3F5804F17460AD802F04CFC054630B184
:10E0800002F048FC044628B9284602F04BFC002068
:10E09000BDE8F883F388002B65D002F03BFC20B983
:10E0A000284602F03FFC2046EFE733780122D909E9
:10E0B000F38842600A0242EA034227F47F6342F097
:10E0C000004223F00F0342F08002826003F5805289
:10E0D000C760026103F50052426103F5405203F547
:10E0E00080438261C36181F00103D8F80020286079
:10E0F0000460826201221D496A60A96026F47F6182
:10E10000EE6021F00F0101F58050286101F500500B
:10E11000686101F5405001F58041A861E961144949
:10E12000626041EA0323D8F800002946A360002377
:10E13000E3604FF4805323614FF4005363614FF465
:10E140004053A3614FF48043E361F3882363336852
:10E15000636373682260C4E90A07C4E90E39BDE845
:10E16000F843FFF723BF01232860C3E780020800BC
:10E17000808000802DE9F84F4FF0E0254FF4803982
:10E180009B468246D5F80C310F46C5F88C91164651
:10E1900003F4803802F0BEFB044640B9B8F1000F2A
:10E1A00002D10020BDE8F88FC5F80C91F9E706F11F
:10E1B000FF3905464FEA9939B9F1000F38D10120EE
:10E1C0002346DFF8BCE02860C5E90AA7C5E90C6969
:10E1D000C5E90E9B9AF835502D02B6F5804F586070
:10E1E0008DBF4FF0000C4FF0010C31464FF48041D1
:10E1F00045EACC3242EA014242F080029A6007EAE4
:10E200000E02DF6002F58059C3F8109002F5005944
:10E21000C3F8149002F5405902F58042C3F81890F3
:10E22000DA61BCF1000F1DD10F44761A1B68D4E7E8
:10E2300002F070FB88B92646236830461C4602F07F
:10E2400071FBAE42F7D1B8F1000FAAD04FF0E02336
:10E250004FF48032C3F80C21A3E7286009F1FF399D
:10E260000546A9E721465046FFF7A0FEB8F1000F8A
:10E2700098D04FF0E0234FF48032C3F80C2191E79F
:10E2800000F0FFFF826812F0FC0F08B507D11204FE
:10E2900003D5836ADB6B03B19847012000E00020BF
:10E2A00008BD00002DE9F8431F4B4FF000081C6823
:10E2B0000CB9BDE8F883A368256A13F080061AD16B
:10E2C00013F07C0F17D020462746FFF73DFD284668
:10E2D000C4E90866A66A80B93B683B683361F060B0
:10E2E000B061206AD8B9336C13B1206220469847D8
:10E2F000204602F017FB2C46DAE7836AD0F820901C
:10E30000B3420AD1854208BF4D46FFF71DFDC0E963
:10E310000888386207464846DDE73846FAE7076A64
:10E3200002F000FB3846DDE7C06601202DE9F84326
:10E33000644CD4F844516B03C4F8445154D42F03B3
:10E3400063D4A80701D5FFF7ADFF690731D5D4F82D
:10E35000847147F02A03BA07C4F8843111D517F045
:10E360000109594B62D01A78012A0AD8012225F0F6
:10E3700080751A70554BC4F880304FF04043C4F894
:10E3800084303B0715D4504A1378022B11D17807FB
:10E390000FD50321117042F21072C4F880204FF0A3
:10E3A0004042C4F88420D4F88421910501D5484A1C
:10E3B0005363EA010BD5444B1A78012A44D1022257
:10E3C0001A70D4F8843143F48073C4F88431AB01FB
:10E3D00062D500223F481546036811469446002B3B
:10E3E00041D1002A45D155E03B4B1F68002FA6D0F4
:10E3F0003846FFF747FFD7F8208020B13846FFF7AF
:10E40000A3FC02F08FFA4746F0E7344B1F68002F59
:10E4100097D03846FFF736FFD7F8208020B138462E
:10E42000FFF7A4FC02F07EFA4746F0E70222DFF88D
:10E43000B08083F80090264BD8F800009A6300F073
:10E4400049FDC8F800909CE7032AC0D104221A7045
:10E450000022D4F884011146C0F3816000F046FC2C
:10E460001F4B1860B3E75E6929B16B61C3F814C034
:10E470001EB906600EE01946F8E73269C6F818C002
:10E48000042A0BD9013A4FF040430660C4F88820B3
:10E49000C4F88C30002459B9BDE8F88322B17569FD
:10E4A00015B12F6917442F611D460122334696E7A7
:10E4B000C8684D690368C1E905449B6898472946C7
:10E4C000E9E700BF00022E4076560220A086010038
:10E4D00000A00D407C560120C0660120CC660120C2
:10E4E000E0660120824B012A2DE9F74F01FB03F37F
:10E4F000016B144638BF0124097D1B0C02294FF023
:10E50000010165D10F2C4FF0FF37DFF8E88128BFFC
:10E510000F24013C01FA04F53C46B5F5807F2E46F8
:10E5200028BF4FF48076F108012938BF0121A0F8F7
:10E53000441003F15701002349099E464FF0000C97
:10E540001EF80890B6448944CC4538BFCC46BEF18D
:10E55000FF0FF5D9BC4538BF1C4603F1010338BF96
:10E5600067469E42E9D1BB2F03D9002003B0BDE826
:10E57000F08FC9B22346A0F84860A0F84A4080F85E
:10E580004E10FF2B12D9012A20D9022A15D104F0EE
:10E59000010255239340DBB280F83630E308A0F83F
:10E5A0004630002380F837300120DFE718F8037089
:10E5B0000F4408F803703344E3E7042DD9BF04F097
:10E5C0000302112304F007020123E3E7FF23E3E73B
:10E5D00005250A4642EA52018C4204D9013D4FEA20
:10E5E0004202F7D1202291B20191A0F8441090F894
:10E5F000351059B984335B09009302234FF0000CA6
:10E600004FF0FF3A66465446674626E066330221DD
:10E610005B090091F2E71EF8019B00999EF80180CA
:10E6200089449EF8025098449EF803101D44C14549
:10E63000194418D9A9451CD9494538BF49465145FF
:10E6400038BF5E460BF1010B3CBF8A463C46BBF12E
:10E65000040FE0D117441F2F0FD826494FF0000BAD
:10E6600001EBC70ED7E7A84503D9414538BF41465E
:10E67000E5E7A94238BF2946E1E70CF1010C9445D2
:10E68000C2D1BAF1BB0F3FF670AF019906EBC405DA
:10E69000A7B29DF800C0A0F84810DBB215494FEAB8
:10E6A000C20EA0F84A702944A0F84C6080F84EC011
:10E6B00080F84F301F2C0CD90123A0F8467003FAC4
:10E6C00006F280F836201C22B24080F83720184627
:10E6D0004CE70D78144465440D708D781D448D70A1
:10E6E000CD781D44CD700D791D440D717144E1E765
:10E6F000AB2A010083560220F0B5B0F8461040F076
:10E700000206B0F84440174D1F2900D9F0BD55F856
:10E710002120D7070AD402F0060C22F01F03BCF117
:10E72000020FB3F844700ED1BC420CD9026045F818
:10E7300021602144E8E78342FBD01A68D20706D45F
:10E740001B6823F01F03B3F84420A242F3D21A46F9
:10E750008242EED0126832F01F02F9D11A680260CC
:10E760001E60E6E700E000202DE9F047DDF820908C
:10E7700006460F4615469A4602F0BCF8044638B1E4
:10E7800002F0C8F8804630B92046444602F0BAF894
:10E790002046BDE8F08760220021204603F072FF8A
:10E7A0003C22002108F1040003F06CFF0123402209
:10E7B000032FC8F80030C8F80820C4F8108026637A
:10E7C000636184F835A084F834700FD1099A494602
:10E7D0002046FFF787FE824600285ED1404602F0C1
:10E7E000A1F8204602F08EF85446D1E71DB17368B7
:10E7F000002B3AD17460327D002F3CD000210A46B4
:10E800002B0243EA8133717D43EA09430B43317D97
:10E8100043EA013343EAC26343F070436360B37D6C
:10E82000F27D1B0443EAC25394F8372043EA0223E3
:10E8300094F83620134343F08043A36037F002037B
:10E8400024D1174B44F00201D3F85821D2B96268A1
:10E8500042F4004262602160C3F85841D3F840217D
:10E8600042F02002C3F8402192E71A469B6B002B2E
:10E87000FBD19463BFE7012A4FF001018CBF002256
:10E880000122BDE713682360116081E7032F7FF445
:10E890007FAF2046FFF730FF7AE7002DA7D1ADE725
:10E8A00000022E40F8B590F83430044613F0FD0F06
:10E8B00052D1036823F01F0398421AD1584BD3F862
:10E8C000402122F02002C3F84021D3F8442112F461
:10E8D0000042FAD1C3F85821524B186838BB20695E
:10E8E00030F01F0340F097802046BDE8F84002F06A
:10E8F00009B819681A4621F01F039C42F9D16368D0
:10E900001B0403D5536843F400435360236813602A
:10E91000434BD3F8402142F04002C3F84021D3F8E2
:10E9200044219706FBD52022C3F84421D4E7836A0B
:10E93000056AA34207D1FFF707FA236933F01F02E4
:10E9400005D0984201D12846C8E71B68F6E79842EF
:10E95000F9D001F0E7FFF6E73348202150F8043BF7
:10E96000DE0706D423F01F039C4224D1236840F81D
:10E97000043C0139F2D1236BB4F848001B7DB4F894
:10E980004A20022B94F84E6024D12849FF2A1CD932
:10E99000274B18680028A2D0836A056AA34207D1D2
:10E9A000FFF7E4F9236933F01F022FD098422BD1EF
:10E9B0002846EFE713461A68D507DAD422F01F027B
:10E9C0009442F7D122681A60D3E7535C9B1B5354DF
:10E9D0000244DBE7B4F84C50C700144B05EBC2050A
:10E9E00094F84F102B441F2AD2D81D780244AD1B37
:10E9F0001D709D786D1A9D70DD786D1ADD701D7922
:10EA00006D1A1D713B44EEE71B68CCE79842CFD0EE
:10EA100001F088FFCCE7056801F084FF28465FE736
:10EA200000022E40C066012000E000208356022034
:10EA3000CC66012038B5074B1D6805B938BDEC68B8
:10EA40000CB9AD68F9E723682046DB68984764682D
:10EA5000F6E700BFD86601200023064AC0E901336B
:10EA600013680BB9106070471A465B68002BFBD126
:10EA700050607047B4560120F0B40C69002C32D0BD
:10EA8000D66A48B3235C0133DBB266B37278032ADB
:10EA900029D1235402253278E71C03EB5201312996
:10EAA000C2BFC3F132025200D2B25FFA85FCD9B2C2
:10EAB000624501D9302911D923440022DA70431C60
:10EAC000C0F10202DBB2D2B2032B04EB030088BF19
:10EAD0000022F0BC03F0D6BD0346D6E7715D0235D7
:10EAE000F9540133E1E7F0BC704700002DE9F04F25
:10EAF0002F4F85B0834600253C68DFF8BC80DFF8E7
:10EB0000BC90B8F800606CB92A4D731909350393AD
:10EB1000039B9D421AD26B7895F80090042B1DD070
:10EB20004D44F5E7A268BAB92368093E5946204624
:10EB300000961E684B46B04768B163684DB16B6084
:10EB40000023C4F808B06360CBF80C4005B0BDE802
:10EB5000F08F3B60F4E725466468D2E7B9F1090F0E
:10EB6000DED1039B4FF000083C68A3EB050A002CA4
:10EB7000D6D0A368C3B923680122CDF800A05946B6
:10EB80001B6820461E462B46B04760B16368B8F14B
:10EB9000000F0BD0C8F80430DBF80C306360CBF802
:10EBA0000C40C4F808B0A0466468E0E73B60F3E7B7
:10EBB000B4560120C0F80020344B0220C9F80020D0
:10EBC000084A094B10B51968107801300B468028A7
:10EBD00028BF01200BB9107010BD5C7DA042F4D09D
:10EBE0009B68F7E7015C0220D866012070B5037EC0
:10EBF0000446092B68D8DFE803F0050E191F2B3BEC
:10EC00004B50565F314B32490B604FF400234B6041
:10EC10000023304A17E0FFF7D3FF2D49000440F4EA
:10EC2000A060086000231A464B600CE0274B28497F
:10EC30000B604FF49013EAE7274A284B2449C1E9B7
:10EC400000230023264A2046BDE87040FFF70ABA99
:10EC5000438C204A204843F0FF6312F8045B1C49B0
:10EC600043F4802340EA054008604B600023EAE754
:10EC7000184A438C16495578174843F0FF6304320D
:10EC800043F4802340EA05404B6000230860DAE744
:10EC9000104A438C0E499578EEE7124B0C490B60F5
:10ECA0004FF41023B3E70B4A0F4953880D480B80EC
:10ECB0001B0407490860D8E7064B05495B791B042C
:10ECC00043F410630B60ADE770BD00BF8006000128
:10ECD000C0000120C0F80020800600030000FC07EF
:10ECE000C4F8002080060002344B0220F7B5074626
:10ECF0000E46154601F0EEFD0446B0B12822002173
:10ED000003F0C0FC00230822E57527751946A67597
:10ED10002046CDE900231A46FFF726FD0546206070
:10ED200030B920462C4601F0DDFD204603B0F0BD91
:10ED300001F000FE23680D4A2061DA630C4A1A6470
:10ED4000012283F835200B4B1A700B4A136833B934
:10ED50001460002320462376FFF748FFE5E71A46B4
:10ED60009B68002BFBD19460F3E700BFE9B301007F
:10ED70001DB50100B5570220D8660120836A0246FE
:10ED8000C06B10B51C6B28B1036811465B68BDE809
:10ED900010401847237E84F82400092B7BD8DFE835
:10EDA00003F0051722394E545A606B7222683C49B1
:10EDB0005368C97923F0FF6323F4E02343EA014356
:10EDC0005360012320462376BDE81040FFF70EBFB5
:10EDD000344B226859886175536823F07F030B43D5
:10EDE00053600223EEE72E4B1A79D87B62765A796C
:10EDF000197CA2769A799970E2761A895870E28322
:10EE00005A8922849A7B1A700243114314BF032348
:10EE10000723D7E7224B1A79032A20D95A79032AE4
:10EE20001DD1DA8862841A78002A35D15A78002AEE
:10EE300034D19B78002B0CBF07230623C2E7214661
:10EE40000020FFF719FE164BF0E721460120FFF7DF
:10EE500013FE134BEDE721460220FFF70DFE0723BB
:10EE6000B0E70F4B5A88104BB2F5006F88BF4FF4D4
:10EE700000621A800823A5E7094BDA791B7A22770A
:10EE8000637709239EE72046FFF730FE0A2300221E
:10EE90002376064B1A7010BD042393E7052391E7F0
:10EEA000C0F80020C0000120344B0220B5570220DA
:10EEB000836A186B90F824300133DBB2182B80F88A
:10EEC000243001D8FFF792BE014B00221A70704720
:10EED000B5570220F8B5064658B1C4680027174D4B
:10EEE00044B975688DB93068FFF7DCFC144A1468C2
:10EEF0008CB9F8BD236820461B69984763682A6867
:10EF0000A76062602C601C46EAE7AC6B2846FFF7FE
:10EF1000C9FC2546E6E7B442A3680CD14DB913609D
:10EF2000206908B101F014FD2046BDE8F84001F069
:10EF3000D9BCAB60F4E725461C46D9E7B45601209E
:10EF4000D8660120F8B5044600F1100500F1280646
:10EF5000002755F8040F20B10368A168DB699847C2
:10EF60002F60B542F5D1F8BD406910B103681B6A46
:10EF700018477047CB0810B500EBD10411F007011A
:10EF80001DBFC05C0134C1F108030B4618BF40FA35
:10EF900001F193420AD307D91F2A9FBF012303FA25
:10EFA00002F202F1FF331940084610BD14F8010BBC
:10EFB000984008330143ECE72DE9F04F012A85B072
:10EFC00004460F461D46DDF838C003D0002005B0CA
:10EFD000BDE8F08FBCF1180FF8D91B795A1E012A31
:10EFE000F4D869790329F1D16A7A082AEED9A87A86
:10EFF0002128EBD195F80EE0BEF1000FE6D00620F7
:10F0000011FB0E019142E1D102F10906B445DDD3B5
:10F01000002105F10F0801EB410018F80090B9F14B
:10F02000220F58D12918487C097C41EA0021B4F804
:10F030003C078842A4F8BC10C8D3072111FB036128
:10F040008C45C3D3012BA95D49D10729BED12A44E0
:10F05000917A0529BAD1117B0329B7D1D07A567B91
:10F0600092F80EE092F80FC010F00F02AED000F050
:10F07000F0008028AAD146EA0E263846CDE9006C79
:10F08000FFF772FB0023E0602361A685E368384642
:10F090004E4A4F49DA630023B4F8BC20C4E9053373
:10F0A000C4E90733C4E90933AB7884F83E37AB7958
:10F0B00084F83030EB7984F83130AB78616304F157
:10F0C000340143EA024304F56672A3632346FEF764
:10F0D000C9FF01207BE7013171459CD376E7072901
:10F0E0007FF474AF2A44937A052B7FF46FAF137BC0
:10F0F000032B7FF46BAF92F80BA0D37B1AF00F00B9
:10F10000567B92F80EC002933FF460AF137C072B3E
:10F110007FF45CAF537C052B7FF458AFD17C03297F
:10F120007FF454AF92F8128092F81490537D927D40
:10F13000039218F00F023FF449AF0AF0F00B46EAD1
:10F140000C2649EA0329BBF1800F1FD118F0F00A01
:10F150007FF43CAF029B024638460291CDE9006342
:10F160000123FFF701FB039BE0604246029938460A
:10F17000CDE900935346FFF7F7FAB3B21FFA89F6C9
:10F18000A385144B2061E685C3637FE7BBF1000FC5
:10F190007FF41CAF08F0F008B8F1800F7FF416AFD1
:10F1A000039B38460391CDE900930123FFF7DCFA76
:10F1B000029BE060524603993846CDE900635B4606
:10F1C000B6B2FFF7D1FA1FFA89F3D9E771BF010090
:10F1D00081060022ABB8010010B504460321C030FF
:10F1E00001F0C9FB04F5F070052101F0CFFB04F537
:10F1F0004870012101F0EAFB2046BDE81040FFF70E
:10F200002BBC70B400F55972CD6A00F55D74012312
:10F2100052F8046FAE420BD190F8782322EA030330
:10F2200080F87833406940B1036870BC9B68184728
:10F230005B00A242DBB2EBD1F4E770BC7047014641
:10F24000C06B08B1FFF7DDBF704741EA022200F151
:10F25000340142EA03434363DDE9003243EA0243F7
:10F26000029A836303468068FEF7FCBE0023064AC9
:10F27000436013680BB9106070471A465B68002B37
:10F28000FBD15060704700BF84670120F8B50B4B7D
:10F2900005460E461C6864B123682946AA682046C4
:10F2A0001F683346B84730B1022802D1012385F8E0
:10F2B0007A332046F8BD6468EDE700BF846701201B
:10F2C0002DE9F047002400F56675B0F8BC800746CC
:10F2D00026462146A844A1464FF0010A80F8BE40C8
:10F2E000454511D3C4F10602062C04F105044FF084
:10F2F0000001D2B207EB84004FEA820288BF0022ED
:10F30000BDE8F04703F0BEB92B78FE2B02D105F221
:10F310000115E5E703F00302022A17D0032A19D0EA
:10F32000012A0DBF6A780135002202354545D9D83A
:10F3300003F0FC03842B2ED010D8082B2ED0802B6A
:10F3400022D0042BCCD11FFA82F9C9E7B5F80120ED
:10F350000335EBE7D5F801200535E7E7B02B13D0EF
:10F3600014D8902B10D0A02BBAD15EB9052C09D897
:10F3700041EA09413846FFF789FF07EB840301346E
:10F38000E4B258610136F6B20021A9E7C02BA7D13B
:10F3900036B1013EF7E787F8BEA0A1E791B29FE73B
:10F3A00031469DE770B5044640690D46002852D1AC
:10F3B0006A6B2C4B9A4253D1B4F8BC302A6B9A42F8
:10F3C0004ED12046FFF77CFFD4F85833A28D4BB9BD
:10F3D000D4F838379B1AC4F858339B1AC4F85C33F6
:10F3E000C4F83837D4F858132346E068FEF7C2FE55
:10F3F000D4F85C1321B12346A28DE068FEF7BAFE73
:10F40000D4F8601321B12346A28DE068FEF7B2FE66
:10F41000D4F8641321B12346A28DE068FEF7AAFE5A
:10F42000A06840F24C53C28B9A4219D1038CB3F5B9
:10F430001A7F03D040F22F42934211D10A4A4FF46F
:10F44000802304F13401C4E90D232346074ABDE8B3
:10F450007040FEF707BE0368DB6898470028A7D016
:10F4600070BD00BF810600222109F403DFCF002018
:10F470002DE9F04FB0F8BC304FF0000B00F5667787
:10F48000D946DA46FB185C465D462DED028BA5B0E9
:10F4900008EE102A30220B9018A817910021139320
:10F4A00003F0F0F8CDF820B0CDF818B0CDF844B0A6
:10F4B000CDF830B0CDF810B0CDF848B0CDF80CB0E4
:10F4C000CDF81CB0CDF824B0CDF840B0139B9F42CE
:10F4D00004D325B0BDEC028BBDE8F08F3B78FE2B4A
:10F4E00003D17B7803331F44F0E703F00302022AC1
:10F4F0001FD0032A21D0012A0DBF97F801800137C0
:10F500004FF00008023713998F42E2D803F0FC0352
:10F51000802B00F0BC8020D8182B6DD011D8082B80
:10F520005BD0142B3CD0042BD0D11FFA88F30C9362
:10F53000CCE7B7F801800337E5E7D7F80180053756
:10F54000E1E7282B70D0742B40D0242BBED1012AA8
:10F5500034D14FFA88F30893B8E7A02B79D00AD8B2
:10F56000902B00F08F80942B33D0842BAED15FFA98
:10F5700088F31293AAE7B02B00F08480C02BA5D1AA
:10F58000079B002B7ED0013B13F0FF03079379D13B
:10F59000002D77D02B68284600259B69984771E09D
:10F5A000012A03D14FFA88F306938FE7022A02D18A
:10F5B0000FFA88F3F8E7CDF8188087E7022A02D11E
:10F5C0000FFA88F3C7E7CDF820807FE71FFA88F9A4
:10F5D0007CE71FFA88F3049378E7172C3FF676AFA1
:10F5E000B8F11F0F7FF672AF24AA631C02EB44042C
:10F5F00024F8308CDCB269E7FF2C1EBF0023039394
:10F600009A4624AB03EB8A0323F8308C039B43F028
:10F610000103032B039305D10AF101035FFA83FA77
:10F6200000230393FF2451E7FF2C4FF0020224A98B
:10F630001EBF00239A460393012312FB0A3301EBFA
:10F64000430323F8308C039B1343032BE4D0039232
:10F65000E8E7079B93B90C9ABDF8603043EA024390
:10F660001093099B052B9FBF0B9A01330999DBB2BD
:10F670008FBF079D02EB810209935569079B0133F8
:10F68000DBB2079300239A461C4618931EE70B9B98
:10F6900093F8BE3023B19DF85C30129A9A42F1D1B2
:10F6A00018F00103059300D10DB9049BE7E02B6826
:10F6B0002846089A1099009242461E69069BB04758
:10F6C0000C9B18F002064FEA03430D937AD0182CD6
:10F6D0001FD9BDF860600124BDF8628009F1FF33D5
:10F6E000CDF838B014930123149A03FA02F203FA06
:10F6F00009F35B421592169300230F93DDE9043260
:10F700009342D2D9002C48D0464517D2731C0A9395
:10F7100026E0049B012B0ED9012C0CD81BBF119B9A
:10F720000124BDF8606003F47F4618BF06F58076BB
:10F730004FF6FF78D2E7059E3446F9E70F9B9A45CE
:10F7400035D90133DAB213460F9224AA02EB8302B1
:10F7500032F8302C0A9224AA02EB830333F82E8C61
:10F760000D9B4A460E9918EE100A334307EE903A65
:10F77000FFF700FC069B0246002B2B6819DB5B6938
:10F7800017EE901A284698470E9B11964B440A9EF6
:10F790000E93059B01330593B0E7731C24AA172B26
:10F7A00002EB460628BF172336F8306CAFE70A96FF
:10F7B000D6E714991E29E2D8159908421CBF16995C
:10F7C0000A43DCE7BAF1000F5CD0B9F1010F59D15F
:10F7D000BDF86230BDF860400A930596049B0BEBC0
:10F7E0000601B34201D89B444CE70A9B9C4214D2C9
:10F7F00004F101080D9B012218EE100A1C43FFF7CB
:10F80000B9FB069B0246002B1CDB2B6821462846D1
:10F8100001365B6944469847E0E7059B9A450FD956
:10F820000133DAB21346059224AA02EB830232F8BE
:10F83000308C24AA02EB830333F82E3C0A93D9E7D9
:10F84000A046D7E7C30748BF60F00102DDE74A469C
:10F85000214618EE100AFFF78DFB069B834209DC58
:10F86000089B834206DB2B6801220D995B690143EB
:10F87000284698474C440136049BB342E7D803FB23
:10F8800009BBFFE65C46F7E770B504464069D1E97D
:10F890000B5650B994F8BE3043BB33462A464FF45A
:10F8A00080712046FFF7E4FD04E003685B68984739
:10F8B0000028EFD0124B9D4210D9A28D25F01F03D6
:10F8C0002A44BFF34F8F4FF0E021C1F8703F20333F
:10F8D0009A42FAD8BFF34F8FBFF36F8F2346A28DA2
:10F8E0002946E068BDE87040FEF744BC012EE1D92E
:10F8F0002A46731E12F8011B41F48071D1E700BF44
:10F90000FFFF1F200146C06B08B1FFF7BDBF704766
:10F9100070B5044600F55E76002594F8B633AB4228
:10F9200019D800251C2204F55F70C4F8BC53294681
:10F9300084F8B653C4F87853C4F8985384F8B9538C
:10F9400084F8BA53C4F8BF5302F09CFE84F8C35342
:10F95000C4E9F15570BD56F8040F08B1FFF7BAFAC3
:10F960000135DAE7F8B504460D4606980AB10020DD
:10F97000F8BD4A49C4F854134949C4F83813A96971
:10F9800021F07F4121F0FF01B1F5106FEFD1E97E49
:10F990000229ECD884F8B0230F2803F1100394F85F
:10F9A000B02324D8002AE2D000211C2204F55F7085
:10F9B000C4F8BC1384F8B613C4F87813C4F89813C9
:10F9C00084F8B91384F8BA13C4F8BF1302F05AFECE
:10F9D000344A4FF4801304F55C712846C4E9DC23F3
:10F9E000234604F56872FEF73DFB0120C0E713F8DB
:10F9F000101C092944D113F80F1C042940D113F815
:10FA00000C1C01293CD113F80B1C092938D113F81F
:10FA1000096C022E34D813F8071C072930D113F8CB
:10FA2000061C05292CD113F8051C01F0F0018029D2
:10FA300026D113F8041C032922D113F8031C012931
:10FA40001ED113F8021CD9B913F80D7C13F80E1C43
:10FA5000C2B984F8B11313F80D1C84F8B21313F86B
:10FA6000091C84F8B31313F8051C01F00F0184F886
:10FA7000B41313F8011C84F8B513013284F8B023D1
:10FA8000103889E794F8B1C38C458DD194F8B3133D
:10FA9000B142F2D284F8B273E1E700BF09740020EA
:10FAA0001F740020A006002910B5044607210C3061
:10FAB00000F056FF04F5A070022100F05CFF04F591
:10FAC0000070042100F062FF04F54070012100F095
:10FAD0007DFF2046BDE81040FEF7BEBF38B50446A6
:10FAE00071B190F8B6338B420AD3012390F8B92351
:10FAF00003FA01F52AB190F8C3332B4384F8C333DA
:10FB000038BD80F8B933074BC0E9DC31034600F556
:10FB10005C718068FEF7A6FA94F8C33323EA050304
:10FB2000ECE700BF2303080038B590F8B63304466D
:10FB30008B420AD3012390F8B92303FA01F52AB1C5
:10FB400090F8C4332B4384F8C43338BD002980F8BF
:10FB5000B93341F4802100F5677214BFA323A023B9
:10FB6000C0F8741300F55C71C0F870330346806808
:10FB7000FEF778FA94F8C43323EA0503E3E70000BC
:10FB80002DE9F04104460D4602F0C4F904F54E7625
:10FB9000AE421BD194F8CB73AFB9BDE8F08108FA3F
:10FBA00005F33B4203D029462046FFF7BDFF013550
:10FBB00094F8B633AB42F2D2304644F62061BDE849
:10FBC000F041FEF79DB90125A846F1E704F555730C
:10FBD0009D42E2D194F8BA63002EDED0751E254412
:10FBE00095F8BC33082BD8D1A368002794F8BB0341
:10FBF000324684F8BA7304EB8604597DFFF776F831
:10FC0000034BC4F878031F70092385F8BC33C4E79D
:10FC1000B457022038B5044671B190F8B6338B4220
:10FC20000AD3012390F8B92303FA01F52AB190F819
:10FC3000C5332B4384F8C53338BD80F8B933074B3F
:10FC4000C0E9DC31034600F55C718068FEF70AFA12
:10FC500094F8C53323EA0503ECE700BF2301100045
:10FC600038B5044671B190F8B6338B420AD30123FC
:10FC700090F8B92303FA01F52AB190F8C6332B4363
:10FC800084F8C63338BD80F8B933074BC0E9DC319E
:10FC9000034600F55C718068FEF7E4F994F8C6331A
:10FCA00023EA0503ECE700BF2301110038B5044641
:10FCB00071B190F8B6338B420AD3012390F8B9237F
:10FCC00003FA01F52AB190F8C7332B4384F8C73300
:10FCD00038BD80F8B933074BC0E9DC31034600F585
:10FCE0005C718068FEF7BEF994F8C73323EA050318
:10FCF000ECE700BF2301120038B5044671B190F85B
:10FD0000B6338B420AD3012390F8B92303FA01F5E5
:10FD10002AB190F8C8332B4384F8C83338BD80F833
:10FD2000B933074BC0E9DC31034600F55C718068EC
:10FD3000FEF798F994F8C83323EA0503ECE700BF0F
:10FD40002301130038B5044671B190F8B6338B42E5
:10FD50000AD3012390F8B92303FA01F52AB190F8E8
:10FD6000C9332B4384F8C93338BD80F8B933074B06
:10FD7000C0E9DC31034600F55C718068FEF772F97A
:10FD800094F8C93323EA0503ECE700BF230114000C
:10FD900038B5044671B190F8B6338B420AD30123CB
:10FDA00090F8B92303FA01F52AB190F8CA332B432E
:10FDB00084F8CA3338BD80F8B933074BC0E9DC3169
:10FDC000034600F55C718068FEF74CF994F8CA337D
:10FDD00023EA0503ECE700BF2303040010B540F657
:10FDE000013390F8B21390F8B123044643EA01437B
:10FDF00000F55C71C0E9DC32034600228068FEF742
:10FE000031F9012384F8B93310BD70B504460025DB
:10FE1000012606FA05F3D4F89823134203D02946A5
:10FE20002046FFF781FE013594F8B633AB42F0D29D
:10FE3000234604F56671D4F878030122BDE87040CA
:10FE4000FEF798B90146C06B08B1FFF7DEBF7047F7
:10FE500038B590F8CB3304460D462BB944F62061F3
:10FE600000F54E70FEF74CF8012303FA05F194F803
:10FE7000CB33194384F8CB1338BD012303FA01F1C6
:10FE800090F8CB3323EA010180F8CB1370470000D0
:10FE90002DE9F041044617460D4600293BD090F865
:10FEA000B6338B4237D34E1E07F00108064496F84E
:10FEB000BC23092A2FD8DFE802F00505131313131A
:10FEC00013384F5AB8F1000F25D0022386F8BC33FF
:10FED000FFF7BEFF29462046BDE8F041FFF79ABE76
:10FEE000B8F1000F1DD00132D2B2072A86F8BC2328
:10FEF00011D1274B197881B92649097869B90121AF
:10FF000019702946FFF7B9FF294686F8BC23FFF789
:10FF10003FFF84F8BA53BDE8F081062386F8BC336E
:10FF2000F9E7FFF7AAFF0123F8E7BA0714D5FFF7AF
:10FF300009FF082304F5557046F2A81186F8BC3372
:10FF4000BB0556BFC7F3802701277F0084F8BB732A
:10FF5000BDE8F041FDF7D4BFB8F1000FDBD1294671
:10FF60002046FFF757FE0A4B83F80080DBE7B8F125
:10FF7000000FD0D100EB8107D7F87803FEF7AAFF76
:10FF800029462046C7F87883FFF744FECBE700BF39
:10FF9000B4570220B5570220002337B580F8B93393
:10FFA00004464B6B5C4A0D8F934238D05B4A9342B8
:10FFB0000AD0A32B1BD10B6B042B18D1CB6A29467B
:10FFC0001A68FFF765FF12E0B0F8A233A0F8B63365
:10FFD00090F8A53380F8B83390F8B033012B01D9ED
:10FFE000FFF7FCFE012594F8B633AB4211D294F82A
:10FFF000B933002B40F08E8094F8C31379B391FA93
:02000004600397
:10000000A1F12046B1FA81F103B0BDE83040FFF71D
:1000100065BD294620460135FFF760FDE3E790F80E
:10002000B633AB42E3D1D0F87833002BDFD190F870
:10003000B5330125032101932B46009590F8B42395
:100040008068FEF791FB4268354A2346C4F878037E
:1000500004F56671C2632A46FEF78CF8C7E794F888
:10006000C51349B191FAA1F12046B1FA81F103B06B
:10007000BDE83040FFF7CEBD94F8C61349B191FA00
:10008000A1F12046B1FA81F103B0BDE83040FFF79D
:10009000E7BD94F8C71349B191FAA1F12046B1FA2E
:1000A00081F103B0BDE83040FFF700BE94F8C813FB
:1000B00049B191FAA1F12046B1FA81F103B0BDE84E
:1000C0003040FFF719BE94F8C91349B191FAA1F174
:1000D0002046B1FA81F103B0BDE83040FFF732BEEF
:1000E00094F8C41349B191FAA1F12046B1FA81F113
:1000F00003B0BDE83040FFF717BD94F8CA1349B10B
:1001000091FAA1F12046B1FA81F103B0BDE8304087
:10011000FFF73EBE03B030BD23030800A006002950
:10012000B1C40100074A084BD2F86210C3F80610A8
:10013000B2F866105981916EB2F86C20C3F81210B3
:10014000DA827047806800205C56022090F8803088
:10015000013BDBB280F8803023B98360C0F8943073
:1001600080F8813070474367009B83670223C36731
:10017000012380F882300023C0E91B1280F883300D
:10018000704710B404682469A4465DF8044B6047C6
:10019000A0F10C00FFF7F5BF03685B691847A0F1F9
:1001A0000C00FFF7F9BF03689B691847A0F10C002A
:1001B000FFF7F9BF0368DB691847A0F10C00FFF7F0
:1001C000F9BF0023836170477047704708460F22CC
:1001D000034908B50CF0B3FB003818BF012008BD77
:1001E00071730020A0F10C00FFF7F0BF8B78834201
:1001F00010D0CB7883420DD00B7983420AD04B7953
:10020000834207D08B79834204D0CB791B1A5842A2
:100210005841704701207047826810B5B2B9C4696F
:100220000CB18C4212D10A4A934205D0094A93423A
:1002300002D0094A934209D190F88030C16101335C
:1002400080F880308B688361012010BD0020FCE7BE
:100250008000010001000C0006000100A0F10C006C
:10026000FFF7DABF30B50446154685B00846A268E8
:100270000AB1AA422CD148B190F83120022A27D0E5
:1002800090F83010012901D1012A08D0114A934277
:1002900005D0114A934218D1C4F898000CE0D4F864
:1002A00094304BB9C4F8940030B10A222121009354
:1002B000CDE90133FEF7C9FF94F880300120A56035
:1002C000013384F8803005B030BD044A9342E3D056
:1002D0000020F8E70600010001000C00800001008A
:1002E000F8B5054618460E461746EB690BB18B422A
:1002F0001FD1AC68ECB907F47063B3F5A06F1AD1E5
:1003000030B10F220D490CF01AFB08B9A861F8BDF5
:100310007B0601D40120FAE7012386F83830069BDA
:10032000012BF7D1B3680220EE61AB61C5F89030C4
:10033000EDE70020EBE72046E9E700BF71730020FE
:10034000A0F10C00FFF7CCBF704770470023C360DB
:10035000704710B50446FEF789FF04F10C00BDE8B4
:100360001040FDF74DBC704770B5550617D50024F9
:10037000244B04EB4405EE5C96421AD190F86020C1
:100380002B4412F0010F01D0987870BD5A7893F980
:100390000130002B01DB90B2F7E702F07F0200236F
:1003A000194C14F81350954207D104EB43046078BC
:1003B000EBE70134102CDCD1F1E70133192BF0D13C
:1003C00054061DD490F8603011F0220F4FF0000059
:1003D00018BF42F040029B070C4B48BF82F040021E
:1003E00013F8014B944208D180B211F0110F0ABFEB
:1003F000203000F01F0080B2C7E701306028EFD145
:100400000020C2E7707100203E7100205D84002052
:1004100010B5044680F85E1080F85F20FFF7A4FF57
:10042000236AA4F85C0013B1BDE810401847FFF739
:100430009AFF10BD10B50446D0F8940086B068B19C
:100440000023012260342121CDE9003202944FF4CF
:1004500000730922FEF7F9FE06B010BDD4F8903003
:10046000002BF9D04FF4D1730120ADF8143094F87B
:1004700060308DF8163001F073FD6FF00103032238
:1004800005A9D4F89000FDF731FCE5E790F860305D
:1004900010B403F001048C4207D061F300035DF84F
:1004A000044B80F86030FFF7C5BF5DF8044B704720
:1004B00090F8603010B4C3F340048C4207D061F36D
:1004C00041035DF8044B80F86030FFF7B3BF5DF87F
:1004D000044B704790F8603010B4C3F380048C4232
:1004E00007D061F382035DF8044B80F86030FFF7BA
:1004F000A1BF5DF8044B7047532A10B5044680F83D
:100500005E1080F85F2008D190F86010C943BDE804
:10051000104001F00101FFF7B9BF392A09D190F865
:10052000601081F00201BDE81040C1F34001FFF707
:10053000BFBF472A09D190F8601081F00401BDE8DF
:100540001040C1F38001FFF7C5BFFFF70DFF636ADD
:10055000A4F85C0013B1BDE810401847FFF703FF93
:1005600010BD2DE9F04704460D46174600F1450839
:1005700000F14B0918F8016F032E0ED929463046B9
:10058000FFF734FE48B9324694F844102046FFF78E
:10059000B3FFE36A0BB130469847C845EAD10FBBB9
:1005A00005F1010905F1070A04F1440819F8016F82
:1005B000032E0DD941463046FFF718FE40B93246AA
:1005C00029782046FFF724FFA36A0BB130469847ED
:1005D000CA45EBD1FFB92B6863646B68C8F8043077
:1005E000BDE8F087E36A002BDAD000264FF001085F
:1005F00008FA06F394F844100B42DAB207D02B78CD
:100600001A4204D106F16700E36AC0B29847013686
:10061000082EEDD1C4E7A36A002BDCD00026012709
:1006200007FA06F394F844100B42DAB207D12B789C
:100630001A4204D006F16700A36AC0B29847013697
:10064000082EEDD1C7E7CA6BD0F894309A4210B5A6
:1006500004460AD10B6B082B07D10122C96AFFF7A8
:1006600080FF012084F8810010BD0020FCE790F895
:10067000823010B5044683B190F8813073B9026FAF
:1006800012F002020AD1C36F022B07D900F13C011C
:10069000FFF767FF002384F8823010BD94F88330A1
:1006A000002BF7D1A36E73B9002384F88530F1E7EE
:1006B000013BA26EE06EDBB284F8853004EB4303AD
:1006C000B3F88610904794F88530002BF0D1EBE713
:1006D000012310B580F881300C789C4205D1224668
:1006E0001944FFF73EFF204610BD0020FCE7A0F1B3
:1006F0000C00FFF7EDBF2DE9F843C36E0446174623
:100700001B0C1B04B3F5803F6DD1A1F5E023A3F1D1
:10071000E002072A25D801F00701012094F85E3095
:1007200000FA01F5EEB22B406FB1002B5CD1A36A49
:1007300013B101F16700984794F85E301E4384F8C6
:100740005E60012050E0002B4ED0E36A13B101F14E
:100750006700984794F85E3023EA050384F85E301A
:10076000EFE7732B3FD890F881305FFA81F913B926
:10077000036F9B072ED501F00701012004EBD9067A
:1007800000FA01F596F84C305FFA85F82B408FB1EE
:1007900053BB4A4694F85E102046FFF739FEA36A21
:1007A0000BB14846984796F84C3048EA030386F860
:1007B0004C30C6E7C3B14A4694F85E102046FFF7B6
:1007C0009BFEE36A0BB14846984796F84C3023EA03
:1007D0000503ECE7C36F072BB3D85A1C1C44C26750
:1007E00084F83C10ADE70020BDE8F8830B0C1B0437
:1007F000B3F17F4F2DE9F04104460D4617461BD05B
:10080000FFF779FFC0B9E06EB0F5402F18D1304B3B
:100810009D4215D1D4E91D239B1A0FD003EBD37150
:10082000BA1A6420491000FB021292FBF3F15A43FA
:1008300000D5013984F88410BDE8F0813221F9E750
:10084000ABB2002BF8D0012294F88510002684F872
:10085000832004F184025FFA86F8414511D8002F05
:10086000EAD0636E0BB1A9B2984794F88530032B98
:100870009FBF5A1C84F8852004EB4304A4F88650DB
:10088000DAE732F802EF06F1010C73451ED1002FB2
:10089000D2D1A36E0BB1A9B2984794F8853006F176
:1008A000440106F14300013B04EB410104EB40002D
:1008B000DBB2A3EB080284F88530D2B25200434584
:1008C00038BF0022BDE8F0410BF0F0BF6646C2E73A
:1008D00020000600024B186808B102681A607047D1
:1008E000AC560120024B1A6818600260704700BFC6
:1008F000AC560120024B186808B102681A607047B4
:10090000A8560120024B1A6818600260704700BFA9
:10091000A8560120024B186808B102681A60704797
:10092000B8660120024B1A6818600260704700BF69
:10093000B8660120054B186830B102681A600023C0
:10094000037043708370C370704700BFB0560120BE
:10095000024B1A6818600260704700BFB056012051
:1009600008B5282303FB0101884200D308BDFFF727
:10097000B9FF2830F8E708B5602303FB010188427E
:1009800000D308BDFFF7BEFF6030F8E700EB811130
:1009900008B5884200D308BDFFF7C4FF4030F8E730
:1009A00008B501210648FFF7DBFF01210548FFF7E5
:1009B000E2FF04210448BDE80840FFF7E7BF00BF9D
:1009C00080560120E0E0002040E1002008B53523FA
:1009D00003FB0101884200D308BDFFF7B9FF3530A2
:1009E000F8E790F82430013BDBB280F8243003B9FB
:1009F00083607047012380F8263070470B0C89B262
:100A0000092B10B50FD10139072909D8012490F815
:100A1000273004FA01F122B923EA010380F82730D4
:100A200010BD0B43FAE7012B1ED130390829F7D846
:100A300001A353F821F000BFC9D00100CDD00100BF
:100A4000DFD001008DD001008DD001008DD00100DC
:100A50008DD001008DD00100D1D001008262DFE78E
:100A6000C262DDE70263DBE70C2BD9D1B1F50E7F63
:100A7000D6D14263D4E700BF90F826302BB10123D2
:100A800080F82530002380F82630704700238361EA
:100A9000704710B404682469A4465DF8044B6047AD
:100AA000A0F10C00FFF7F5BF03685B691847A0F1E0
:100AB0000C00FFF7F9BF03689B691847A0F10C0011
:100AC000FFF7F9BF0368DB691847A0F10C00FFF7D7
:100AD000F9BFA3F10113012B0BD883680BB19A4224
:100AE00007D190F824308260013380F8243001204F
:100AF000704700207047C2B10B78022B17D14B789A
:100B0000042A80F8273091F90230836291F903308A
:100B1000C36207D991F90430052A03631CBF91F918
:100B200005304363012280F82520104670470020DD
:100B30007047A0F10C00FFF7DEBF000070B504465F
:100B40000D4611481646114900F0E6FEE3690BB167
:100B5000AB4215D1A06898B906F47062B2F5A06FE7
:100B60000DD133060ED5049B012B0BD10849064845
:100B700000F0D2FEAB680220E561A361236270BD84
:100B80000020FCE70120FAE790B80020A7720020BF
:100B9000DF720020A0F10C00FFF7D0BFE3B50546DF
:100BA0000E461F46CDE900230B4602460C490D4870
:100BB00000F0B2FEA86888B9EB690BB1B3420BD163
:100BC000A7F10117012F09D80749064800F0A4FE34
:100BD000B3680120EE61AB6102B0E0BD0020FBE72D
:100BE0000673002090B800204E730020A0F10C0086
:100BF000FFF7D4BF0023C360704710B50446FEF76B
:100C000035FB04F10C00BDE81040FCF7F9BF0023F0
:100C100080F8253080F82730C0E90A33C0E90C336A
:100C20007047000038B5002304460D4642608360DB
:100C3000044B1B680360084601F0C8F96573207314
:100C4000204638BDBC47022090F8A32090F8A200AF
:100C5000101A704790F8A23090F8A3209A4281BFF2
:100C60005A1C80F8A220C018807E98BF4FF0FF3039
:100C7000704790F8A23090F8A3209A4286BFC0181F
:100C8000807E4FF0FF3070477047B0F830312BB1A5
:100C900090F82F31882B03D901234360002070473F
:100CA0005A1C80F82F21184480F8A51001207047A5
:100CB00038B5B0F8303105461446ABB190F82F3155
:100CC000C3F18902944282BF01201446686005F195
:100CD000A5002246184401F03BFC95F82F3123442F
:100CE00085F82F31204638BD1C46FBE72DE9F74F2C
:100CF00041690246037E4FF0150E3D4C01EB031394
:100D0000DFF8F480187A537E060101EB031304EB3D
:100D10000010A65993F82830D0F80CC0D0F80490F1
:100D20001F0104EB0313DD68C9F800E0C6F884C0B6
:100D300070685B6840EA0C0001937060E059C3F88A
:100D400000E0C0F8845043682A4C2B43DFF8ACE045
:100D500043606768DEF80030B3FBF8F34FF00A0831
:100D600008FB03F3D4F80480A8EB07084345F9D83F
:100D70000923204FDFF880A0B46814EA0C0F02D0DA
:100D800084682C4231D1C0F88850D7F804B0DEF81E
:100D90000040B4FBFAF404EB8404D7F80480A8EB19
:100DA0000B084445F9D8C0F88450D7F804B0DEF8F1
:100DB0000040B4FBFAF404EB8404D7F80480A8EBF9
:100DC0000B084445F9D8013BD6D11846137E01EBF8
:100DD0000313DB68C9F80030537E019A01EB03115D
:100DE000CB6A136003B0BDE8F08F0120EEE700BFCF
:100DF00098420020001000E040420F0068B500203B
:100E00000B4A10B511680469636913F0007F04D1BF
:100E10004FF4FE430120636110BDDB01F8D4136879
:100E20005B1A102BF0D9FFF761FF0028F0D1F3E730
:100E3000BC4702202DE9F84F90F82F8107460D4658
:100E40000469B8F1000F2ED0FFF7DAFF58B3DFF8CE
:100E5000C49000264FF4007BD9F800A046451BD86B
:100E6000E36D03F00703032B16D846B997F8A520C6
:100E700042F480622266012201331646F3E74645BA
:100E800006F1010204D23E4496F8A5102166F3E76C
:100E90000DB1C4F860B0164663691A0505D523691B
:100EA00043F440732361042506E0D80407D5236981
:100EB000052543F4407323612846BDE8F88F5905A2
:100EC00008D52369022543F4407323614FF400736E
:100ED0002366F1E79A0405D4D9F80020A2EB0A02B0
:100EE000322A07D9236943F4407323614FF4007316
:100EF0002366D8E7464507D9E26D12F0070203D111
:100F00009B0504D4002DD7D003F04AFDA6E7154673
:100F1000D2E700BFBC4702202DE9F84F07460E4636
:100F2000914698460569FFF76BFF00287AD0760056
:100F3000B9F1010FDFF8F0A04FF00004F6B238BFAE
:100F40004FF00109DAF800B046F48066A7F8A24035
:100F500046F00106022C0ED8EB6D09F1FF324FF47A
:100F6000007103F0070342F480722344181B032826
:100F700001D8032C16D197F8A330872B1FD96B69A2
:100F800019052DD52B6943F440732B61EB6D13F4D8
:100F9000E02F03D02B6943F400732B6197F8A30073
:100FA000BDE8F88F14B92E660134DFE7012C01D1BA
:100FB0002A66F9E7B8F1000FF6D02966F4E7EA6D82
:100FC000C2F30242002ADAD097F8A330872BD6D892
:100FD000296F581C3B44013A87F8A3009976F1E742
:100FE00013F4105F05D1DAF80020A2EB0B02322ACD
:100FF00007D92B6943F440732B614FF400732B66C0
:10100000C4E797F8A3204A4509D3022C07D9EA6D13
:10101000520704D19B05B9D4B8F1000FB6D003F044
:10102000BFFC97E70420BBE7BC47022070B5066908
:101030000446D6F8145115F4706301D0C6F8143183
:10104000A8070FD5D6F87021110444BF0023A4F8D7
:10105000A23094F8A330872B9FBF591C1B1984F82A
:10106000A3109A76EB071CD594F830314BB9D4F81D
:10107000383103B19847002384F82E31012384F8D6
:10108000303194F82E3194F82F219A4285BF5A1CA2
:101090001B19002384F82E2188BF93F8A530C6F8C9
:1010A000603115F4407F0DD094F8A30018B1D4F846
:1010B0003C3103B198470023A4F8A230A4F82E31A4
:1010C00084F8303170BD00000148FFF7AFBF00BFAA
:1010D000A0B800200148FFF7A9BF00BFE0B9002079
:1010E0000148FFF7A3BF00BF20BB00200369002217
:1010F00013481A61814212D8124A9A6401225A6234
:10110000114A9A624FF43032DA629A6C1A65002200
:101110001A624FF001129A6501221A6170470B485A
:1011200081420B4906D80B4898645A620A4A9A626F
:10113000D962EAE7094898645A62094AF7E700BFAA
:101140007F1A06003B372819B80B05053F420F00F0
:10115000007F05001C1A120C100E02020A09070477
:10116000600901014FF0E0234022C3F808227047D4
:10117000F8B5144D144B6E681C687CB9114B134ABA
:101180005B689B1BC3F38F111180114A1088B0EB71
:10119000931F38BF1180BFF34F8FF8BD237A73B10F
:1011A000236820466F681B6898476B68E188DB1BE3
:1011B000C3F38F12B1EB931FA28038BFE280646942
:1011C000DBE700BF001000E0086701203A4B022077
:1011D0003C4B02200B68036070470B68036070474C
:1011E000704703681847000070B572B61C4D1D4C5F
:1011F0002A8804F1700604EB8200B042034602D351
:1012000062B6002070BD50F8041B09B90132F4E742
:10121000B1FA81F64FF00040F04021EA0001196078
:1012200001B901322A80104A118801318DB215802E
:1012300062B61B1B4FF4025001249A1041F67C73D6
:1012400000FB0233094A02FB0633094A1268D454F0
:10125000D018084B1A888A4238BF1D80D2E700BFD9
:101260003E4B02200C670120364B0220FCFEFFFFA4
:1012700004670120384B0220438872B60278012AA5
:1012800003D9013A027062B670475909DB430B4833
:101290004FF0004203F01F0322FA03F350F821201D
:1012A000134340F82130064B1A888A42054A88BF0A
:1012B00019801388013B1380E5E700BF0C6701200C
:1012C0003E4B0220364B0220C36830B503B930BD17
:1012D000187A90420AD158685C7A006950F8245014
:1012E00025B940F82410087801300870DB68EDE774
:1012F000437A8B424FF0000385BF026952F8210008
:10130000184642F82130704738B5437A8B4202D8EC
:101310000024204638BD0369002253F8214043F8D9
:101320002120002CF4D02378012BF2D9FFF75CFFA9
:10133000054628B14FF48072211D043001F008F9F0
:101340002378013B23702C46E3E700000022C0E92C
:10135000002202810274024A11681060C160704765
:101360007C670120037C10B5002B49D10368002B5A
:1013700048D04368002B45D0427A5B7A9A4243D2E8
:1013800072B6234B1A68DAB9224B1A68002A3DD08C
:10139000824226D10268D16861BBD060C168196001
:1013A0000023C360917A0131917201211172426868
:1013B000947A11720C4494720174184662B60DE06E
:1013C000D3680BB95269DEE75C6841688C4206D18C
:1013D0005C7A417A8C4202D162B6042010BDDB688F
:1013E000EFE702F10C03D268D0E7844202D162B683
:1013F0000620F3E70C46C9680029F6D1E060CDE786
:101400000120DBE70320D9E70220D7E70520D5E755
:10141000086701207C67012070B4067C9DF80C50A1
:1014200036B902724572C0E9001370BCFFF79ABF6B
:10143000012070BC70470000037C10B50446002BEF
:101440003DD04368427A5B7A9A423AD272B60268D9
:10145000D36813B962B6032010BD9842D96827D16A
:10146000D1606368627A1B6953F8220040B1FFF7CC
:1014700003FF72B663680021627A1B6943F8221089
:101480002268937A013BDBB2937203B913726268EC
:10149000937A013BDBB2937203B913720A4B0020BB
:1014A0001A682074E2601C6062B6D5E7002BD8D0C1
:1014B0001A46DB689C42F9D1E368D360D1E701208A
:1014C000CAE70220C8E700BF7C67012010B50446C8
:1014D000FFF7B2FF064B1A681AB1A24203D1E268C5
:1014E0001A60204610BD02F10C03D268F4E700BF79
:1014F0007C6701200A4B1A787AB90A4A0A49C2F86D
:1015000058110A4AD021012082F846104FF0E022FB
:101510004021C2F80811187070470020704700BFC2
:10152000AC57022000D40020DDD7010000E400E029
:1015300010B5044650F8083BDB689847204610BDBC
:1015400030B572B6264C89B9016879B103790F2B91
:101550000CD822881A41D20708D503F1007303F58D
:10156000E943B1EB431F01D162B630BD23880022AD
:1015700043FA02F515F0010529D1012191400B43F1
:10158000238062B6174CD1B20171E36F43F0C00300
:10159000E36740F28244144B1C6099769977197680
:1015A000D97702F10073114982F0030203F5E94390
:1015B0005B010360C3E90055C3E90255C3E9045563
:1015C000C3E90655535C43F0C0035354CDE70132E1
:1015D000102ACDD162B6002302710360C5E700BFB7
:1015E0009255022000C00F4000800E4000810E4046
:1015F00003790F2B0FD8084A937672B60749012258
:1016000003799A400B8823EA02030B8062B6102309
:10161000037100230360704700800E409255022042
:1016200070B50B4D00240B4EEFF3108272B6286894
:1016300058B143692B6033B19C6102B962B68368CB
:1016400044779847F0E73360F7E702B962B670BDB8
:101650000868012004680120FFF7E2BF044B5A68C4
:10166000044B1A60044A136801331360704700BFCB
:10167000001000E0B8470220BC47022070477047C6
:101680007047704770B503241826044D06FB0450BC
:10169000FFF74EFF013CF9D270BD00BF80E0002093
:1016A00003682DE9F041044688B01746002B4AD064
:1016B00000229A600122DA6023681825DFF8D880BA
:1016C00004A803F1BF2303F577031E1151F8083B6B
:1016D000754302935B68984705F1080058F8053098
:1016E0004044DB6801909847029B04A9224A019874
:1016F000029248F805309B68984702A8FFF718FF48
:10170000236803221F609A601C4A2379935513783B
:1017100051788B4228BF0B469178D2788B4228BFF4
:101720000B461749934228BF1346164AC2F828129F
:10173000154A012082F87A304FF0E0234FF08062A2
:10174000C3F80C2115E0114AD36E43F44053D3661D
:1017500001220F4B1A6003F580730E4A0360236861
:1017600098680028A8D0103393422360F7D900204E
:10177000206008B0BDE8F081FC340020DBCF002001
:1017800011DE010000D4002000E400E000C00F40A2
:10179000004008403F41084080E0002050F8083BEE
:1017A0001B68184738B5174C174D2368AB4207D054
:1017B000164BDA6822B101222046DA60FFF7EEFF0D
:1017C000A369AB4207D0114BDA6922B1012210485C
:1017D000DA61FFF7E3FF236BAB4207D00B4BDA6A0A
:1017E00022B101220B48DA62FFF7D8FFA36CAB42AB
:1017F00007D0064BDA6B22B101220748DA63FFF704
:10180000CDFF38BD80E00020FC34002000410840BE
:1018100098E00020B0E00020C8E00020054A002049
:10182000054B06491A609A611A639A64044A09F0E2
:1018300021BA00BFFC34002080E00020F1DC010070
:101840009CBC0020F8B507460C4669B18D180026EF
:10185000AC4201D13046F8BD3B68384614F8011B54
:101860001B6898470644F3E70E46F3E7012AF0B5F4
:1018700008BF0A228BB0A9B9302221248DF8252077
:101880003BB1631E0AAADCB252FA83F32D2203F89D
:10189000242C036801A9C4F122025B682144984703
:1018A0000BB0F0BD2124B1FBF2F602FB1617FDB21E
:1018B000092F04F1280794BF303537356F448A4229
:1018C000EDB207F8245CDBD8013C3146E4B2EAE72C
:1018D00000294FF00A02BABF49422D230023FFF727
:1018E000C5BF40F60D2307B5ADF8043002220368EA
:1018F00001A95B68984703B05DF804FB054B02281B
:1019000088BF0346186810B44468184623465DF83B
:10191000044B184790B800200EB403B503AA52F840
:10192000041B01920AF0E2FE02B05DF804EB03B082
:10193000704730B422B90368C9B21B6830BC18477D
:1019400030BCFFF793BF000000000000B4EE400B76
:10195000F0B5F1EE10FA06460D462DED048B87B07A
:1019600008D74249F0F744FC0446204607B0BDECD6
:10197000048BF0BDB0EEC07B9FED346BB4EE467BC4
:10198000F1EE10FA01DD3A49ECE79FED327BB4EE5F
:10199000C70BF1EE10FA02DD36493046E2E79FED63
:1019A0002F7BB4EEC70BF1EE10FAF5D4B5EEC00BF9
:1019B0000022B6EE008BF1EE10FA9FED2A6B46BFC7
:1019C000B1EE400B01230023D1B28D4226D830EE78
:1019D000088B0A223046BCEEC89B19EE101AFFF79E
:1019E00045FF0446002DC0D0B8EE490B0F2D02A8CC
:1019F000B2EE046B28BF0F252E2338EE400B0146B4
:101A00002A468DF80830013AD2B2FF2A0AD10135B0
:101A1000336830465B68EAB29847A6E728EE068B43
:101A20000132D1E720EE060BFCEEC07BCDED017A52
:101A30009DF8043007EE903A03F13007B8EEE77BEB
:101A400000F8017F30EE470BDDE700BFFFFFFFFF2F
:101A5000FFFFEF7F000000E0FFFFEF41000000E02C
:101A6000FFFFEFC19A9999999999B93FFD730020A9
:101A700001740020057400202DE9F0413C2400256C
:101A800040F26D184FF0640C4FF4C87EB0FBF4F3D5
:101A9000B3FBF4F204FB130004FB12332C46087072
:101AA00018204B70B2FBF0F300FB1322181D8A7054
:101AB0000722B0FBF2F2C2EBC202801AC870E8B291
:101AC00000F2B27212F0030641D192FBFCF70CFB5C
:101AD0001727002F3ED192FBFEF70EFB1727002F92
:101AE00014BF47464FF4B7773C440135A342E6D2D2
:101AF000463088716420B2FBF0F500FB15254FF4E9
:101B0000C870B2FBF0F700FB172236BB45BB002ABA
:101B100040F26D1008BF4FF4B7701B1BDFF854C0C4
:101B2000034400200128C7B21DD1FEB905BB002A1D
:101B300014BF1C241D249C4204D801301B1B0C28FC
:101B4000F0D1074601334F710B71BDE8F08140F2CF
:101B50006D17C9E74FF4B777C6E740F26D10DCE7C1
:101B60004FF4B770D9E710F80C40E4E71C24E2E723
:101B70001D24E0E7D371002010B50446006809F089
:101B800017FC204610BD38B504460D4600680131EB
:101B900009F0C2FC10B1C4E90005012038BD43685A
:101BA0008B4210B5044601D3012010BDFFF7EBFFB7
:101BB0000028FAD0A368002BF6D122681370F3E74F
:101BC000F8B504460F46154632B9036803B11A70DA
:101BD0000023A3602046F8BD1146FFF7E0FF06464C
:101BE00038B9206810B109F0E3FB26600023636078
:101BF000EFE739462068A5600AF0C4FFEAE713B5AD
:101C00000446084601910BF015F80199024620465A
:101C100002B0BDE81040FFF7D3BF002313B5044660
:101C20008360C0E9003341B1084601910BF002F82E
:101C3000019902462046FFF7C3FF204602B010BDBF
:101C4000814238B505460C460DD0006808B109F050
:101C5000AFFB23682B6063686B60A368AB600023F5
:101C6000C4E90033A36038BD884210B5044601D0F2
:101C7000FFF7E6FF204610BD10B5044619B1FFF787
:101C8000BEFF204610BD8160FBE738B50D462AB186
:101C900021B184689C4202D800230B7038BDE41A3D
:101CA000013A016828469442194428BF1446224646
:101CB0000AF057FE00232B55F0E7006808B109F041
:101CC00020BB7047804BF0B559699D69A3F5F82397
:101CD000DC687E4B984240F2DF807D4B984240F2B8
:101CE000E4807C4AC31AB3FBF2F31922534340F257
:101CF000276203F2E243934228BF1346724EA3F5D4
:101D00004873D6F8802042F0C002C6F8802019221D
:101D1000B3FBF2F204F01F03934207D224F01F0436
:101D20006D4B1443DC601E68002EFCDA11F000736A
:101D300028D16A4E6A4F36693E40BE420EBF032626
:101D400000260123F70681EAC66616F0605F04D01C
:101D500021F060515C4E394371611E0385EA033303
:101D600013F4405F07D025F440552E43564DAE6125
:101D7000AB6C1E07FCD441F00071534B59619D6C54
:101D8000AD06FCD40126574F354606FB05F3434309
:101D9000BB4240F28D8003F5B703534803F5586307
:101DA0008342524800F28E80B3FBF0F3362B38BFEB
:101DB00036234A4F5843DFF858E1D7F800C00CEA01
:101DC0000E0E43F0004CB0FBF5F04CF4005CE64521
:101DD000B0FBF6F009D04FF4805C43F40053C7F831
:101DE00000C03B603B68002BFCDA374B013D1F69AC
:101DF00007F00707AF4203D01D619D6CEF03FCD4D1
:101E0000731E9D0281EA832313F4E05F09D005F479
:101E1000E05321F4E05119432B4B59619D6CAD0700
:101E2000FCD4334B334D0344AB4296BF324D0423B5
:101E3000B3FBF5F35E1E350281EA062616F4407FF9
:101E4000214E05D021F4407105F44075294371619C
:101E500071691D4D21F000717161A96C8906FCD476
:101E60002649B0FBF3F3086025490B604FF0FF33C0
:101E70002449B0FBF1F1B3FBF1F323490B6004F00B
:101E80001F039A4207D224F01F04134B2243DA6047
:101E90001A68002AFCDAF0BD1C4E40F27E4340F284
:101EA000B632B04298BF134628E740F2E24325E736
:101EB000082D01D0013568E7042E3FF66CAF0136DE
:101EC000012562E76C2374E700C00F4000A4781F6F
:101ED0000046C323003FAB010000084000800D40D6
:101EE00040300080FFB19F26FF7EF64D001BB700FB
:101EF0007FD1F0087F17B42C80D1F00868B500209E
:101F000064B5002040420F006C3F022000366E0195
:101F10007F30018070B50D4B01240D4E0D4D53E8FF
:101F2000002F3068296843E80042002AF7D10A4BA5
:101F30005B680A4A5B1A1268A3FB02324FF47A7399
:101F400058439A4294BF8018C01870BDC047022001
:101F5000BC470220B8470220001000E06C3F02207E
:101F600038B5044680B1FFF7D5FF0546FFF7D2FF2D
:101F7000401BB0F57A7F02D202F012FDF6E7013C79
:101F800002D005F57A75F1E738BD0000362810B5A6
:101F90000BD802010A4B03EB00109B58C2685C6827
:101FA000144206D011B1C3F8842010BDC3F88820B4
:101FB000FBE7836811B1034A1A60F6E7024AFBE7C0
:101FC0009842002038F001003830010036280BD844
:101FD0000201064B03EB00109B589A68C3681A4233
:101FE00014BF012000207047002070479842002055
:101FF000362830B517D8134B020101299A5803EB44
:1020000000105468D0E9023501D004290CD12C43CA
:102010000129546001D1382201E040F638021A60EB
:10202000152243681A6030BD24EA05045460002973
:10203000F1D0022901D1044AF1E703290CBF034A78
:10204000034AECE79842002038F0010038300100E4
:1020500038000100114B0021114A30B5C3F8F022BD
:102060000122104D104CC3F8F412C3F8B820C3F885
:10207000A010C3F8A450C3F8B0205869C007FCD51D
:102080005A612078C007F0D41A6842F001021A6041
:10209000024A1368DB07FCD462B630BD00802A40D8
:1020A0000504012401000F0000812A4030B50D4BCA
:1020B0004FF6FF750C4CA3F58051002208880231C1
:1020C000A84203D00132994292B2F7D303F580536C
:1020D00024F8022BB3F1C14FEDD1044B01221A7049
:1020E00030BD00BF00107C60D05502209A5C0220F9
:1020F00038B541F2BB030446984225D8134B1B78F0
:102100000BB9FFF7D3FFA2083F23114804F00304E3
:10211000B2FBF3F3C3EB831144EA8304521A02F5D2
:10212000C02130F81220FF2001F5F86152000B03A6
:1021300002EB0132934200D338BD33F8021BCDB21B
:10214000A54208BF080AF5E7FF20F5E79A5C0220E0
:10215000D05502202DE9F0410D46144672B6304BA1
:1021600040F206412F4A9A610222DA610022C3F846
:10217000A020C3F8F0120119C3F8F422C3F8F82222
:10218000C3F8FC224FF47022C3F8A4200122C3F844
:10219000B02020F01F02BFF34F8F4FF0E026C6F8AB
:1021A0005C2F20329142FAD8BFF34F8FBFF36F8F6D
:1021B0005A69D607FCD501221B4920F07F40184FF1
:1021C0005A61C3F8F01242F20121DFF86080C3F8CF
:1021D000F412A1B2C3F8BC2041F47021C3F8A000EE
:1021E000C3F8A410C3F8B0207B69DA0705D54123F2
:1021F0007B61BDE8F041FFF72DBF5906F4D5082CEF
:102200000BD83CB126462946A41B354432464046ED
:1022100000F09EF940237B61E6E70826F3E700BF64
:1022200000802A40F05AF05A3204180880812A406F
:1022300010B472B6274B284A9A610222DA6140F242
:102240000642C3F8F0220022C3F8F422C3F8F822B1
:10225000C3F8FC22C3F8A0204FF47022C3F8A420D6
:102260000122C3F8B02020F47F6222F00F02BFF3F6
:102270004F8F02F1200402F58051A14234BF0121A9
:1022800080214FF0E02402EB4111C4F85C2F203292
:102290008A42FAD1BFF34F8FBFF36F8F5A69D107CC
:1022A000FCD501210D4A5961C3F8F0220C4A0240C5
:1022B000C3F8A0204FF47022C3F8A420C3F8B010D4
:1022C000044B5A69D207FCD501225DF8044B5A61D0
:1022D000FFF7C0BE00802A40F05AF05A20041808C8
:1022E00000F0FF0041F2BB0398422DE9F04704469D
:1022F000C2B089462FD83A4B1B780BB9FFF7D6FEF0
:10230000A6083F23374F04F00304B6FBF3F3C3EBF7
:10231000831244EA8304B61AFF2206F5C02537F873
:1023200016A005F5F8652D03A84605EB4A002B46D7
:10233000834213D34A450ED0BAF5006F16D244EA51
:1023400009240AF1010A022202A9ADF80840FFF7A8
:1023500001FF27F816A042B0BDE8F08733F8021B52
:102360005FFA81FCA44508BF0A0AE1E74FF48072D6
:10237000FF2102A800F086F915F5805F40F6010301
:1023800028BF012305EB4303294602359D4220D196
:1023900002AB0025404603F8049002ACA946FFF7C3
:1023A00047FF14F8013BFF2B0CD045EA0323022220
:1023B00008EB490009F101090DF10601ADF80630FD
:1023C000FFF7C8FE0135B5F5807FEAD127F81690F2
:1023D000C1E70A8802A80978120A4254D4E700BF6C
:1023E0009A5C0220D055022070B504460846A51814
:1023F000AC4200D170BD461C14F8011BFFF772FF00
:102400003046F5E710B501460446054800F0AAFB42
:1024100020B92046BDE8104008F0C2BF10BD00BF83
:102420007C390220030F0146072B02D1024800F03D
:102430005FBB08F0BDBF00BF7C39022070470000C1
:102440003628F0B50DD8344C0001344D2358AB423A
:102450003FD007D8B3F1844F3DD0A5F58045AB42BE
:102460003BD0F0BD2E4DAB42FBD12E4E20442E4D25
:102470002E4CD0E901C7C4F8B452C0684FF0E02434
:102480004FF00055042AC4F81051EAD8284CA55C36
:102490006FEA00045A6922EA00025A614FF005020D
:1024A000CCF800203A6842F480323A605A6822EA56
:1024B00000025A6090FAA0F2B2FA82F246F82210B4
:1024C0000DD1DA690243DA6198615A6902435A61AF
:1024D000C7E7184ECAE7184EC8E7184EC6E7D969CD
:1024E0000F2A01EA0401D9614FF0030109DC52000F
:1024F000DC68914005FA02F224EA01010A43DA603D
:10250000E2E7103A1C6952009140954024EA01012B
:1025100029431961D8E700BF98420020008000429B
:1025200000C0004214C900208D0F000000D400201C
:10253000296C002094C8002094C7002014C80020F3
:1025400008B50DF05FF8E1F7DDFA02F029FAFAE7D5
:10255000844641EA000313F003036DD1403A41D3AE
:1025600051F8043B40F8043B51F8043B40F8043B6D
:1025700051F8043B40F8043B51F8043B40F8043B5D
:1025800051F8043B40F8043B51F8043B40F8043B4D
:1025900051F8043B40F8043B51F8043B40F8043B3D
:1025A00051F8043B40F8043B51F8043B40F8043B2D
:1025B00051F8043B40F8043B51F8043B40F8043B1D
:1025C00051F8043B40F8043B51F8043B40F8043B0D
:1025D00051F8043B40F8043B51F8043B40F8043BFD
:1025E000403ABDD2303211D351F8043B40F8043B9D
:1025F00051F8043B40F8043B51F8043B40F8043BDD
:1026000051F8043B40F8043B103AEDD20C3205D3AC
:1026100051F8043B40F8043B043AF9D2043208D0A4
:10262000D2071CBF11F8013B00F8013B01D30B8816
:1026300003806046704700BF082A13D38B078DD0F4
:1026400010F003038AD0C3F10403D21ADB071CBFC6
:1026500011F8013B00F8013B80D331F8023B20F830
:10266000023B7BE7043AD9D3013A11F8013B00F869
:10267000013BF9D20B7803704B7843708B788370F1
:102680006046704701B5EAB1102A17DB00F0070376
:1026900033B1C3F10803D21A013B00F8011BFBDC84
:1026A000C9B241EA012141EA01418C46D308013B0C
:1026B000E0E8021CFBDC12F0070203D0013A00F84C
:1026C000011BFBDC01BD00BF08F06ABE08F070BE54
:1026D00070B50024B0FBF2F502FB1506F3B2092E2B
:1026E00094BF303337338242DBB20B5502D801340A
:1026F0002846EFE70B190022481E5A70A51AAA4275
:1027000001DB084670BD10F8015F01321E780670CB
:1027100003F80159F2E7031E10B50C4603DBBDE8D0
:102720001040FFF7D5BF2D2001F8010B5842FFF7ED
:10273000CFFF204610BD0000B4EE400A2DE9F04F57
:10274000F1EE10FA80EAE07507460E461446A5EB56
:10275000E0752DED028BB0EE408A85B02ED7B5EE38
:10276000C00AF1EE10FA4CBF04230323AB42B4BFFE
:10277000ED1A0025002806DA2A4620462C440025BA
:102780002021FFF77FFF18EE103A4E22002BBCBF2E
:102790002D2304F8013B412322706370E31C18468B
:1027A000A27020212A46FFF76DFF0022034628442D
:1027B0005A5505B0BDEC028BBDE8F08FF0EEC07A43
:1027C0009FED6C7AF4EE477AF1EE10FA22DDB5EE69
:1027D000C00AF1EE10FA4CBF04230323AB42B4BF8E
:1027E000ED1A0025002806DA2A4620462C4400254A
:1027F0002021FFF747FFB5EEC08A4622F1EE10FA1E
:1028000044BF2D2304F8013B492323704E236370FA
:10281000E31CC4E702AA01A9304609F06CFD019B44
:10282000804656EA03024ED10178534B534A34296D
:1028300094BF904698460123019340460AF0FAF966
:10284000019B05468342B8BF451C002B43D101358F
:10285000DDF808B0BBF1000F00D00135A7EB050A89
:1028600004EB0509BAF1000F59DD5246202120463C
:10287000D144FFF707FF04EB0A02BBF1000F02D0BF
:102880002D2302F8013B019900294AD136B11346A4
:10289000302103F8021B2E2151701A462E2091453B
:1028A000134659D8002F0ADAE81920214542184664
:1028B00025EAE5752A46FFF7E5FE03462B4400228C
:1028C00020461A7075E75B429E42BEBF7342DFF836
:1028D000AC800193B1E7BBDA002EB9D03344B51C0C
:1028E0009842B5D9F2EE047A334602E028EE278A00
:1028F000013B002BFADC002E02AA03A9B0EE480A25
:10290000ACBFB01B304609F0F6FC019B039A711C6A
:102910008046D21A8A4204BF0133019398E72246C7
:10292000ABE7BBDA002EB9D013462E204FF0300CA7
:10293000002603F802CB5070C1F102000244184691
:10294000904205D15A1A002EA8D000230193A5E782
:10295000012600F801CBF3E718F8011B03F8011B6F
:1029600099459FD001990139019109B9931C507083
:102970001A4694E7FFFF7F7F869E00200F9200207B
:102980004FF470430022A0F88C310F231146A0F8B9
:102990008E31A0F89021B0F888319BB2F0B543F0A9
:1029A000F00360274FF460464FF4806548F2B82486
:1029B000A0F8883107FB02030132042A9E80DD80E3
:1029C0005984198659805981DC815982D982598369
:1029D000D983EFD1B0F888319BB243F00F03A0F850
:1029E0008831B0F888319BB243F47063A0F8883125
:1029F000F0BD00224FF00F0CF0B5114641F2010777
:102A000045F6C05643F2260400EB4213550101324D
:102A10009981042A5981A3F80EC09F82DE80415318
:102A200019829C81F0D1F0BD154A164808B5936F04
:102A300043F47F039367D2F8803043F07C4343F440
:102A40004033C2F88030FFF79BFF00F58040FFF76E
:102A500097FF00F58040FFF793FF00F58040FFF7F8
:102A60008FFFA0F50310FFF7C4FF00F58040FFF7CC
:102A7000C0FF00F58040BDE80840FFF7BABF00BFC7
:102A800000C00F4000C03D40074A506A936A10B52D
:102A90001C460146506A936A9C42F9D18142F7D1A3
:102AA000DB0B43EA404010BD00400D400F4B9A68DD
:102AB00022F001129A609A68D207FCD49A6B22F035
:102AC00001029A63094B9A6BD107FCD4C203400CF4
:102AD0005A6518659A6B42F001029A639A6BD207A5
:102AE000FCD59A6842F001129A60704700400D4090
:102AF00070B505460C4600F0AFF820B90AF00CF8A6
:102B00001623036070BD002CFCD0A4F10C062846EF
:102B1000314600F002F9E0B1AB682BB154F80C2C4F
:102B200000212046FFF7AEFD54F8083C0021E018D4
:102B3000E15041608160AB682BB10C3054E9032354
:102B4000D21AFFF79FFD002344F80C3C7360B3607A
:102B5000D8E7034B214628461B68BDE8704018475C
:102B6000C4CE00202DE9F84F05460F46284600F058
:102B700073F828B909F0D0FF16230027036059E045
:102B8000012F6B6838BF01270C3BBB4206D2EB68B4
:102B9000002B54D109F0C0FF0C23EEE7D5F800A0BC
:102BA00007F10C095446A4EB0A036A689342EED27B
:102BB0002146284600F0B1F800283ED02668183695
:102BC00026443446EFE70C36A6EB0A036A689342C4
:102BD000F7D23146284600F0A0F8A6EB0408834659
:102BE0000028EED1C145EED8A8F10C032046C4E977
:102BF000003701F02FFFAB68804604F10C07A0609E
:102C000023B1226859463846FFF73CFD6568002627
:102C10000C352544404601F0FDFEA851043680469F
:102C20000C2EF7D1FF2105F10C00D4E90023D21AB4
:102C3000FFF728FD3846BDE8F88F2646C4E7394639
:102C4000284698476B688342A4D26860284600F003
:102C500012F800288AD19DE7036853B1406848B153
:102C60000C23B0FBF3F203FB1200B0FA80F0400932
:102C700070471846704710B50146FFF7EDFF044650
:102C800010B10124204610BD4B680C20B3FBF0F2BC
:102C900000FB12320AB19B1A4B604B68F02BF0D844
:102CA00009F03AFF1C230360ECE770B51E460446AA
:102CB00030B909F031FF254616230360284670BD60
:102CC00001B1BAB92046FFF7C7FF054668B1A3684E
:102CD00023B1626800212068FFF7D4FC1022002194
:102CE0002046FFF7CFFC0125E8E709F015FF162382
:102CF0000360E3E7049BC0E90012C360FFF7BBFF7A
:102D000005460028DAD0002EEDD062680021206848
:102D1000A660E6E700231B70FFDE73B50D46C8B161
:102D20000368994215D342681344994211D8086840
:102D300080B14B6898420CD30C23B0FBF3F203FB39
:102D4000120434B9084601F085FEAB680190984240
:102D500002D0002002B070BD6E680C362E4401987F
:102D600001F058FE0422019030190DEB020109F028
:102D70008DFD0028EDD104340C2CF0D12B6806F128
:102D80000B0269680B335B1A33449A4201D101206C
:102D9000E0E712F8011FFF29F7D0DAE772B6EFF388
:102DA00005834F4CC4F884301EF0040F0CBFEFF3C2
:102DB0000882EFF309824FF0E0234A4F4A4ED3F8DE
:102DC000281DC4F88810D3F82C1DC4F88C10D3F833
:102DD000341DC4F89010D3F8383DC4F8943093698A
:102DE000C4F89830D369C4F89C3000F0C5F884ED7D
:102DF000280AFFF749FE0B233C4AC4F8A400C4F894
:102E0000803010464FF0FF331168202504324B40CC
:102E100003F00101013D07FB01F181EA5303F7D102
:102E2000B242F1D1C4F8A830BFF34F8F4FF0E02386
:102E30002F4AC3F8700FC3F8702FBFF34F8FBFF343
:102E40006F8F2C4A2C4CD36E2C4843F44053D366DE
:102E500002232360D36923F07F0343F04003D3614F
:102E6000274B1B68834201D9FEF72CFF0023012664
:102E70004FF0FF322360C4F80831224BC4F8003110
:102E80004FF0E023C4F808611B4CC3F88021C3F85D
:102E90008421C3F88821C3F88C21C3F89021D4F889
:102EA0000C3123B10135C4F80C614F2D02D800F06C
:102EB000C3F9F4E7144B02221449C3F840214FF040
:102EC0000042134B13485A630B4AD2F80C312BB112
:102ED0004FF0E023104AC3F80C2DFEE70863F4E737
:102EE00000FF27202083B8EDA8FF272080FF2720A0
:102EF000A0FF272000C00F4000400840803DCD0BC0
:102F000068B50020009F240000002E4000800F4084
:102F100000900D40F100AD0B0400FA05084A08B519
:102F2000034610684BB1034406498B4206D909F0A9
:102F3000F3FD0C2303604FF0FF3008BD1360FCE786
:102F400098BC002000002820002070474FF0FF3080
:102F500070474FF4005300204B60704701207047CA
:102F60004FF0FF30704730BFFDE730BFFDE730BFA7
:102F7000FDE7FFF713BF0000124BD3F88020520784
:102F8000FBD5D3F88030104AC3F30B2392ED000A2F
:102F900007EE903A0D4BB8EE400A93ED007AF8EE4A
:102FA000E77A0B4BB8EE477A77EEC77A93ED007A63
:102FB000084B67EE877AD3ED006A87EEA67A30EE8B
:102FC000470A704700810D40583F02204C3F0220C5
:102FD0005C3F0220643F022030B5224C01B309045B
:102FE000214B012541F080019860A360596000F5F4
:102FF00080511D60D96000F50051196100F5405104
:1030000000F58040596198610023E360174BD3F8C5
:10301000B0112943C3F8B011D3F8B0110029FBD186
:10302000134B0121002A4FEA0242196048F2800145
:1030300008BF802159600021C4E9123199604FF026
:1030400001110A4BC3F8BC11D3F8B01141F480311F
:10305000C3F8B01107490A60D3F8B021002AFBD1A8
:1030600030BD00BF0000002060E2002000002E40C4
:1030700040E2002070390220836BF0B51BB1536829
:1030800043F40043536072B6446B184B24B3226080
:10309000D3F8B0410C421CD1154E7768D3F84041AB
:1030A00044F48044C3F84041D3F8B841D3F84051C8
:1030B0006D0404D47568ED1BB5F5166FEED30C40A6
:1030C00007D1C0E90224094CD4F8B0310B43C4F84D
:1030D000B031426362B6F0BDC0E90224D3F8B0411A
:1030E0002143C3F8B0110263F3E700BF00002E4094
:1030F000001000E070B50446006B38B102460025B0
:10310000536813F0800302D022633DB970BD12688A
:103110000135012AF4D1C4E90C33F6E70668013D14
:10312000A36B98473046F0E770B504460E46154647
:1031300000213C220430FFF7A5FA01232660A3609A
:10314000A56370BD1F4A10B509B309041E4B0124C5
:1031500041F0800198609364596000F580511C60D3
:10316000D96000F50051196100F5405100F580402B
:10317000596198610023D364144BD3F8B01141F422
:103180008031C3F8B011D3F8B0110029FBD1104B36
:1031900001211960802159600021C2E90231996042
:1031A0004FF00112094BC3F8BC21D3F8B02142F013
:1031B0000102C3F8B021074A1160D3F8B021002AF8
:1031C000FBD110BD0000002060E2002000002E4076
:1031D00040E200207039022072B60A4A012303FA45
:1031E00000F0137818431070074AD2F848311906D6
:1031F00005D480210B43C2F84411C2F8483162B6AD
:10320000704700BF195D022000002E400123084ACC
:1032100003FA00F0137823EA0000107030B9054A71
:10322000D2F8483123F08003C2F84831704700BF1C
:10323000195D022000002E402DE9F043A24C85B01C
:10324000D4F84461F007C4F8446132D4710600F147
:103250005A82F40103D59D4B1B6803B19847B00116
:1032600003D59B4B1B6803B19847710708D5964B54
:10327000984AD3F8843113F4007318BF01231370F4
:10328000914BD3F848311A0640F15A82330640F187
:103290005782914A1378002B00F04D82013BDBB23C
:1032A0001370002B40F047820620FFF7AFFF0CF0B1
:1032B000DDF9D4F8AC31894F002B4DD1D4F8BC5195
:1032C000002DC3D0864AC4F8BC5111680D4224D0E9
:1032D000136042F22102834BD3E90043A1B2914231
:1032E00011D19BB27BB9804A804B106891888628A7
:1032F0009279186099809A7105D10620FFF76CFFCA
:10330000754B50221A707A4B9C4202D0794B9C42EA
:1033100003D17549734800F049FE774B1B681D4087
:1033200094D02C0CDFF8D4814FF00109002C40F030
:10333000DC81ADB2714F4FF00108002D86D095FAB7
:10334000A5F4B4FA84F407EBC41008FA04F4FFF708
:10335000D1FE25EA0405F0E7C4F8AC31674BD3E9A8
:103360000A03D4F8402142F40052C4F84021D4F8B2
:1033700040219204F5D5D4F8402122F40052C4F83B
:1033800040214FF00112C4F8B421D4F8B45115F023
:103390000115FAD181B2524AB1F5106F1560CDE92D
:1033A000020300F0B38040D840F20232914200F0B4
:1033B000EF801ED8822900F0D08007D8802900F045
:1033C000C5804FF00113C4F8C0317AE0B1F5817FB8
:1033D00000F0F180F5D340F22112914203D040F287
:1033E00021229142EDD1B3F5102F4FEA1341E8D2DB
:1033F00055E140F2816291420ED8B1F5D06F80F074
:103400003881B1F5A06F50D0DBD840F22132914223
:10341000E9D040F22142E4E7B1F5086FD1D1384B51
:1034200038481B780121037094E042F22122914236
:1034300000F0248115D840F60132914200F0358128
:1034400042F22102914200F0268140F6812291420F
:10345000B7D19BB2042B40F0368123482A4B1B780E
:10346000E0E748F2A212914200F0338114D842F210
:103470002132914264D048F2A1129142A1D1B3F518
:10348000102F9ED201AA184902A800F063FD00285F
:1034900097D0019914485DE048F2A1429142EED0E4
:1034A00021F4807148F2A122E7E72A4629462846FE
:1034B000FFF792FDBDF80A305B0643F08073C4F855
:1034C0005431D4F8AC31F7E600002E404C490220CC
:1034D000504902202C5D02202D5D0220C0012E40AB
:1034E00070390220E8000120845C0220404902205B
:1034F0002101010221010001743902200000002095
:103500002B5D0220FA5C0220295D0220C0F30740F7
:103510008D4B18708D4BC4F8C8314FF0C813C4F8E8
:10352000CC31C4F8D0314FF0C413C4F8D431C23B0D
:10353000C4F8D83100F072FF00F0F4FD00F0AEFCEA
:10354000002211461046FFF747FDBAE780480221E6
:1035500005704570FFF7F6FDB3E798B213F07803F6
:103560007FF42FAF00F07F02050657F82210784A4B
:103570001370537009D511F4803F18BF01234FF029
:103580000201734818BF1370E4E711F0010FF4E76C
:1035900013F0780F9AB27FF414AF02F07F0312F0A9
:1035A000800F57F8232014BF42F4803242F001020A
:1035B00047F82320C4E713F0780F9AB27FF401AFE5
:1035C00002F07F0312F0800F57F8232014BF22F47B
:1035D000803222F00102EBE7BCF5E06F1FD15D4BBA
:1035E00042465D4918785D4B002818BF19462846A9
:1035F000FEF7AEFF07236B7025F01F034544BFF3B2
:103600004F8F4FF0E022C2F8703F20339D42FAD82E
:10361000BFF34F8FBFF36F8F514841469AE7424641
:1036200023E00C32516800293FF4CBAEB2F800E041
:1036300084468645F5D1B2F802E0AE45F1D1000AE4
:10364000474D4FEA134803280CBF0A78128990456A
:1036500028BF9046BCF5007FBED13E4B42463F4955
:1036600018783D4B002818BF19462846FEF770FF12
:10367000C2E73C4AC0F30F409DB2D3E79BB2002B98
:103680007FF45EAF384BC0F307401A68374B1A60BF
:10369000374B187054E7190C07297FF492AE354A5E
:1036A000C2E90003012234484DE79BB2042B03D149
:1036B000C0F30F40314BECE7052B7FF482AEC0F333
:1036C0000F402F4BE5E7052B7FF47BAE2A482C4BB0
:1036D000C5E6B3F5403FFFF474AE27484423032109
:1036E0000370AC238570437034E794FAA4F7B7FAFB
:1036F00087F708EBC71009FA07F7403024EA0704F8
:10370000FFF7F8FC12E61F4BD3F8AC21C3F8AC214D
:10371000D3F8BC21C3F8BC21D3F8B041002CFBD1B5
:103720004FF0FF32C3F8B421D3F8843100F074FEB7
:10373000154B1C608DE505B0BDE8F04300F052BDAF
:1037400005B0BDE8F08300BF2B5D02200200CC0075
:10375000FA5C02202C5D022035380160E036016001
:1037600080D4242014680020BC470220484902204D
:103770002A5D0220E8000120845C0220295D0220ED
:10378000265D022000002E407439022070B51E46CE
:10379000831E0546042B13D8B2FA82F409040948A3
:1037A0003246640900EBC51041EA4471FFF7BCFCE6
:1037B00036B1054A012303FA05F013681843106077
:1037C00070BD00BF000000207439022070B51E4695
:1037D000831E0446042B14D8B2FA82F50948090462
:1037E00032466D0900EBC41041EA45714030FFF7E5
:1037F0009BFC36B1044A103401231168A3400B43EB
:10380000136070BD000000207439022070B51E46A0
:10381000531E0546022B13D8831E042B10D8940781
:103820000848324644EA014100EBC510FFF77CFC32
:1038300036B1054A012303FA05F0136818431060F6
:1038400070BD00BF000000207439022070B51E4614
:10385000531E0446022B14D8A31E042B11D809486A
:103860009507324600EBC41045EA01414030FFF7AE
:103870005BFC36B1044A103401231168A3400B43AA
:10388000136070BD000000207439022012048160B2
:1038900042F08002426001F58052C26001F50052A0
:1038A00010B50261012401F5405201F58041046028
:1038B0004261C0E9061310BD831E0A46042B0AD8D4
:1038C000054B00F1100103EBC0100123403003FA57
:1038D00001F1FFF7D1BB704700000020831E0A46AC
:1038E000042B06D80121034B814003EBC010FFF7E6
:1038F000C3BB7047000000204068704700EB8303A3
:103900002DE9F043984201D28C0707D494460E4625
:103910000546A3F10807DFF8748017E050F8044B60
:1039200021F8024B240C22F8024BEBE755F8089BD8
:1039300055F8044C1FFA89FE4EEA044E04EA0804C6
:1039400044EA194446F804EB4CF8044BAF42EDD876
:10395000C61F5C1EB742A4EB00044FEAD40524F056
:10396000070438BF002420444FEA850438BF0024F0
:1039700021442244984201D3BDE8F08350F8044B1F
:1039800021F8024B240C22F8024BF3E70000FFFF62
:1039900038B5114B114C1A78114B2146114D1B684B
:1039A0001148D3402A7823600023FFF76FFF2B785C
:1039B0002344BFF34F8F4FF0E022C2F8684F20340A
:1039C000A342FAD8BFF34F8FBFF36F8F064906208B
:1039D000BDE83840FFF770BF285D0220E0D2242008
:1039E00094390220275D0220E0F2002070B50546E0
:1039F00072B600231A4A1B48166813601A4A0178E7
:103A000014681360194A0370128862B629B1184805
:103A1000C2F140020368134403609EB194B128468A
:103A200000223146FDF750FC3046FDF725FCB4B1CD
:103A3000284621460122FDF747FC2046BDE870409C
:103A4000FDF71ABC0B4A13680133136021B1084A11
:103A5000136803F6AC531360002EE8D0DFE770BDA7
:103A6000A0670120AD570220A4670120404B02202F
:103A7000943902203C49022070B504460021FDF72C
:103A800043FC012105462046FDF73EFC364B04462B
:103A90001B783BBB15B12846FDF7EEFB14B1204661
:103AA000FDF7EAFB314C206818B1FDF7E5FB002378
:103AB00023602F4C206818B1FDF7DEFB0023236044
:103AC0002C4C206818B1FDF7D7FB002323602A4C4B
:103AD000206818B1FDF7D0FB00232360274B00229C
:103AE0001A8070BD85B9FDF77FFB054630B9002C03
:103AF000F7D02046BDE87040FDF7BEBB4FF48072A2
:103B000000210430FEF7BEFD5CB9FDF76DFB0446F5
:103B100008B92846EEE74FF4807200210430FEF722
:103B2000B1FD72B61149086830B9124B0D601C60C6
:103B3000124B188062B6D4E70D4A0F4B166816B9BF
:103B400015601C60F6E715600E600A4A1968156872
:103B50001C6011600022094B1A80FDF78DFB28467E
:103B6000FDF78AFBE6E700BF295D0220F067012030
:103B7000F4670120F8670120FC670120424B022016
:103B80000023074A1380074A1360074A1360074A55
:103B90001360074A1360074A1370074A137070478F
:103BA000404B0220A8670120AC670120A0670120DC
:103BB000A4670120AD570220AE5702202DE9F74F30
:103BC000414B0122DFF8108187081A703F4BDFF864
:103BD0000C911C68B8F80060D9F8005034B9FDF7B2
:103BE00003FB0446002841D0384B186035B9FDF777
:103BF000FBFA0546002839D0C9F80000DFF8E0A03C
:103C0000DFF8E0B077B1C6F180039F420DD22A1DE4
:103C1000211D3B46504602EB460201EB46013E4465
:103C2000FFF76CFEA8F8006020E0294A12680092B5
:103C30009BB32A1D211D5046019302EB460201EB66
:103C400046013E44FFF75AFE019BA6F180070AEBAE
:103C5000830A009B13B9DBF800302BB38023A8F84C
:103C600000301FB11B4A13680133136003B0BDE875
:103C7000F08FFDF7B9FA054648B92046FDF7FCFA82
:103C8000124BC9F800501D60A8F80050EEE70F4B2A
:103C90000026C9F800001C60B4E7009B002BE5D1AA
:103CA000DBF80030002BE1D1094BCBF800501C6051
:103CB000FDF79AFA04460028DBD1044BC9F800004E
:103CC0001860A8F80000D1E7AD570220A8670120CE
:103CD000A067012038490220404B0220AC67012038
:103CE00000D32420A467012008B538B1114B5868CF
:103CF000C0F30E40C0F1B400FFF760FF0023B42210
:103D00000D490C48FFF7C2FD0B4B03F1B402BFF3A2
:103D10004F8F4FF0E021C1F85C3F20339A42FAD830
:103D2000BFF34F8FBFF36F8F02490520BDE80840F6
:103D3000FFF7D4BD00F1002000D324200023034A64
:103D40001370034A1360034A13607047AF57022091
:103D5000F0670120F8670120314A13680133092B0D
:103D60002DE9F04F85B057D900232D25136000248D
:103D70002C4FDFF8BC8039682B1B41B99A0008EB47
:103D80004400FEF77FFCA80005B0BDE8F08FDFF827
:103D9000A4B00E1DDFF8A09008EB840EBBF8000065
:103DA000D9F800A0C0F180029A4228BF1A4606EB5B
:103DB000400301930AF1040303EB400303EB4206C3
:103DC0000296029E9E4218D1144402447F2A21D9B1
:103DD0000846FDF751FA5046FDF74EFA124B1349CB
:103DE0001A683A6000221A600B680A60C9F800304D
:103DF000AC42ABF80020BED3C5E733F9026B0396A3
:103E0000019E36F802CB0196039E4CEA064C4EF812
:103E100004CBD6E792B2EBE72C251360A7E700BFEF
:103E200094BC0020F0670120F4670120FC670120AA
:103E300000F80020424B0220F867012038B5FFF758
:103E40008BFF114B114C05461A78114B2146254426
:103E50001B68D3400F4A1360024600230E48FFF749
:103E600015FDBFF34F8F4FF0E023C3F8704F2034A0
:103E7000A542FAD8BFF34F8FBFF36F8F06490520D5
:103E8000BDE83840FFF718BD285D022000F800208B
:103E900094390220E0D2242000F3002038B5002419
:103EA0001F4B204A1C6021461F4B204D1C60204B9D
:103EB00020481A60204B1B78A3420BBF0323042326
:103EC0000A2208222B701D4B1A702022FEF7DAFB03
:103ED0001B4B0122B4210520FFF798FC2046FFF779
:103EE00003FF214620221748FEF7CCFB164B29780A
:103EF00001220620FFF7AAFC2046FFF749FD2146D4
:103F000020221248FEF7BEFB114B05200122B421EE
:103F1000FFF79CFC2046BDE83840FFF78FBF00BF8D
:103F20003C4902209A99192C38490220275D022029
:103F30009439022000F100202C5D0220285D02202F
:103F400055030200E0F20020FDFF010000F3002015
:103F5000A90402000378A12B23D14378C07801285B
:103F600004D1114B5B680B7010607047022818D1A8
:103F7000813B032B15D8DFE803F0020B0E120A4B2E
:103F8000986808705B7A4B700223012013607047B9
:103F900000230B70F7E7FF230B700023F3E70123E7
:103FA000FAE70020704700BF64BC00200278034697
:103FB000212A12D1DB784078012B06D101280CD1BF
:103FC000074B0A785A6018607047022B05D1012808
:103FD00003D1034B0A789A60F5E70020704700BFD1
:103FE00064BC0020114B0A22D3F82002104B20F0B1
:103FF0007F40984230B538BF0A2385B038BF584358
:1040000001A9FEF765FB0B4801AA0021054612F83D
:10401000014B0B46013124B10A2920F8024FF6D199
:104020000B4601335B002B7005B030BD00441F40D0
:1040300080969800C0CF002000F006BB00F0D8BAF0
:1040400000F032BB00F0F6BA00F036BC00F00EBC57
:104050000846114600F038BB084600F0FBBB0000E4
:10406000F8B5144C4FF0E026134D4FF4003204EB3A
:104070004024124F05EB40150346C6F88C2121461B
:104080003A882846FFF702FC3B882344BFF34F8F52
:10409000C6F85C4F2034A342FAD8BFF34F8FBFF36A
:1040A0006F8F04202946FFF719FC4FF40033C6F840
:1040B0000C31F8BDE0D5242020F10020CC550220A1
:1040C0004268124BC2F30E42C0691B889B1A4FF61E
:1040D000FC72134030B416D00D4900250D4C0A78FF
:1040E00024F8103001320C4C072A24F810500B4CE5
:1040F00028BF2A46A054D2B20A70094A11680B445C
:1041000030BC1360704730BCFFF7AABFCC5502200B
:10411000045D022094550220B0550220065D022065
:10412000403F0220204B80220021204870B51B78A0
:1041300000241F4E002B1F4B0CBF40254FF4007571
:104140001D803580FEF79EFA1B4BC02221461B487E
:104150001C701B4B1C80FEF795FA1A4B2246294611
:1041600004201C605C609C60174B1C605C609C6061
:10417000164B1C70164B1C70164B1C60164BFFF731
:1041800005FB2346224631880420FFF71FFB20460B
:104190000134FFF765FF062CF9D100230F4A137095
:1041A0000F4A137070BD00BF2C5D022020F3002069
:1041B00052560220CC550220215D022020F1002021
:1041C0004E56022094550220B0550220045D022074
:1041D000165D0220403F02202D0702001B5D0220D9
:1041E000235D0220204B2DE9F0411B78002B39D1B3
:1041F0001E4F3A88002A35D01D4E1E4935781E4C78
:1042000001EB45181D4904EB4524098840468A1AEC
:104210002146FFF73BFBBFF34F8F04F1200204F56B
:104220000073934234BF012310234FF0E02204EBCC
:104230004313C2F8704F20349C42FAD1BFF34F8F22
:10424000BFF36F8F04204146FFF736FB6B1C022043
:10425000042B28BF0023337000233B80BDE8F041CE
:10426000FEF7D4BFBDE8F081235D02204E56022048
:10427000215D022020F30020E0E12420525602209C
:10428000F8B5144C4FF0E026134D4FF4003204EB18
:104290004024124F05EB40150346C6F88C212146F9
:1042A0003A882846FFF7F2FA3B882344BFF34F8F42
:1042B000C6F85C4F2034A342FAD8BFF34F8FBFF348
:1042C0006F8F03202946FFF709FB4FF40033C6F830
:1042D0000C31F8BDE0E92420E0F10020CE550220A9
:1042E0004368224AC3F30E432DE9F0471488C56999
:1042F000E41A002C23DD1E4A1FFA84FA1D481178A7
:104300000078CBB2DFF8808081421B4F1B491BD065
:1043100011F8039038F81960C6F50070844213D87C
:10432000174B06EB49202246564403EB452118441F
:10433000FEF70EF93B6828F8196023443B602846D5
:10434000BDE8F047FFF79CBF013300260D48092B5D
:1043500028F815A020F8156028BF3346CD54DBB2ED
:1043600013703B681C443C60BDE8F087CE550220CA
:10437000055D0220175D0220443F02200D5D0220F2
:10438000E0E92420BC550220A05502201C4B2DE959
:10439000F0411A7802F0FF037ABB1A4A127862B32E
:1043A000194F3D884DB3194EC5F50065184932784F
:1043B000184C01EB421804EBC2242A464046214621
:1043C0002544FFF763FABFF34F8F4FF0E023C3F8A4
:1043D000704F2034A542FAD8BFF34F8FBFF36F8FD1
:1043E00003204146FFF768FA3378002201333A8010
:1043F000DBB2032B94BF33703270BDE8F08100BF95
:10440000245D02202B5D022050560220225D0220F6
:10441000A0F30020E0F92420704700002D4B8022FB
:1044200000212D4870B51B7800242C4D002B2C4EFC
:104430000CBF40234FF400732B803380FEF722F92A
:10444000284B4FF48072214627481C70274B1C8054
:10445000FEF718F9102221462548FEF713F910221D
:1044600021462448FEF70EF9234B224610211C70EA
:104470000220224B1C70224B1C602346FFF7A6F93A
:10448000204B224631880320FFF780F92346012282
:1044900029880320FFF79AF920460134FFF7F0FE40
:1044A000082CF9D1184B194A1A600022184BC3F88E
:1044B00084204A22C3F88020D3F8482142F0807239
:1044C000C3F84821134B23B1134A137843F0010377
:1044D000137070BD2C5D0220A0F300205456022002
:1044E000CE550220225D0220E0F10020505602202D
:1044F000A0550220BC550220055D0220175D022058
:10450000443F02204D0902004C490220F9090200F3
:1045100000002E4000000000335D02202DE9F74F1F
:104520004FF0E0234FF4003207468846C3F88C2151
:104530000025284BDFF8B0B01C78E4B2454503D223
:10454000254B1A78A24209D14FF0E0234FF40032F4
:104550002846C3F80C2103B0BDE8F08F01341F4B8F
:104560001F48A8EB0502092CDFF880A028BF002413
:1045700013F804903BF8191030F819601948761AAE
:1045800001EB4921B242014412D238460192FDF7B3
:10459000DFFFDAF80010019AA1EB08012944454633
:1045A000CAF800103BF819100A442BF81920C5E787
:1045B00032463846FDF7CCFFDAF80020054B484676
:1045C000921B37443544CAF80020E2B21A70FFF754
:1045D00057FEB3E7175D0220055D02200D5D022046
:1045E000A0550220E0E92420BC550220443F0220CF
:1045F0000B4B0C491A780978D3B28A420DD001339B
:10460000094A092B28BF0023D25C084B33F812104B
:10461000074B03EB4223585C70474FF0FF30704765
:10462000175D0220055D02200D5D0220BC550220B1
:10463000E0E92420034B10B51C680CB900F0B0F978
:10464000204610BD443F02202DE9F041104D114F8E
:104650002C78DFF85080E4B20F4E3B78A34201D1B2
:10466000BDE8F08101340D4A0D49092C336828BF9B
:10467000002418F8040032F8102031F81010521AF3
:104680009B1A3360FFF7FCFDE3B22B70E5E700BF38
:10469000175D0220055D0220443F0220A055022044
:1046A000BC5502200D5D022007B501210DF1070068
:1046B000FFF734FF20B19DF8070003B05DF804FB5D
:1046C0004FF0FF30F9E70000594B2DE9F74F1B7809
:1046D00006460D4603F0FF04002B00F088800024FE
:1046E000DFF868B1002D00F082800123DFF86091CF
:1046F000504F99F800A08BF800304F4B03EB4A1A4B
:1047000000239846398871B95046CDE90031FFF74A
:10471000F3F810F08000494ADDE9003155D14FF43B
:10472000006310703B80B7F8008099F80030C8F53E
:104730000060A8454FEAC32200EBC320404B009223
:10474000184465D842463146FDF702FF009A3C4BBB
:1047500050461A44002390464FF400624146FFF74A
:1047600095F84146BFF34F8F08F5006208F120032A
:1047700093428CBF012340234FF0E02208EB431308
:10478000C2F8701F20319942FAD1BFF34F8FBFF3A7
:104790006F8F03205146FFF78FF899F80030294AB0
:1047A0000133DBB2032B88BF002389F800303B883C
:1047B000ED1A1C441E4400233B80C2F88430BFF332
:1047C0004F8F00238BF800308CE7BFF34F8F8BF8AF
:1047D0000010B8F1000F01D11B4B1B68117831B9E3
:1047E00019490968C91A782905D901231370204687
:1047F00003B0BDE8F08F0E4909780029F7D04FF0DB
:104800000108009300F0CCF8009B8BF8008079E75A
:104810002A463146FDF79CFEA8EB0508094B4FF0F0
:1048200040422C44A7F800800025C3F88420C6E746
:104830002B5D022050560220A0F300201C5D0220B8
:10484000E0F9242000002E40BC470220245D022015
:10485000225D022007B501218DF807000DF1070048
:10486000FFF732FF03B05DF804FB00002DE9F041D3
:1048700000240E4F01230E4E2546DFF838803B7092
:1048800098F80030A34206D03046FFF735F803060B
:1048900058BF05F5006501342036042CF0D1BFF374
:1048A0004F8F002328463B70BDE8F081245D022035
:1048B000A0F30020225D02202DE9F8431D4B1B7858
:1048C000B3B3DFF88480B8F800508DB31A4F0123DA
:1048D0001A4EC5F500653B70194A3378194C02EB46
:1048E00043192A4604EBC3240023484621462544A5
:1048F000FEF7CCFFBFF34F8F4FF0E023C3F8704FAC
:104900002034A542FAD8BFF34F8FBFF36F8F032037
:104910004946FEF7D1FF337800220133A8F8002082
:10492000DBB2032B94BF33703270BFF34F8F3A70FA
:10493000BDE8F8832B5D0220245D0220225D022069
:10494000A0F30020E0F9242050560220114938B588
:104950000B684BB1EFF3058333B9EFF3108272B6F6
:10496000086810B902B962B638BD0B4C2578002D25
:10497000F8D10123237043690B6043B19D6102B9F3
:1049800062B600258368457798472570ECE70349B0
:104990000B60F4E700680120B05702200C6801208A
:1049A0002DE9F843174B1C789CB1174D2B7883B930
:1049B0000123E1072B7004D5FFF73CFE08B1AFF3EC
:1049C0000080A20718D400232B70630701D5FFF7DE
:1049D000BDFFBDE8F88359F823703B6838461B6972
:1049E000984710B17B699B689847013698F800207A
:1049F000F3B29A42EFD8E6E70026DFF81080DFF83E
:104A00001090F3E7335D0220DD5B0220B3570220F4
:104A1000BC680120C3B203EB832383EA9312C0F383
:104A20000723134403EB832383EA9312C0F3074362
:104A3000134403EB832383EA931303EB106000EB2F
:104A4000802080EA901000EBC00080EAD02000EBCC
:104A5000C0307047014608B5FFF7DCFF0B6818440B
:104A6000FFF7D8FF4B681844BDE80840FFF7D2BFF6
:104A700070B5960838D001F1100400F108033546EE
:104A80009FED227A33F908EC013D03F1080304F1AC
:104A9000100407EE90EAF8EEE77A67EE877A44EDC5
:104AA000087A33F90EEC07EE90EAF8EEE77A67EE53
:104AB000877A44ED077A33F90CEC07EE90EAF8EECA
:104AC000E77A67EE877A44ED067A33F90AEC07EE67
:104AD00090EAF8EEE77A67EE877A44ED057AD1D16D
:104AE00001EB061100EBC60012F003020DD09FEDA2
:104AF000077A30F9023B013A07EE903AF8EEE77A8E
:104B000067EE877AE1EC017AF3D170BD00000038DE
:104B1000F0B497086ED0F6EE005A00F11005BEEE24
:104B2000006A01F108043E46DFED446A55ED047A5F
:104B30000834103527EEA67AB5EEC07AF1EE10FAF9
:104B4000D4BFF0EE467AF0EE657A77EE877AFDEE26
:104B5000E77A17EE903A03F30F0324F8103C55ED73
:104B6000077A27EEA67AB5EEC07AF1EE10FAD4BF36
:104B7000F0EE467AF0EE657A77EE877AFDEEE77A28
:104B800017EE903A03F30F0324F80E3C55ED067A26
:104B900027EEA67AB5EEC07AF1EE10FAD4BFF0EEA9
:104BA000467AF0EE657A77EE877AFDEEE77A17EED1
:104BB000903A03F30F0324F80C3C55ED057A27EEE9
:104BC000A67AB5EEC07AF1EE10FAD4BFF0EE467ACE
:104BD000F0EE657A013E77EE877AFDEEE77A17EE22
:104BE000903A03F30F0324F80A3C9FD100EB07101F
:104BF00001EBC70112F003021ED0F6EE005A9FED42
:104C00000F6AFEEE006AF0EC017A27EE867AB5EEC6
:104C1000C07AF1EE10FAD4BFF0EE667AF0EE657A63
:104C2000013A77EE877AFDEEE77A17EE903A03F3D2
:104C30000F0321F8023BE6D1F0BC704700000047AB
:104C400010B48C0810D000F110032246013A03ED95
:104C5000040A03ED030A03F1100303ED060A03ED52
:104C6000050AF3D100EB041011F0030103D0013960
:104C7000A0EC010AFBD15DF8044B70472DE9F0412F
:104C80005FEA92081ED000F1100401F110034546BE
:104C900054F810CC013D54F80CEC03F1100354F817
:104CA000087C04F1100454F8146C43F820CC43F849
:104CB0001CEC43F8187C43F8146CE9D14FEA08184F
:104CC0004044414412F0030205D050F8043B013A3D
:104CD00041F8043BF9D1BDE8F08100BF012971D949
:104CE000F0B48D0871D000F110032E46DFED3E7A4E
:104CF0001C4614ED047A013E14ED036A04F110041D
:104D000037EE877A54ED067A54ED056A37EE067A67
:104D100077EE277A77EEA67AEBD12F0111F0030414
:104D200000EB070656D02346B6EC017A013B77EE3E
:104D3000877AF9D107EE101AB8EE474A87EE845AFF
:104D4000002D4ED000F110032F012946DFED264A39
:104D500013ED046A013913ED027A03F1100336EE04
:104D6000456A53ED076A77EE457A53ED055A76EEBC
:104D7000C56A26EE066A27EEA77A66EEA66A76EE82
:104D8000247A35EEC56A76EEA77A26EE066A77EEC5
:104D9000277A76EE274ADBD138444CB1B0EC017A61
:104DA000013C37EE457A27EE077A74EE874AF5D153
:104DB000F7EE007AF0BC34EE674AC4EE847AC2EDB6
:104DC000007A704700231360704706460C46DFEDFB
:104DD000067AA8E707EE101AB8EE474A87EE845A1B
:104DE000B3E7DFED014AD9E70000000030B48D08D9
:104DF00031D000F110032C469FED185A53ED046A90
:104E0000013C13ED037A03F1100326EEA66A53ED7D
:104E1000067A67EE076A53ED055A27EEA77A76EE13
:104E2000057A65EEA55A76EEA77A77EE277A35EE03
:104E3000A75AE3D100EB051011F0030107D0B0EC45
:104E4000016A013926EE066A35EE065AF7D182ED7F
:104E5000005A30BC70479FED015AEDE7000000009A
:104E60002DE9F0474D1E00F1040CD0ED007A5FEA09
:104E7000950956D01430C8460424002610ED046A63
:104E8000A4F1030A50ED036AA4F1020EB4EEE76A3E
:104E900010ED027A50ED015A671E1030F1EE10FA53
:104EA000C8BFF0EE467AC8BF5646F4EEE67AF1EE99
:104EB00010FA48BFF0EE667A48BF7646F4EEC77A3D
:104EC000F1EE10FA48BFF0EE477A48BF3E46F4EEE6
:104ED000E57AF1EE10FA48BF264648BFF0EE657A53
:104EE000B8F1010804F10404C8D10CEB091C15F059
:104EF000030018D0081ABCEC017AB4EEE77AF1EEA0
:104F000010FAC8BF064600F10100D8BFB0EE677ABC
:104F10008142F0EE477AEED182ED007A1E60BDE864
:104F2000F0874E46E3E7B0EE677AF5E72DE9F0410A
:104F3000074608462DED068BB7F800E07A684FEA81
:104F40005E0100EB8E085FEADE0E00F0B0808B00A1
:104F5000103200F1100608F110051033C418434454
:104F600055ED046ABEF1010E56ED044A04F1100439
:104F700015ED037A06F1100674EEA69A55ED027A45
:104F800055ED012A74EEE64A53ED040A02F11002CF
:104F900013ED035A05F1100513ED023A03F1100366
:104FA00054ED063A14ED054A13ED056A33EE838A93
:104FB00056ED076A16ED052A34EE060A54ED085A36
:104FC00076EE87AA14ED071A36EEC77A56ED061A62
:104FD00035EEA09A46ED089A71EE058A31EEA7AA41
:104FE00046ED07AA72EE229A70EEE55A35EE415A66
:104FF00006ED06AA46ED059A36EE446A04ED089AD7
:1050000071EEE71A44ED078A72EE627A04ED068AC1
:1050100073EE632A04ED050A12ED084A52ED076AA1
:1050200024EE843A27EE262A64EEA64A65EEA63AD6
:1050300027EE047A65EE845A65EE266A25EE045A58
:1050400037EE647A76EEA56A33EE024A33EEC55A3D
:1050500005ED077A05ED084A03ED085A43ED076AA6
:1050600052ED066A12ED057A61EEA64A27EE874AEE
:1050700061EE875A67EEA67A22EE875A26EE077A05
:1050800026EE266A62EEA66A74EE844A77EEE57A28
:1050900035EE466A37EE267A45ED064A45ED057A45
:1050A00003ED066A03ED057A7FF45AAF7A688CB295
:1050B0000223214602F080F921467A684046022305
:1050C000BDEC068BBDE8F04102F076B92DE9F04F5A
:1050D0002DED068B04888FB091ED006A0A466408B6
:1050E00091ED017A0191A300416864080C9005924A
:1050F00001F1100625460B9401F10804029607946D
:10510000D418AA1E01F11805E018D4ED004A94ED58
:10511000014AA646D0ED006AC718D0ED017AA04634
:1051200076EE265A97ED005A76EE666A04460695A4
:10513000054675EEA42A0A90019837EE276A77EEA5
:10514000677A97ED013A72EE852ABC4676EE843A8C
:10515000049736EE447ACDF80CE012EE909A75EE94
:10516000E45A76EEC46A3E1F40F8089B37EEE44AE4
:10517000DEED012A77EEA47A73EEC33ADCED014A44
:1051800036EE226A019075EEC55A059813EE909A94
:1051900037EE437A36EE246AAEF1040774EE054A20
:1051A00076EE836A80ED016A77EEC57A48F8089B4F
:1051B000CEED014A15EE90EA44F808EB16EE90EABF
:1051C00008942C4685ED017A049D4CF808EBC5ED5A
:1051D000017A5508099500F030810598083BAB46E7
:1051E000A4F10C0200F1100501F1200901F1300ECB
:1051F000DDF808A03344103460464146CDF834C091
:1052000054ED026ABBF1010B55ED025A0AF1080A8E
:10521000D1ED007A05F1080575EEA63AD0ED002A29
:1052200014ED017A75EEE65A55ED036AA2F1080213
:1052300073EEA74A90ED012A36EE875A91ED016A86
:1052400036EEC77A09F1100974EEA26A04F1080477
:1052500073EEE73A0EF1180E37EE673AA3F1080342
:1052600045ED046A37EE277AD1ED016A75EE861AAC
:10527000D0ED014A33EE223A75EE266A35EE465AF3
:1052800035EEC66A76EEA46A71EEC21A35EE425A5F
:1052900045ED036A36EE022AD6ED007A73EEE23A65
:1052A00097ED001A77EE622A92ED048A71EE278A52
:1052B00093ED04AA16ED017A71EE677A57ED010AB3
:1052C00038EE4A1A38EE886AD3ED039A30EE870A30
:1052D00092ED039A78EEC85A36EE0A6A30EEC77A33
:1052E00037EEC94A16EE10CA30EE496A77EE014A27
:1052F00047F808C934EE294AD2ED038A39EEC99A33
:1053000093ED038A71EE470A30EE280A39EE671AE8
:1053100036EE696A30EE080A75EECA5A87ED010A60
:105320001AED040A5AED036A21EE808A23EE267AEA
:1053300064EE267A61EEA61A24EE004A23EE003AC5
:1053400064EEA66A24EE800A38EE077A76EE846A66
:1053500037EEC00A33EE613A17EE10CA41F808CBB7
:1053600001ED013A82ED040AC2ED036A59ED086AC3
:1053700059ED077A25EEE67A23EEA64A65EE274A2E
:1053800065EEA75A63EEA73A66EE277A25EE265A0F
:1053900066EE266A77EE677A34EE246A75EEE66A80
:1053A00035EE635A17EE90CA04ED046A04ED035A11
:1053B00046F808C9C6ED016A5EED0C7A1EED0B7A5F
:1053C00062EE275A22EE876A22EE072A62EEA72AA9
:1053D00061EE076A20EE877A60EEA70A61EE277A0F
:1053E00035EE866A72EEC22A76EEE00A77EE277A0A
:1053F00016EE10CA40F808CB40ED012AC3ED040AAE
:10540000C3ED037A7FF4FCAE09990298CB00DDF876
:1054100034C001EB410200EB011198449C4402911D
:105420000199194401910799194407910899194460
:10543000069B03EBC20308910693019A0423089E7E
:10544000D2ED007A96ED007AD8ED002A77EE875AF1
:105450009CED003A92ED016A37EEC77AD6ED016A0B
:1054600075EEA24A9CED012A36EE265AD8ED017A55
:1054700076EE666A029D34EE836ABDF82C4037EE04
:10548000274A059876EEE24A214682ED006A35EE1B
:10549000E26AD8ED013A75EE675ADCED011A34EE96
:1054A000424A75EE233A74EE834A76EEA26A33EEF0
:1054B000A15A37EE677A36EE436A82ED015A75EEED
:1054C000C25A079A77EE027A36EEC37AD2ED002AF4
:1054D00092ED015A64EE223A24EE054A24EE855AF2
:1054E00064EEA24A33EE855A74EEC44A88ED005A3F
:1054F000C8ED014AD5ED014AD5ED006A069D26EEBC
:10550000265A26EE246A65EEA66A65EEA45A36EEA1
:10551000C66A75EE255A86ED016AC6ED005AD5EDCC
:10552000015AD5ED006A0C9E27EEA66A67EE266A40
:1055300067EEA57A27EE257A76EEE77A36EE077AD9
:10554000CCED017A8CED007A726801F035FF03989A
:1055500021467268042301F02FFF0A9821467268E1
:10556000042301F029FF21467268042304980FB038
:10557000BDEC068BBDE8F04F01F01EBF012A2DE9FE
:10558000F041064617460C469846058853D0B5F5B7
:10559000807F4BD016D9B5F5806F1AD05AD9B5F5A2
:1055A000006F43D0B5F5805F05D1012372682946AD
:1055B000204601F001FFB8F1000F11D1012F16D0E4
:1055C000BDE8F081202D31D048D9402DEDD0802D7F
:1055D000F1D121463046FFF7A9FCB8F1000FEDD01C
:1055E000B2682046B18901F087FE012FE8D107EEAD
:1055F000905AB7EE007AF8EE677AC7EE276A002D68
:10560000DED004F10801002311ED027A013351EDDF
:10561000017A08319D4227EE267A67EEE67A01ED9F
:10562000047A41ED037AEFD1BDE8F081214630469E
:10563000FFF74CFDBFE7A5B101F10C03002253EDCC
:10564000027A01320833F1EE677A954243ED047A2B
:10565000F5D19CE7B5F5007FA7D0ACE7102DB8D009
:10566000A9E7B5F5807F96D8ACE700BF2DE9F047F4
:105670002DED088B90F800E04FEA13188668143679
:10568000476808374FEA881902EB090A56ED057A90
:1056900016ED047A56ED036A16ED026A56ED015ACC
:1056A000BC4657ED023A17ED015AB8F1000F00F071
:1056B0006D8101F1400402F14000454654ED104A6D
:1056C00054ED0F8A14ED0E9A27EEA44A74EE233A95
:1056D00014ED0D0A67EE24AA3AEE855A14ED0C8AF1
:1056E00066EEA44A14ED0B1A54ED0A0A14ED092AC9
:1056F00026EE234A34EE055A67EEA8AA75EE2AAACA
:1057000054ED081A25EEA35A35EE245A67EE284ABE
:1057100075EE244A14ED073A66EEA89A54ED062A6F
:1057200014ED055A14ED044A26EE2AAA7AEE244A0C
:1057300027EE89AA34EE8AAA54ED034A65EEAA8AB6
:1057400078EEA98A67EE099A78EEA98A54ED02BA32
:1057500026EE899A14ED01BA66EE0A9A79EEA88AC5
:1057600067EE809A78EEA99A65EE8A8A38EE899A71
:1057700067EE008A39EE289A66EE808A26EE290ABC
:1057800030EE099A27EE880A39EE009A25EEA90A2A
:1057900030EE280A67EE088A30EE280A26EE888A5C
:1057A00066EE098A38EE800A67EE818A70EE288AF2
:1057B00025EE890A30EE088A27EE010A38EE008AC3
:1057C00026EE810A26EE281A31EE088A27EEA01A64
:1057D00038EE018A25EEA81A31EE001A27EE200ACB
:1057E00031EE001A66EEA00A26EE080A30EE011A23
:1057F00027EE820A31EE000A25EE881A71EE200AA1
:1058000027EE021A70EE810A26EE821A26EE002A90
:1058100072EE200A27EEA12A70EE820A25EE802A77
:1058200032EE012A27EE211A32EE012A66EEA11A83
:1058300026EE201A31EE022A27EE831A32EE011AE2
:1058400025EEA02A72EE211A27EE032A71EE821AA3
:1058500026EE832A26EE013A73EE211A27EEA23AAB
:1058600071EE831A25EE813A33EE023A27EE222AB0
:1058700033EE023A66EEA22A26EE212A32EE033AEF
:1058800027EE852A33EE022A25EEA13A73EE222A6C
:1058900027EE053A72EE832A26EE853A26EE025A64
:1058A00075EE222A27EE845A72EE852A25EE825A58
:1058B00035EE035A27EE043A35EE035A26EE844AB3
:1058C00040ED103A40ED0FAA00ED0EAA26EE223A66
:1058D00033EE055A27EEA43A35EE033A40ED0D9A21
:1058E00025EEA25A35EE044A67EE243A74EE233AC6
:1058F00000ED0C9A66EEA44A40ED0B8A00ED0A8A90
:1059000000ED090A40ED080A26EE034A34EE234A68
:1059100067EEAB3A74EE233A00ED071A25EE835A90
:1059200075EE244A27EE2B5A74EE854A40ED061A8E
:1059300066EEABBA00ED052A40ED042A00ED033A0D
:1059400026EE234A74EE244A27EE8B5A74EE854ADB
:1059500040ED023A65EEA33A73EEAB3A27EE0B5AEE
:1059600073EE853A40ED014A26EE8B5A26EE244A24
:1059700074EE233A65EEA44A34EE855A4034403042
:10598000013D7FF49BAE4944544600E0144613F0B9
:105990000F0017D0F1EC014A27EEA44A34EE234A57
:1059A00067EE243A73EE853AA4EC014A26EEA45A37
:1059B00066EE044A74EEA33A25EE844A34EE055AA4
:1059C0000138E7D14CED023A0CED015A1436083794
:1059D0001146BEF1010E7FF459AEBDEC088BBDE857
:1059E000F08700BFF8B52DED028B089E6FF04045A3
:1059F0000F46826035440446B0EE408A0780EA19BB
:105A0000002118461E469200FCF73CFE002266600C
:105A100084ED038A22616261BDEC028BF8BD00BF98
:105A200070B592FBF1F601FB16248CB943606FF060
:105A30004042059B0546017021461A444680049861
:105A400032449200FCF71EFE049B2046AB6070BD02
:105A50006FF0010070BD00BF2DE9F04F03F00305AA
:105A600091B06FF040449B0805920E95428885687E
:105A700014440D922E460B951546089106EB8402B0
:105A8000D0F804B00F930C9200F02781144605F073
:105A900003021F46AB080292154622460193013BC2
:105AA00006F10C0810320A979BB2CDF800B00692AE
:105AB0000A4601331032049306EB031307926A1E61
:105AC00003F10C0992B2013292000392079A069DEB
:105AD00052F8103C114645F8103C52F80C3C45F881
:105AE0000C3C51F8083C45F8083C51F8043C45F89A
:105AF000043C03781D460993002B00F0CA8103F192
:105B0000010BDDF814E04FF0010C08F1100A09F167
:105B10001006009BCCEB050458ED031A03EB84043C
:105B2000019B58ED022A18ED012A002B00F0A580F8
:105B3000DFEDAF5A2FB252462346F0EE653AB90078
:105B4000B0EE651A3F01F0EE654A12ED045A1032CC
:105B500093ED006A0B4466EE217AD3ED006A66EE9F
:105B6000220A52ED071A26EE023A0B4425EE066A87
:105B700026EEA24A93ED007A77EEA44A52ED062A69
:105B800030EE811A0B4466EE820A73EE233AD3EDAF
:105B9000007A25EE263A0B4476EE255A66EEA16A87
:105BA00027EE026A12ED052A74EE244AB24225EE6F
:105BB000074A76EEA55A30EE811A61EE876A73EED7
:105BC000233A27EE227A76EE244A25EE275A21EE52
:105BD000A76A76EEA33A34EE011A62EEA76A37EEB0
:105BE000257A67EE827A75EE244A36EE011A76EE51
:105BF000A33A77EE875AA8D1049B07FB03444B4690
:105C0000029AFAB1039AAD009A18D4ED007A2C44A6
:105C1000B3EC017A27EEA15A27EEA26A934267EE0F
:105C2000826A67EE277AF0EE621A74EE854AF0EE29
:105C3000422A31EE061AB0EE472A73EEA63A75EE06
:105C4000A75AE2D1CEED004A0CF1010C0378DC45F5
:105C50000EEB830383ED001A03780EEBC303C3ED51
:105C6000003A037803EB43030EEB83030EF1040EBB
:105C7000C3ED005A0BD005784BE7DFED5D5A434684
:105C8000F0EE653AB0EE651AF0EE654AB8E7059BAE
:105C9000099A03EB820305930378069A03EB430307
:105CA000B146D04610320692079A10320792059AF2
:105CB00002EB830305930A9B013B0A937FF406AF33
:105CC0000F9B0C9A1B01DDF800B01A440C92089A45
:105CD0001A4408920B9A1A440B920E9B002B00F068
:105CE0009C800D9904938A0801F003010C9C00929A
:105CF0004B1E013A03949BB20B9C92B20133A04617
:105D000002F1010A9B0004EB0A1CCDF808A08246B0
:105D100008460193089A52F8043B0892039A42F805
:105D2000043B9AF8003003921D460693002B66D080
:105D3000012703F10109009B0CF11006EC1BDDF8B3
:105D400014E00BEB8404002B4DD0A90008F11002E5
:105D50002346DFED277A12ED047A1032D3ED006A84
:105D60000B4466EE875A93ED005A12ED077A0B4406
:105D700075EEA76A93ED006A25EE075A12ED067AD2
:105D80000B4426EE076A12ED057A75EE266AD3ED0E
:105D9000005AB2420B4425EE877A76EE267A77EEE9
:105DA000277AD8D18900029A634602FB014468B180
:105DB000019AAD009A18F3EC016A94ED007A2C4434
:105DC000934226EE877A77EE877AF4D10137EEECAC
:105DD000017A4F450ED09AF80050009BEC1B0BEB5C
:105DE0008404002BB1D14346DFED017ADFE700BF29
:105DF00000000000059B069A03EB82030593049BB9
:105E000008F104080CF1040C013B049382D10B9BB4
:105E100050460E9A03EB82030B930D9B81685C1E28
:105E2000C4F38F0313B35D1E0B9A01F11003ADB2DF
:105E30001032AE1C01EB061652F8100C1033103263
:105E400043F8200C52F81C0C43F81C0C52F8180CA8
:105E500043F8180C52F8140C43F8140CB342EBD16D
:105E60006B1C0B9A1B011A4419440B9214F0030289
:105E70000CD0013A0B460B9992B2013201EB82022F
:105E800051F8040B914243F8040BF9D111B0BDE86D
:105E9000F08F08F1100A09F11006FEE6F8B5069E2B
:105EA0006FF040440F468260344405461E4607802A
:105EB000E219002118469200FCF7E4FB6E60F8BD81
:105EC0002DE9F04F06462DED108B89B03488D6F8B9
:105ED00004C004906FF040400593DB082044029416
:105EE000D6F808800CEB80000393019000F0EB8162
:105EF0004FEAD4099E4604F0070A00F120074FEA52
:105F0000491301F120060791114608EB0300043BF9
:105F10000CF1200402F12005CDF818C05246844649
:105F20008A464846994656F8203C211F9FEDEF3A95
:105F300047F8203C56F81C3C47F81C3C56F8183CE7
:105F400047F8183C56F8143C47F8143C56F8103CF7
:105F500047F8103C56F80C3C47F80C3C56F8083C07
:105F600047F8083C56F8043C47F8043C14ED088A0E
:105F700054ED072A14ED062A54ED051A14ED041AFF
:105F800054ED030A14ED020A002800F0F681B0EE89
:105F9000439A08F12001B0EE43AA04F11C03F0EE8D
:105FA00043AA8346B0EE43BAF0EE43BAB0EE43CA1A
:105FB000B0EE434A51ED083ABBF1010B53ED088AAC
:105FC00001F1200123EE88FA51ED0F4A63EEA2EAB7
:105FD00013ED078A23EE82EA11ED0E5A63EEA1DA81
:105FE00051ED0D5A23EE81DA11ED0C6A63EEA0CA71
:105FF00051ED0B6A63EE809A11ED0A7A63EEA83ACE
:1060000051ED097A3FEE044A03F1200324EEA2FA8F
:1060100053ED0E2A3EEE8CCA7EEE2BBA64EE82EA77
:1060200024EEA1EA3DEE8BBA7DEE2AAA64EE81DA77
:1060300024EEA0DA3CEE8AAA39EE899A64EE80CA90
:1060400068EEA49A33EE833A64EE884A3FEE044A3F
:106050003EEE8CCA25EE02FA13ED0D2A65EE21EA1A
:1060600074EE834A7EEE2BBA3DEE8BBA25EE01EA42
:1060700065EE20DA7DEE2AAA3CEE8AAA25EE00DA49
:1060800068EE85CA39EE899A68EE059A25EE225A9D
:106090003FEE044A3EEE8CCA25EEA1FA53ED0C1AEF
:1060A00065EE81EA35EE245A7EEE2BBA3DEE8BBAD0
:1060B00025EEA0EA65EE80DA7DEE2AAA3CEE8AAAF9
:1060C00028EEA5DA68EE25CA39EE899A62EEA59A1D
:1060D00065EE825A3CEE8AAA3FEE044A75EE855A76
:1060E00026EE01FA13ED0B1A22EE065A3EEE8CCA8A
:1060F0007EEE2BBA66EE20EA26EE00EA3DEE8BBA83
:106100007DEE2AAA68EE86DA28EE06DA62EE86CA04
:1061100039EE899A26EE216A3FEE044A3EEE8CCA99
:1061200026EEA0FA53ED0A0A66EE80EA36EE256AFC
:106130007EEE2BBA61EEA65A28EEA6EA3DEE8BBAA9
:106140007DEE2AAA68EE26DA22EEA6DA7CEE8ACA6C
:1061500035EE099A22EE26AA66EE816A7DEE2AAA1B
:1061600035EE899A3FEE044A3EEE8CCA27EE00FADD
:1061700013ED090A68EE87EA7EEE2BBA3DEE8BBA84
:1061800028EE07EA62EE87DA22EE07DA7AEE2CCA08
:1061900076EE866A21EE87AA27EE203A21EE076A7C
:1061A00068EEA78A68EE275A22EEA75A62EE274ABF
:1061B0003DEE2ADA7AEE2CCA61EEA7AA21EE27AAD2
:1061C00036EE097A3FEE044A20EEA79A3EEE8CCADC
:1061D0007EEE2BBA3DEE8BBA33EE263A67EE807A2E
:1061E00038EE844A35EE8CCA75EE2BBA34EE8BBA93
:1061F0007AEE8DAA3AEE2CAA39EE079A37EE833A58
:106200007FF4D8AE09EB0401E346A2B31346BBEC1E
:10621000016A013BF1EC015A66EE088A66EE223A09
:1062200066EE024A26EE215A66EE016A26EE207AD2
:1062300066EE007A26EE256AB0EE628A34EE284ACF
:10624000F0EE422A3CEE23CAB0EE612A7BEEA4BAFD
:10625000F0EE411A3BEE05BAB0EE601A7AEEA6AA4D
:10626000F0EE400A3AEE07AAB0EE650A39EE279A38
:1062700033EE063ACBD1BEF1010E05ED084A05ED2D
:1062800007CA07F1200745ED06BA06F1200605ED1D
:1062900005BA04F1200445ED04AA05F1200505ED39
:1062A0000BAA05ED0A9A05ED093A7FF43CAE039B73
:1062B000524601985B01DDF818C0079918449C44C8
:1062C00019441A440190059B13F0070E22D0019F38
:1062D00076466546DDF808A051F8049B53464446CF
:1062E000DFED026A284647F8049B01E00000000049
:1062F000B0EC017A013BF4EC017A67EE277A76EE96
:10630000A76AF5D1013EE2EC016A05F10405E3D18B
:106310000CEB8E0C029B591E049B8E085C681DD0F2
:1063200004F110020CF11003304653F8105C0138F0
:1063300003F1100302F1100242F8205C53F81C5CD8
:1063400042F81C5C53F8185C42F8185C53F8145C73
:1063500042F8145CE9D133011C449C4411F003035E
:1063600006D022465CF8041B013B42F8041BF9D11D
:1063700009B0BDEC108BBDE8F08FC346B0EE439A78
:10638000B0EE43AAF0EE43AAB0EE43BAF0EE43BA41
:10639000B0EE43CAB0EE434A37E700BFF8B5079FF7
:1063A000B7FBF2F402FB147494B98E4616466FF0F4
:1063B0004042054672446980436021463A4406984B
:1063C0009200FCF75FF9069B2E702046AB60F8BD8B
:1063D0006FF00100F8BD00BF2DE9F04F047883464F
:1063E0008DB04088DBF804506FF040499646089223
:1063F00002952A46DBF808608144099006EB89097A
:10640000B3FBF4F39D08A3EB85030A950B93002DD2
:1064100000F0F880830800F003002F46CDF810B09C
:1064200005931B0106900EF1100A1A449B4648463C
:1064300003970792CDF80490A4000A46234652F829
:10644000045B013B40F8045BF9D1049BA400059F69
:1064500093F800802144019B4FEA88089FEDBB1A06
:10646000234406EB080E01930EEB080C0CEB080915
:10647000002F00F06181029BF0EE415AB0EE415ACC
:1064800006F11004F0EE414A03F110050EF1100080
:106490000CF1100209F1100355ED046A013F13EDF0
:1064A000046A05F1100514ED044A00F1100050EDE6
:1064B000081A04F1100452ED042A26EE844A66EE0E
:1064C000A11A15ED077A66EEA22A54ED073A66EE98
:1064D000866A10ED072A13ED036A74EE244A12ED62
:1064E000033A31EE855A72EEA55A55ED067A67EEFB
:1064F000233A14ED064A27EE022A50ED061A27EE3B
:10650000033A52ED022A76EE816A10ED050A27EE73
:10651000067A13ED026A73EEA43A15ED051A67EEDA
:10652000844A52ED010A32EE052A14ED054A27EE9F
:10653000A15A53ED011A33EE253A02F1100267EE2B
:10654000A25A03F1100367EE867A37EE267A34EE0C
:10655000A36A61EE044A75EE023A35EE834A21EEF3
:10656000005A61EE205A77EE877A21EE211A74EEF6
:10657000864A35EE235A75EE845A31EE271A8BD1AE
:106580005E44DE44DC4409EB0B00079A069BDBB15A
:10659000B2EC016A013BF6EC016ABEEC017AFCEC5C
:1065A000017A66EE266AB0EC014A26EE077A66EEBC
:1065B000277A26EE046A74EEA64A35EE075A75EE7F
:1065C000A75A31EE061AE3D1039B09EB08064AED00
:1065D000044A0AF1100A013B0AED075A4AED065A2D
:1065E0000AED051A039303D0049B01981C7823E756
:1065F000089B0A9ADDF8049003EB0213DDF810B053
:1066000008930B9B002B61D0099A9846DDF820A0D7
:10661000950802F00307029A4FEA051E02EB0E0CE2
:106620009BF8004048460A462346F2EC017A013BBB
:10663000E0EC017AF9D1A400A1442144002D76D0E8
:10664000029B2846DFED417A03F1100206F11003A8
:1066500052ED046A013813ED047A02F1100212EDD2
:10666000075A03F1100366EE875A13ED077A12ED0D
:10667000066A25EE075A13ED067A75EEA76A52ED03
:10668000055A26EE076A13ED057A75EE266A25EEA1
:10669000877A76EE267A77EE277AD9D106EB0E0244
:1066A000604657B13B46F0EC016A013BB2EC017A1F
:1066B00026EE877A77EE877AF5D19BF80030B8F12D
:1066C0000108EAEC017A06EB8306A9D1099BDBF805
:1066D0000840591E8F081DD004F1100206F1100366
:1066E000384653F8105C013803F1100302F1100230
:1066F00042F8205C53F81C5C42F81C5C53F8185CB0
:1067000042F8185C53F8145C42F8145CE9D13B0180
:106710001C441E4411F0030306D0224656F8041B05
:10672000013B42F8041BF9D10DB0BDE8F08F02988F
:106730003246DFED067AB4E74846029AF0EE415A57
:10674000B0EE415AF0EE414A20E700BF00000000E1
:106750002DE9F04F994287B0109DC0F03F82C3EB06
:10676000010E042705EB8E0E6FF0404401315E1ED2
:106770001C44A1EB030102EB8404009156D0A4F168
:106780000408F14605464FF0010CDFED6A7A1CF073
:10679000030109D0F5EC016A0139B4EC017A26EE67
:1067A000877A77EE877AF5D10CF1010CC9ED007A82
:1067B0004446B944634537D05FEA9C0A00F05882EA
:1067C00000F1100408F110015546DFED5A7A54ED3E
:1067D000046A013D11ED047A04F1100414ED075A26
:1067E00001F1100166EE875A11ED077A14ED066A81
:1067F00025EE075A11ED067A75EEA76A54ED055A93
:1068000026EE076A11ED057A75EE266A25EE877A7F
:1068100076EE267A77EE277AD9D14FEA0A1405194F
:106820004444A8F10408B2E707FB06EE032B0099E5
:106830004CD8002900F08281002B00F0E081002E6E
:1068400000F00482022B4FEA810C00F0E281044642
:10685000011D734600EB0C059FED365AF4EC016AFE
:106860000431D2ED007A11ED016AA54266EEA76A05
:10687000D2ED017AD1ED005A26EE276A92ED027A26
:1068800076EE856A25EE877A76EE267A77EE277A97
:10689000C3ED007A3B44E1D1009BB508604407FB9F
:1068A00003EE40F0548116F0030311460446DFED79
:1068B000217A40F08181013ECEED007A00F10400A2
:1068C000BE4440F0418107B0BDE8F08F89080191D6
:1068D00000F09281090102F110044FEA930A03F0DB
:1068E000030902910C314FEA0A1BF0464118CDF81A
:1068F00010E002EB0B05059600F10C0C0E46A646C7
:1069000003954D46DDF80C900390DFED0A5A714671
:106910005CED031A6046F0EE654A5CED022AF0EE8B
:10692000653A1CED012AB0EE651A54469CED005AFA
:1069300005E000BF00000000103090ED005A11ED9E
:10694000046A013C51ED036A01F1100161EE860A0F
:10695000D0ED011A22EE863A11ED067A22EE064AB1
:1069600051ED057A26EE056A30EE811A73EE233A70
:1069700062EEA60AD0ED022A22EE263A74EE244AEE
:1069800076EE255A25EE266A66EEA16A30EE811A69
:1069900073EE233A62EE070A90ED032A25EE074ACA
:1069A00076EE244A76EEA55A61EE876A27EE227AC1
:1069B00025EE275A34EE236A76EEA46A61EEA73AF2
:1069C00062EEA74A30EE813A37EE257A67EE827A98
:1069D00035EE031A73EE863A74EEA64A77EE875ABE
:1069E000AAD10CEB0B00EDB129464C46F4EC017A30
:1069F0000139B0EC017A27EEA15A27EEA26A67EEC0
:106A0000826A67EE877AF0EE621A31EE051AF0EECE
:106A1000422A73EE863AB0EE472A74EEA64A75EE25
:106A2000A75AE3D108EB07010CF1100C88ED001A0E
:106A3000C819B445C1ED003A00EB0708C0ED004AA3
:106A4000C8ED005AB8447FF460AF0398B900029CC7
:106A5000DDF810E00444059E2546019C4FEA8409B8
:106A600004FB01EE009911F00301019166D04FEA99
:106A7000930B013103F0030C02F1100401EB090345
:106A80004FEA0B1A09F10108029402EB0A0100EB2C
:106A90008303F146CDF80CE00496644600EB8808C9
:106AA0001E468C46DDF808E0059005F1100173469E
:106AB00058465FED607A51ED046A013813ED047AAF
:106AC00001F1100111ED075A03F1100366EE875A28
:106AD00013ED077A11ED066A25EE075A13ED067AD3
:106AE00075EEA76A51ED055A26EE076A13ED057A91
:106AF00075EE266A25EE877A76EE267A77EE277A85
:106B0000D9D155445CB123466146F5EC016A013B9D
:106B1000B1EC017A26EE877A77EE877AF5D1454691
:106B200008F10408C9ED007AB944B045BDD1DDF8DB
:106B30000CE0019B049E059807FB03EE009B00EB15
:106B40008300002E3FF4BFAEB5083FF4ACAE00F1B9
:106B5000100102F110032C465FED8A7A51ED046AB0
:106B6000013C13ED047A01F1100111ED075A03F114
:106B7000100366EE875A13ED077A11ED066A25EECB
:106B8000075A13ED067A75EEA76A51ED055A26EEFF
:106B9000076A13ED057A75EE266A25EE877A76EE9A
:106BA000267A77EE277AD9D1290116F0030300EB74
:106BB000010411443FF47FAEF4EC016A013BB1ECF7
:106BC000017A26EE877A77EE877AF5D1013ECEED0F
:106BD000007A00F10400BE44B6D174E6264C0746A4
:106BE0000E4610461C443A466FF003070C44194603
:106BF000334605EB840EB7E58946054632E7734612
:106C0000002401391C603B44FBD1009B07FB03EED1
:106C100094E7034671469FED196A00EB0C04D3ED2F
:106C2000007A043392ED007AD2ED016AA34267EE56
:106C3000277A93ED007A26EE877A77EE867A77EEDA
:106C4000277AC1ED007A3944E9D125E600EB8103CA
:106C5000DFED0A6AF0EC017A92ED007A834267EE8A
:106C6000277A77EEA67ACEED007ABE44F2D12AE6F4
:106C70000546DFED027AD4E5FEFFFF3F000000008D
:106C80004FEA930C2DE9F0439646866845684FEA33
:106C90000C1803F003021436103507680EEB0809D0
:106CA00056ED053A16ED043A56ED032A16ED022A82
:106CB00056ED011A15ED041A55ED030A55ED027A49
:106CC00015ED016ABCF1000F00F0A38001F1100086
:106CD0000EF11003644610ED044A23EE017A62EED1
:106CE000A00A013C23EE845A00F1100022EE270A8C
:106CF00003F1100321EE866A75EE074A61EEA76A7A
:106D000063EE045A34EEA07A22EE811A22EE844A0F
:106D100037EE007A37EE066A03ED086A22EE067A4D
:106D200050ED077A21EE866A23EEA75A23EE270A52
:106D300062EEA74A35EE255A75EE015A75EE875A6E
:106D400075EEA66A43ED076A62EE267A50ED060AF2
:106D500061EEA65A23EEA05A23EE207A35EE005AB1
:106D600075EE046A76EEA76A36EE866A03ED066A69
:106D700062EE067A10ED051A63EE816A36EE877AC6
:106D800037EE247A77EE277A75EEA77A43ED057A07
:106D9000A1D1414448469AB3134603E0F0EE457A48
:106DA000B0EE471AB1EC017A63EE014A62EEA05AE6
:106DB000013B23EE874A22EE275A61EE866A74EE83
:106DC000244AF0EE410AB0EE676A74EEA54A34EE4A
:106DD000855A35EE265AA0EC015ADFD1013F05ED68
:106DE000047A05ED031A06F1140605ED025A714600
:106DF00045ED017A05F110057FF452AFBDE8F0834F
:106E0000B0EE675AB0EE417AF0EE467AB0EE601A14
:106E1000E4E77046BFE700BFF0B55FEA930E73D0BA
:106E200000F1200601F1200502F12004774616ED5D
:106E3000087A013F55ED087A06F1200656ED0F5A03
:106E400005F1200555ED0F6A27EE273A67EEA54AB2
:106E500016ED0E6A25EEA64A55ED0E7A67EE266A05
:106E600015ED0D5A56ED0D2A66EE273A66EE055AD7
:106E700016ED0C7A76EEA46A15ED0C6A25EE225A10
:106E800004F1200433EE444A67EEA27A73EEC53A69
:106E900004ED104A67EE064A16ED0B5A77EEA57A16
:106EA00044ED0F6A55ED0B6A66EE055A44ED0E3A55
:106EB00025EE265A44ED0D7A27EE267A56ED0A7A0B
:106EC00055ED0A6A16ED096A34EEC55A15ED094A00
:106ED00067EEA64A66EE866A67EE847A04ED0C5A7F
:106EE00026EE046A37EE257A77EEA67A34EEC66A85
:106EF00004ED0B7A44ED097A04ED0A6A97D14FEA62
:106F00004E1420442144224413F0030322D00830BD
:106F10000831083250ED027A013B11ED027A00F19E
:106F2000080050ED036A01F1080151ED035A27EE04
:106F3000876A26EE877A02F1080266EEA56A67EE96
:106F4000A57A76EE666A77EE877A42ED046A42EDBC
:106F5000037ADFD1F0BD00BFB5EEC00AF1EE10FA42
:106F60002CD4DFED207A20EE270AFDEEC07A32D451
:106F7000F8EEE77ADFED1C6A1C4AB7EE007A30EED5
:106F8000670A20EE260AFCEEC07A17EE903AC3F3A9
:106F9000080307EE903A02EB8301F8EE677AD1ED31
:106FA000006A70EE677A91ED010A37EE677A67EE54
:106FB000807A27EE260A30EE270A7047DFED0C7A3A
:106FC000B4EEE70AF1EE10FA0BDADFED067A20EE06
:106FD000270AFDEEC07A17EE903A013B07EE903A91
:106FE000C6E7704783F9223E0000004408470020AE
:106FF000CD024CB4DFED1C7AB5EE007A20EE270A04
:1070000030EE070AB5EEC00AFDEEC07AF1EE10FAD6
:1070100004D517EE903A013B07EE903AF8EEE77A86
:10702000DFED126A124AB7EE007A30EE670A20EE00
:10703000260AFCEEC07A17EE903AC3F3080307EE77
:10704000903A02EB8301F8EE677AD1ED006A70EEB8
:10705000677A91ED010A37EE677A67EE807A27EE5C
:10706000260A30EE270A704783F9223E00000044CA
:107070000847002070B4960825D000F1100401F1F3
:107080001003354614ED046A013D54ED036A03F123
:10709000100314ED027A26EE006A54ED017A66EED2
:1070A000806A20EE077A04F1100460EE277A03ED7F
:1070B000086A43ED076A03ED067A43ED057AE1D1EC
:1070C00036013044314412F0030207D0F0EC017A6B
:1070D000013A67EE807AE1EC017AF7D170BC704733
:1070E00070B4960825D000F1100401F11003354664
:1070F00014ED046A013D54ED036A03F1100314ED2D
:10710000027AB1EE466A54ED017AF1EE666AB1EEAA
:10711000477A04F11004F1EE677A03ED086A43ED53
:10712000076A03ED067A43ED057AE1D13601304472
:10713000314412F0030207D0F0EC017A013AF1EE8B
:10714000677AE1EC017AF7D170BC7047F0B55FEA7D
:10715000930E33D000F1100601F1100502F1100476
:10716000774616ED047A013F15ED046A06F1100624
:1071700056ED067A05F1100527EE066A55ED066A0A
:1071800016ED077A04F1100455ED075A67EEA66A6A
:1071900056ED057A04ED086A27EE257A15ED056AA5
:1071A00044ED066A67EE867A04ED077A44ED057AC7
:1071B000D7D14FEA0E1420442144224413F0030394
:1071C00009D0F0EC017A013BB1EC017A67EE877AE5
:1071D000E2EC017AF5D1F0BDF0B4970840D000F1AF
:1071E000100501F110043E46DFED1F7A55ED046AEB
:1071F000013E54ED045A05F1100515ED077A04F12E
:10720000100466EEA55A14ED076A55ED066A27EEDE
:10721000066A14ED065A75EEA77A15ED057A66EE44
:10722000856A54ED055A76EE277A27EE257A76EEB2
:10723000A77A77EE277AD9D13F013844394412F042
:10724000030209D0B0EC017A013AF1EC016A27EEB1
:10725000267A77EE877AF5D1C3ED007AF0BC7047D5
:10726000DFED017AEBE700BF00000000F0B55FEA58
:10727000930E33D000F1100601F1100502F1100455
:10728000774616ED037A013F56ED027A05F11005B7
:1072900015ED076A06F1100655ED066A04F11004B3
:1072A00015ED055A37EE066A55ED085A77EEA66ACF
:1072B00016ED057A56ED087A37EE057A04ED076A81
:1072C00077EEA57A44ED066A04ED057A44ED087A76
:1072D000D7D14FEA0E1420442144224413F0030373
:1072E00009D0F0EC017A013BB1EC017A77EE877AB4
:1072F000E2EC017AF5D1F0BD4B1C012B98BF704731
:107300002DE9F003911C9B08B1F80480B1F80290BC
:107310000A8831F802CC8044814402448444D9F87C
:107320000070D8F800601568DCF80040C9F800600B
:10733000C8F80070CCF800501460D9F80470D8F880
:1073400004605568DCF80440C9F80460C8F80470AB
:10735000CCF8045054600831013BD5D1BDE8F003AE
:1073600070474B1C012B98BF70472DE9F003911C0F
:107370009B08B1F80480B1F802900A8831F802CC79
:1073800000EB580800EB590900EB520200EB5C0CD3
:10739000D9F80070D8F800601568DCF80040C9F82A
:1073A0000060C8F80070CCF8005014600831013B50
:1073B000DFD1BDE8F00370472DE9F04F9E4603464C
:1073C0008A468B4604332DED108B9C469DB09FED75
:1073D000C39A19901A921B934FEADB034FF00008EF
:1073E0001A4611934FEACB0311464FEAC2090093A4
:1073F0005300D51801931301199A4C1902EB090691
:10740000029302EBC50513460A1906EB090703EBC5
:10741000C404881803EBC2020144043203EBC00029
:1074200003EBC101009B04315CED017AD84490ED7F
:10743000007A94ED005AC245D7ED003A96ED006A05
:1074400037EE851A52ED016A73EE874A37EEC55A58
:10745000D5ED007A73EEC73A11ED017A36EE262AA1
:1074600037EE874A76EE666A71EE245A32EE046A87
:1074700037EEC77A31EE641A75EE864A76EEC77A31
:1074800075EEC65A4CED014A32EE442A67EE897A0F
:1074900094ED010AC4ED005A36EE877AD6ED015A12
:1074A000D5ED012A75EE271A92ED004A75EE677A3E
:1074B000D1ED004A27EE097A35EEC43A9CED006A18
:1074C00072EEE46AD0ED010A97ED015A35EE844A76
:1074D00072EEA44A73EE265A76EE002A73EE666ABE
:1074E00036EE406A35EE200A65EE895A35EE605A6E
:1074F00032EE803A74EE240A66EE896A74EE644ACB
:1075000032EEC04A75EE252A33EE200A75EE655A32
:1075100033EE603A36EE265A8CED000A76EE666A55
:107520009C4433EE876A84ED013A33EEC77A1C44FB
:1075300071EE243A71EE644A31EEA23AC7ED003A98
:1075400034EE421AC0ED004A77EEA53A75EE464A8F
:1075500077EEE57A87ED011A76EEC75A1F4432EED0
:10756000044A71EEE21A36EE056A37EE267A80EDAD
:10757000014A86ED003A184441ED011A42ED013A04
:10758000C5ED007AC6ED014A1E4481ED006A19443A
:10759000C2ED005A1A4485ED017A1D443FF644AF0E
:1075A0000093119B072B40F2F48101990EEB4E04DE
:1075B000029D4FEACE02013104EB0E00E4000835D3
:1075C000194400EB0E0C1394C0005E181746189275
:1075D00009F108099C19199B1A9A12905D191198C2
:1075E0003A440C9598462044119DD71903EBC404E6
:1075F000054403EBC00010970CEB0E074FEACC0CD0
:1076000004340430C844CDF854C0199B0A9409903E
:1076100003EBC1011A9C03EBC5051598CDF8348026
:1076200007EB0E0804EB0009F8004FEAC80C04351C
:10763000074617900B91184603EBC601129BCDF835
:1076400050C0E3180895149D0E91214604EB0508DF
:107650000493E5194FEA0E13139C16930B19109F10
:107660000595039300F10803079738460F9301230C
:107670000693009B90ED00FAD0ED01BA03980399B0
:1076800090ED01BA0498D1ED00EAD0ED01AA059879
:107690000599D0ED017A91ED00DA0D99049CCDEDBC
:1076A000017AD8ED017A0091D2ED00FA94ED00EA6A
:1076B00092ED01CADDF820E0099F0A9E0B9DD9EDED
:1076C00000DA0C9CD8ED00CA0E990F9ADDF818C0AC
:1076D00099ED01AACDED027A009801E0F304353F5F
:1076E000D5ED003ADC4491ED007AD4ED008AE24514
:1076F00057ED017A90ED005A56ED015A38EEA76A1F
:1077000092ED001A78EEE74A1EED014A75EE259AD1
:1077100031EE073A92ED018A73EE846A75EE655A8E
:1077200033EEC44A73EE061A39EEA65A75EE847A21
:1077300031EE471A31EE857A67EE897A33EE463AB2
:1077400082ED007A79EEE69A96ED006A34EEA72A89
:10775000D5ED013A74EEE78A90ED017A35EEC44A30
:10776000DEED004A31EEC55A77EE462AD1ED016AC8
:1077700073EEE47AD7ED000A77EE065A94ED017ABB
:1077800033EEA46A32EEE70A78EE664A78EE263ADD
:1077900072EEA72A77EE206A24EE094A37EE607A65
:1077A00020EE098A75EE860A33EEA60A62EE892A71
:1077B00035EEC66A73EEE63A77EE627A74EE885A70
:1077C00034EEC88A77EE224A71EE042A31EE447A0A
:1077D00030EE601A73EE061A33EE466A33EEE93A7B
:1077E00079EEA36A38EE684A75EEC23A72EE255A0F
:1077F00032EEA42A72EEE44A77EE272A37EE677A51
:1078000078EE887A6EEE058A2AEE818A2AEE855A0B
:107810002EEE011A6FEE219A70EE200A6BEEA11A7D
:107820002BEE830A2FEE033AC2ED010A38EE888A66
:107830001A446CEE238A31EE455A6FEEA33A81ED7D
:10784000008A39EE800A33EE613A81ED015A6FEE1B
:10785000820ACDED003A9DED025A2DEE068ADDED4D
:10786000013A6CEEA49A84ED000A65EE244A84ED98
:10787000013A23EEA61A23EE866ADDED003A25EEE4
:10788000255A19442DEEA20A1C446AEE041A70EE21
:10789000A80A2EEE873A6BEE278A2CEE022A6DEEAE
:1078A000266A6CEEA55A6AEE222A2DEE844A2BEE49
:1078B000077A6EEEA77A73EEC23A38EE018A36EE98
:1078C000C66A39EE855A75EEE44A07ED018A30EE54
:1078D000210A87ED006A74EE622AC0ED000A33EED9
:1078E000283AC0ED013A37EEC77A0EED015ACEEDD7
:1078F000004A184406ED010A1F44C6ED002A9E44C2
:1079000085ED003A1E4485ED017A1D443FF6E8AE50
:10791000069A1698013211460692079A0244139865
:107920000792039A024412980392049A0244179809
:107930000492159A9144059A02440592149A90442F
:107940000F9A08320F920E9A08320E920D9A083250
:107950000D920C9A08320C920B9A08320B920A9AEA
:1079600008320A92099A08320992089A0832089253
:10797000109C11982246884205D01898214601444F
:107980000798109176E68346BDF860E0DDF86CC09C
:1079900022E51DB0BDEC108BBDE8F08F08B52DEDD4
:1079A000048BB0EE409BB0EE418B01F01BFDB4EEBA
:1079B000489BF1EE10FA06D69FED0A9BB4EE498B78
:1079C000F1EE10FA02D0BDEC048B08BD05F0A4F86E
:1079D00089EE090BBDEC048B2123036008BD00BFB9
:1079E000AFF30080000000000000000008B52DED9E
:1079F000028BB0EE408B01F041FEB4EE488BF1EE0D
:107A000010FA0FD6B5EEC08BF1EE10FA0AD8B5EE2B
:107A1000408BF1EE10FA08D105F07EF89FED090BCE
:107A200022230360BDEC028B08BD05F075F8BDECA8
:107A3000028B034621221A600448BDE8084000F08A
:107A400085BB00BF000000000000F0FF40460020A2
:107A50000000000008B52DED048BB0EE408B01F066
:107A6000C7FBB4EE488BF1EE10FA06D69FED099BEA
:107A7000B4EEC98BF1EE10FA02D4BDEC048B08BD54
:107A800005F04AF889EE090BBDEC048B2123036055
:107A900008BD00BF0000000000000000B0EE407B09
:107AA00017EE903A1B4A23F0004393421BDD1A4A1B
:107AB000934202DD30EE400B704700B585B068465A
:107AC00001F064FE00F0030001289DED021B9DED16
:107AD000000B0CD0022812D070B1012001F02AFC5A
:107AE00005B05DF804FB9FED091B01F08BBB01F0B5
:107AF00021FCB1EE400BF3E701F084FBF0E701F06D
:107B000081FBB1EE400BEBE7AFF30080000000001B
:107B100000000000FB21E93FFFFFEF7F51EC100B5D
:107B200010EE102A21F0004343EC102B704700BFE9
:107B300000000000B0EE407B17EE903A1B4A23F0A5
:107B4000004393421CDD1A4A934202DD30EE400BA3
:107B5000704700B585B0684601F018FE00F00300DC
:107B600001289DED021B9DED000B0ED0022813D0C5
:107B700070B101F047FBB1EE400B05B05DF804FBBE
:107B80009FED081B002001F0D5BB01F03BFBF4E7A3
:107B9000012001F0CFFBF0E7012001F0CBFBB1EEBB
:107BA000400BEAE70000000000000000FB21E93F75
:107BB000FFFFEF7F08B52DED028BB0EE408A01F09C
:107BC0002FFFB4EE488AF1EE10FAF0EE408A0AD6A2
:107BD000B0EE480A00F088FAF7EE007AB4EEE70A51
:107BE000F1EE10FA04DCB0EE680ABDEC028B08BDC1
:107BF00004F092FFBDEC028B034621221A6002487A
:107C0000BDE8084000F0B8BE4046002002F00EB8C3
:107C100008B52DED028BF0EE408AB0EE608A02F0DE
:107C2000ABF8F4EE488AF1EE10FA06D6DFED098AD9
:107C3000B4EE688AF1EE10FA02D0BDEC028B08BDFA
:107C400004F06AFF88EEA80ABDEC028B21230360D2
:107C500008BD00BF0000000008B52DED028BB0EE9E
:107C6000408A02F019F9B4EE488AF1EE10FA0FD604
:107C7000B5EEC08AF1EE10FA0AD8B5EE408AF1EE00
:107C800010FA08D104F048FF22239FED090A03608F
:107C9000BDEC028B08BD04F03FFFBDEC028B034638
:107CA00021221A600348BDE8084000F065BE00BF0D
:107CB000000080FF4046002008B52DED028BB0EE9D
:107CC000408A01F099FAB4EE488AF1EE10FA06D62D
:107CD000DFED098AB4EEE88AF1EE10FA02D4BDECC9
:107CE000028B08BD04F018FF88EEA80ABDEC028BD9
:107CF0002123036008BD00BF0000000038B510EE6E
:107D0000104A24F00045B5F1FF4F2DED048BF0EE45
:107D1000407A29DAB84B9D4215DCB5F1465F80F216
:107D2000AE8014F0F84F30D19FEDB47A20EE077A90
:107D3000B2EE006ABDEC048BA0EE067AF4EE006AA7
:107D400027EE260A38BDAE4B9D4240F3CB80AD4BAB
:107D50009D4223DDBDEC048BB7EE000AFFEE007AF6
:107D6000002C20FE270A38BDF7EE006A86EE807AE6
:107D7000E40F6400C4F1010407EE904AF8EEE77ADC
:107D800037EE870ABDEC048B38BD9FED9F7ABDECC2
:107D9000048BE0EE077AB0EE670A38BD00F0A4F974
:107DA0009A4B60EE006AB7EE007A9D42C7EE267AE3
:107DB000F0EE408A40F3D780DFED956ADFED955A0B
:107DC0009FED955A9FED956ADFED959AE7EEA65ADD
:107DD000DFED946AE5EEA76AA7EE856ADFED925AB9
:107DE0009FED925AE6EEA75AA6EE275ADFED906A6B
:107DF0009FED906AE5EEA76AA5EE276ADFED8E5A41
:107E00009FED8E5AE6EEA75AA6EE275ADFED8C6A52
:107E10009FED8C6AE5EEA76AA5EE276AA6EEA77A23
:107E2000E6EE279AB0EE479A18EE903A23F47F6375
:107E300023F00F0308EE103ABEEE020AA8EE480A3D
:107E400000F0A0FDC9EE897A38EE687A38EE888AAB
:107E5000B0EE409AE7EE087AB0EE670A00F092FDC5
:107E600029EE000A002CABBF80EE287AC0EE287AFB
:107E7000F7EE007AB7EE007A37EEC70A82E720EE17
:107E8000007ADFED715ADFED716A9FED716A9FED47
:107E9000715AE7EE256ABDEC048BDFED6F5AA7EE51
:107EA000065AE6EE875A9FED6D6ADFED6D6AA5EE24
:107EB000076AE5EE876A9FED6B5ADFED6B5AA6EE17
:107EC000075AE6EE875A9FED506AF7EE006AA5EE74
:107ED000076AE5EE876A86EE267AE0EE077AB0EE6C
:107EE000670A38BD00F000F9F7EE007A30EE670A55
:107EF000DFED5E5A9FED5E7A9FED5E6ADFED5E6AB2
:107F0000A0EE256A002CE0EE076ADFED5C5A9FEDDB
:107F10005C7AE6EE005AA6EE807A9FED5A6ADFEDB3
:107F20005A6AA5EE806AE7EE006ADFED585A9FEDC7
:107F3000587AE6EE005AA6EE807A9FED566ADFED9B
:107F4000566AA5EE806AE7EE006A9FED547AE6EE87
:107F5000807AA6EE007A47DB87EE270ADFED507ABB
:107F600030EE270A0EE7DFED4F5ADFED4F6A9FED47
:107F70004F6A9FED4F5ADFED4F9AE7EEA56ADFEDAE
:107F80004E5AE6EEA75ADFED4D6AA7EE865AE5EEA9
:107F9000A76A9FED4B6ADFED4B5AA5EE276AE6EE26
:107FA000A75A9FED495ADFED496AA6EE275AE5EE3A
:107FB000A76A9FED476ADFED475AA5EE276AE6EE0E
:107FC000A75A9FED455ADFED456AA6EE275AE5EE22
:107FD000A76A9FED436AA6EEA77AA5EE276AB0EEE0
:107FE000479AE6EE279A1FE7C7EE276ADFED3D7A4C
:107FF00037EEE60AC6E600BFFFFF573FD475833F62
:10800000FFFF9F3FFFFFBF40D475033E6DDB36404F
:108010001287B3C1A743ED4375C2F1C30B2380C4DC
:1080200092A021BCCE901F45BBFD474541641FC4B3
:108030005917C044EAA220C371E5A2434B108EC178
:1080400059B4F241D49D4CBF1AE284B649EE0A39C4
:10805000B156C7B78914BDBB1681A63B8F52E9BC88
:10806000632A853DEB6BA6BECEBBCB3EC0F90DBBF4
:10807000A35A443CB351113D136E5F3CC21CE3BD97
:108080000733013E54FEA23EE71A933D0892BEBE5E
:1080900085570A3F0568D43E31F3D93DC6CD1ABB9A
:1080A0000B56583F977F77BD7C3FD2407E071DC15E
:1080B0002B93A2C293A021BC1F45D9420B81D6436A
:1080C000E79A38C3C95821448C6522C36F48D94305
:1080D000578079C263A8094322F028C1CE359D415B
:1080E000B7A031BF0B5658BF10EE103A23F0004333
:1080F00000EE103A704700BF10EE102A22F0004345
:1081000010B4B3F1FF4F4FF00004046017DAB3B1BD
:1081100012F0FF4F10EE101A09D1DFED0B7A60EE6E
:10812000277A6FF0180417EE901A21F00043DB1540
:108130007E3B234421F0FF41036041F07C5200EE7E
:10814000102A5DF8044B70470000004C9FED010BB6
:10815000704700BF000000000000F87F70B410EE10
:10816000902A6FF47273C2F30A55EB183E2B85B058
:1081700044D8664B93ED026B93ED007BB0EE461B4B
:10818000A7EE001B11EE100A31EE461B00F07F0235
:1081900093ED064B921893ED043B02F10F0103EBB4
:1081A000C20292ED1C7BA3EE010BA4EE010B03EBCC
:1081B000C10293ED0A5B20EE001B30EE077B93EDCE
:1081C000082B93ED0E6BA5EE002B21EE015B93EDDA
:1081D0000C4BA2EE017B53F831405668A6EE004BE3
:1081E00000210A1906EB4033A5EE047BEDB143EC08
:1081F000102BA7EE000B05B070BC7047002B56DBB0
:10820000B5F5816F2DD910EE101A002012F5801FE0
:1082100008BF814268D040F2FF74A54247D0824235
:108220005EDB05B070BC00F099B8884244DAB7EE66
:10823000004B03F17F5101F50011104641EC160B84
:1082400027EE067B36EE070BB4EEC40BF1EE10FA08
:1082500009D49FED287B20EE070B05B070BC00F021
:10826000ADB8002585E730EE043B36EE406B34EECA
:10827000435B36EE076B35EE007B37EE067B37EE61
:10828000037B37EE447BB5EE407BF1EE10FA24D051
:108290009FED180B27EE000B9FED166B8DED006B1D
:1082A0009DED007B27EE067B8DED027BD5E7B7EEDB
:1082B000007B30EE070B9EE703F140419FED0F6B13
:1082C00001F57001104641EC100BA7EE000B20EEFB
:1082D000060B05B070BC00F07DB89FED0A0BDBE724
:1082E00005B070BC00F032B89FED060B83E700BF0D
:1082F000AFF300800000000000001000000000004C
:108300000000007F000000000000000018050020B1
:1083100010B582B08DED000B044604F0FDFB9DED21
:10832000000B046002B010BD82B058B1B1EE407BCA
:108330008DED007B9DED007B222020EE070B02B02F
:10834000FFF7E6BFB0EE407BF2E700BF9FED010B09
:10835000FFF7EABF00000000000000109FED010BD6
:10836000FFF7E2BF000000000000007082B00028AC
:10837000B7EE006BBFEE007B06FE077B8DED007B4A
:108380009DED000B9FED037B222080EE070B02B0DA
:10839000FFF7BEBF0000000000000000B4EE400B7D
:1083A000F1EE10FA30EE407B87EE076BB0EE460B35
:1083B00002D62120FFF7ACBF704700BFB5EE400BDF
:1083C000F1EE10FA00D070472220FFF7A1BF00BFE6
:1083D000000000009FED076BB0EEC07BB4EE467B63
:1083E000F1EE10FA00DC70472220FFF791BF00BFCA
:1083F000AFF30080FFFFFFFFFFFFEF7F2DE9F04F9E
:108400005BEC10AB2DED0A8B4FEA1B5C11EE90EA92
:108410000CF1FF3640F2FD70864210EE101A11EE9C
:10842000103A89B05A4665464FEA1E5400F2C6809B
:10843000C4F30A06A6F2BE367F2E98BF002000F2D3
:10844000BD80BFEE000BE14CE14B1444C4F3463554
:1084500003EB451693ED006B93ED027B96ED128BCB
:1084600096ED189B96ED162B260D241505EE904AD9
:10847000360593ED0C4BB8EEE55B951BA5EE062B90
:10848000A5EE079B93ED04AB93ED105B93ED08BB5A
:1084900093ED067B93ED0A6B93ED0E3B0C1E45ECC2
:1084A0001C4BACEE080BA0EE053BA0EE046B20EEDF
:1084B0000A5B30EE024B20EE058BA0EE0B7BA8EEA4
:1084C000036B32EE442BA8EE067B32EE002BB0EEAF
:1084D000483B39EE022B95EE003B34EE085B20EE74
:1084E000080B34EE454B32EE036B34EE084B36EEA0
:1084F000046BA0EE076B35EE064B21EE048B18EEF5
:10850000902AB0EE487BC2F30A556FF47273EB18F1
:108510003E2B91EE047B35EE445B35EE065BA1EE1F
:10852000057B00F29380AB4B93ED024B93ED005B28
:10853000B0EE441B93ED042BA8EE051B93ED066BE8
:1085400011EE101A31EE441B01F07F0293ED0E4B39
:10855000A1EE028BA1EE068B93ED0C6B37EE087B40
:1085600027EE072B921802F10F0403EBC202A7EECD
:10857000046B92ED1C4B03EBC40293ED0A3B93EDAD
:10858000085B53F834605768A7EE035B401800247B
:1085900022EE023B37EE047BA219A2EE057B07EB2D
:1085A0004033A3EE067B002D5FD043EC102BA7EEEB
:1085B000000B09B0BDEC0A8BBDE8F08FD8184EEB6C
:1085C0000E09461E37466FF0010849F1FF36B845DF
:1085D0006FF4001777EB0606C0F02081481842EBD5
:1085E0000209461E374669F10006B8456FF40017C8
:1085F00077EB0606C0F03981002A6ADB0020C4F35D
:108600000A06A6F2BE337F2B40F2FF774FD9724B9A
:1086100000209A4208BF814200F0FD8040F2BD3543
:10862000AE4240F29180012972EB030334BF012373
:108630000023BC428CBF00240124A3420ED109B008
:10864000BDEC0A8BBDE8F04FFFF780BE002BC0F2F7
:10865000CE80B5F5816F75D9002AF0DB09B0BDEC8D
:108660000A8BBDE8F04FFFF779BEA14280F213817B
:10867000B7EE003B03F17F5101F50011104641ECCC
:10868000150B27EE057B35EE076BB0EEC64BB4EE4F
:10869000C34BF1EE10FA61D49FED480B26EE000BB0
:1086A00009B0BDEC0A8BBDE8F04FFFF787BE002D87
:1086B0007FF4C7AE9FED437B4BEC16AB26EE077BFA
:1086C00053EC172B23F0004217EE101AA2F1507250
:1086D000B7E6C4F30A0640F2FE3086427EDD40F281
:1086E0003340864200F3FA80801BA0F120054FF052
:1086F000FF374FF0FF39874009FA05F9C0F120082C
:10870000019547EA09054FF0FF3727FA08F945EACE
:108710000905874023EA07072EEA05053D435DD199
:10872000019DC3400EFA08F843EA08032EFA05FE3D
:1087300043EA0E0303F00103980422F00042CCF355
:108740000A055EE70025EEE688429341B7EE000B8E
:1087500034BF31EE000B30EE410B2AE7B5EEC06BB3
:10876000F1EE10FA35EE465BBFEE004B35EE075BDF
:1087700058BFB0EE434B36EE043B34EE437B37EE4E
:10878000067B37EE057B37EE037B37EE446BB5EEA9
:10879000406BF1EE10FA04D12A4601F0004343EC9D
:1087A000162B9FED065B8DED045B9DED047B27EEA4
:1087B000057B8DED067B6FE7AFF3008000000000C6
:1087C000000010000000000000003043AB6A19C038
:1087D00028180020180500200000F03F4BEC10ABDB
:1087E00009B0BDEC0A8BBDE8F04FFFF7D7BDB7EE7F
:1087F000000B38EE000B00283FF4DBAEB1EE400B6F
:10880000D7E64918594B82F400224FF0000052413C
:10881000884293415DD3B7EE000BCAE650EA0904E3
:10882000EFD0534C0025A24208BFA94247D04918B7
:10883000504B52418D4273EB02044AD3994508BF15
:10884000A84246D103F100439A4208BFA942E2D0B0
:108850009A426FEA0E0E34BF002201224FEADE7EFA
:10886000724577D09FED3D0BA3E64BEC17AB002A8A
:1088700027EE070B34DB002250EA09095DD1BEF177
:10888000000FBFF696AE104609B0BDEC0A8BBDE8EE
:10889000F04FFFF76BBD03F140419FED326B01F5E7
:1088A0007001104641EC100BA7EE000B20EE060BFA
:1088B00009B0BDEC0A8BBDE8F04FFFF78BBDDB18AC
:1088C0002A4A8EF4002E4EEB0E0E9D4272EB0E02E3
:1088D000A1D24BEC17AB37EE010B6AE600202CE778
:1088E000C4F30A02A2F2FF313429C4D8C2F5866269
:1088F0004FF0FF31A2F11D05033201FA05F701FA2D
:1089000002F4C2F120063C4321FA06F73C439140B1
:1089100023EA01012EEA04042143ACD123FA02F236
:108920000EFA06F632432EFA05F52A4312F001023A
:10893000A2D0B1EE400B01229EE7BEF1000FBFF6C0
:1089400038AEB7EE006B86EE007B8DED027B9DEDC1
:10895000020B2EE621EE010B2BE600BF000000000B
:1089600000000000000000000000007F0000F0FF99
:108970000000F03F0000E0FF9FED010A704700BFDC
:108980000000C07F10EE103A40F22A41C3F30A52B1
:108990008A42B7EEC03A32D8B7EE000B2D4B93EDBA
:1089A0004A2B93ED481BB0EE417BA2EE037B17EE02
:1089B000100A37EE417B00F01F0203EBC20130B416
:1089C00092EE037B93ED4C4B53F832404D6893EDA0
:1089D0004E6B93ED505BA4EE076B27EE074B002127
:1089E0000A1905EBC033A5EE070B43EC172BA6EED7
:1089F000040B30BC20EE070BB7EEC00B704713F52D
:108A0000000F20D0B2F5FF6F1AD2DFED137AB4EE6B
:108A1000E70AF1EE10FA10DCDFED107AB4EEE70AA7
:108A2000F1EE10FA12D4DFED0E7AB4EEE70AF1EEB1
:108A300010FAB1D5002000F0ADBB002000F0B0BBB3
:108A400030EE000A70479FED070A7047002000F0E3
:108A50009BBB00BFD00300201772B142B4F1CFC25C
:108A6000CF8ECEC2000000000000000030B410EE37
:108A7000103A2DED028BA3F5000110EE902AB1F112
:108A8000FE4F10EE104A82B04FEA42017CD201F153
:108A9000FF3C6FF08070844580F0F780002004F187
:108AA000404303F54D03C3F3C342DB0DDB05E11A7D
:108AB000DB1507EE903AB14B03EB021292ED003B4F
:108AC00004EE101AB7EEE06AB7EEC44ABFEE000B30
:108AD000A3EE040B93ED443B20EE001B93ED464BBD
:108AE00093ED402BA0EE034B93ED425B93ED483B9F
:108AF000A0EE025B21EE012B92ED028BB8EEE77B3C
:108B000037EE087BA0EE037BA1EE047BA5EE027B93
:108B100026EE077B17EE903A48F2BF01C3F3CF333E
:108B20008B4250D2B7EE000B954B93ED402B37EEB6
:108B3000023B13EE102A33EE423B02F01F01821873
:108B400003EBC10093ED424B37EE437B53F83140CA
:108B5000456893ED446B93ED465BA7EE046B27EEFF
:108B6000074B0023181905EBC231A7EE050B41ECAA
:108B7000170BA6EE040B20EE070BB7EEC00B02B0EE
:108B8000BDEC028B30BC70474D1E6FF0807085428B
:108B900080F0CE8059004D1E854280F09280002BDF
:108BA00055DB0020B4F5000FBFF479AFDFED757A27
:108BB00007EE103A67EE277A17EE904A24F0004449
:108BC000A4F138646BE79FED656BB4EEC67BF1EE04
:108BD00010FA15DC9FED636BB4EEC67BF1EE10FA74
:108BE00020DD4FF04C5388B10193DDED016ABFEEFB
:108BF000006A76EE666AF4EE466AF1EE10FA11D07B
:108C000002B0BDEC028B30BC00F0CABA0093DDEDBF
:108C1000006AB7EE006A76EE866AF4EE466AF1EE16
:108C200010FAEDD19FED516BB4EEC67BF1EE10FA68
:108C300057D99FED506BB4EEC67BF1EE10FA7FF57D
:108C400071AF02B0BDEC028B30BC00F0A3BAC2F32E
:108C5000C7517E2911DD962954DC0120C1F196010E
:108C600000FA01F1481E104207D1114214BF012041
:108C70000020000424F0004494E700EE103A02B013
:108C8000BDEC028B30BC00F0A3BA002952D0B3F186
:108C90007E5F2CD06400B4F17F4F2ED8B1F17F4FAE
:108CA0002BD1B4F1FE4F4BD0B4F1FE4F6FEA02026C
:108CB00034BF00240124D20F94424CD09FED320ADD
:108CC0005DE7002B20EE000A1EDB002000293AD1D0
:108CD000002ABFF654AF02B0BDEC028B30BC00F0EE
:108CE00065BA02B0BDEC028B30BC00F04DBA82F424
:108CF0008002520012F5000F22D907EE903A37EEAB
:108D0000A00A3CE70020B5E7C2F3C753A3F17F00F8
:108D10001728DAD8C3F19600012303FA00F0441EA5
:108D20001442D2D11040D1D0B1EE400A1846CDE75E
:108D30000029AFD184F48002520012F5000FDCD874
:108D4000B7EE000A1BE7002ABFF619AFF7EE007A6C
:108D500087EE800A13E720EEA00A10E771D5D1FF55
:108D6000FFFF5F40E2AAA3FFFFFF5F40000000009B
:108D700000C062C00000000000A062C07028002097
:108D8000D00300200000004B0000000030B510EEC2
:108D9000104AC4F30A53B3F57D7FB7EEC06A83B0BF
:108DA0001BD226EE065BB3F5667F6ED326EE052B4F
:108DB00025EE021B734B93ED1A3B93ED187B93ED5D
:108DC000164BA5EE037BA2EE046BB0EE460BA7EEAE
:108DD000010BB7EEC00B03B030BD40F22E42934200
:108DE0005ED8684991ED087B26EE077BFDEEC77BD8
:108DF00091ED0A5B17EE903A03F500031B1613F092
:108E0000020F07EE903A01F1700208BF0A46D80738
:108E1000B8EEE77BA7EE456B26EE067B1BD403F08E
:108E2000030301EBC30192ED1A4B91ED002B92ED80
:108E3000185B26EE026B92ED163BA7EE045B26EE66
:108E4000074B27EE047BA4EE036BA5EE076BB7EE92
:108E5000C60B03B030BD92ED142B27EE075B92EDED
:108E6000126B92ED0E3BA7EE026B92ED0C0B92EDA6
:108E7000104BA7EE030B27EE057BA5EE040BA6EE29
:108E8000070BB7EEC00B03B030BD220D12F4FF6F1D
:108E9000DFD1B7EEC55B00EE104A8DED015AD8E781
:108EA000B3F5FF6F4BD2384BC4F3836203EB820000
:108EB00053F822200569C4F31603C4F3C25143F4E6
:108EC00000038B40016A03FB02F2A3FB0110E3FBEA
:108ED000050202F100518D0F01F04041511A02F0DC
:108EE0005DF82A4B9FED257B05EBD47441EC160B06
:108EF00014F0020FA3F1700208BF1346E90726EE33
:108F0000077B27EE076B1FD404F0030402EBC402B7
:108F100093ED1A4B92ED002B93ED185B27EE027B3D
:108F200093ED163BA6EE045B27EE064B26EE046B94
:108F3000A4EE037BA5EE067BB7EEC70B89E703B073
:108F4000BDE8304000F044B993ED142B26EE065BEB
:108F500093ED127B93ED0E3BA6EE027B93ED0C0B93
:108F600093ED104BA6EE030B26EE056BA5EE040B5E
:108F7000A7EE060BB7EEC00B6BE700BF182D4454ED
:108F8000FB21193C98290020083B0020082A0020DA
:108F90000000000038B510EE104AC4F30A53B3F5D0
:108FA0007D7FB7EEC07A1ED227EE077BB3F5667FD2
:108FB0006FD327EE071B634B93ED142B93ED125BDE
:108FC00093ED0E3BA7EE025B93ED0C0B93ED104B74
:108FD000A7EE030B27EE017BA1EE040BA5EE070B1A
:108FE000B7EEC00B38BD40F22E42934254D85549DB
:108FF00091ED086B27EE066BFDEEC66B91ED0A5BFB
:1090000016EE903A03F500031B1613F0020F06EE5E
:10901000903A01F1700208BF0A46D807B8EEE66B35
:10902000A6EE457B27EE076B1AD503F0030301EB91
:10903000C30191ED002B92ED1A4B92ED185B92ED6E
:10904000163BA6EE045B27EE027B27EE064B26EED0
:10905000046BA4EE037BA5EE067BB7EEC70B38BD11
:1090600092ED142B92ED127B92ED0E3B92ED0C0BD8
:1090700092ED104B26EE065BA6EE027BA6EE030BEE
:1090800026EE056BA5EE040BA7EE060BB7EEC00BA4
:1090900038BDB7EE000A38BDB3F5FF6F3DD22A4B9D
:1090A000C4F3836203EB820053F822200569C4F302
:1090B0001603C4F3C25143F400038B40016A03FB5F
:1090C00002F2A3FB0110E3FB050202F100518D0F38
:1090D00001F04041511A01F061FF1C4B9FED177BDD
:1090E00005EBD47441EC160B14F0020FA3F17002DF
:1090F00008BF1346E90726EE077B27EE076B10D55E
:1091000004F0030402EBC40292ED002B93ED1A4B22
:1091100093ED185B93ED163B93E7BDE8384000F004
:1091200057B893ED142B93ED127B93ED0E3B93ED1B
:109130000C0B93ED104B9DE7AFF30080182D4454BA
:10914000FB21193C98290020083B0020082A002018
:1091500010B582B08DED010A044603F0DDFC9DEDF3
:10916000010A046002B010BD30B1F1EE407A27EE82
:10917000800A2220FFF7ECBFF0EE407A27EE800A4B
:109180002220FFF7E5BF00BF9FED010AFFF7ECBF0C
:10919000000000109FED010AFFF7E6BF0000201A53
:1091A0009FED010AFFF7E0BF000000709FED070A86
:1091B000FFEE007AB7EE007A00284FF0220047FE5B
:1091C000277A87EE800AFFF7C3BF00BF00000000C8
:1091D00070EE407AB4EE400A87EEA77AF1EE10FA0C
:1091E000B0EE470A02D62120FFF7B2BF704700BF9A
:1091F000B1EEC00B704700BFB1EEC00A704700BFB0
:109200000000000010EE903A23F00043B3F1795FC4
:109210002DED028B2EDAFDEEC07B17EE903A002B7F
:1092200065D020EE004B9FED358B9FED362B9FEDEB
:10923000373BA4EE082B9FED375BA4EE023B9FED7E
:10924000376BA4EE035B9FED377BA4EE056BA4EEBA
:10925000067B24EE077B21EE401BB6EE006BA4EEEE
:10926000071BB7EE000B94EE061BBDEC028B30EE35
:10927000410B70479FED218B20EE004B9FED212B82
:109280009FED223BA4EE082B9FED225BA2EE043B58
:109290009FED226BA3EE045B9FED227BA5EE046B9A
:1092A000224AA6EE047B934227EE047BD3DD204ABC
:1092B000934217DCB7EE006B0020A3F5001141ECE0
:1092C000150B36EE456B21EE401BB6EE003BA4EECF
:1092D000071B94EE035BBDEC028B35EE410B36EEC3
:1092E000400B7047B6EE076BB5EE025BEBE7B7EEEF
:1092F000000BBDEC028B7047AFF30080D43888BE02
:10930000E9FAA8BDC4B1B4BD9EEE213EAD529C8029
:109310004F7E92BE9015CB19A001FA3E7751C1162F
:109320006CC156BF4C5555555555A53F3233D33FAB
:109330000000E93F10EE903A23F00043B3F1795F6B
:1093400004DAFDEEC07B17EE903A5BB320EE007BB3
:109350009FED162B9FED173B9FED184BA7EE023BA1
:109360009FED185BA3EE074B9FED186BA4EE075B18
:10937000A5EE076B20EE075B30B99FED164BA7EE0D
:10938000064BA4EE050B70479FED144B26EE456B84
:10939000B6EE003BA1EE036B96EE071BA5EE041B99
:1093A00030EE410B704700BFAFF300807CD5CF5A41
:1093B0003AD9E53DEB9C2B8AE6E55ABE7DFEB157D6
:1093C000E31DC73ED561C119A0012ABFA6F810113F
:1093D0001111813F495555555555C5BF49555555ED
:1093E0005555C53F2DE9F04385B08DED001BDDE9F6
:1093F000007C2CF0004050EA07038DED020B2FD0CB
:10940000039B984A23F0004E964529DC7A42964900
:109410003A4340EAD2728A4222D8DDF80890864563
:109420003C464A4603F0004606DCC0F2C780B94518
:10943000C0F0C48000F0FD808B491940D9B9BEF15D
:10944000000F40F0DF80B9F1000F4D4640F3088176
:10945000A1F213416D00002D01F1FF31FADC0EE0A5
:109460009DED027B9DED006B27EE067B87EE070BE3
:1094700005B0BDE8F0834FEA2E51A1F2FF317A4DDD
:109480000CEA050585B9002840F0AD80002FB846EC
:1094900040F3E480A5F213454FEA4808B8F1000F05
:1094A00005F1FF35F8DC02E00515A5F2FF35DFF820
:1094B000BC81414572DBC3F3130343F48013DFF82F
:1094C000ACE1754559DBCCF3130C4CF4801CD01B7C
:1094D000491B0BD11DE050EA0E0345D04FEADE7365
:1094E000013903EB40034FEA4E0211D0A3EB0C000D
:1094F000944288BF00F1FF300028A2EB040E4FEA2F
:10950000D277E8DA013907EB43034FEA4202EDD1A3
:10951000101BA3EB0C0C944288BF0CF1FF3CBCF178
:10952000000FA4BF0246634653EA020105D11BE0C7
:10953000D10F01EB43035200013DB3F5801FF7DB70
:109540004A498D426ADA491B142978DC05F21E402B
:10955000CA4003FA00F043FA01F110430E433346C8
:10956000024643EC102B83E7414BF60F03EBC60397
:1095700093ED000B05B0BDE8F083AEEB05041F2CA6
:1095800025DD3C48491BA0EB050C07FA0CFC18BF75
:109590000024ABD1A3EB0C0C1046C0E7A8EB0108EC
:1095A000B8F11F0F0DDC01F21E430EFA08FE29FA76
:1095B00003F309FA08F243EA0E0380E79DED020B7C
:1095C00056E72C4B5B1A09FA03F3002277E705F202
:1095D0001E4C00FA04FE27FA0CFC07FA04F44CEACD
:1095E0000E0C101B74E74FEAC028B8F1000F1F4D96
:1095F0007FF75DAF4FEA4808B8F1000F05F1FF357E
:10960000F8DC54E74FEACE25002D18497FF737AF35
:109610006D00002D01F1FF31FADC30E7A3F5801376
:10962000334305F2FF3543EA0551104641EC100B78
:109630001EE70F4B03EB167393ED000B18E71F2982
:1096400007DC05F21E4022FA01F103FA00F008439C
:1096500085E70848401B43FA00F080E7064D26E7FF
:1096600005490CE7FFFFEF7F0000F07F02FCFFFFE2
:10967000C0030020E2FBFFFFEDFBFFFF00B52DED77
:10968000028B83B08DED000B019BB3F5801F1DDABB
:10969000009923F000420A4346D0002B4FDB9DED9A
:1096A000006B9FED2C7B26EE077B8DED007B019BF5
:1096B000344A93426FF035010DDD9DED007B37EEAE
:1096C000070B03B0BDEC028B5DF804FB2D4A9342FF
:1096D0004FF00001F1DC1815A0F2FF30084440F211
:1096E000FF3CC3F31301DDE90023ACEBD07C00EBBE
:1096F000D07007EE900A41EA0C5343EC102BB8EE01
:10970000E78B00F0FFFC9FED155B9FED166B20EEE5
:10971000050B9FED167BA8EE060BA8EE070B03B01A
:10972000BDEC028B5DF804FB9FED126B9FED137B8C
:1097300086EE070B03B0BDEC028B5DF804FB9FEDDA
:109740000F7B9DED006B36EE466B86EE070BB8E7A0
:10975000AFF3008000000000000050430EE5261526
:109760007BCBDB3F362BF111F3FE593D00609F5060
:109770001344D33F00000000000050C3000000006D
:1097800000000000FFFFEF7F0000000070B553EC09
:10979000102B9C4923F000458D4288B004466ADDB9
:1097A00099498D421E461BDC002B9FED867B40F3C2
:1097B000EB8030EE477BA1F51B21A1F5F0618D42D6
:1097C0006AD09FED826B012037EE465B37EE457B1A
:1097D00084ED005B37EE467B84ED027B08B070BD04
:1097E0008A498D4260DD8A498D424DDC2A1510EE92
:1097F000100AA2F21642A5EB025141EC170B9FEDA5
:10980000755BBDEEC76BB8EEC66B37EE467B27EED9
:10981000057BFDEEC74B8DED026BB8EEE46B37EECA
:10982000467B27EE057BB5EE407BF1EE10FA8DED21
:10983000046B8DED067B40F0968014EE903A002B81
:109840000CBF01230223734901910221009102A858
:10985000214600F0B7FD002EC0DA94ED006B94EDC8
:10986000027BB1EE466BB1EE477B84ED006B84ED7D
:10987000027B4042B2E700200021C4E9020100203F
:1098800084ED000B08B070BD30EE407B002084ED0D
:10989000027B84ED007BA1E79FED505B9FED516B58
:1098A00037EE457B01208FE7FEF738F9B6EE007BF7
:1098B0009FED4E5BA0EE057BFDEEC77B9FED413B30
:1098C00017EE900A9FED416B1F28B8EEE75BB1EEF3
:1098D000454BA5EE430B25EE067B1CDC4E4B421E92
:1098E00053F82230AB4216D030EE476B84ED006B5C
:1098F00030EE460B30EE470B002E84ED020BBFF628
:109900006DAFB1EE466BB1EE400B84ED006B84EDB4
:10991000020B404262E730EE476B16EE903AC3F31B
:109920000A53C3EB1553102B4FEA2552DEDDB0EE80
:10993000403B9FED2A6B9FED2B2BA4EE063B30EEB8
:10994000437BA4EE067B95EE027B33EE476B16EE6F
:10995000903AC3F30A53D21A312A06DCB0EE430B15
:1099600084ED006BC4E703236DE79FED226BB0EE3F
:10997000430B9FED222BA4EE060B33EE407BA4EEAF
:10998000067B95EE027BAFE7244930EE077B8D42E4
:109990000ED09FED0E6B4FF0FF3037EE065B37EECB
:1099A000457B84ED005B37EE067B84ED027B15E79B
:1099B0009FED0A5B9FED0B6B37EE057B4FF0FF30A1
:1099C000EBE700BF00004054FB21F93F3163621A0E
:1099D00061B4D03D00000000000070410000601A3A
:1099E00061B4D03D7370032E8A19A33B83C8C96D3F
:1099F000305FE43F0000002E8A19A33BC1492025B7
:109A00009A837B39FB21E93F7BD90240FB21394115
:109A1000FFFFEF7F0C67002044460020FB21F93F49
:109A200038B510EE105A25F00044B4F17E5F2DEDEC
:109A3000048B00F085807ADCB4F17C5F0FDAB4F13E
:109A4000485F80F29C80DFED697A70EE277AB7EE8E
:109A5000007AF4EEC77AF1EE10FA00F38D80FEF78B
:109A600043FBF7EE007A37EEC00AB6EE007A20EE3E
:109A7000078ADFED5F6A9FED5F7A9FED5F6A9FED7A
:109A80005F5ADFED5F5ADFED5F8AE8EE076A9FED10
:109A90005E7AA8EE067A9FED5D6AA6EE885AA7EE7A
:109AA000086A9FED5B7ADFED5B6AE5EE085AA6EE89
:109AB000087AE5EE886AE7EE087AE6EE888AB0EE84
:109AC000480AB0EE679AFFF797FB534B9C4268EE4B
:109AD000888A42DC10EE103A23F47F6323F00F03F0
:109AE00006EE903AA6EEE68A30EE267A88EE895A9D
:109AF000C8EE074ADFED497A9FED497AB0EE006A79
:109B0000E4EEC67A30EE000AF0EE475AE6EEC65AA8
:109B1000D0EE057A77EEE57A37EE677A002D0ADC2B
:109B2000BDEC048BB1EE477AB0EE470A38BD70EE5B
:109B3000407A87EEA77ABDEC048BB0EE470A38BDB9
:109B40009FED367ADFED377A20EE077ABDEC048B95
:109B5000A0EE277AB0EE470A38BD88EE896ADFEDBD
:109B6000327A9FED307AA0EE060AF0EE006AE0EE5F
:109B7000267A37EE677AD1E7B0EE407ADBE760EE1F
:109B8000007A9FED1C7ADFED1A6A9FED1C6ADFED0B
:109B90001A5A9FED1B5AE7EE876ABDEC048BA6EEBE
:109BA000A76A9FED197ADFED196AA7EEA57AA6EEEE
:109BB000275AE7EE276ADFED175A9FED156A9FEDEA
:109BC000117AE5EE275AA6EEA76AA5EEA77AF7EE78
:109BD000006AE6EE276A67EE277AB0EE407A87EEF3
:109BE000A66AA0EE067AB0EE470A38BDCAF24971FD
:109BF000047F4F3A08EF11382EC69D3D461124BD13
:109C0000A80A4E3EABAA2A3E613330BF2D57014011
:109C100039D119C090B0A6BE9999793F2EBD3BB3FA
:109C2000DB0F493FDB0FC93F2EBD3B3310B582B080
:109C3000CDED010A019B23F00042B2F1FF4FF0EE9F
:109C4000407A30DC10EE100A20F00041B1F1FF4FF5
:109C500029DCB3F17E5F40D09C1704F0020444EA93
:109C6000D07431B372B3B2F1FF4F3ED0B1F1FF4FB8
:109C700028D0891AB1F1F45F4FEAE15232DA002BB1
:109C800040DA3C323EDA9FED330A012C4CD0022CF4
:109C900041D064B19FED307ADFED307A30EE070AC3
:109CA00030EE670A03E09DED017A37EE270A02B035
:109CB00010BD022C0ED09FED2A7A032C07FE000A5D
:109CC00002B010BD9FED270ADFED277A002820FEA5
:109CD000270AECE79FED210AE9E702B0BDE8104052
:109CE00000F03AB99FED1F0ACFE7B1F1FF4F04F141
:109CF000FF3420D0022C26D81C4B03EB840393EDB9
:109D0000000AD4E79DED017A87EE870AFEF7ECF9A9
:109D100000F022F9B9E79FED107ADFED107A30EE0E
:109D2000070A37EEC00AC2E710EE103A03F100430B
:109D300000EE103ABBE7022C08D80D4B03EB84036E
:109D400093ED000AB3E79FED030AB0E79FED090A20
:109D5000ADE700BF000000002EBDBB33DB0F494064
:109D6000DB0F49C0DB0FC93FDB0FC9BF842C0020CC
:109D7000782C0020DB0F493F30B583B0CDED010AD0
:109D8000019D35F0004041D010EE10EA2EF0004168
:109D9000B1F1FF4F3ADAB0F1FF4F37DC81423BDBE4
:109DA0000EF000443AD01EF0FF4F56D10B02002BAC
:109DB0006FF07D0204DD5B00002B02F1FF32FADC64
:109DC00015F0FF4F58D103026FF07D0C03D45B00F8
:109DD0000CF1FF3CFBD512F17E0F47DBCEF3160EE4
:109DE0004EF400031CF17E0F3ADBC5F3160141F47B
:109DF0000000B2EB0C0204D117E00FD04B00013A87
:109E000013D0191A0029F8DA5B00F8E7DDED017AC2
:109E100060EE277A87EEA70A03B030BD1D4B03EB37
:109E2000547393ED000A03B030BD181A58BF0346AF
:109E30001BB9F3E75B000CF1FF3CB3F5000FF9DB56
:109E40001CF17E0F1DDBA3F500030CF17F0C2343F7
:109E500043EACC5300EE103ADEE7CA157F3AAFE78B
:109E60006FF07D01A1EB0C018840C2E76FF07D032C
:109E70009B1A01FA03F3B5E74FEAE05CACF17F0C03
:109E8000A9E76FF07D02A2EB0C021341234300EE21
:109E9000103AC1E7902C002008B510EE103A33F0CC
:109EA00000422DED028B2BD0002B32DBB3F1FF4FA4
:109EB00041DAB3F5000F35DB0021DA157F3A0A44A9
:109EC000D10FC1F17F0102EBD272C3F3160307EE8B
:109ED000902A43EAC15300EE103AB8EEE78A00F048
:109EE0000DFADFED177A9FED177A20EE270ADFEDE6
:109EF000167AA8EE070AA8EE270ABDEC028B08BD69
:109F0000BDEC028B9FED117ADFED117A87EE270A07
:109F100008BDBDEC028B70EE407A9FED0D7A87EEA6
:109F2000870A08BDDFED0B7A60EE277A6FF0180123
:109F300017EE903AC1E7BDEC028B30EE000A08BD87
:109F4000D95BDE3EDB27543580209A3E000000CCF2
:109F5000000000000000004C38B510EE105A25F04B
:109F60000044B4F1A14FF0EE407A0ADBB4F1FF4FA8
:109F700058DCDFED517A9FED517A002D37FE870ACC
:109F800038BD4F4B9C425CDCB4F1445F4DDB4FF07D
:109F9000FF3327EEA76ADFED4B6ADFED4B5ADFEDAB
:109FA0004B4A9FED4B5A9FED4B4A26EE067A5A1CC0
:109FB000E7EE265ADFED486AA5EE875AE7EE246AF7
:109FC000DFED465ADFED464AE6EE875AA5EE074A30
:109FD0009FED445ADFED446AA5EE875AE4EE074A46
:109FE000DFED425AE4EE876AE5EE075A66EE866ACE
:109FF00065EE875A3AD03E4A02EB830276EEA56AB6
:10A0000092ED007A3B4A96EEA77A02EB8303002D8D
:10A01000D3ED006A77EE677A36EEE70AB0DAB1EE92
:10A02000400A38BD30EE000A38BD9FED337A30EE7D
:10A03000077AF7EE006AB4EEE67AF1EE10FAA6DDE2
:10A0400038BDFEF751F82D4B9C4216DCA3F5D0032A
:10A050009C4227DCF0EE007ABFEE007AA0EE277A71
:10A06000002330EE270AC7EE007A92E776EEA56A63
:10A07000E6EEE77AB0EE670A38BD214B9C420BDC76
:10A08000F7EE087AB7EE007AA0EE277A022330EED8
:10A09000670AC0EE077A7CE7BFEE007AC7EE007A67
:10A0A000032376E7F7EE007A30EE677A30EE270A80
:10A0B0000123C7EE007A6CE7DB0FC93FDB0FC9BF96
:10A0C000FFFFDF3ED769853C59DA4B3D21A215BD24
:10A0D000356B883D6E2EBA3D6BF16EBD95879DBD8B
:10A0E0002549123E388EE3BDABAAAA3ECDCC4CBE6C
:10A0F0008842002078420020CAF24971FFFF973F52
:10A10000FFFF1B4070B553EC102B784C03F1404C13
:10A110004FF0FF350CF5901C954274EB0C042DEDBF
:10A12000068B10EE100A1E4652D24FEA134EAEF1C5
:10A13000100547F6DF74A54200F29F80BFEE008B4A
:10A1400006F1404303F5D013C3F346324FEA135CE4
:10A150001B1507EE903A664B03EB021493ED006B70
:10A1600094ED261B4FEA0C5C93ED0C4BB8EEE79B8D
:10A1700093ED025BA6EE091B93ED042B93ED083BD8
:10A1800093ED067B94ED240B93ED0A6B021EA6EB78
:10A190000C0343EC1A2BAAEE008BA4EE086BA3EE83
:10A1A000087B28EE084BA6EE047B38EE016B31EEFF
:10A1B000460B30EE080B28EE048BA5EE090BA2EE41
:10A1C000040BA8EE070B30EE060BBDEC068B70BD42
:10A1D000484CA34208BF002A79D0B7EE001B30EEEE
:10A1E000411B434921EE01AB91ED123B91ED184B20
:10A1F00091ED107B91ED166BA3EE017BA4EE016B4C
:10A2000091ED1E3B91ED1C4B91ED0E8BA3EE014B9E
:10A210009FED309B91ED145B91ED200BA5EE0A7B39
:10A22000B0EE415B91ED1A2BA0EE0A4BA1EE095B5B
:10A2300091ED223BA1EE495BA2EE0A6BB0EE410B21
:10A2400021EE0AABA3EE0A4BA4EE0A6B25EE054BFA
:10A25000A6EE0A7BA4EE080B31EE456B31EE055BF2
:10A2600028EE066B31EE401BA4EE081BA6EE051B84
:10A27000A7EE0A1B30EE010BA7E7941843EB03058A
:10A280002C431DD01C4CA34208BF002A9DD01EF4B5
:10A29000004F0DD147F6F07131EA0E0108D09FED65
:10A2A0000F7B20EE077B51EC170BA1F1507645E7B1
:10A2B000BDEC068B43EC102BBDE87040FEF76EB88A
:10A2C000BDEC068B0120BDE87040FEF74FB89FED56
:10A2D000050B7AE7000000000000A041000000002C
:10A2E000000030430000000000000000FF080300F1
:10A2F000880D00200000F03F0000F07F10EE103AC3
:10A30000B3F17E5F10EE102A38D0A3F50001B1F151
:10A31000FE4F36D2BFEE000B02F14043264903F553
:10A320004D03C3F3C34001EB001091ED404B91EDA1
:10A33000445B91ED467B91ED426BD90DC90590EDE3
:10A34000002B521A03EE902A90ED021BDB15B7EE9C
:10A35000E33AA2EE030B03EE903A20EE002BA5EEBB
:10A36000007BB8EEE33BA6EE027BA3EE041B30EECF
:10A37000010BA2EE070BB7EEC00B70479FED0F0A63
:10A380007047590014D0B3F1FF4F14D0002B0BDBF2
:10A39000B1F17F4F08D2DFED0A7A60EE277A17EE2F
:10A3A000903AA3F13862B5E700EE103AFEF710BF1D
:10A3B0000120FEF7FBBE70471816002000000000C9
:10A3C0000000004B2DE9F04F2DED088BADF5157D0C
:10A3D0001C4604930791AB4BA69912F1140F53F846
:10A3E0002150824604F1FF38C0F29982A649D31E5B
:10A3F00081FB0301DB17C3EBA10303930133A3EB41
:10A400008303DB00D3180693039B15EB0801A3EB32
:10A4100008031AD401319FED956BA79819441CAA23
:10A420000AE050F8234007EE904A0133B8EEE77B8C
:10A430008B42A2EC027B08D0002BF2DAB0EE467B16
:10A4400001338B42A2EC027BF6D1002DC0F2C9820F
:10A45000049B1CAA02EBC3046CAE4FEAC30C40463B
:10A46000EF180AEBC301B8F1000F9FED807B09DB09
:10A4700022465346B3EC025B32ED026B8B42A5EEF3
:10A48000067BF7D10130B842A6EC027B04F1080448
:10A49000E9D108AF07EB85039FED769B9FED778BA6
:10A4A000043BDDF818B005930AEB0C0407EB8509B3
:10A4B0006CAE2946019594AB03EBC103002913ED63
:10A4C000280B16DD06EBC1033A4620EE097B33ED7F
:10A4D000025BB0EE406BBDEEC77BB342B8EEC77B0C
:10A4E000A7EE486BBDEEC66B37EE050BA2EC016A1A
:10A4F000EBD15846029100F0ADFAB0EE40ABB4EEAD
:10A50000000B2AEE000B00F02DFBB2EE007BA0EE5C
:10A5100047ABBDEECABBBBF1000FB8EECB7B0299D7
:10A520003AEE47AB74DD01F1FF3ECBF1180357F86B
:10A530002E2042FA03FC0CFA03F3D21ACBF11700D7
:10A540001BEE103A42FA00F56344002D47F82E2026
:10A550000BEE103A64DCB5EE40ABF1EE10FA40F0D1
:10A56000C480019B01F1FF3E73450DDC4FEA810C75
:10A5700007EB8103002053F8042D4B4540EA02000D
:10A58000F9D1002840F0F280019B013B57F82330BD
:10A59000002B40F0E680059B012553F8042D013582
:10A5A000002AFAD001F1010E0D447046049B1944B3
:10A5B000039B03EB0E0C0CF1804CA79B0CF1FF3CB2
:10A5C00003EB8C0C1CAB06EBCE0E03EBC1019CED38
:10A5D000017AB8EEC77BB8F1000F81ED007B0CF17A
:10A5E000040C0A469FED216B01F1080109DB53467B
:10A5F00001E032ED027BB3EC025BA342A5EE076BF8
:10A60000F7D10130A842AEEC026BE0DD294652E7FB
:10A6100040F09D804B1E57F82350ED15002D9ADD1C
:10A620001BEE103A002903F101030BEE103A40F340
:10A630008C813A68002A40F0828001292DD03B4667
:10A64000012053F8042F002A7CD0431CC2F18072F1
:10A65000994247F820201FDD57F8232007EB810C93
:10A6600007EB83036FF07F4011E000BF00000000A4
:10A6700000000000000000000000703E000000002C
:10A680000000704130460020ABAAAA2A1A68821A3C
:10A6900043F8042B6345F9D10122BBF1000F0DDD16
:10A6A000BBF1010F00F03381BBF1020F06D1481E50
:10A6B00057F82030C3F3150347F82030022D7FF4FC
:10A6C0004AAFB7EE000B30EE4AAB002A3FF443AF7F
:10A6D0005846029100F0BEF93AEE40ABB5EE40AB01
:10A6E000F1EE10FA02993FF43CAF069CB0EE4A0B33
:10A6F0006042A8468B46019D00F0ACF99FEDC16B0E
:10A70000B4EEC60BF1EE10FAC0F247819FEDBF7BAD
:10A7100020EE077BBDEEC77B0BF10102B8EEC75BF5
:10A72000A5EE460BBDEEC00B183410EE103A47F8FC
:10A730002B3017EE103A069447F822302AE0012316
:10A74000002083E7013088427FF47BAFA5E7B6EEB7
:10A75000007BB4EEC7ABF1EE10FA80F2E580002585
:10A76000F9E601F1010E704675461FE7069BA3F15D
:10A77000180157F82E300691A8467246019D4BB934
:10A78000ACF104033B4453F8040D013A1839002896
:10A79000F9D006910698B7EE000B019200F05AF935
:10A7A000019A002AC0F221819FED986B02F1010C01
:10A7B0006CA907EB8C034FEACC0E01EBCC0133ED17
:10A7C000017ABB42B8EEC77B27EE007B20EE060B7A
:10A7D00021ED027BF3D19FED8F4BAEF108036CA905
:10A7E000CE18002444AF002D9FED8C7B10DBB0EE23
:10A7F000446B8C483146002303E09C4208DBB0ECFC
:10A80000026BB1EC025B01339D42A5EE067BF4DAEC
:10A8100007EBC403944283ED007B4FEAC40104F1CB
:10A820000103A6F1080601D01C46DCE7A69B022B1B
:10A830001DDC002B00F38B800FD19FED787BBE4495
:10A840003EED026B774537EE067BF9D143460BB1FF
:10A85000B1EE477B079B83ED007B1BEE103A03F0C4
:10A8600007000DF5157DBDEC088BBDE8F08FA69BAC
:10A87000032BF2D1002A00F0E38002F1005307EB32
:10A88000C20030ED026BB0EE475B874237EE067BCD
:10A8900036EE476B80ED007B36EE056B80ED026B8C
:10A8A000EFD1012A40F3CC80394491ED006BDA00FE
:10A8B00046A907EBC30333ED027BB0EE465B99423A
:10A8C00036EE076B37EE467B83ED006B37EE057B8C
:10A8D00083ED027BEFD19FED517B02F108033B44F6
:10A8E00007F1100233ED026B9A4237EE067BF9D185
:10A8F0004346002B59D1D7E90001D7E90223079C31
:10A9000084ED047BC4E90001C4E90223A5E7481EE5
:10A9100057F82030C3F3160347F82030CEE6002165
:10A920006FF0170303916DE51BEE103A002903F158
:10A9300001030BEE103AC8BF02253FF77AAEB7EE1F
:10A94000007B37EE4AAB022505E60022A5E69FED27
:10A95000337B07EBCC0C3CED026B674537EE067B97
:10A96000F9D1434697ED006B8BBB079B002A83ED23
:10A97000007B36EE477B0CDD46A90123B1EC026B70
:10A9800001339A4237EE067BF8DA43460BB1B1EE5B
:10A99000477B079B83ED027B5FE7BDEEC00B5A460A
:10A9A00010EE103A47F82B30F4E697ED005BB1EE6D
:10A9B000477B97ED026BB1EE455B079BB1EE466BB3
:10A9C00083ED005B83ED026B83ED047B45E7079B22
:10A9D000B1EE475B002A83ED005B36EE477BCBDCB4
:10A9E000D5E7049B4FEAC30C53E5A69B022B1BDC67
:10A9F000002B21DC7FF431AF9FED087B26E700BF01
:10AA0000AFF3008000000000000070410000000073
:10AA10000000703E00000040FB21F93F00000000F4
:10AA20000000000088030020A69B032B7FF415AFD5
:10AA30009FED067B44AF5BE79FED047B44AF90E75F
:10AA40009FED027B54E700BFAFF3008000000000E1
:10AA50000000000053EC102B10B4C3F30A54194645
:10AA600074BB23F00041114327D09FED307B3B495D
:10AA700020EE077B884253EC172B43DBC3F30A54C9
:10AA80001946363C4CF2503C604522DC204440F2F2
:10AA9000FE74A0421DDC002829DC10F1350F38DBE4
:10AAA00021F0FF41363021F4E0019FED227B41EAA5
:10AAB000005343EC102B20EE070B5DF8044B70475E
:10AAC00040F2FF7C6445DDD130EE000B5DF8044BB5
:10AAD00070479FED1A7B9FED1B5BB0EE470B002B81
:10AAE0005DF8044B27FE057B27EE000B704721F035
:10AAF000FF4121F4E00141EA005343EC102B5DF8E3
:10AB0000044B70479FED110B5DF8044B27EE000BD3
:10AB100070479FED0E7B9FED0F5BB0EE470B002B58
:10AB200027FE057B27EE000BC7E700BF00000000F3
:10AB300000005043000000000000903C9C7500881D
:10AB40003CE4377E9C7500883CE437FE59F3F8C23C
:10AB50001F6EA50159F3F8C21F6EA581B03CFFFF1F
:10AB60000000000010B582B08DED000B0199009837
:10AB7000C1F30A52A2F2FF33132B844631DC002BBF
:10AB800021DB3A4A1A4101EA020404438E462DD0E1
:10AB90009FED347B9DED006B36EE077BB5EEC07B01
:10ABA000F1EE10FA09DD002904DA4FF4801141FAC0
:10ABB00003F39E442EEA020100200B46024643ECBA
:10ABC000102B02B010BD9FED277B30EE077BB5EE5A
:10ABD000C07BF1EE10FAF0DD002928DB00200146F1
:10ABE000EBE7332B06DDB3F5806F1BD09DED000B3B
:10ABF00002B010BDA2F213424FF0FF3E2EFA02F255
:10AC00001042F3D09FED177B9DED006B36EE077B76
:10AC1000B5EEC07BF1EE10FACFDD002913DB2CEA94
:10AC20000200CAE79DED007B37EE070BE0E721F05D
:10AC3000004101430E4B00294FF000000CBF4FF0C4
:10AC400000411946B9E7142B09D00124C3F134039C
:10AC500004FA03F39C44604588BF0919DFE701311A
:10AC6000DDE700BF9C7500883CE4377EFFFF0F00E6
:10AC70000000F0BF0B460146184601F02BBB000058
:10AC800081F0004102E000BF83F0004330B54FEA9D
:10AC900041044FEA430594EA050F08BF90EA020F0A
:10ACA0001FBF54EA000C55EA020C7FEA645C7FEA9D
:10ACB000655C00F0E2804FEA5454D4EB5555B8BFC0
:10ACC0006D420CDD2C4480EA020281EA030382EA31
:10ACD000000083EA010180EA020281EA0303362DC3
:10ACE00088BF30BD11F0004F4FEA01314FF4801C96
:10ACF0004CEA113102D0404261EB410113F0004FA8
:10AD00004FEA03334CEA133302D0524263EB43035E
:10AD100094EA050F00F0A780A4F10104D5F1200EFC
:10AD20000DDB02FA0EFC22FA05F2801841F1000157
:10AD300003FA0EF2801843FA05F359410EE0A5F12B
:10AD400020050EF1200E012A03FA0EFC28BF4CF05C
:10AD5000020C43FA05F3C01851EBE37101F0004512
:10AD600007D54FF0000EDCF1000C7EEB00006EEB1F
:10AD70000101B1F5801F1BD3B1F5001F0CD34908A9
:10AD80005FEA30004FEA3C0C04F101044FEA445200
:10AD900012F5800F80F09A80BCF1004F08BF5FEA87
:10ADA000500C50F1000041EB045141EA050130BD67
:10ADB0005FEA4C0C404141EB0101013C28BFB1F579
:10ADC000801FE9D291F0000F04BF01460020B1FAC4
:10ADD00081F308BF2033A3F10B03B3F120020CDA97
:10ADE0000C3208DD02F1140CC2F10C0201FA0CF075
:10ADF00021FA02F10CE002F11402D8BFC2F1200CDA
:10AE000001FA02F120FA0CFCDCBF41EA0C0190408F
:10AE1000E41AA2BF01EB0451294330BD6FEA0404D8
:10AE20001F3C1CDA0C340EDC04F11404C4F12002C3
:10AE300020FA04F001FA02F340EA030021FA04F3D5
:10AE400045EA030130BDC4F10C04C4F1200220FA2C
:10AE500002F001FA04F340EA0300294630BD21FA6A
:10AE600004F0294630BD94F0000F83F4801306BF30
:10AE700081F480110134013D4EE77FEA645C18BF24
:10AE80007FEA655C29D094EA050F08BF90EA020FBB
:10AE900005D054EA000C04BF1946104630BD91EAB3
:10AEA000030F1EBF0021002030BD5FEA545C05D1B6
:10AEB0004000494128BF41F0004130BD14F58004F5
:10AEC0003CBF01F5801130BD01F0004545F0FE4169
:10AED00041F470014FF0000030BD7FEA645C1ABF9E
:10AEE000194610467FEA655C1CBF0B46024650EAD5
:10AEF000013406BF52EA033591EA030F41F4002101
:10AF000030BD00BF90F0000F04BF0021704730B586
:10AF10004FF4806404F132044FF000054FF000015B
:10AF200050E700BF90F0000F04BF0021704730B51C
:10AF30004FF4806404F1320410F0004548BF4042F1
:10AF40004FF000013EE700BF42004FEAE2014FEA46
:10AF500031014FEA02701FBF12F07F4393F07F4F21
:10AF600081F06051704732F07F4208BF704793F024
:10AF70007F4F04BF41F40021704730B54FF4607437
:10AF800001F0004521F000411CE700BF50EA01023A
:10AF900008BF704730B54FF000050AE050EA0102E3
:10AFA00008BF704730B511F0004502D5404261EB53
:10AFB00041014FF4806404F132045FEA915C3FF494
:10AFC000D8AE4FF003025FEADC0C18BF03325FEA31
:10AFD000DC0C18BF033202EBDC02C2F1200300FAE2
:10AFE00003FC20FA02F001FA03FE40EA0E0021FA07
:10AFF00002F11444BDE600BF53B94AB9002908BFA5
:10B0000000281CBF4FF0FF314FF0FF3000F070B947
:10B01000ADF1080C6DE904CE00F006F8DDF804E0AF
:10B02000DDE9022304B070472DE9F047089E0D4684
:10B0300004460F46002B4AD18A42944665D9B2FA9B
:10B0400082F343B102FA03FCC3F120029F4020FACD
:10B0500002F217439C404FEA1C4E1FFA8CF5B7FBD7
:10B06000FEF1220C0EFB117742EA074201FB05F0CC
:10B0700090420AD91CEB020201F1FF3780F01C81DB
:10B08000904240F2198102396244121AA4B2B2FB12
:10B09000FEF00EFB102244EA024400FB05F5A54237
:10B0A0000AD91CEB040400F1FF3280F00781A542AD
:10B0B00040F204816444023840EA0140641B0021EC
:10B0C0001EB1DC400023C6E90043BDE8F0878B4297
:10B0D00008D9002E00F0ED800021C6E900050846E1
:10B0E000BDE8F087B3FA83F1002949D1AB4202D31E
:10B0F000824200F2F880841A65EB030201201746B1
:10B10000002EE2D0C6E90047DFE702B9FFDEB2FA5F
:10B1100082F3002B40F090808A1A4FEA1C471FFAF6
:10B120008CFE0121B2FBF7F507FB1520220C42EA49
:10B1300000420EFB05F0904208D91CEB020205F11B
:10B14000FF3802D2904200F2CB804546121AA4B2D8
:10B15000B2FBF7F007FB102244EA02440EFB00FEAC
:10B16000A64508D91CEB040400F1FF3202D2A64523
:10B1700000F2BB801046A4EB0E0440EA05409FE7B6
:10B18000C1F120078B4022FA07FC4CEA030C05FAB8
:10B1900001F420FA07F3FD404FEA1C492343B5FBB5
:10B1A000F9F81FFA8CFE09FB18551C0C44EA0544FB
:10B1B00008FB0EF5A54202FA01F200FA01F00BD9E4
:10B1C0001CEB040408F1FF3A80F08880A54240F2AD
:10B1D0008580A8F102086444641B9DB2B4FBF9F3B6
:10B1E00009FB134445EA044403FB0EFEA64508D9B7
:10B1F0001CEB040403F1FF356CD2A6456AD9023B6F
:10B20000644443EA0843A3FB0295A4EB0E04AC425A
:10B21000C846AE4656D353D056B1B0EB080264EBE5
:10B220000E0404FA07F7CA40CC401743C6E900747D
:10B2300018460021BDE8F087C3F1200102FA03FCA3
:10B2400020FA01F225FA01F19D402A434FEA1C47FA
:10B250001FFA8CFEB1FBF7F007FB1015110C41EA49
:10B26000054100FB0EF58D4204FA03F408D91CEBEE
:10B27000010100F1FF382FD28D422DD902386144EF
:10B28000491B92B2B1FBF7F507FB151142EA0142E7
:10B2900005FB0EF1914208D91CEB020205F1FF38C3
:10B2A00016D2914214D9023D6244521A45EA004135
:10B2B00038E73146304608E73946E6E61046FBE611
:10B2C0004845A9D2B9EB020865EB0C0E013BA3E798
:10B2D0004546EAE72B4694E74046D1E7D0467BE770
:10B2E000023D624432E708460AE76444023842E716
:10B2F000704700BF002100F013BF0A22002100F0B8
:10B300009DBF0A22002100F099BF0000024B0A46AF
:10B310000146186800F002B864BE002037B5A1FBF2
:10B3200002244CB91146019200F06AF8019A0546D0
:10B3300030B9284603B030BD0C2202600025F8E782
:10B340002146F7F79FF9F4E708B5064B044613B119
:10B350000021AFF30080044B1B6803B198472046DF
:10B36000F7F701FE00000000741E0220931E222B3E
:10B3700010B50C4604D900230B701C46204610BDA6
:10B380000A2A09D1002807DA2D230B704042012137
:10B39000214400F05DFFF1E70021F9E7FFF7E6BF88
:10B3A000024B0146186800F02BB800BF64BE0020B5
:10B3B000024B0146186801F063BC00BF64BE002068
:10B3C00070B50E4E0C463168054611B901F082FB8E
:10B3D00030602146284601F07DFB431C0AD0C41C86
:10B3E00024F00304A04207D0211A284601F072FB82
:10B3F000013001D14FF0FF34204670BD381D0220CE
:10B400002DE9F041CD1C25F0030508350C2D38BF82
:10B410000C25002D074601DBA94205D90C233B6012
:10B4200000263046BDE8F0812F4E00F05FF833680B
:10B430001C4644BB29463846FFF7C2FF431C04465E
:10B440004FD134682646002E42D1002C43D02368C9
:10B450003146384604EB030801F03CFB80453AD105
:10B4600023680335ED1A25F0030508350C2D38BF88
:10B470000C2529463846FFF7A3FF01302BD023685F
:10B480002B4423600EE02268521B1ED40B2A16D9CF
:10B490006119A342256018BF5960636808BF316015
:10B4A00062514B60384604F10B0600F025F826F097
:10B4B0000706231DF21AB4D09B1BA350B1E76268A4
:10B4C000A3420CBF32605A60ECE723466468B0E7E1
:10B4D00034467668B7E70C233B60384600F00CF83A
:10B4E0009FE72560DEE700BF341D0220014801F020
:10B4F0003DBB00BF025C0220014801F038BB00BF29
:10B50000025C022010B5034B0446196801F05CFF91
:10B51000204610BD64BE0020024B0A460146186852
:10B5200000F002B864BE00202DE9F04180461446C8
:10B530000E4621B9BDE8F0411146FFF761BF2AB9B7
:10B5400001F09EFB25462846BDE8F08102F02CFC68
:10B550008442074602D8B4EB500F12D82146404629
:10B56000FFF74EFF05460028EDD0BC42224631468B
:10B5700028BF3A46F6F7ECFF3146404601F080FB23
:10B58000E1E73546DFE770B504460D46164645EC63
:10B59000104B02F0CBFA7EB1C5F30A53C3F16B0333
:10B5A000002B09DD1B0503F17F51002001F540113F
:10B5B00041EC170B20EE070B70BD00002DE9F04F9A
:10B5C0002DED0E8B97B004460D92002212928A4602
:10B5D0004FF000084FF000090A46119211782B290C
:10B5E0004CD039D80D2933D8082933D800293CD07C
:10B5F00000220892119E3278302A40F0B88072788A
:10B6000002F0DF02582A70D10293089B019312AB1B
:10B610000093914A13AB11A9204601F0E5FB10F00D
:10B620000F07054605D0062F2AD1013600231196B3
:10B6300008930D9B002B40F05585089B49EC108B1F
:10B64000CBB1B1EE400B17B0BDEC0E8BBDE8F08F67
:10B650002029CDD10132C0E72D29C9D1012108917E
:10B66000511C11915278002AC4D10D9BCDF844A0F1
:10B67000002B40F0358549EC108BE4E70021EEE724
:10B68000129A3AB1352114A802F04AFB12992046C9
:10B6900001F020FF7B1E139A042B06D8DFE803F08D
:10B6A00014031D201400DDE91489EB0548BF49F09F
:10B6B000004929F000431B0D1B05002BB9D101F0F7
:10B6C0002BFA22230360B4E7DDE9148302F233424C
:10B6D00023F4801343EA0259E7E7DFF88491E4E7B3
:10B6E0006FF000494FF0FF38DFE7119B5A1C1192B1
:10B6F0005B78302BF9D0002B9BD001230693119B54
:10B7000009930023059307931E460A221198057892
:10B71000A5F13003D9B209292BD95049012201F0F2
:10B720000EF9002835D000202A46334683460146CC
:10B73000652A01D0452A18D11BB9069B034394D032
:10B740000023DDF844A00AF1010211929AF80120C9
:10B750002B2A75D02D2A7BD04FF0000EA2F1300598
:10B76000092D40F28380CDF844A000259EE00023FF
:10B77000C4E7082ED5BF0799059902FB013302FBE8
:10B78000013300F10100D4BF0793059301361190F6
:10B79000BCE7119B5A1C11925A78AEB383463346CC
:10B7A000A2F13001092912D90121C1E7119B5A1CCC
:10B7B00011925A780130302AF8D0A2F13103082BC7
:10B7C00000F29584119B0993834600200346303A8A
:10B7D00000F1010112D08B4400EB030C19460A253D
:10B7E000614513D11918082903F1010303441BDC37
:10B7F00007980A2101FB002207920021119A501C90
:10B80000119052780846CBE73046D4E7082901F179
:10B81000010103DC079F6F430797E1E71029DEBFB3
:10B82000059F6F430597DBE7102BDFBF05980A21C3
:10B8300001FB00220592E0E74FF0000B01217CE7BD
:10B840004FF0000E0AF1020211929AF8022085E7E9
:10B850004FF0010EF6E700BF08460020F46C002010
:10B860000000F07F119A551C11955278302AF9D0BA
:10B87000A2F13105082D3FF678AFA2F1300C119AF4
:10B880000A92119A551C11955278A2F13007092F8E
:10B8900037D90A9FED1B082D44F61F6502DC65456C
:10B8A000A8BF6546BEF1000F00D06D42002B4DD100
:10B8B000069B03437FF4BDAE00297FF4D6AE692A10
:10B8C00027D024DC492A24D04E2A7FF4CEAE9549D5
:10B8D00011A801F0C9FC00283FF4C7AE119B1B78EA
:10B8E000282B2DD1904914AA11A801F0D1FC0528CC
:10B8F00026D1159BDDF8508043F0FF4949F4E0095B
:10B9000097E60A2505FB0C2CACF1300CB9E76E2A42
:10B91000DBE7864911A801F0A7FC00283FF4A5AE9B
:10B92000119B8349013B11A8119301F09DFC10B9B3
:10B93000119B01331193DFF80C924FF0000878E669
:10B940007C48FCF703FC59EC108B72E6DDED077ABE
:10B95000A5EB0B02B8EE677B002E08BF1E46102B2E
:10B9600006921A46A8BF1022092B59EC178B0CDD42
:10B970007149DDED056A01EBC20111ED125BB8EE14
:10B98000666BA7EE056B59EC168B0F2B37DC06990F
:10B9900000293FF44EAE23DD16290BDC664B03EB8A
:10B9A000C10393ED007B49EC168B27EE067B59EC27
:10B9B000178B3EE60698C3F1250181421FDB5E4AE4
:10B9C000C3F10F0302EBC30191ED007B49EC168B31
:10B9D000C31A02EBC30227EE067B92ED006BE4E78D
:10B9E000069916310BDB544BABEB050503EBC50594
:10B9F00095ED007B49EC168B86EE077BD7E7069921
:10BA00009A1A0A44002A6EDD12F00F000AD04A4941
:10BA100001EBC00191ED007B49EC168B27EE067B14
:10BA200059EC178B32F00F024ED0B2F59A7F22DD1F
:10BA300000252E4607952F462223DFF80891236024
:10BA40004FF00008079B002B3FF4F3AD12992046FE
:10BA500001F040FD3946204601F03CFD31462046CC
:10BA600001F038FD0799204601F034FD29462046B3
:10BA700001F030FDDDE5002049EC178B2F4F12114E
:10BA80000146012A23DC08B159EC178B2B4A2C48BC
:10BA900002EBC10292ED007BA9F1547949EC168BBF
:10BAA000284A27EE067B17EE901A0A40824259EC8C
:10BAB000178BBDD8A0F58010824286BFDFF8889032
:10BAC0004FF0FF3801F154790022059276E012F030
:10BAD000010F04D097ED006B012027EE067B0131AA
:10BAE00052100837CDE7EFD0524212F00F000AD0C3
:10BAF000114901EBC00191ED007B49EC168B86EEFC
:10BB0000077B59EC178B1211DED01F2A1EDD002592
:10BB10002E4607952F4622234FF000084FF00009CC
:10BB200023608FE744A100201C46002002740020FF
:10BB3000057600203570002060170020381700209F
:10BB40000000A07C0000F07FFFFFEF7F12F01001EB
:10BB500018BF6A21059149EC178BBE490020D70711
:10BB600004D591ED006B012027EE067B521001F108
:10BB70000801F4D108B159EC178B059ABAB1C9F391
:10BB80000A51C1F16B02002A484610DD1F2A40F31A
:10BB90002C81342ADEBF4FF0FF32C1F14B018A40C5
:10BBA0004FF00008CCBF4FF05C7902EA000949EC85
:10BBB000178BB5EE407BF1EE10FAA8D0079A0092F1
:10BBC00009993246204601F0EDFC079000283FF429
:10BBD0002FAF069A002AABEB05039FED969BA8BFFB
:10BBE00000239FED96AB9FED97BB0993002522EABA
:10BBF000E2730C932E46079B2046596801F02AFCFD
:10BC0000074600283FF418AF079B1A69023203F178
:10BC10000C0192000C30F6F79BFC49EC108B14AA37
:10BC200013A9204601F0F2FF49EC188B129000286E
:10BC30003FF402AF0121204601F04CFD06460028EA
:10BC40003FF4FAAE139B1499002BABBF099A0C9AE0
:10BC5000DDF830A0DDF824B0ACBF03EB020BA2EBA3
:10BC6000030A059A9B1A0B447B4A013B9342C1F19C
:10BC7000360180F2CD80D21A1F2AA1EB02014FF0CB
:10BC8000010000F3B98000FA02F30B9300230A933A
:10BC90000BEB0103059A9B458A4492445A46A8BF80
:10BCA0001A465245A8BF5246002AC2BF9B1AAAEBA9
:10BCB000020AABEB020B099A002A18DD3146204636
:10BCC0000F9301F0C7FD064600283FF4B5AE0146CC
:10BCD000129A204601F014FD0E9000283FF4ACAEFD
:10BCE0001299204601F0F6FB0E9A0F9B1292002B40
:10BCF00000F39380069B002B08DD39460C9A204602
:10BD000001F0A8FD074600283FF496AEBAF1000FF7
:10BD100008DD39465246204601F0F6FD0746002868
:10BD20003FF48AAEBBF1000F08DD31465A4620468B
:10BD300001F0EAFD064600283FF47EAE12993A462D
:10BD4000204601F069FE054600283FF475AE002349
:10BD5000D0F80CA0C360314601F042FE00287FDA23
:10BD60005AEA080A40F0A580C9F31303002B40F0FB
:10BD7000A08029F000431B0D1B05B3F1D66F40F2E4
:10BD800098806B691BB92B69012B40F3928029467F
:10BD90000122204601F0B8FD3146054601F020FEA3
:10BDA000002840F3868005992C4A4B46002900F074
:10BDB0009F8002EA0901B1F1D66F00F39980B1F1D9
:10BDC0005C7F7FF7A8AE9FED217B49EC168B234B60
:10BDD00026EE077B17EE902A134059EC178B002BA9
:10BDE0007FF434AE2223236030E64FF0FF3101FAB6
:10BDF00002F202EA0808DAE6C3F17F4303F57F03A3
:10BE000003F57B43E23300FA03F3CDE90A303FE761
:10BE100000220123CDE90A233AE712991A46204667
:10BE200001F072FD129000287FF464AF04E600BFB9
:10BE3000AFF300809535A094FFFFCF3F9535A094D8
:10BE4000FFFFDF3F35E5AF350000E03F00000000B9
:10BE500000005039782A002002FCFFFF0000F07F2C
:10BE6000CB465FD1C9F31303BAF1000F2AD0A74A1A
:10BE700093422BD1059B4246FBB1A54B09EA030334
:10BE8000B3F1D46F4FF0FF311AD81B0DC3F16B0320
:10BE900001FA03F39A4219D19E4B9B4502D101321C
:10BEA0003FF4CAAD9A4B0BEA030303F580194FF038
:10BEB0000008059B002B86D1C8E54FF0FF33E9E76A
:10BEC0000B46E7E753EA08033FF46DAF0A9BCBB19B
:10BED00013EA0B0FEDD0059A40464946BAF1000F20
:10BEE00014D0FFF750FB38EE007B59EC178BE0E7DE
:10BEF0001340A3F580136FEA13596FEA09594FF005
:10BF0000FF38D6E70B9B13EA080FE3E7FFF73BFB8D
:10BF100038EE400BB5EE400BF1EE10FA59EC108BF9
:10BF2000C7D1F8E53146284601F0CAFEB0EE007BE5
:10BF3000B4EEC70BF1EE10FA5FD8BAF1000F66D17C
:10BF4000B8F1000F4DD1C9F31303B7EE00DB002B9E
:10BF500062D1B4EECD0BB6EE00DBF1EE10FA01D4F7
:10BF600020EE0DDBB1EE4DCB6948DFF8B0C10BEA36
:10BF70000001614553EC1C2B7AD1ABF1547949ECAB
:10BF8000108B0A9101F0D2FD49EC1E8B6048A0EEA7
:10BF90000CEB1EEE903A604A0A991840904259EC18
:10BFA0001E8B3CD918EE902A5A4B9A4204D118EEB7
:10BFB000103A01333FF440ADDFF858914FF0FF38AD
:10BFC0001299204601F086FA3946204601F082FA9D
:10BFD0003146204601F07EFA2946204601F07AFAE1
:10BFE00009E6B8F1010F03D1B9F1000F3FF493ADA9
:10BFF000BFEE00CBB7EE00DBB6E7B6EE00DB20EE1F
:10C000000DDBBAF1000FADD0B0EE4DCBACE7B7EE23
:10C0100000CBB0EE4CDBA7E7BFEE00CBA4E703F10B
:10C020005479059BCB46002BCAD129F000431B0D48
:10C030001B059942C4D151EC1D0B03F067FAFEF7C2
:10C04000ADFFC9F3130B41EC170B4BEA080B5BEA8E
:10C050000A0B3DEE47DB3CD0B4EECADBF1EE10FA42
:10C060003FF5F4ACB4EECBDBF1EE10FAA8DDEDE475
:10C070000598F0B1B1F1D46F1BD89FED227BB4EEDF
:10C08000C7DBF1EE10FA11D8BCEECDDB1DEE103A95
:10C09000012B38BF01230DEE103AB8EE4DDBBAF19B
:10C0A000000F13D1B1EE4D7B53EC172B03F1D6608B
:10C0B000431AB0EE480B43EC1C2B0A9101F036FDFD
:10C0C0000A99ACEE008B59EC188BAAE7B0EE4D7BC9
:10C0D000EAE7B4EEC9DBF1EE10FA7FF571AFB5E433
:10C0E000002308930D9A119B1360FFF7A6BA652AE7
:10C0F0003FF4A2AB452A3FF49FAB0121FFF7D8BB29
:10C10000AFF300800000C0FFFFFFDF41FFFF0F0023
:10C110000000F07FFFFFEF7FFFFF9F7C0000E07FCC
:10C120000A4601460248034B0068FFF747BA00BFC2
:10C1300064BE0020A0BC0020012B2DE9F04701D0F7
:10C14000242B06D900F0E8FC162303600020BDE88C
:10C15000F087DFF8E4C00D462E4615F8014B1CF8B9
:10C16000047017F00807F7D12D2C32D12C78012755
:10C17000B51C002B5BD0102B09D1302C07D12C78AB
:10C1800004F0DF04582C4DD16C781023023507F1F0
:10C19000004808F1FF384FF0000EB8FBF3F976467F
:10C1A00003FB198AA4F1300CBCF1090F16D86446C0
:10C1B000A34224DDBEF1FF3F08D0B1451CD301D11D
:10C1C000A24519DB06FB03464FF0010E15F8014BA3
:10C1D000E8E72B2C04BF2C78B51CCAE7A4F1410C6E
:10C1E000BCF1190F01D8373CE2E7A4F1610CBCF1B6
:10C1F000190F04D8573CDBE74FF0FF3EE6E7BEF1EE
:10C20000FF3F05D122230360464642B930469EE7F0
:10C2100007B17642002AF9D0BEF1000F00D0691EA6
:10C220001160F3E73024002BB1D10823AFE7302CA5
:10C23000A5D00A23ABE700BF0275002013460A46CB
:10C24000014602480068FFF777BF00BF64BE0020C8
:10C25000F0B51F4C8BB005460B466E4604F1200C22
:10C2600020686168374603C7083464453E46F7D105
:10C2700021793971911E2068386022294FF0000120
:10C2800004D919700B4618460BB0F0BD581E8446F1
:10C29000B5FBF2F702FB175628366E440C4616F82B
:10C2A000286C0CF8016F2E46B24201F101013D46A7
:10C2B000EED900225A541919A51AAA42E3DA10F845
:10C2C000015F0E780670013201F80159F4E700BFF2
:10C2D000DC74002010B5054C13462CB10A4601460B
:10C2E0000220AFF3008010BD2046FCE700000000F4
:10C2F000002301F06FBDB7EEC00AFFF7F9BF0000E1
:10C30000024B1844407800F003007047017500208C
:10C31000044B1844407800F00300831E58425841F3
:10C32000704700BF01750020034B1B5C03F0030343
:10C33000022B08BF2038704702750020002310B57B
:10C340000446C0E90033C0E9043383608181436659
:10C35000C2818361194608225C30F6F793F9054BD8
:10C360006362054BA362054BE362054B24622363C2
:10C3700010BD00BF898C0200AB8C0200E38C020070
:10C38000078D0200024A0349034800F0D5B800BFF8
:10C390000CBE002039AE020018BE002041680C4BD4
:10C3A000994210B5044601D002F010FAA168094B79
:10C3B000994202D0204602F009FAE168064B994200
:10C3C00004D02046BDE8104002F000BA10BD00BF06
:10C3D0003C1D0220A41D02200C1E022010B50B4B98
:10C3E0000B4C0C4A1A60204600220421FFF7A6FFDE
:10C3F00004F1680001220921FFF7A0FF04F1D00039
:10C400000222BDE810401221FFF798BF741E0220DF
:10C410003C1D0220F1890200014800F0A7BB00BFCB
:10C42000035C0220014800F0A2BB00BF035C0220B5
:10C4300010B50446FFF7F0FF236A1BB1BDE81040BA
:10C44000FFF7F0BF044B2362044B1B68002BF5D1B0
:10C45000FFF7C4FFF2E700BF098A0200741E022042
:10C460000EB403B5014603AB054853F8042B00682E
:10C47000019301F07BFE02B05DF804EB03B070475E
:10C4800064BE002070B50D461446064618B1036A16
:10C490000BB9FFF7CDFF636EDA0705D4A3899B05BF
:10C4A00002D4A06D00F062FBA389180711D523699F
:10C4B0007BB1013D15F8011FE9B9656E15F0010565
:10C4C0002FD1A389990502D4A06D00F050FB284616
:10C4D00070BD2146304600F051F90028E9D0636E66
:10C4E000DA0705D4A3899B0502D4A06D00F03FFBB9
:10C4F0004FF0FF35EBE7A368013B002BA36004DAA4
:10C50000A269934206DB0A2904D023685A1C2260E0
:10C510001970CFE72246304600F0F2F80130C9D159
:10C52000DDE70D46D3E70000024B0A4601461868D6
:10C53000FFF7A8BF64BE00202DE9F84307468846F0
:10C5400014460026D4E90195B9F1010905D52468FE
:10C55000002CF7D13046BDE8F883AB89012B07D911
:10C56000B5F90E30013303D029463846C04706439B
:10C570006835E9E70CB430B5174B0C1E1D689DB04B
:10C5800008DA8B232B604FF0FF301DB0BDE8304040
:10C5900002B070474FF40273ADF8143014BF04F1C9
:10C5A000FF332346049307934FF6FF7302900690E0
:10C5B000ADF81630209A21AB02A92846019301F06C
:10C5C000ADFC431CBCBF8B232B60002CDDD0029B39
:10C5D00000221A70D9E700BF64BE00200EB400B577
:10C5E0009CB01DAB029006906FF000410948079186
:10C5F0000491094953F8042B05910068019302A99D
:10C6000001F08CFC029B00221A701CB05DF804EB58
:10C6100003B0704764BE00200802FFFF10B50C464F
:10C62000B1F90E1000F044FA0028ABBF636DA38986
:10C630001B1823F48053ACBF6365A38110BD2DE9A3
:10C64000F0411F468B89DB0505460C46164605D58D
:10C65000B1F90E100223002200F018FAA389B4F9F0
:10C660000E1023F48053A38132463B462846BDE892
:10C67000F04100F03FBA10B50C46B1F90E1000F0D1
:10C6800005FA431CA38915BF606523F4805343F466
:10C690008053A38118BFA38110BDB1F90E1000F023
:10C6A000E5B9F0B5ADF5057D0E4604AF4FF4007168
:10C6B000039100933946134603AA054600F0B6F8E5
:10C6C000044680B10246039B3146284600F012FA28
:10C6D000BC42039003D02146284600F0D1FA0398CB
:10C6E0000DF5057DF0BD4FF0FF30F9E713460A4622
:10C6F000014602480068FFF7D4BF00BF64BE0020B7
:10C70000F8B50E461446054618B1036A0BB9FFF793
:10C710008FFEA369A360A3891A0725D523691BB3DC
:10C7200023682269981A6369F6B28342374604DCAB
:10C730002146284602F04AF8E0B9A368013BA3600D
:10C7400023685A1C22601E706269431C9A4204D0FE
:10C75000A389DB0706D50A2E04D12146284602F01C
:10C7600035F838B93846F8BD2146284600F006F8B5
:10C770000028D5D04FF0FF37F4E7000038B52A4B3A
:10C78000054618680C4618B1036A0BB9FFF750FE4E
:10C79000A389B4F90C20180722D4D90607D4092399
:10C7A0002B6042F04003A3814FF0FF3034E0580784
:10C7B00012D5616B41B104F14403994202D028467D
:10C7C00000F05EFA00236363A38923F02403A381AE
:10C7D0000023636023692360A38943F00803A381D6
:10C7E00023694BB9A38903F42073B3F5007F03D009
:10C7F0002146284602F038F8A089B4F90C2010F040
:10C8000001030AD00023A36063695B42A36123692B
:10C8100043B910F08000C4D138BD810758BF6369A7
:10C82000A360F4E70020F7E764BE002030B51546AA
:10C830009BB02C681A4689B1002C12BF4FF4C1631B
:10C840004FF422730021002CADF80C3000910491BC
:10C8500008DA8B23036000201BB030BD4FF4227335
:10C860000C46F0E74FF6FF73ADF80E3069461E9B9D
:10C870000294059401F052FB031EA4BF2B60009BA1
:10C880004FF00000A4BF18700498E5E710B5013917
:10C890000244904201D1002005E0037811F8014FD5
:10C8A000A34201D0181B10BD0130F2E7884210B539
:10C8B00001EB020402D98442234607D8431EA14259
:10C8C00008D011F8012B03F8012FF8E702440146C4
:10C8D0008A4200D110BD13F8014D02F8014DF7E76F
:10C8E00010B50246147813460132002CFAD1013BF0
:10C8F00011F8012B03F8012F002AF9D110BDC9B29C
:10C90000034610F8012B1AB18A42F9D11846704734
:10C91000002918BF0023F9E730B5044625782346DF
:10C920000134002DFAD1013A04D311F8014B03F878
:10C93000014B04B930BD002AF5D11A70F3E710B5E8
:10C940006AB10139841810F8012B11F8013F9A429D
:10C9500003D1A04201D0002AF5D1D01A10BD104653
:10C96000FCE710B50139034632B111F8014F03F865
:10C97000014B013A002CF7D11A440021934200D117
:10C9800010BD03F8011BF9E7164B73B51E68746CF4
:10C990000546FCB950200191FEF702FD0199706433
:10C9A000024620B9104B11485B2100F04BF9C0E959
:10C9B0000044C0E90244C0E90444C0E90A44C0E9B3
:10C9C0000C44C0E90E44C0E91044C0E9124484613B
:10C9D00004774462726C0123284602B0BDE87040BF
:10C9E00000F006B864BE00208AA20020A1A20020A8
:10C9F000F0B508B9106888B10446204614F8015B08
:10CA00000F4617F8016B1EB965B91560284605E099
:10CA1000B542F6D1002BF0D114600370F0BD1C4676
:10CA20000CE015B914F8013B0E4616F8015BAB4259
:10CA3000F7D1002BF3D0002304F8013C1460EDE79C
:10CA40000A7870B56AB970BD9A4209D10C4605469C
:10CA500014F8013F002BF6D015F8016F9E42F7D075
:10CA600001300378002BEFD11846ECE738B5064DBE
:10CA70000023044608462B60F6F768FA431C02D1EF
:10CA80002B6803B1236038BD7839022038B5074DD3
:10CA900004460846114600222A601A46F6F760FA54
:10CAA000431C02D12B6803B1236038BD78390220C2
:10CAB00038B5074D04460846114600222A601A463A
:10CAC000F6F742FA431C02D12B6803B1236038BD4C
:10CAD0007839022038B5064D0023044608462B60FD
:10CAE000F6F71CFA431C02D12B6803B1236038BD52
:10CAF0007839022038B5074D044608461146002211
:10CB00002A601A46F4F7FAFE431C02D12B6803B1DF
:10CB1000236038BD78390220014B1868704700BF88
:10CB200064BE002070B50D4D0D4C641BA410002692
:10CB3000A64209D10B4D0C4C02F020FD641BA41041
:10CB40000026A64205D170BD55F8043B9847013632
:10CB5000EEE755F8043B98470136F2E700C600605F
:10CB600000C6006000C60060ACC600607047704739
:10CB700010F8012B11F8013B012A28BF9A42F7D087
:10CB8000D01A7047034611F8012B03F8012B002A35
:10CB9000F9D1704701F0FF01102A2BDB10F0070FCD
:10CBA00008D010F8013B013A8B422DD010F0070F4E
:10CBB00042B3F6D1F0B441EA012141EA014122F049
:10CBC00007047FF000070023F0E80256083C85EADE
:10CBD000010586EA010685FA47F5A3FA87F586FA84
:10CBE00047F6A5FA87F68EB9EED1F0BC01F0FF0149
:10CBF00002F0070232B110F8013B013A83EA010367
:10CC000013B1F8D10020704701387047002D06BFDE
:10CC100035460338073815F0010F07D1013015F4F8
:10CC2000807F02BF013015F4C03F0130F0BC0138F5
:10CC3000704700BF034613F8012B002AFBD1181AD6
:10CC4000013870471FB514461A46094B1B68054644
:10CC5000D8684CB1074B0091CDE9013406492B4609
:10CC6000FFF7FEFBF6F783F9044B1C46F3E700BF22
:10CC700064BE00202E7400203B740020357000201C
:10CC800037B5002944D051F8043C0190002BA1F1A4
:10CC90000404B8BFE418FEF729FC1E4A0198136883
:10CCA00033B96360146003B0BDE83040FEF724BCC4
:10CCB000A34208D9256861198B4201BF19685B68D6
:10CCC00049192160EDE71A465B680BB1A342FAD916
:10CCD00011685518A5420BD1246821445418A34269
:10CCE0001160E0D11C685B6853600C441460DAE7A3
:10CCF00002D90C230360D6E7256861198B4204BF73
:10CD000019685B68636004BF491921605460CAE711
:10CD100003B030BD341D02200369B3EB611F2DE960
:10CD2000F0434FEA611200F1140445DD11F01F01D8
:10CD300004EB830604EB82050CD100F110072946B1
:10CD4000B14234D39B1A9B00EA1E964238BF00239F
:10CD5000234415E054F82270C1F12008CF4005F1BA
:10CD6000040EA1467645F44615D89A1A9200043A64
:10CD70000135AE4238BF0022A318A75007B10433D3
:10CD80001A1BA3424FEAA20208BF0023026108BF98
:10CD90004361BDE8F083DCF800C00CFA08FC4CEA03
:10CDA000070749F8047B5EF8047BCF40DAE751F8C7
:10CDB00004CB47F804CFC3E72346E1E7A0F13003F3
:10CDC000092B02D82038C0B27047A0F16103052BAF
:10CDD00001D84738F7E7A0F14103052B01D82738E0
:10CDE000F1E70020704700002DE9F04F17460A6870
:10CDF00085B002F1020BC2F1FF2202F57F028146EB
:10CE00008A460293FE3202EB0B03D8461BF8010B55
:10CE100001933028F7D0FFF7D1FF0446002838D11E
:10CE2000A74901224046FFF78AFD0646002869D13E
:10CE300098F801005D46FFF7C1FF002864D05A460C
:10CE400010783028904602F10102F9D0FFF7B6FFC2
:10CE50000123B0FA80F464095E4601934246154608
:10CE600001322878FFF7AAFF0028F8D1944901225F
:10CE70002846FFF764FD78B946B96E1C3246154660
:10CE800001322878FFF79AFF0028F8D1731B9E0023
:10CE900004E000242646E1E7002EF7D12B7803F0CA
:10CEA000DF03502B3DD16B782B2B2FD02D2B31D086
:10CEB000691C4FF0000B0878FFF780FF421ED2B2CA
:10CEC000182A2ED8A0F1100211F8010FFFF776FFF3
:10CED00000F1FF3C5FFA8CFCBCF1180F1DD9BBF1CF
:10CEE000000F00D052421644CAF80010DCB1019B7A
:10CEF000002B14BF4FF000084FF00608404605B065
:10CF0000BDE8F08F454626460124C7E74FF0000BE9
:10CF1000A91CD0E74FF0010BFAE70A2303FB02003C
:10CF2000D0E72946E0E7A5EB0803013B2146072BA4
:10CF30000ADC484600F08EFA044640B9614B0246CE
:10CF4000E4216148FFF77EFE01315B10EFE700F15D
:10CF5000140A00235A49CDF804A09B46A84542D3A1
:10CF6000019840F804BBA0EB0A00801020614FEA52
:10CF70004018584600F060FB3D68A8EB0000A8424E
:10CF800059DDA0EB05084146204600F0ECFE834643
:10CF9000B8B108F1FF33591103F01F025AF82110FC
:10CFA0004FF0010B0BFA02F20A420AD05B4506DD94
:10CFB000A8F10201204600F0D6FE002838D14FF03B
:10CFC000020B41462046FFF7A7FE4644BB68B3422A
:10CFD00041DA2146484600F07DFA0E9A002313609C
:10CFE0004FF0A3088AE715F8012D2E2A14D0202B24
:10CFF00006D1019B43F804BB4FF0000B01935B4645
:10D0000028780393FFF7DAFE039B00F00F009840A7
:10D010004BEA000B0433A1E7A845E8D801222846D3
:10D020000393FFF78CFC2649039B0028DFD195E78B
:10D030004FF0030BC5E70BDAA5EB0008214642468B
:10D04000484600F061FCA6EB0806044600F1140A0D
:10D050004FF0000BBAE77B68B34273DD9E1BB5420D
:10D0600034DCFB68022B23D0032B25D0012B15D1F8
:10D07000B54213D1012D0BD1029A7B6813600123B5
:10D080002361CAF800300E9B4FF062081C6035E740
:10D09000691E204600F067FE0028EDD12146484673
:10D0A00000F018FA0E9A002313604FF0500825E79D
:10D0B0000F9B002BF2D1DFE70F9B002BDCD1EDE7BC
:10D0C000F46C00206A7400207B74002006F1FF38A5
:10D0D000BBF1000F33D1B8F1000F04D04146204618
:10D0E00000F041FE83464FEA681201235AF82220DD
:10D0F00008F01F0803FA08F313423146204618BF10
:10D100004BF0020BAD1BFFF707FE7E684FF00208E5
:10D11000BBF1000F4AD0FB68022B16D0032B18D0AE
:10D12000012B09D11BF0020F06D0DAF800304BEAD0
:10D13000030B1BF0010F0FD148F0100836E04FF041
:10D14000010BD0E74FF00108E2E70F9BC3F10103A9
:10D150000F930F9B002BEFD0D4F810B004F1140202
:10D160004FEA8B03019302EB8B000023944652F8A5
:10D17000041BB1F1FF3F1ED00131CCF80010B8F113
:10D18000020F04F114023DD13B68013BAB420BD1CD
:10D190006911012305F01F0503FA05F552F8213046
:10D1A0001D4218BF4FF0010848F020080E9B1C607C
:10D1B000029B1E60A2E6904242F8043CD6D8A268C8
:10D1C000934517DB61684846013100F043F9824618
:10D1D00018B91B4B02468421B3E62269023204F1DE
:10D1E0000C0192000C30F5F7B3F92146484600F0E7
:10D1F00071F954462269511C04EB8202216101211C
:10D200005161BCE7216959450BDD01212046FFF73B
:10D2100083FDBB680136B342FFF6DBAE4FF0010879
:10D22000C2E715F01F05F9D0019B1A44C5F120058E
:10D2300052F8040C00F000FAA842E6DBEEE700BF6B
:10D240006A740020C2F10802920070B5C2F1200693
:10D250004368046803FA06F52C43D340046040F8A1
:10D26000043F8842F4D370BD30B50368013311F830
:10D27000014B14B90360012030BD13F8012BA2F15A
:10D280004105192D98BF2032A242F0D00020F3E7CB
:10D290002DE9F04F0B6801685E1102EB860613F072
:10D2A0001F0387B018BF04360025371F82469046FB
:10D2B000019346F8045CB9463C460295AB464A7871
:10D2C0004B1C039342B3104605910492FFF776FD81
:10D2D00000284FD1049A0599202A18D8029B9B4513
:10D2E00013DD4C4506D2072D04DC2A46494620466C
:10D2F000FFF7A8FF444550D90023A4F1040944F8DE
:10D30000043CCDF808B04C461D460399D7E7292ABE
:10D3100055D10231CAF80010BBF1000F4FD04C4577
:10D3200006D2072D04DC2A4649462046FFF78AFF2D
:10D33000444534D9A8F10402234653F8041B42F8AB
:10D34000041F9F42F9D23B1B23F003030433033E27
:10D350000134A64238BF04234344002243F8042B7F
:10D360009F42FBD23B681BB9474526D101233B6056
:10D37000052025E00135082D0BF1010B06DD4445A4
:10D38000C3D9002344F8043C0125043C226800F082
:10D390000F0040EA02102060B7E70825B5E7019BBF
:10D3A000002BDFD0C3F120034FF0FF32DA4056F8F4
:10D3B000043C134046F8043CD4E7043FD2E7042081
:10D3C00007B0BDE8F08F000070B5164C0546084662
:10D3D0000E46FEF78BF823684BB100213046FFF76D
:10D3E00079FB421C18BF2268034618BF831A0E4AF5
:10D3F0001168002291B90D4C304623609B1A2262BD
:10D40000E361FEF779F80FCC2E460FC60FCC0FC69E
:10D4100094E8030086E80300284670BD0868496860
:10D420000244E7E7381D0220341D02200C1D0220B3
:10D4300082B001B901A942B14BB113780B601278E7
:10D44000101E18BF012002B070471046FBE76FF0B6
:10D450000100F8E770B5C66904460D4676B910209C
:10D46000FDF79EFF0246E06120B9184B18486B217A
:10D47000FFF7E8FBC0E901660660C660E669F3688D
:10D4800083B1E369DB6853F82500B8B9012101FADB
:10D4900005F6721D92002046FDF740FF60B1C0E91D
:10D4A00001560EE0212204212046FDF737FFE369F3
:10D4B000F060DB68002BE4D1002070BD026843F807
:10D4C00025200023C0E90333F7E700BF8AA200202C
:10D4D000406C002070B5C66905460C4676B9102030
:10D4E000FDF75EFF0246E86120B9094B09488F212C
:10D4F000FFF7A8FBC0E901660660C6603CB1EB69B6
:10D500006268DB6853F82210216043F8224070BD46
:10D510008AA20020406C00202DE9F0410D690746E9
:10D520000C461E4601F1140C0020DCF8003099B2C4
:10D5300002FB01611E0C0B0C02FB063389B20130A9
:10D5400001EB034185424CF8041B4FEA1346ECDC27
:10D550000EB3A368AB4219DC616838460131FFF7AE
:10D5600079FF804628B902460C4B0D48BA21FFF7D7
:10D5700069FB2269023204F10C0192000C30F4F7CD
:10D58000E7FF21463846FFF7A5FF444604EB850335
:10D5900001355E6125612046BDE8F0816A74002096
:10D5A000406C00202DE9F8430C4615461F46092221
:10D5B0000833064693FBF2F3002101229A4209DB6D
:10D5C0003046FFF747FF40B90246194B1948D321AF
:10D5D000FFF738FB52000131F0E7089B4361092D4A
:10D5E0004FF00103036116DD04F10909C8462C441C
:10D5F00018F8013B0146303B0A223046FFF78CFF0A
:10D60000A045F5D1A5F108044C442D1B6319BB427C
:10D6100004DBBDE8F8830A340925F6E714F8013B7A
:10D620000146303B0A223046FFF776FFEEE700BFA7
:10D630006A740020406C0020030C1B04D3B9000462
:10D64000102310F07F4F04BF0002083310F0704F1A
:10D6500004BF0001043310F0404F04BF80000233C8
:10D66000002805DB10F0804F03F1010308BF2023E1
:10D67000184670470023E4E7036813F007020CD054
:10D68000D90722D49A0749BF5B089B08036001228F
:10D690005CBF036002221046704799B209B91B0CA7
:10D6A0001022D9B209B908321B0A190704BF1B0995
:10D6B0000432990704BF9B080232D90703D45B08E0
:10D6C00002F1010203D00360E5E70022E3E7202234
:10D6D000E1E7000010B50C460121FFF7BBFE024652
:10D6E00028B9054B054840F24511FFF7ABFA012375
:10D6F0004461036110BD00BF6A740020406C0020CB
:10D700002DE9F04F91460A69D9F810309A42B8BF16
:10D710000B460C46BCBF4C4699462769D9F810A069
:10D72000A368616807EB0A06B34285B0B8BF013150
:10D73000FFF790FE30B90246444B45484FF4B171B3
:10D74000FFF780FA00F1140505EB86082B4600224E
:10D75000434521D304F1140303EB870709F11403B4
:10D7600003EB8A0202923A1B153A22F003020432BA
:10D7700004F115018F4238BF04220192029A0393EB
:10D780009A420CD8002E03DD58F8043D002B5BD0E4
:10D79000066105B0BDE8F08F43F8042BD8E7B3F875
:10D7A00000A0BAF1000F24D004F1140EA9464FF0E6
:10D7B000000C5EF8042BD9F800101FFA82FB89B226
:10D7C0000AFB0B114FEA124BD9F8002061444FEAD3
:10D7D000124C0AFB0BC202EB114289B241EA024130
:10D7E000774549F8041B4FEA124CE2D8019A45F8F4
:10D7F00002C0039AB2F802900433B9F1000F21D0AD
:10D80000296804F1140CAE464FF0000ABCF800B0D1
:10D81000BEF8022009FB0B22524489B241EA0241C0
:10D820004EF8041B5CF8041B4FEA114ABEF80010C6
:10D8300009FB0A1101EB124167454FEA114AE5D88D
:10D84000019AA950043599E7013E9BE76A740020CC
:10D85000406C00202DE9F843154612F003020646FD
:10D860000F4607D0254C013A002354F82220FFF739
:10D8700053FE0746AD103DD0F4697CB91020FDF78A
:10D880008FFD0246F06128B91D4B1E4840F2B311CE
:10D89000FFF7D8F9C0E901440460C460D6F81C80E1
:10D8A000D8F808404CB940F271213046FFF712FF1A
:10D8B0000023C8F80800044603604FF00009EB0796
:10D8C0000AD5394622463046FFF71AFF39468046C8
:10D8D0003046FFF7FFFD47466D100BD0206838B982
:10D8E000224621463046FFF70BFF2060C0F800902B
:10D8F0000446E4E73846BDE8F88300BFC44600208C
:10D900008AA20020406C00202DE9F0470C464968AF
:10D91000236903EB6218A368074691464FEA621A2F
:10D9200008F10106B3420BDB3846FFF793FD0546CD
:10D9300048B90246284B29484FF4EF71FFF782F9A6
:10D9400001315B00EEE7002300F1140100F1100249
:10D950001846534533DB20692AEAEA7A04F11403B6
:10D9600019F01F0901EB8A0103EB800C2BD0C9F1E0
:10D97000200E8A460022186800FA09F010434AF87F
:10D98000040B53F8042B9C4522FA0EF2F3D8ACEBAF
:10D990000403153B23F00303043304F1150084450D
:10D9A00038BF0423CA500AB108F10206013E3846C6
:10D9B0002E612146FFF78EFD2846BDE8F08742F82C
:10D9C000040F0133C5E7043953F8042B41F8042F41
:10D9D0009C45F9D8EAE700BF6A740020406C00203B
:10D9E00030B502690C69121B0ED100F11403143119
:10D9F00003EB840001EB840150F8045D51F8044D01
:10DA0000A54203D005D30122104630BD8342F3D393
:10DA1000FAE74FF0FF32F7E72DE9F84F0C460646DC
:10DA2000114620469046FFF7DBFF051E10D1294620
:10DA30003046FFF70FFD30B93A4B024640F237212E
:10DA40003948FFF7FFF80123C0E90435BDE8F88F36
:10DA5000A4BF4346A0463046D8F80410A6BF1C46D3
:10DA600000250125FFF7F6FC20B92E4B024640F2B7
:10DA70004521E5E7D8F810702669C56004F114095E
:10DA800008F1140500F1140E05EB870C09EB86066E
:10DA900008F11002F246002159F8043B52F804BF85
:10DAA00011FA8BF899B21B0CA8EB0108C3EB1B43CE
:10DAB00003EB28431FFA88F819144E4548EA03433C
:10DAC0004AF8043BE8D8331B153B23F00303043327
:10DAD0001534A64238BF04231D4473449E462E4687
:10DAE00066450ED30CF10302521B22F00302033DE4
:10DAF000AC4538BF0022134453F8042D7AB10761B6
:10DB0000A4E756F8048B11FA88F2141404EB1844B5
:10DB100092B242EA04424EF8042B2114E0E7013F9E
:10DB2000EAE700BF6A740020406C002082B08DEDEF
:10DB3000000B019A0F4B1340A3F15073002B08DC2C
:10DB40005B42B3F1A07F4FEA235204DA4FF4002383
:10DB50001341002208E0A2F114031E2BDABF4FF09C
:10DB60000042DA40012200231946104641EC100B16
:10DB700002B070470000F07F2DE9F041066900F126
:10DB8000140808EB8606371F56F8042C1046FFF7DA
:10DB900053FDC0F120030A280B601B4915DCC0F1BE
:10DBA0000B0C22FA0CF3B84543EA010534BF56F8D2
:10DBB000083C0023153002FA00F023FA0CF303436B
:10DBC0001C4645EC104BBDE8F081B8453ABF56F80D
:10DBD000083CA6F1080700230B3812D0C0F1200141
:10DBE00023FA01F482402243474542F07F558CBF1F
:10DBF00057F8042C00228340CA4045F440151343D3
:10DC0000DEE742EA0105DBE70000F03F2DE9F743DC
:10DC10000F46012159EC108B1646FFF71BFC0446FA
:10DC200030B90246244B254840F20F31FFF70AF87D
:10DC3000C9F30A55C9F313032DBB0193B8F10003CF
:10DC400026D068460093FFF717FDDDE90012E8B122
:10DC5000C0F1200302FA03F30B43C2406361019257
:10DC6000019BA361002B14BF022201222261BDB1DE
:10DC7000A5F2334505443D60C0F1350030602046D3
:10DC800003B0BDE8F08343F48013D6E76161E7E7B2
:10DC900001A8FFF7F1FC019B636120300122E5E759
:10DCA00004EB8203A0F2324038601869FFF7C4FC2D
:10DCB000C0EB4210E2E700BF6A740020406C002015
:10DCC0002DE9F74F884669468146FFF755FF01A9C0
:10DCD000404655EC104B10EE10AAFFF74DFFD8F858
:10DCE0001030D9F81020D21ADDE900315B1A03EBAD
:10DCF000421357EC106B002BD6BFC3EB03332A46FD
:10DD00003A46AB46D6BF02EB035302EB035B00EE91
:10DD1000903A4BEC17AB87EE000B03B0BDE8F08FE9
:10DD2000013970B549111469013102F1140300EB96
:10DD3000810103EB8404051FA3420CD3A31A113BFA
:10DD400023F003031132A24288BF002318440023AA
:10DD5000884205D370BD53F8046B45F8046FEBE7B8
:10DD600040F8043BF4E700F1140200694B119842BB
:10DD700010B511DB0ADD11F01F0107D052F8234066
:10DD800024FA01F000FA01F18C420BD102EB83037B
:10DD9000934203D8002010BD0346F7E753F8041D53
:10DDA0000029F5D00120F6E751F8043C181F002B9C
:10DDB000BCBF0B58C018704749B1FF2A85BF8A23E2
:10DDC00003600A704FF0FF3098BF0120704708468B
:10DDD000704700002DE9F0439046224A87B016684C
:10DDE00005460F461C46A3B9B26AF16A00F1230347
:10DDF0009A420DDC00F124094A4630468DED020BB3
:10DE0000FDF792FB044608B3C6E90A909DED020BAC
:10DE1000F46A05ABCDE900832A463B460321304630
:10DE200000F008FE3B685B4222461B1B05998142BD
:10DE300002EB03060ED811463027C81885420EDCC7
:10DE4000AB1BB542B8BF00230021D154204607B018
:10DE5000BDE8F08310F8011B02F8011BE6E701F8AA
:10DE6000017BEAE764BE00202DE9F0478E681F467B
:10DE7000BE420B6882460C4690462CD88A8912F422
:10DE8000906F26D06569096905EB4505A3EB01098B
:10DE900005EBD5757B1C4B446D109D4238BF1D466C
:10DEA000530527D52946FDF7ABFA064660B321692D
:10DEB0004A46F4F74DFBA38923F4906343F08003B3
:10DEC000A381266165614E44A5EB09052660A56026
:10DED0003E46BE4200D93E46206832464146FEF7E5
:10DEE000E5FCA3689B1BA3602368334423600020E8
:10DEF000BDE8F0872A46FDF717FB06460028E0D16B
:10DF000021695046FEF7BCFE0C23CAF80030A389F5
:10DF100043F04003A3814FF0FF30E9E72DE9F04FD4
:10DF200098468B891B069DB007460D4614460ED5B4
:10DF30000B6963B94021FDF763FA2860286120B9B5
:10DF40000C233B604FF0FF30D0E040236B61002397
:10DF5000099320238DF82930CDF80C803023DFF889
:10DF6000A4818DF82A304FF0010923469A4613F810
:10DF7000012B0AB1252AF9D1BAEB040B0BD05B4671
:10DF8000224629463846FFF76FFF013000F0A9808E
:10DF9000099A5A4409929AF80030002B00F0A180A7
:10DFA00000234FF0FF32CDE905230AF1010A049363
:10DFB00007938DF853301A935446052214F8011B29
:10DFC0005048FEF7E7FD049AD8B9D00644BF202395
:10DFD0008DF85330110744BF2B238DF853309AF836
:10DFE00000302A2B15D0079A544600204FF00A0C17
:10DFF000214611F8013B303B092B4DD9B0B10792B6
:10E0000014E0A0EB080309FA03F313430493A246B8
:10E01000D2E7039B191D1B680391002BBBBF5B421A
:10E0200042F0020207930793B8BF049223782E2B85
:10E030000CD163782A2B34D1039B1A1D1B680392E1
:10E04000002BB8BF4FF0FF3302340593DFF8C4A0B4
:10E05000217803225046FEF79DFD38B1049BA0EBCA
:10E060000A004022824013430134049314F8011B38
:10E0700025488DF828100622FEF78CFD002838D0A0
:10E08000224B1BBB039B073323F007030833039387
:10E09000099B3344099368E70CFB02320C460120CC
:10E0A000A6E700230134059319464FF00A0C2046D9
:10E0B00010F8012B303A092A03D9002BC6D005915C
:10E0C000C4E70CFB012104460123F0E703AB0093F6
:10E0D0002A460F4B04A93846AFF30080421C06467F
:10E0E000D6D1AB895B063FF52DAF09981DB0BDE8D1
:10E0F000F08F03AB00932A46054B04A9384600F085
:10E10000BDF9EBE7907600209A7600200000000031
:10E11000D5A40200967600209368013B002B10B432
:10E12000936008DA9469A34201DB0A2903D15DF800
:10E13000044BFEF7E5BA1368581C106019700846C6
:10E140005DF8044B7047F8B506460F461446D518DF
:10E15000AC4201D1002007E014F8011B3A463046DA
:10E16000FFF7DAFF431CF3D1F8BD00002DE9F04FB3
:10E170000D469DB014469846064618B1036A0BB981
:10E18000FEF756F96B6ED90705D4AB899A0502D410
:10E19000A86DFEF7EBFCAB891B0701D52B699BB97A
:10E1A00029463046FEF7EAFA70B16B6EDC0704D5FB
:10E1B0004FF0FF301DB0BDE8F08FAB899805F7D464
:10E1C000A86DFEF7D4FCF3E70023099320238DF814
:10E1D0002930CDF80C803023DFF8B0818DF82A305B
:10E1E0004FF0010923469A4613F8012B0AB1252A5C
:10E1F000F9D1BAEB040B0BD05B46224629463046D8
:10E20000FFF7A1FF013000F0A980099A5A44099252
:10E210009AF80030002B00F0A18000234FF0FF326D
:10E22000CDE905230AF1010A049307938DF85330D1
:10E230001A935446052214F8011B5448FEF7AAFC11
:10E24000049AD8B9D10644BF20238DF85330130760
:10E2500044BF2B238DF853309AF800302A2B15D069
:10E26000079A544600204FF00A0C214611F8013B52
:10E27000303B092B4DD9B0B1079214E0A0EB080355
:10E2800009FA03F313430493A246D2E7039B191D33
:10E290001B680391002BBBBF5B4242F00202079355
:10E2A0000793B8BF049223782E2B0CD163782A2BC6
:10E2B00034D1039B1A1D1B680392002BB8BF4FF08B
:10E2C000FF3302340593DFF8D4A0217803225046AF
:10E2D000FEF760FC38B1049BA0EB0A0040228240AC
:10E2E00013430134049314F8011B29488DF82810B6
:10E2F0000622FEF74FFC00283FD0264B1BBB039B9A
:10E30000073323F0070308330393099B3B44099326
:10E3100068E70CFB02320C460120A6E7002301341B
:10E32000059319464FF00A0C204610F8012B303A9D
:10E33000092A03D9002BC6D00591C4E70CFB0121A3
:10E3400004460123F0E703AB00932A46124B04A9CD
:10E350003046AFF300800746781CD6D16B6ED907E4
:10E3600005D4AB899A0502D4A86DFEF700FCAB89F1
:10E370005B063FF51DAF09981CE703AB00932A46E7
:10E38000054B04A9304600F079F8E4E790760020C8
:10E390009A76002000000000B3A7020096760020C5
:10E3A0002DE9F047164699468A680B69DDF820800A
:10E3B0009342B8BF1346336091F8432007460C469A
:10E3C0000AB1013333602368990642BF33680233D0
:10E3D0003360256815F0060506D104F1190AE368D3
:10E3E00032689B1AAB4226DC94F84320131E226845
:10E3F00018BF012392062BD404F143024946384644
:10E40000C04701301ED02368226903F00603042BA5
:10E4100002BFE5683368ED1AA3680CBF25EAE5750D
:10E4200000259342C4BF9B1AED1800261A34B5424A
:10E430001AD1002008E00123524649463846C04719
:10E44000013003D14FF0FF30BDE8F0870135C6E75A
:10E45000E1185A1C302081F84300224494F84510FA
:10E4600082F843100233C7E7012322464946384663
:10E47000C0470130E6D00136D9E700002DE9FF475B
:10E480000F7E0C9D782F914680460C469A4601F1EE
:10E49000430207D8622F0AD8002F00F0D480582FEB
:10E4A00000F0C08004F1420584F842703AE0A7F120
:10E4B0006303152BF6D801A151F823F081AB0200BC
:10E4C00095AB020011AB020011AB020011AB0200D0
:10E4D00011AB020095AB020011AB020011AB0200C0
:10E4E00011AB020011AB020099AC0200C1AB0200FB
:10E4F00053AC020011AB020011AB0200BBAC020036
:10E5000011AB0200C1AB020011AB020011AB020063
:10E510005BAC02002B681A1D1B682A6004F14205DF
:10E5200084F8423001239FE020682B68070603F13E
:10E530000401296001D51E6803E04606FBD5B3F946
:10E540000060002E03DA2D23764284F843305A48C7
:10E550000A2312E02B682068191D2960050601D5E1
:10E560001E6802E04106FBD51E8853486F2F0CBF82
:10E5700008230A23002184F843106568A560002D54
:10E58000A2BF216821F0040121600EB9002D4BD0FB
:10E590001546B6FBF3F103FB1167C75D05F8017D76
:10E5A0003746BB420E46F4D9082B0BD12368DE0751
:10E5B00008D5236961689942DEBF302305F8013C24
:10E5C00005F1FF35521B2261CDF800A04B4603AA8E
:10E5D00021464046FFF7E4FE01304AD14FF0FF30BC
:10E5E00004B0BDE8F087236843F02003236033487C
:10E5F000782784F84570236829681F0651F8046B52
:10E6000002D45F0648BFB6B2DF0748BF43F020031D
:10E61000296048BF23601EB9236823F020032360CC
:10E620001023A7E72448E4E71546BDE72B682668D2
:10E630006169181D286035061B6801D5196002E064
:10E640007006FBD51980002323611546BCE72B68B3
:10E650001A1D2A601D68626800212846FEF79AFA92
:10E6600008B1401B606063682361002384F8433075
:10E67000AAE723692A4649464046D0470130ADD033
:10E6800023689B0713D4E068039B9842B8BF1846E1
:10E69000A6E70123324649464046D04701309DD087
:10E6A0000135E36803995B1AAB42F2DCEBE7002526
:10E6B00004F11906F5E700BF68760020797600209E
:10E6C0008A892DE9F041054610070C4658D44B685D
:10E6D000002B05DC0B6C002B02DC0020BDE8F08178
:10E6E000E66A002EF9D0002312F480522F68216AC6
:10E6F0002B6032D0606DA3895A0705D56368C01AB4
:10E70000636B0BB1236CC01A00230246E66A216AD0
:10E710002846B047431CA38906D129681D292BD858
:10E72000294A0A41D60727D400226260D904226907
:10E73000226004D5421C01D12B6803B96065616B6E
:10E740002F600029C9D004F14403994202D0284621
:10E75000FEF796FA00206063C0E701232846B04721
:10E76000411CC8D12B68002BC5D01D2B01D0162B06
:10E7700001D12F60B1E7A38943F04003A381ADE746
:10E780000F69002FA9D093070E6808BF4B690F606F
:10E7900018BF0023A6EB07088B60B8F1000F9CDDC3
:10E7A000216AA66A43463A462846B047002806DC56
:10E7B000A38943F04003A3814FF0FF308EE7074465
:10E7C000A8EB0008E9E700BFFEFFBFDF38B50B6923
:10E7D00005460C4613B90025284638BD18B1036A12
:10E7E0000BB9FDF725FEB4F90C30002BF3D0626EA7
:10E7F000D00704D4990502D4A06DFEF7B7F92846D6
:10E800002146FFF75DFF636EDA070546E4D4A3896E
:10E810009B05E1D4A06DFEF7AAF9DDE770B50C46C3
:10E82000B1F90E10002996B015461E460DDAA389DF
:10E8300013F0800F4FF000010CBF4FF480634023B2
:10E84000002031602B6016B070BD6A4600F048F8B9
:10E850000028ECDB019901F47041A1F50053594205
:10E8600059414FF48063EBE78B8973B59D070646EA
:10E870000C4607D504F1470323602361012363613C
:10E8800002B070BD01AB6A46FFF7C8FF00990546AC
:10E890003046FCF7B5FD48B9B4F90C309A05EFD411
:10E8A00023F0030343F00203A381E3E7A38920607D
:10E8B00043F08003A381009B6361019B20615BB1F6
:10E8C000B4F90E10304600F01DF828B1A38923F0EA
:10E8D000030343F00103A381A3891D43A581CFE76F
:10E8E00038B5074D00230446084611462B60F4F75F
:10E8F00030FB431C02D12B6803B1236038BD00BF3D
:10E900007839022038B5064D0023044608462B60AE
:10E91000F4F724FB431C02D12B6803B1236038BDFC
:10E92000783902202DE9F74F03690C69A3420746A5
:10E930007EDB013C01F1140800F1140505EB8403B2
:10E94000019358F8243055F8242001339A424FEAB5
:10E95000840B08EB8409B2FBF3F631D34FF0000EC1
:10E960004046AC46F24650F8042B93B206FB03E354
:10E970004FEA124E1A0C9BB2AAEB0303DCF800A07C
:10E9800013FA8AF306FB0E220093009B4FEA124E05
:10E9900092B2C2EB1A4202EB2342BDF8003081452D
:10E9A00043EA02434CF8043B4FEA224ADBD255F8D3
:10E9B0000B302BB9019B043B9D421A462CD33C6182
:10E9C0003846FFF70DF8002822DB013629460020E3
:10E9D00058F8042BD1F800C093B2C31A120C13FAE2
:10E9E0008CF3C2EB1C4202EB23429BB243EA02438C
:10E9F000C14541F8043B4FEA2240E9D255F82420B2
:10EA000005EB840322B9043B9D421A460AD33C61BC
:10EA1000304603B0BDE8F08F1268043B002ACED127
:10EA2000013CC9E71268043B002AF0D1013CEBE746
:10EA30000020EEE72DE9F04F2DED028BC56991B076
:10EA40008DED020B59EC108B1C9C0691064608922A
:10EA50000C9375B91020FCF7A3FC0246F06120B9B5
:10EA6000A64BEF21A648FEF7EDF8C0E90155056079
:10EA7000C560F369196851B15A684A60012393402F
:10EA80008B603046FEF726FDF36900221A60B9F16B
:10EA90000003BBBF23F00043039300230122ACBF5C
:10EAA00023602260974B039CA3431CD10C9A42F233
:10EAB0000F731360C4F3130353EA080300F0FB84DD
:10EAC0001D9B63B9904B20E0904B019308331D9A36
:10EAD0001360019811B0BDEC028BBDE8F08F8A4B3A
:10EAE00001930333F3E79DED028BB5EE408BF1EE1E
:10EAF00010FA0CD10C9A012313601D9B002B00F01F
:10EB0000D784834B1D9A1360013B0193E1E70EAA62
:10EB10000FA93046B0EE480BFFF778F8C4F30A535C
:10EB20000E9A0546002B46D0B0EE487B18EE901AA0
:10EB3000C1F3130141F07F5141F44011A3F2FF33BF
:10EB4000002007EE901AB7EE086B9FED665B37EE7C
:10EB5000467B9FED666BA7EE056B9FED665B07EE50
:10EB6000903AB8EEE74BB0EE467BA4EE057BFDEEA7
:10EB7000C76BB5EEC07BF1EE10FA16EE90BA0990B5
:10EB800008D5B8EEE66BB4EE476BF1EE10FA18BF9D
:10EB90000BF1FF3BBBF1160F2BD85E4901EBCB010C
:10EBA00091ED007BB4EEC78BF1EE10FA01D50BF1BD
:10EBB000FF3B00211EE00F9B134403F2324120294A
:10EBC000C1BFC1F140018C4003F2124128FA01F1AA
:10EBD000D6BFC1F12001214308FA01F107EE901AD6
:10EBE000B8EE677B013B17EE901A0120A1F1F87196
:10EBF000A7E70121D21A531E059345BFC2F10103B5
:10EC00000493002300234CBF05930493BBF1000F32
:10EC10000B9118DB059BCDF828B05B4405930023CE
:10EC2000069A092A48D8052AC4BF043A0692069AC9
:10EC3000A2F10202CCBF00240124032A47D8DFE856
:10EC400002F00B2D2B39049B0022A3EB0B03049342
:10EC50000A92CBF10003E3E700220792089A002A08
:10EC600038DC4FF0010AD1465246CDF820A0F769B2
:10EC70000021042000F1140C944530D9796030460D
:10EC80000D93FEF7E7FB0D9B01900246002845D14E
:10EC9000214B40F2AF11E5E60122DEE700220792A8
:10ECA000089A0BEB020A0AF101094A46012AB8BF89
:10ECB0000122DCE70122F2E701240022CDE906244B
:10ECC0004FF0FF3A0021D14612220891CFE70122EE
:10ECD0000792F5E7DDF820A0D1465246C7E701319B
:10ECE0004000C7E761436F63A787D23FB3C8608B1B
:10ECF000288AC63FFB799F501344D33F8AA2002045
:10ED00000F7600200000F07F0B76002002760020B6
:10ED100010920020601700206A740020F2690199A7
:10ED20001160B9F10E0F6CD8002C6AD0BBF1000F46
:10ED300040F3A080C14A0BF00F0102EBC1021BF4AB
:10ED4000807F92ED007B4FEA2B1200F08780BC4958
:10ED500091ED086B88EE066B8DED026B02F00F02F1
:10ED60000321B748002A7BD19DED026B86EE077B1D
:10ED70008DED027B0B9A9DED027B002A00F0A080B6
:10ED8000B7EE006BB4EEC67BF1EE10FA40F198805E
:10ED9000B9F1000F00F09480BAF1000F2FDDB2EE50
:10EDA000046B27EE067B8DED027B0BF1FF32013108
:10EDB00054469DED026BB1EE0C5B07EE901AB8EE77
:10EDC000E77BA7EE065B15EE907A51EC150BA7F1E9
:10EDD0005071002C77D1B1EE047B36EE476B41ECDD
:10EDE000170BB4EEC76BF1EE10FA00F36A82B1EEC6
:10EDF000477BB4EEC76BF1EE10FA00F160828DED47
:10EE0000028B0F9A002AC0F21D81BBF10E0F00F396
:10EE100019818A4B03EBCB0393ED006B089B002B0E
:10EE200080F2B780B9F1000F00F3B38040F0468262
:10EE3000B1EE047B26EE076B9DED027BB4EEC76B53
:10EE4000F1EE10FA4C464F4680F21C82DDF8048049
:10EE5000312308F8013B0BF1010B18E2022180E796
:10EE6000D40704D590ED006B013127EE067B5210DC
:10EE7000083077E722D0CBF10002704902F00F0092
:10EE800001EBC00191ED007B28EE077B8DED027B4D
:10EE90006B481211002402212AB9002C3FF46AAFFA
:10EEA0008DED027B66E7D70705D590ED006B01314C
:10EEB000012427EE067B52100830EDE7022159E7C6
:10EEC0005A464C4675E741EC170B5C4901EBC4010F
:10EED00011ED024B01990C44079951B3B6EE003B7A
:10EEE000B7EE002BDDF8048083EE045BB2EE043B4A
:10EEF00035EE477BFDEEC64B14EE901AB8EEE45BA0
:10EF0000303136EE456BB4EEC76BF1EE10FA08F80F
:10EF1000011B39D432EE465BB4EEC75BF1EE10FA5A
:10EF200072D4A0453FF46BAF27EE037B26EE036B54
:10EF3000E0E7DDF8048027EE047B2046B2EE043BD8
:10EF4000FDEEC64B14EE901A303108F8011BA045B7
:10EF5000B8EEE45B36EE456B18D1B6EE005B37EEEB
:10EF6000054BB4EEC46BF1EE10FA4DDC35EE475BA9
:10EF7000B4EEC56BF1EE10FA7FF541AF8046013873
:10EF800018F8013C302BF9D093462AE026EE036BAB
:10EF9000D6E79DED027BB2EE044BDDF8048087EEF0
:10EFA000065BBDEEC55B15EE103A303308F8013B49
:10EFB000019BA8EB03039945B8EEC53BA3EE467B46
:10EFC00033D137EE077BB4EEC67BF1EE10FA1ADCD4
:10EFD000B4EE467BF1EE10FA03D115EE103AD907E4
:10EFE00011D429463046FEF775FA00230C9A88F8AA
:10EFF00000300BF1010313601D9B002B3FF469AD42
:10F00000C3F8008065E55A464346984613F8011D4B
:10F01000392906D101999942F7D10198302101325D
:10F020000170197801311970AEE727EE047BB5EE57
:10F03000407BF1EE10FAB2D1D3E700BF6017002099
:10F04000381700200799002900F0D080069901297F
:10F0500000F3B4800999002900F0AC8002F2334239
:10F06000DDF810801C460993049B13440493059B10
:10F070000121134430460593FEF72CFB099B0746FC
:10F08000B8F1000F0DD0059A002A0ADD4245049917
:10F09000A8BF4246891A04910599A8EB02088A1A6A
:10F0A000059203B3079A002A00F0A580002C13DD17
:10F0B0003946224630460D93FEF7CCFB2A460146E0
:10F0C00007463046FEF71CFB294609903046FEF7FE
:10F0D00001FA099A0D9B15461A1B04D029463046A1
:10F0E000FEF7B8FB054601213046FEF7F3FA0A9B0E
:10F0F000002B044640F381801A4601463046FEF755
:10F10000A9FB069B012B04467ADD002309932269A3
:10F1100004EB82021069FEF78FFAC0F12000059B14
:10F12000184410F01F0000F09380C0F12002042A60
:10F1300040F38580049BC0F11C0003440493059BAD
:10F14000804403440593049B002B05DD29461A46A1
:10F150003046FEF7D9FB0546059B002B05DD214611
:10F160001A463046FEF7D0FB04460B9B002B71D0AD
:10F1700021462846FEF734FC00286BDA0023294696
:10F180000A223046FEF7C8F9079B0BF1FF3B054604
:10F19000002B00F09781394600230A223046FEF703
:10F1A000BBF9BAF1000F074600F39380069B022BD0
:10F1B00057DC8EE00E9AC2F1360251E709F1FF34B6
:10F1C000A342BFBFE21A0A9B9B180A93AEBF1C1B47
:10F1D00023460024B9F1000FB5BF049ADDF8108072
:10F1E000A2EB09084A46B8BF00223CE7DDF81080D0
:10F1F000079F1C4644E71A4670E7069B012B18DC64
:10F20000029BB3B9039BC3F31302A2B923F00042DC
:10F21000120D12058AB1049B01330493059B01333F
:10F220000593012309930A9B002B7FF470AF012003
:10F2300075E70023F6E7029BF4E70992F3E782D033
:10F24000049B1C3213440493059B9044134479E7B8
:10F250000246F5E7B9F1000F36DC069B022B33DDE1
:10F26000CA46BAF1000F0DD1214653460522304659
:10F27000FEF752F9014604462846FEF7B1FB002886
:10F280003FF7E4AD089BDDF804806FEA030B4FF015
:10F29000000921463046FEF71DF9002F3FF4A1AECC
:10F2A000B9F1000F05D0B94503D049463046FEF705
:10F2B00011F939463046FEF70DF992E6002427464B
:10F2C000E0E793462746C1E5079BCA46002B00F0BE
:10F2D0000081B8F1000F05DD394642463046FEF7A1
:10F2E00013FB0746099B002B5DD079683046FEF77B
:10F2F000B1F8804628B9824B024640F2EF21FFF771
:10F30000B1BB3A690232920007F10C010C30F3F7FD
:10F310001FF9012241463046FEF7F6FA019B013300
:10F320000493019B53440893029B03F00103B946E5
:10F3300007930746049B2146013B28460293FFF7AB
:10F34000F1FA034630330590494628460993FEF703
:10F3500047FB3A46824621463046FEF75DFBC268CF
:10F36000099B80460ABB01462846FEF739FB099BEC
:10F37000024641463046CDE90932FEF7ABF8069B1E
:10F380000A9ADDF8108043EA0201079B1943099BA2
:10F390000DD1392B29D0BAF1000F01DD059B313396
:10F3A000029A137075E73846B8E70122E1E7BAF12F
:10F3B000000F06DB069941EA0A0A07995AEA010A90
:10F3C00020D1002AECDD2946012230460493FEF7C5
:10F3D0009BFA21460546FEF703FB0028049B02DC4E
:10F3E000DED1DA07DCD5392BD8D1029A3923137054
:10F3F00043469846013B18F8012C392A51D0013276
:10F400001A7046E7002A03DD392BEED00133C7E737
:10F41000049A089902F8013C8A422BD0294600231D
:10F420000A223046FEF778F8B94505464FF000034A
:10F430004FF00A024946304607D1FEF76DF8814683
:10F440000746049B0133049374E7FEF765F83946D9
:10F45000814600230A223046FEF75EF80746F0E7B1
:10F46000BAF1000F019ACCBFD0464FF0010890448A
:10F470004FF000092946012230460293FEF744FA74
:10F4800021460546FEF7ACFA0028B1DC02D1029B0A
:10F49000DB07ADD44346984613F8012D302AFAD045
:10F4A000F7E6019A9A42A4D10BF1010B312378E7D8
:10F4B000144BFFF72ABB1D9B002B7FF405AB124BAF
:10F4C000FFF723BBBAF1000F03DC069B022B3FF7CB
:10F4D000C8AEDDF8048021462846FFF723FA00F184
:10F4E000300308F8013B019AA8EB02029245B7DD10
:10F4F000294600230A223046FEF70EF80546EAE7C1
:10F500006A7400200F9200200276002008B502469F
:10F510000B4643EC172BB5EEC07BF1EE10FA03D48B
:10F52000BDE8084000F00AB8B1EE477B51EC170B7C
:10F5300000F004F8404261EB410108BD9FED0B6B08
:10F5400041EC170B9FED0B5B27EE066BBCEEC66B19
:10F55000B8EE464BA4EE457BFCEEC77B16EE101AC8
:10F5600017EE900A704700BFAFF300800000000064
:10F570000000F03D000000000000F0415FF800F0E6
:10F58000CDBF00605FF800F0319000605FF800F0E0
:10F59000C97700605FF800F0097300605FF800F061
:10F5A000F11600605FF800F0791C00605FF800F071
:10F5B000895700605FF800F0E77500605FF800F0C1
:10F5C000459300605FF800F03D1E00605FF800F0BA
:10F5D000B16E00605FF800F0035300605FF800F068
:10F5E000997000605FF800F0E79500605FF800F048
:10F5F000757000605FF800F0356C00605FF800F037
:10F60000496C00605FF800F0755F00605FF800F023
:10F61000311C00605FF800F0612900605FF800F0C5
:10F62000B59B00605FF800F0019C00605FF800F09F
:10F6300011AA00605FF800F005B800605FF800F004
:10F640007D9500605FF800F04F9D00605FF800F06E
:10F65000C99200605FF800F0F91E00605FF800F0EA
:10F66000752500605FF800F05D1A00605FF800F03B
:10F670002DBF00605FF800F0519500605FF800F06A
:10F680005D7000605FF800F0E91B00605FF800F05B
:10F69000BF6600605FF800F0B55300605FF800F0EF
:10F6A00059B600605FF800F0017900605FF800F083
:10F6B000BD7000605FF800F0311A00605FF800F084
:10F6C000D99500605FF800F09D1800605FF800F0C9
:10F6D000991B00605FF800F0111600605FF800F001
:10F6E0009D5200605FF800F0D99C00605FF800F068
:10F6F000BDB700605FF800F0CD1C00605FF800F05F
:10F700001D1D00605FF800F0815300605FF800F09D
:10F71000D11700605FF800F0C1A900600000000090
:04F7200000000000E5
:04F72400F8B500BF75
:08F7280000B9FF7F01000000A1
:10F7300000000000000000000000000000000000C9
:10F7400000000000000000000000000000000000B9
:10F7500000000000000000000000000000000000A9
:10F760000000000000000000000000000000000099
:10F770000000000000000000000000000000000089
:10F780000000000000000000000000000000000079
:10F790000000000000000000000000000000000069
:10F7A0000000000000000000000000000000000059
:10F7B0000000000000000000000000000000000049
:10F7C0000000000000000000000000000000000039
:10F7D0000000000000000000000000000000000029
:10F7E0000000000000000000000000000000000019
:10F7F0000000000000000000000000000000000009
:10F8000000000000000000000000000000000000F8
:10F8100000000000000000000000000000000000E8
:10F8200000000000000000000000000000000000D8
:10F8300000000000000000000000000000000000C8
:10F8400000000000000000000000000000000000B8
:10F8500000000000000000000000000000000000A8
:10F860000000000000000000000000000000000098
:10F870000000000000000000000000000000000088
:10F880000000000000000000000000000000000078
:10F890000000000000000000000000000000000068
:10F8A0000000000000000000000000000000000058
:10F8B0000000000000000000000000000000000048
:10F8C0000000000000000000000000000000000038
:10F8D0000000000000000000000000000000000028
:10F8E0000000000000000000000000000000000018
:10F8F0000000000000000000000000000000000008
:10F9000000000000000000000000000000000000F7
:10F9100000000000000000000000000000000000E7
:10F9200000000000000000000000000000000000D7
:10F9300000000000000000000000000000000000C7
:10F9400000000000000000000000000000000000B7
:10F9500000000000000000000000000000000000A7
:10F960000000000000000000000000000000000097
:10F970000000000000000000000000000000000087
:10F980000000000000000000000000000000000077
:10F990000000000000000000000000000000000067
:10F9A0000000000000000000000000000000000057
:10F9B0000000000000000000000000000000000047
:10F9C0000000000000000000000000000000000037
:10F9D0000000000000000000000000000000000027
:10F9E0000000000000000000000000000000000017
:10F9F0000000000000000000000000000000000007
:10FA000000000000000000000000000000000000F6
:10FA100000000000000000000000000000000000E6
:10FA200000000000000000000000000000000000D6
:10FA300000000000000000000000000000000000C6
:10FA400000000000000000000000000000000000B6
:10FA500000000000000000000000000000000000A6
:10FA60000000000000000000000000000000000096
:10FA70000000000000000000000000000000000086
:10FA80000000000000000000000000000000000076
:10FA90000000000000000000000000000000000066
:10FAA0000000000000000000000000000000000056
:10FAB00000000040FB21F93F000000002D44743E8F
:10FAC000000000809846F83C0000006051CC783B74
:10FAD00000000080831BF0390000004020257A38A8
:10FAE000000000802282E336000000001DF369352B
:10FAF0000000000000000000000000000000008086
:10FB0000000000000000F03F748515D3B0D9EF3F2E
:10FB10000F89F96C58B5EF3F515B12D00193EF3F5D
:10FB20007B517D3CB872EF3FAAB968318754EF3FF3
:10FB30003862756E7A38EF3FE1DE1FF59D1EEF3FAC
:10FB400015B7310AFE06EF3FCBA93A37A7F1EE3FD2
:10FB50002234124CA6DEEE3F2D89616008CEEE3FC6
:10FB6000272A36D5DABFEE3F824F9D562BB4EE3FA3
:10FB7000295448DD07ABEE3F85553AB07EA4EE3FF1
:10FB8000CD3B7F669EA0EE3F745FECE8759FEE3F35
:10FB90008701EB7314A1EE3F13CE4C9989A5EE3F7C
:10FBA000DBA02A42E5ACEE3FE5C5CDB037B7EE3F6E
:10FBB00090F0A38291C4EE3F5D253EB203D5EE3FA7
:10FBC000ADD35A999FE8EE3F475EFBF276FFEE3FDA
:10FBD0009C5285DD9B19EF3F6990EFDC2037EF3FAA
:10FBE00087A4FBDC1858EF3F5F9B7B33977CEF3F8C
:10FBF000DA90A4A2AFA4EF3F40456E5B76D0EF3F12
:10FC0000000000000000E8429423914BF86AAC3FEA
:10FC1000F3C4FA50CEBFCE3FD6520CFF422EE63F81
:10FC20000000000000003843FE822B654715474066
:10FC30009423914BF86ABC3EF3C4FA50CEBF2E3FDA
:10FC4000D6520CFF422E963FFE822B654715674029
:10FC500000000000000038430000FAFE422E76BF8C
:10FC60003A3B9EBC9AF70CBDBDFDFFFFFFFFDF3F97
:10FC70003C5455555555C53F912B17CF5555A53F6C
:10FC800017D0A4671111813F000000000000C84296
:10FC9000EF39FAFE422EE63F24C482FFBDBFCE3FBD
:10FCA000B5F40CD7086BAC3FCC5046D2ABB2833F17
:10FCB000843A4E9BE0D7553F000000000000000052
:10FCC000000000000000F03F6EBF881A4F3B9B3CD5
:10FCD0003533FBA93DF6EF3F5DDCD89C136071BC6A
:10FCE0006180773E9AECEF3FD16687107A5E90BCD8
:10FCF000857F6EE815E3EF3F13F6673552D28C3CF3
:10FD0000748515D3B0D9EF3FFA8EF92380CE8BBC22
:10FD1000DEF6DD296BD0EF3F61C8E6614EF7603C4F
:10FD2000C89B751845C7EF3F99D3335BE4A3903C5C
:10FD300083F3C6CA3EBEEF3F6D7B835DA69A973CB8
:10FD40000F89F96C58B5EF3FFCEFFD921AB58E3C68
:10FD5000F747722B92ACEF3FD19C2F703DBE3E3CDB
:10FD6000A2D1D332ECA3EF3F0B6E908934036ABC6F
:10FD70001BD3FEAF669BEF3F0EBD2F2A525695BC9C
:10FD8000515B12D00193EF3F55EA4E8CEF8050BC8F
:10FD9000CC316CC0BD8AEF3F16F4D5B923C991BCF4
:10FDA000E02DA9AE9A82EF3FAF555CE9E3D3803CEA
:10FDB000518EA5C8987AEF3F4893A5EA151B80BCE1
:10FDC0007B517D3CB872EF3F3D32DE55F01F8FBC5A
:10FDD000EA8D8C38F96AEF3FBF53133F8C898B3C17
:10FDE00075CB6FEB5B63EF3F26EB11769CD996BC2E
:10FDF000D45C0484E05BEF3F602F3A3EF7EC9A3C22
:10FE0000AAB968318754EF3F9D3886CB82E78FBC13
:10FE10001DD9FC22504DEF3F8DC3A644416F8A3C53
:10FE2000D68C62883B46EF3F7D04E4B0057A803C87
:10FE300096DC7D91493FEF3F94A8A8E3FD8E963C68
:10FE40003862756E7A38EF3F7D4874F2185E873CF1
:10FE50003FA6B24FCE31EF3FF2E71F982B47803CD1
:10FE6000DD7CE265452BEF3F5E08713F7BB896BCB9
:10FE70008163F5E1DF24EF3F31AB096DE1F7823CAF
:10FE8000E1DE1FF59D1EEF3FFABF6F1A9B213DBCBF
:10FE900090D9DAD07F18EF3FB40A0C7282378B3CCE
:10FEA0000B03E4A68512EF3F8FCBCE8992146E3CF4
:10FEB000562F3EA9AF0CEF3FB6ABB04D754D833C0E
:10FEC00015B7310AFE06EF3F4C74ACE20142863CA6
:10FED00031D84CFC7001EF3F4AF8D35D39DD8F3CDF
:10FEE000FF1664B208FCEE3F045B8E3B80A386BC29
:10FEF000F19F925FC5F6EE3F68504BCCED4A92BC45
:10FF0000CBA93A37A7F1EE3F8E2D511BF80799BCCC
:10FF100066D8056DAEECEE3FD236943EE8D171BCAA
:10FF2000F79FE534DBE7EE3F151BCEB3191999BCFB
:10FF3000E5A813C32DE3EE3F6D4C2AA7489F853CEF
:10FF40002234124CA6DEEE3F8A69287A601293BCF6
:10FF50001C80AC0445DAEE3F5B8917488FA758BC7C
:10FF60002A2EF7210AD6EE3F1B9A49679B2C7CBCB0
:10FF700097A850D9F5D1EE3F11ACC260ED63433C78
:10FF80002D89616008CEEE3FEF64063B0966963C22
:10FF900057001DED41CAEE3F7903A1DAE1CC6E3C7A
:10FFA000D03CC1B5A2C6EE3F30120F3F8EFF933C4E
:10FFB000DED3D7F02AC3EE3FB0AF7ABBCE90763C0B
:10FFC000272A36D5DABFEE3F77E054EBBD1D933CD0
:10FFD0000DDDFD99B2BCEE3F8EA3710034948FBC51
:10FFE000A72C9D76B2B9EE3F49A393DCCCDE87BC4B
:10FFF0004266CFA2DAB6EE3F5F380FBDC6DE78BCF0
:02000004600496
:10000000824F9D562BB4EE3FF65C7BEC461286BCCD
:100010000F925DCAA4B1EE3F8ED7FD180535933C13
:10002000DA27B53647AFEE3F059B8A2FB7987B3C62
:10003000FDC797D412ADEE3F09541CE2E163903C3A
:10004000295448DD07ABEE3FEAC6195085C7343C5A
:10005000B746598A26A9EE3F35C0642BE632943C58
:100060004821AD156FA7EE3F9F7699614AE48CBC9D
:1000700009DC76B9E1A5EE3FA84DEF3BC5338CBC5A
:1000800085553AB07EA4EE3FAEE92B89785384BC07
:1000900020C3CC3446A3EE3F58585678DDCE93BCEF
:1000A0002522558238A2EE3F64197E80AA10573C63
:1000B00073A94CD455A1EE3F28225EBFEFB393BC89
:1000C000CD3B7F669EA0EE3F82B93487AD126ABCFD
:1000D000BFDA0B7512A0EE3FEEA96DB8EF6763BCF7
:1000E0002F1A653CB29FEE3F5188E0543DDC80BC46
:1000F000849451F97D9FEE3FCF3E5A7E641F78BCB9
:10010000745FECE8759FEE3FB07D8BC04AEE86BC15
:100110007481A5489A9FEE3F8AE6551E321986BC27
:10012000C9674256EB9FEE3FD3D4095ECB9C903C0F
:100130003F5DDE4F69A0EE3F1DA54DB9DC327BBCB3
:100140008701EB7314A1EE3F6BC06754FDEC943C48
:1001500032C13001EDA1EE3F556CD6ABE1EB653C11
:10016000624ECF36F3A2EE3F42CFB32FC5A188BC7B
:10017000121A3E5427A4EE3F34373BF1B66993BCC4
:1001800013CE4C9989A5EE3F1EFF193A845E80BCC0
:10019000ADC723461AA7EE3F6E5772D850D494BC11
:1001A000ED92449BD9A8EE3F008A0E5B67AD903C70
:1001B00099668AD9C7AAEE3FB4EAF0C12FB78D3C41
:1001C000DBA02A42E5ACEE3FFFE7C59C60B665BC0C
:1001D0008C44B51632AFEE3F445FF35983F67B3C57
:1001E00036771599AEB1EE3F833D1EA71F0993BC2C
:1001F000C6FF910B5BB4EE3F291E6C8BB8A95DBCAA
:10020000E5C5CDB037B7EE3F59B9907CF9236CBC4A
:100210000F52C8CB44BAEE3FAAF9F422434392BC32
:10022000504EDE9F82BDEE3F4B8E66D76CCA85BCBA
:10023000BA07CA70F1C0EE3F27CE912BFCAF713CDC
:1002400090F0A38291C4EE3FBB730AE135D26D3CBE
:100250002323E31963C8EE3F6322622204C587BCEF
:1002600065E55D7B66CCEE3FD531E2E3861C8B3CD9
:10027000332D4AEC9BD0EE3F15BBBCD3D1BB91BC18
:100280005D253EB203D5EE3FD231EE9C31CC903CA1
:1002900058B330139ED9EE3FB35A736E8469843CD1
:1002A000BFFD79556BDEEE3FB49D8E97CDDF82BCEE
:1002B0007AF3D3BF6BE3EE3F8733CB92771A8C3C54
:1002C000ADD35A999FE8EE3FFAD9D14A8F7B90BCC3
:1002D00066B68D2907EEEE3FBAAEDC56D9C355BCE3
:1002E000FB154FB8A2F3EE3F40F6A63D0EA490BC1E
:1002F0003A59E58D72F9EE3F3493AD38F4D668BCC7
:10030000475EFBF276FFEE3F358A586BE2EE91BC1A
:100310004A06A130B005EF3FCDDD5F0AD7FF743C40
:10032000D2C14B901E0CEF3FAC9892FAFBBD91BC32
:10033000091ED75BC212EF3FB30CAF30AE6E733CF9
:100340009C5285DD9B19EF3F94FD9F5C32E38E3C10
:100350007AD0FF5FAB20EF3FAC5909D18FE0843CEE
:100360004BD1572EF127EF3F671A4E38AFCD633C84
:10037000B5E706946D2FEF3F6819926C2C6B673CC4
:100380006990EFDC2037EF3FD2B5CC83188A80BC70
:10039000FAC35D550B3FEF3F6FFAFF3F5DAD8FBC7A
:1003A0007C89074A2D47EF3F49A97538AE0D90BCAF
:1003B000F2890D08874FEF3FA7073DA685A3743C40
:1003C00087A4FBDC1858EF3F0F2240209E9182BC8F
:1003D0009883C916E360EF3FAC92C1D5505A8E3C6A
:1003E0008532DB03E669EF3F4B6B01AC593A843C45
:1003F00060B401F32173EF3F1F3EB40721D582BCE7
:100400005F9B7B33977CEF3FC90D473BB92A89BC83
:1004100029A1F5144686EF3FD3883A6004B6743CB0
:10042000F63F8BE72E90EF3F71729D51ECC5833CF8
:10043000834CC7FB519AEF3FF091D38F12F78FBCDB
:10044000DA90A4A2AFA4EF3F7D7423E298AE8DBCF6
:10045000F1678E2D48AFEF3F0820AA41BCC38E3C08
:10046000275A61EE1BBAEF3F32EBA9C3942B843CB1
:1004700097BA6B372BC5EF3FEE85D131A9648A3C23
:1004800040456E5B76D0EF3FEDE33BE4BA378EBC80
:1004900014BE9CADFDDBEF3F9DCD914D3B89773C7C
:1004A000D8909E81C1E7EF3F89CC6041C105533CA4
:1004B000F1718F2BC2F3EF3F0038FAFE422EE63F78
:1004C0003067C79357F32E3D010000000000E0BFE6
:1004D0005B3051555555D53F9045EBFFFFFFCFBFE2
:1004E0001101F124B399C93F9FC806E57555C5BFF1
:1004F000000000000000E0BF775555555555D53F29
:10050000CBFDFFFFFFFFCFBF0CDD95999999C93F48
:10051000A74567555555C5BF30DE44A32449C23FA2
:10052000653D42A4FFFFBFBFCAD62A288471BC3FE5
:10053000FF68B043EB99B9BF85D0AFF78281B73F71
:10054000CD45D1751352B5BF9FDEE0C3F034F73F00
:100550000090E6797FCCD7BF1FE92C6A7813F73F6C
:1005600000000DC2EE6FD7BFA0B5FA0860F2F63FEB
:1005700000E05113E313D7BF7D8C131FA6D1F63FC4
:10058000007828385BB8D6BFD1B4C50B49B1F63F67
:1005900000788090555DD6BFBA0C2F334791F63F57
:1005A00000001876D002D6BF234222189F71F63F72
:1005B00000909086CAA8D5BFD91EA5994F52F63F84
:1005C00000500356434FD5BFC4248FAA5633F63F7D
:1005D00000406BC337F6D4BF14DC9D6BB314F63FF9
:1005E0000050A8FDA79DD4BF4C5CC65264F6F53FF1
:1005F00000A889399245D4BF4F2C91B567D8F53FF3
:1006000000B8B039F4EDD3BFDE905BCBBCBAF53F98
:1006100000708F44CE96D3BF781AD9F2619DF53F12
:1006200000A0BD171E40D3BF875646125680F53F27
:10063000008046EFE2E9D2BFD36BE7CE9763F53F88
:1006400000E030381B94D2BF937FA7E22547F53FE7
:100650000088DA8CC53ED2BF83450642FF2AF53FAB
:1006600000902729E1E9D1BFDFBDB2DB220FF53FC2
:1006700000F8482B6D95D1BFD7DE34478FF3F43F98
:1006800000F8B99A6741D1BF4028DECF43D8F43F84
:100690000098EF94D0EDD0BFC8A378C03EBDF43F22
:1006A0000010DB18A59AD0BF8A25E0C37FA2F43FD3
:1006B00000B86352E647D0BF3484D4240588F43FA1
:1006C00000F0864522EBCFBF0B2D191BCE6DF43FFA
:1006D00000B017754A47CFBF541839D3D953F43FE8
:1006E0000030103D44A4CEBF5A84B444273AF43FAE
:1006F00000B0E9440D02CEBFFBF81541B520F43F30
:1007000000F07729A260CDBFB1F43EDA8207F43F52
:100710000090950401C0CCBF8FFE575D8FEEF33F74
:10072000001089562920CCBFE94C0BA0D9D5F33F46
:100730000010818D1781CBBF2BC110C060BDF33F6E
:1007400000D0D3CCC9E2CABFB8DA752B24A5F33FD9
:100750000090122E4045CABF02D09FCD228DF33F9C
:1007600000F01D6877A8C9BF1C7A84C55B75F33F8C
:10077000003048696D0CC9BFE236AD49CE5DF33F2C
:1007800000C045A62071C8BF40D44D987946F33FBC
:10079000003014B48FD6C7BF24CBFFCE5C2FF33FFD
:1007A0000070623CB83CC7BF490DA1757718F33F94
:1007B0000060379B9AA3C6BF90393E37C801F33F0C
:1007C00000A0B754310BC6BF41F895BB4EEBF23FCA
:1007D000003024767D73C5BFD1A919020AD5F23F36
:1007E0000030C28F7BDCC4BF2AFDB7A8F9BEF23F40
:1007F0000000D2512C46C4BFAB1B0C7A1CA9F23F9F
:10080000000083BC8AB0C3BF30B514607293F23F5E
:100810000000496B991BC3BFF5A15757FA7DF23F02
:100820000040A4905487C2BFBF3B1D9BB368F23FFA
:1008300000A079F8B9F3C1BFBDF58F839D53F23F96
:1008400000A02C25C860C1BF3B08C9AAB73EF23F33
:100850000020F7577FCEC0BFB640A92B012AF23F38
:1008600000A0FE49DC3CC0BF3241CC967915F23F76
:1008700000804BBCBD57BFBF9BFCD21D2001F23F87
:10088000004040960837BEBF0B484D49F4ECF13F9D
:100890000040F93E9817BDBF69658F52F5D8F13F0A
:1008A00000A0D84E67F9BBBF7C7E571123C5F13F2E
:1008B00000602F2079DCBABFE926CB747CB1F13F10
:1008C000008028E7C3C0B9BFB61A2C0C019EF13FC7
:1008D00000C072B346A6B8BFBD70B67BB08AF13F08
:1008E0000000ACB3018DB7BFB6BCEF258A77F13FEE
:1008F00000003845F174B6BFDA314C358D64F13FF4
:100900000080876D0E5EB5BFDD5F2790B951F13F66
:1009100000E0A1DE5C48B4BF4CD232A40E3FF13FF0
:1009200000A06A4DD933B3BFDAF910728B2CF13FB6
:100930000060C5F87920B2BF31B5EC28301AF13F1C
:1009400000206298460EB1BFAF3484DAFB07F13F56
:100950000000D26A6CFAAFBFB36B4E0FEEF5F03FFA
:100960000040774A8DDAADBFCE9F2A5D06E4F03FA6
:10097000000085E4ECBCABBF21A52C6344D2F03F62
:1009800000C0124089A1A9BF1A98E27CA7C0F03F1D
:1009900000C002335888A7BFD136C6832FAFF03FBF
:1009A0000080D6675E71A5BF3913A098DB9DF03F2C
:1009B000008065498A5CA3BFDFE752AFAB8CF03F94
:1009C00000401564E349A1BFFB284E2F9F7BF03FF9
:1009D0000080EB82C0729EBF198F358CB56AF03FE4
:1009E00000805252F1559ABF2CF9ECA5EE59F03F18
:1009F000008081CF623D96BF902CD1CD4949F03F18
:100A00000000AA8CFB2892BFA9ADF0C6C638F03F03
:100A10000000F9207B318CBFA93279136528F03FA3
:100A20000000AA5D351984BF4873EA272418F03FF7
:100A30000000ECC2031278BF95B114060408F03F21
:100A400000002479090460BF1AFA26F71FE0EF3F7F
:100A500000009084F3EF6F3F74EA61C21CA1EF3F86
:100A600000003D3541DC873F2E9981B01063EF3F98
:100A70000080C2C4A3CE933FCDADEE3CF625EF3F40
:100A800000008914C19F9B3FE7139103C8E9EE3F23
:100A9000000011CED8B0A13FABB1CB7880AEEE3F15
:100AA00000C001D05B8AA53F9B0C9DA21A74EE3F4B
:100AB0000080D840835CA93FB5990A83913AEE3F04
:100AC000008057EF6A27AD3F569A6009E001EE3F7C
:100AD00000C098E59875B03F98BB77E501CAED3F37
:100AE00000200DE3F553B23F03917C0BF292ED3FF2
:100AF0000000388BDD2EB43FCE5CFB66AC5CED3F76
:100B000000C057875906B63F9DDE5EAA2C27ED3FF1
:100B100000006A3576DAB73FCD2C6B3E6EF2EC3FC3
:100B200000601C4E43ABB93F0279A7A26DBEEC3FFB
:100B300000600DBBC778BB3F6D08376D268BEC3F5F
:100B40000020E7321343BD3F04585DBD9458EC3F8D
:100B50000060DE71310ABF3F8C9FBB33B526EC3F8E
:100B60000040912B1567C03F3FE7ECEE83F5EB3F6C
:100B700000B092828547C13FC196DB75FDC4EB3F53
:100B80000030CACD6E26C23F284A860C1E95EB3F28
:100B90000050C5A6D703C33F2C3EEFC5E265EB3F2F
:100BA0000010333CC3DFC33F8B88C9674837EB3F36
:100BB00000807A6B36BAC43F4A301D214B09EB3FA7
:100BC00000F0D1283993C53F7EEFF285E8DBEA3F9C
:100BD00000F01824CD6AC63FA23D60311DAFEA3F48
:100BE000009066ECF840C73FA758D33FE682EA3F43
:100BF00000F01AF5C015C83F8B7309EF4057EA3F64
:100C00000080F65429E9C83F274BAB902A2CEA3FD5
:100C10000040F80236BBC93FD1F29313A001EA3F6E
:100C200000002C1CED8BCA3F1B3CDB249FD7E93F07
:100C300000D0015C515BCB3F90B1C70525AEE93FC9
:100C400000C0BCCC6729CC3F2FCE97F22E85E93F60
:100C5000006048D535F6CC3F754BA4EEBA5CE93F51
:100C600000C04634BDC1CD3F3848E79DC634E93F9A
:100C700000E0CFB8018CCE3FE652672F4F0DE93F21
:100C8000009017C00955CF3F9DD7FF8E52E6E83F31
:100C900000B81F126C0ED03F7C00CC9FCEBFE83F47
:100CA00000D0930EB871D03F0EC3BEDAC099E83FB2
:100CB0000070869E6BD4D03FFB1723AA2774E83FB1
:100CC00000D04B338736D13F089AB3AC004FE83F92
:100CD000004823670D98D13F553E65E8492AE83F13
:100CE0000080CCE0FFF8D13F6002F4950106E83FB8
:100CF000006863D75F59D23F29A3E06325E2E73F4D
:100D000000A8140930B9D23FADB5DC77B3BEE73FD8
:100D1000006043107218D33FC2259767AA9BE73F34
:100D20000018EC6D2677D33F570617F20779E73F97
:100D30000030AFFB4FD5D33F0C13D6DBCA56E73F8D
:100D400000E02FE3EE32D43FBEF3F879EC61F63FDA
:100D5000DEAA8C80F77BD5BF3D88AF4AED71F53FA9
:100D6000DB6DC0A7F0BED2BFB010F0F03995F43FF4
:100D7000673A517FAE1ED0BF8503B8B095C9F33F27
:100D8000E92482A6D831CBBFA564880C190DF33FA6
:100D90005877C00A4F57C6BFA08E0B7B225EF23F2A
:100DA00000819CC72BAAC1BF3F341A4A4ABBF13FFE
:100DB0005E0E8CCE764EBABFBAE58AF05823F13F6C
:100DC000CC1C615A3C97B1BFA70099413F95F03FB9
:100DD0001E0CE138F452A2BF000000000000F03FFA
:100DE0000000000000000000AC479AFD8C60EE3F60
:100DF0008459F25DAAA5AA3FA06A021FB3A4EC3FE2
:100E0000B42E36AA535EBC3FE6FC6A573620EB3F51
:100E100008DB2077E526C53F2DAAA163D1C2E93FB3
:100E20007047220D86C2CB3FED417803E686E83F4E
:100E3000E17EA0C88B05D13F624853F5DC67E73FF0
:100E400009EEB6573004D43FEF39FAFE422EE63FA2
:100E50003483B848A30ED0BF6A0BE00B5B57D53F75
:100E600023410AF2FEFFDFBF0080E03779C3414330
:100E7000176E05B5B5B89346F5F93FE9034F384D00
:100E8000321D30F94877825A3CBF737FDD4F1575AC
:100E9000000000000000F03F0000000000002440BF
:100EA00000000000000059400000000000408F409A
:100EB000000000000088C34000000000006AF84005
:100EC0000000000080842E4100000000D012634129
:100ED0000000000084D797410000000065CDCD419F
:100EE000000000205FA00242000000E87648374280
:100EF000000000A2941A6D42000040E59C30A2421E
:100F00000000901EC4BCD64200003426F56B0C4392
:100F10000080E03779C3414300A0D8855734764339
:100F200000C84E676DC1AB43003D9160E458E1439A
:100F3000408CB5781DAF154450EFE2D6E41A4B440F
:100F400092D54D06CFF08044F64AE1C7022DB54454
:100F5000B49DD9794378EA440038FAFE422EE63F40
:100F60003067C79357F32E3D000000000000E0BF3C
:100F7000605555555555E5BF060000000000E03F9F
:100F80004E5559999999E93F7AA429555555E5BF88
:100F9000E945489B5B49F2BFC33F268B2B00F03FDE
:100FA0000000000000A0F63F00000000000000006C
:100FB00000C8B9F2822CD6BF8056372824B4FA3C38
:100FC000000000000080F63F00000000000000006C
:100FD000000858BFBDD1D5BF20F7E0D808A51CBD7B
:100FE000000000000060F63F00000000000000006C
:100FF000005845177776D5BF6D50B6D5A46223BD8E
:10100000000000000040F63F00000000000000006B
:1010100000F82D87AD1AD5BFD567B09EE484E6BC35
:10102000000000000020F63F00000000000000006B
:10103000007877955FBED4BFE03E2993691B04BD5D
:10104000000000000000F63F00000000000000006B
:1010500000601CC28B61D4BFCC844C482FD8133D98
:101060000000000000E0F53F00000000000000006C
:1010700000A886863004D4BF3A0B82EDF342DC3CF4
:101080000000000000C0F53F00000000000000006C
:10109000004869554CA6D3BF60945186C6B1203D27
:1010A0000000000000A0F53F00000000000000006C
:1010B0000080989ADD47D3BF9280C5D44D59253D15
:1010C000000000000080F53F00000000000000006C
:1010D0000020E1BAE2E8D2BFD82BB7991E7B263DAB
:1010E000000000000060F53F00000000000000006C
:1010F0000088DE135A89D2BF3FB0CFB614CA153D5F
:10110000000000000060F53F00000000000000004B
:101110000088DE135A89D2BF3FB0CFB614CA153D3E
:10112000000000000040F53F00000000000000004B
:101130000078CFFB4129D2BF76DA5328245A16BD56
:10114000000000000020F53F00000000000000004B
:10115000009869C198C8D1BF0454E768BCAF1FBDEF
:10116000000000000000F53F00000000000000004B
:1011700000A8ABAB5C67D1BFF0A88233C61F1F3D90
:101180000000000000E0F43F00000000000000004C
:101190000048AEF98B05D1BF665A05FDC4A826BD2F
:1011A0000000000000C0F43F00000000000000004C
:1011B000009073E224A3D0BF0E03F47EEE6B0CBD4F
:1011C0000000000000A0F43F00000000000000004C
:1011D00000D0B4942540D0BF7F2DF49EB836F0BC2B
:1011E0000000000000A0F43F00000000000000002C
:1011F00000D0B4942540D0BF7F2DF49EB836F0BC0B
:10120000000000000080F43F00000000000000002B
:1012100000405E6D18B9CFBF873C99AB2A570D3D92
:10122000000000000060F43F00000000000000002B
:101230000060DCCBADF0CEBF24AF869CB7262B3D43
:10124000000000000040F43F00000000000000002B
:1012500000F02A6E0727CEBF10FF3F544F2F17BD57
:10126000000000000020F43F00000000000000002B
:1012700000C04F6B215CCDBF1B68CABB91BA213D3A
:10128000000000000000F43F00000000000000002B
:1012900000A09AC7F78FCCBF34849F684F79273D51
:1012A000000000000000F43F00000000000000000B
:1012B00000A09AC7F78FCCBF34849F684F79273D31
:1012C0000000000000E0F33F00000000000000000C
:1012D00000902D7486C2CBBF8FB78B31B04E193DB5
:1012E0000000000000C0F33F00000000000000000C
:1012F00000C0804EC9F3CABF6690CD3F634EBA3C72
:101300000000000000A0F33F00000000000000000B
:1013100000B0E21FBC23CABFEAC146DC648C25BD15
:101320000000000000A0F33F0000000000000000EB
:1013300000B0E21FBC23CABFEAC146DC648C25BDF5
:10134000000000000080F33F0000000000000000EB
:101350000050F49C5A52C9BFE3D4C104D9D12ABD6C
:10136000000000000060F33F0000000000000000EB
:1013700000D02065A07FC8BF09FADB7FBFBD2B3D31
:10138000000000000040F33F0000000000000000EB
:1013900000E0100289ABC7BF584A537290DB2B3D67
:1013A000000000000040F33F0000000000000000CB
:1013B00000E0100289ABC7BF584A537290DB2B3D47
:1013C000000000000020F33F0000000000000000CB
:1013D00000D019E70FD6C6BF66E2B2A36AE410BD1B
:1013E000000000000000F33F0000000000000000CB
:1013F0000090A77030FFC5BF3950109F439E1EBD9F
:10140000000000000000F33F0000000000000000AA
:101410000090A77030FFC5BF3950109F439E1EBD7E
:101420000000000000E0F23F0000000000000000AB
:1014300000B0A1E3E526C5BF8F5B07908BDE20BD22
:101440000000000000C0F23F0000000000000000AB
:101450000080CB6C2B4DC4BF3C783561C10C173D6F
:101460000000000000C0F23F00000000000000008B
:101470000080CB6C2B4DC4BF3C783561C10C173D4F
:101480000000000000A0F23F00000000000000008B
:1014900000901E20FC71C3BF3A54274D8678F13C62
:1014A000000000000080F23F00000000000000008B
:1014B00000F01FF85295C2BF08C47117308D24BDCB
:1014C000000000000060F23F00000000000000008B
:1014D00000602FD52AB7C1BF96A31118A4802EBDD6
:1014E000000000000060F23F00000000000000006B
:1014F00000602FD52AB7C1BF96A31118A4802EBDB6
:10150000000000000040F23F00000000000000006A
:101510000090D07C7ED7C0BFF45BE88896690A3D16
:10152000000000000040F23F00000000000000004A
:101530000090D07C7ED7C0BFF45BE88896690A3DF6
:10154000000000000020F23F00000000000000004A
:1015500000E0DB3191ECBFBFF233A35C547525BDD5
:10156000000000000000F23F00000000000000004A
:1015700000002B6E0727BEBF3C00F02A2C342A3D0A
:10158000000000000000F23F00000000000000002A
:1015900000002B6E0727BEBF3C00F02A2C342A3DEA
:1015A0000000000000E0F13F00000000000000002B
:1015B00000C05B8F545EBCBF06BE5F58570C1DBD9C
:1015C0000000000000C0F13F00000000000000002B
:1015D00000E04A3A6D92BABFC8AA5BE83539253DAA
:1015E0000000000000C0F13F00000000000000000B
:1015F00000E04A3A6D92BABFC8AA5BE83539253D8A
:101600000000000000A0F13F00000000000000000A
:1016100000A031D645C3B8BF68562F4D297C133D75
:101620000000000000A0F13F0000000000000000EA
:1016300000A031D645C3B8BF68562F4D297C133D55
:10164000000000000080F13F0000000000000000EA
:101650000060E58AD2F0B6BFDA7333C9379726BD8A
:10166000000000000060F13F0000000000000000EA
:101670000020063F071BB5BF575EC6615B021F3DDA
:10168000000000000060F13F0000000000000000CA
:101690000020063F071BB5BF575EC6615B021F3DBA
:1016A000000000000040F13F0000000000000000CA
:1016B00000E01B96D741B3BFDF13F9CCDA5E2C3DB7
:1016C000000000000040F13F0000000000000000AA
:1016D00000E01B96D741B3BFDF13F9CCDA5E2C3D97
:1016E000000000000020F13F0000000000000000AA
:1016F0000080A3EE3665B1BF09A38F765E7C143DF2
:10170000000000000000F13F0000000000000000A9
:10171000008011C0300AAFBF918E36839E592D3D97
:10172000000000000000F13F000000000000000089
:10173000008011C0300AAFBF918E36839E592D3D77
:101740000000000000E0F03F00000000000000008A
:1017500000801971DD42ABBF4C70D6E57A821C3D2A
:101760000000000000E0F03F00000000000000006A
:1017700000801971DD42ABBF4C70D6E57A821C3D0A
:101780000000000000C0F03F00000000000000006A
:1017900000C032F65874A7BFEEA1F23446FC2CBD4F
:1017A0000000000000C0F03F00000000000000004A
:1017B00000C032F65874A7BFEEA1F23446FC2CBD2F
:1017C0000000000000A0F03F00000000000000004A
:1017D00000C0FEB9879EA3BFAAFE26F5B702F53C5E
:1017E0000000000000A0F03F00000000000000002A
:1017F00000C0FEB9879EA3BFAAFE26F5B702F53C3E
:10180000000000000080F03F000000000000000029
:101810000000780E9B829FBFE4097E7C268029BD54
:10182000000000000080F03F000000000000000009
:101830000000780E9B829FBFE4097E7C268029BD34
:10184000000000000060F03F000000000000000009
:101850000080D5071BB997BF39A6FA93548D28BDD0
:10186000000000000040F03F000000000000000009
:101870000000FCB0A8C08FBF9CA6D3F67C1EDFBCC6
:10188000000000000040F03F0000000000000000E9
:101890000000FCB0A8C08FBF9CA6D3F67C1EDFBCA6
:1018A000000000000020F03F0000000000000000E9
:1018B0000000106B2AE07FBFE440DA0D3FE219BD63
:1018C000000000000020F03F0000000000000000C9
:1018D0000000106B2AE07FBFE440DA0D3FE219BD43
:1018E000000000000000F03F0000000000000000C9
:1018F00000000000000000000000000000000000E8
:10190000000000000000F03F0000000000000000A8
:1019100000000000000000000000000000000000C7
:101920000000000000C0EF3F0000000000000000C9
:10193000000089751510803FE82B9D996BC710BD7D
:10194000000000000080EF3F0000000000000000E9
:10195000008093585620903FD2F7E2065BDC23BD0F
:10196000000000000040EF3F000000000000000009
:101970000000C9282549983F340C5A32BAA02ABD24
:10198000000000000000EF3F000000000000000029
:101990000040E7895D41A03F53D7F15CC011013D94
:1019A0000000000000C0EE3F00000000000000004A
:1019B00000002ED4AE66A43F28FDBD7573162CBD65
:1019C000000000000080EE3F00000000000000006A
:1019D00000C09F14AA94A83F7D265AD0957919BDBE
:1019E000000000000040EE3F00000000000000008A
:1019F00000C0DDCD73CBAC3F0728D847F2681ABDD5
:101A0000000000000020EE3F000000000000000089
:101A100000C006C031EAAE3F7B3BC94F3E110EBD50
:101A20000000000000E0ED3F0000000000000000AA
:101A3000006046D13B97B13F9B9E0D565D3225BD60
:101A40000000000000A0ED3F0000000000000000CA
:101A500000E0D1A7F5BDB33FD74EDBA55EC82C3D56
:101A6000000000000060ED3F0000000000000000EA
:101A700000A0974D5AE9B53F1E1D5D3C06692CBD7F
:101A8000000000000040ED3F0000000000000000EA
:101A900000C0EA0AD300B73F32ED9DA98D1EEC3C91
:101AA000000000000000ED3F00000000000000000A
:101AB0000040595D5E33B93FDA47BD3A5C11233DC2
:101AC0000000000000C0EC3F00000000000000002B
:101AD0000060AD8DC86ABB3FE568F72B809013BDF1
:101AE0000000000000A0EC3F00000000000000002B
:101AF0000040BC015888BC3FD3AC5AC6D146263DF5
:101B0000000000000060EC3F00000000000000004A
:101B100000200A8339C7BE3FE045E6AF68C02DBD4F
:101B2000000000000040EC3F00000000000000004A
:101B300000E0DB3991E8BF3FFD0AA14FD63425BD57
:101B4000000000000000EC3F00000000000000006A
:101B500000E027828E17C13FF2072DCE78EF213D9E
:101B60000000000000E0EB3F00000000000000006B
:101B700000F0237E2BAAC13F349938448EA72C3D18
:101B80000000000000A0EB3F00000000000000008B
:101B90000080860C61D1C23FA1B481CB6C9D033D16
:101BA000000000000080EB3F00000000000000008B
:101BB000009015B0FC65C33F89724B23A82FC63C2B
:101BC000000000000040EB3F0000000000000000AB
:101BD00000B033833D91C43F78B6FD547983253DF1
:101BE000000000000020EB3F0000000000000000AB
:101BF00000B0A1E4E527C53FC77D69E5E833263D90
:101C00000000000000E0EA3F0000000000000000CB
:101C100000108CBE4E57C63F782E3C2C8BCF193D02
:101C20000000000000C0EA3F0000000000000000CB
:101C30000070758B12F0C63FE1219CE58D1125BD2A
:101C40000000000000A0EA3F0000000000000000CB
:101C5000005044858D89C73F0543917010661CBDB7
:101C6000000000000060EA3F0000000000000000EB
:101C7000000039EBAFBEC83FD12CE9AA543D07BDE7
:101C8000000000000040EA3F0000000000000000EB
:101C90000000F7DC5A5AC93F6FFFA05828F2073DF1
:101CA000000000000000EA3F00000000000000000B
:101CB00000E08A3CED93CA3F69215650437228BD2B
:101CC0000000000000E0E93F00000000000000000C
:101CD00000D05B57D831CB3FAAE1AC4E8D350CBD5F
:101CE0000000000000C0E93F00000000000000000C
:101CF00000E03B3887D0CB3FB6125459C44B2DBDC2
:101D00000000000000A0E93F00000000000000000B
:101D10000010F0C6FB6FCC3FD22B96C572ECF1BC25
:101D2000000000000060E93F00000000000000002B
:101D30000090D4B03DB1CD3F35B015F72AFF2ABD94
:101D4000000000000040E93F00000000000000002B
:101D50000010E7FF0E53CE3F30F441602712C23C23
:101D6000000000000020E93F00000000000000002B
:101D70000000DDE4ADF5CE3F118EBB651521CABC78
:101D8000000000000000E93F00000000000000002B
:101D900000B0B36C1C99CF3F30DF0CCAECCB1B3DBD
:101DA0000000000000C0E83F00000000000000004C
:101DB00000584D603871D03F914EED16DB9CF83CD9
:101DC0000000000000A0E83F00000000000000004C
:101DD000006061672DC4D03FE9EA3C168B18273DAF
:101DE000000000000080E83F00000000000000004C
:101DF00000E827828E17D13F1CF0A5630E212CBD71
:101E0000000000000060E83F00000000000000004B
:101E100000F8ACCB5C6BD13F8116A5F7CD9A2B3D7A
:101E2000000000000040E83F00000000000000004B
:101E300000685A6399BFD13FB7BD4751EDA62C3D0D
:101E4000000000000020E83F00000000000000004B
:101E500000B80E6D4514D23FEABA46BADE870A3D95
:101E60000000000000E0E73F00000000000000006C
:101E70000090DC7CF0BED23FF404504AFA9C2A3D2C
:101E80000000000000C0E73F00000000000000006C
:101E90000060D3E1F114D33FB83C21D37AE228BDEE
:101EA0000000000000A0E73F00000000000000006C
:101EB0000010BE76676BD33FC877F1B0CD6E113D91
:101EC000000000000080E73F00000000000000006C
:101ED0000030337752C2D33F5CBD06B6543B183D49
:101EE000000000000060E73F00000000000000006C
:101EF00000E8D523B419D43F9DE090EC36E4083DCA
:101F0000000000000040E73F00000000000000006B
:101F100000C871C28D71D43F75D66709CE272FBD19
:101F2000000000000020E73F00000000000000006B
:101F30000030179EE0C9D43FA4D80A1B89202EBDCB
:101F4000000000000000E73F00000000000000006B
:101F500000A03807AE22D53F59C7648170BE2E3D20
:101F60000000000000E0E63F00000000000000006C
:101F700000D0C853F77BD53FEF405DEEEDAD1F3D80
:101F80000000000000C0E63F00000000000000006C
:101F9000006059DFBDD5D53FDC65A4082A0B0ABD1A
:101FA000BEF3F879EC61F63F1930965BC6FEDEBFF2
:101FB0003D88AF4AED71F53FA4FCD432680BDBBF1E
:101FC000B010F0F03995F43F7BB71F0A8B41D7BFB3
:101FD0008503B8B095C9F33F7BCF6D1AE99DD3BF98
:101FE000A564880C190DF33F31B6F2F39B1DD0BFE9
:101FF000A08E0B7B225EF23FF07A3B1B1D7CC9BF9B
:102000003F341A4A4ABBF13F9F3CAF93E3F9C2BF4A
:10201000BAE58AF05823F13F5C8D78BFCB60B9BF39
:10202000A70099413F95F03FCE5F47B69D6FAABF8D
:10203000000000000000F03F000000000000000071
:10204000AC479AFD8C60EE3F3DF5249FCA38B33F04
:10205000A06A021FB3A4EC3FBA913854A976C43FDA
:10206000E6FC6A573620EB3FD2E4C44A0B84CE3FED
:102070002DAAA163D1C2E93F1C65C6F04506D43F35
:10208000ED417803E686E83FF89F1B2C9C8ED83FF5
:10209000624853F5DC67E73FCC7BB14EA4E0DC3F00
:1020A0000B6E49C91676D23F7AC675A06919D7BF9B
:1020B000DDBAA76C0AC7DE3FC8F6BE484715E7BFC2
:1020C0002BB82A654715F73F000000000000F03FDD
:1020D000000000000000F0BF000000000000F0BFA2
:1020E000000000000000F03F83C8C96D305F64410C
:1020F000182D4454FB21F93F000000000000F03F80
:102100001C620CFDFFFFDFBF198F06E15355A53F91
:102110009D359AE887C056BFC3F87B024393F93ECA
:1021200003A695595455C5BFC40B23057610813FAE
:1021300024CF7437EB9429BF000000000000F03F6B
:10214000000000000000F0BF000000000000F0BF31
:10215000000000000000F03F83C8C96D305F64419B
:10216000182D4454FB21F93F000000000000F0BF8F
:102170001C620CFDFFFFDF3F198F06E15355A5BF21
:102180009D359AE887C0563FC3F87B024393F9BE5A
:1021900003A695595455C5BFC40B23057610813F3E
:1021A00024CF7437EB9429BFBC89D897B2D29C3C1A
:1021B00033A7A8D523F649393DA7F444FD0FA5322E
:1021C0009D978CCF08BA5B25436FAC6428066811D5
:1021D0000A0000003200000064000000FA00000065
:1021E000E803000010270000A086010040420F0015
:1021F0000A00000032000000FA000000F4010000B4
:102200006BA000206FA0002073A0002077A000200A
:102210007BA000207FA0002083A0002061A00020E0
:10222000A371002065A0002068A0002068A0002005
:10223000E0A10020E0A100200D0000007F000000D0
:10224000580000003700000038000000390000008E
:1022500034000000350000003600000031000000AE
:102260003200000033000000300000007F0000005A
:102270007F0000007F0000007F0000009900000048
:10228000E0FF000000F8000000F800001F00000060
:10229000E0070000E00700001F0000001F00000032
:1022A0001F00000000F8000000F8000000F8000027
:1022B00000F800000000000000000000E0FF000047
:1022C000E0FF00000000000000000000FFFF000031
:1022D000FFFF0000FFFF0000000000000000000002
:1022E000FFFF0000FFFF0000FFFF0000FFFF0000F6
:1022F000FFFF0000FFFF0000FFFF0000FFFF0000E6
:10230000FFFF00000000000000000000FFFF0000D1
:102310005FA00020357000200EA30020869D0020C5
:10232000D09E0020A3710020BBA1002063A000204C
:1023300066A00020869E0020BFA100207F730020A1
:102340000F920020C79700203570002035700020C4
:1023500035700020149C0020C5A10020CAA10020D7
:10236000CFA10020D4A10020D9A10020DEA100200F
:10237000E3A100209CA10020E8A10020EDA1002005
:10238000F2A10020F7A10020FCA1002001A2002062
:10239000CDCC0E4200002A4200005D42000099426E
:1023A0000000AA420000AA42DB0F49BFE4CB16405E
:1023B000E4CB16C000000080DB0F4940DB0F49C0B2
:1023C00000000000000000802026D70030561401D5
:1023D00030B94201D0667C01404CAE0102000000E1
:1023E00003000000040000000500000006000000DB
:1023F00002000000060000000200000000000000D3
:10240000BE9E002001000000C29E002002000000CD
:10241000C79E002003000000C69E002004000000AC
:10242000CA9E002005000000CE9E0020060000008D
:10243000D29E002007000000DA9E00200800000065
:10244000E29E002009000000E89E002087A00020F6
:102450000000000088BE0020010000000300000012
:10246000000000006A020000D200000099A20000F3
:10247000A19800206CBE002020A3002001000000D5
:102480000300000001000000DD020000D200000097
:10249000000000008CA0002084CF002080CF00200E
:1024A0000000000007000000000000006A020000B9
:1024B000F200000071AC000094A0002044C700208E
:1024C00040C70020000000000300000000000000E2
:1024D000EC020000F200000071AC00009CA00020A3
:1024E000ACCF0020F0CE0020000000000300000070
:1024F000000000006A020000060100000000000069
:10250000A2A0002080CC0020383B02200000000068
:102510000400000001000000EC02000006010000C1
:1025200000000000AAA0002094CC002057560220F2
:102530000000000003000000010000006A0200002B
:102540001A01000000000000B5A0002094CC00207B
:1025500080300220000000000600000001000000A2
:10256000EC0200001A010000A9A60000BFA0002094
:10257000F8C60020B43B0220000000000800000064
:10258000010000006A0200002E01000000000000AF
:10259000C6A00020000000000000000000000000B5
:1025A0000300000000000000EC0200002E0100000B
:1025B0005DA20000CFA0002000000000000000008D
:1025C000000000000A000000010000006A02000094
:1025D00042010000B5A70000DAA0002094CC002042
:1025E0000439022000000000030000000100000088
:1025F0006A0200005601000000000000E3A0002075
:102600009CCC002018A70020000000000C00000057
:10261000000000006A0200006A0100005DA60000E0
:10262000EDA0002094C90020283B022000000000FB
:102630000A000000010000006A0200007E010000A4
:10264000A1A30000F8A0002024C70020BC3902206C
:102650000000000008000000010000006A02000005
:102660007E0100000000000003A100201CC7002024
:10267000B839022000000000040000000000000043
:10268000EC0200007E010000000000000BA1002011
:1026900034C70020C43902200000000007000000F9
:1026A000010000006A02000092010000000000002A
:1026B0000FA1002014C70020B03902200000000044
:1026C0000400000001000000EC0200009201000084
:1026D0000000000018A100200000000030C700200A
:1026E0000000000005000000000000006A02000079
:1026F000A601000029A5000021A100200000000083
:102700002CC70020000000000500000000000000B1
:10271000EC020000A601000029A500002AA100206B
:1027200000000000000000000000000004000000A5
:10273000020000006A020000BA01000055A3000078
:1027400031A1002000000000000000000000000097
:102750000400000002000000EC020000BA010000CA
:10276000F9A2000037A100200000000000000000D6
:102770000000000003000000010000006A020000E9
:10278000CE01000009A200003DA1002000000000D1
:102790000000000000000000040000000100000034
:1027A000EC020000CE010000E1A6000000000000E5
:1027B00066D8493C7AD4C93C745A173DCBC4493DCC
:1027C0004A277C3DFE3F973D7766B03D1686C93D62
:1027D000E09DE23DDBACFB3D08590A3E42D6163E89
:1027E0009F4D233EA4BE2F3ED5283C3EB78B483E8E
:1027F000CDE6543E9E39613EAF836D3E85C4793E41
:10280000D3FD823E4D14893E73258F3E0931953E9E
:10281000D4369B3E9636A13E1530A73E1523AD3EDD
:102820005A0FB33EABF4B83ECCD2BE3E82A9C43EF2
:102830009578CA3EC93FD03EE6FED53EB2B5DB3EF6
:10284000F563E13E7609E73EFDA5EC3E5239F23EE6
:102850003DC3F73E8843FD3EFE5C013F3113043F1C
:1028600042C4063F1770093F95160C3FA1B70E3FB3
:102870002153113FFCE8133F1879163F5B03193FC2
:10288000AC871B3FF2051E3F147E203FFAEF223F2C
:102890008B5B253FAFC0273F4E1F2A3F51772C3F10
:1028A000A1C82E3F2613313FCA56333F7693353F9A
:1028B00013C9373F8DF7393FCD1E3C3FBD3E3E3FEC
:1028C0004957403F5C68423FE171443FC573463F12
:1028D000F26D483F55604A3FDB4A4C3F722D4E3FF8
:1028E0000508503F83DA513FDAA4533FF766553F5E
:1028F000CA20573F41D2583F4B7B5A3FD81B5C3FC1
:10290000D7B35D3F39435F3FEFC9603FE847623F60
:1029100017BD633F6C29653FDA8C663F52E7673F1E
:10292000C838693F2E816A3F77C06B3F97F66C3F8E
:1029300082236E3F2C476F3F8B61703F9272713FD5
:10294000377A723F7178733F346D743F7958753FB1
:10295000353A763F5F12773FF0E0773FE0A5783F6A
:102960002661793FBB127A3F99BA7A3FB9587B3FCB
:1029700015ED7B3FA7777C3F6AF87C3F586F7D3F22
:102980006DDC7D3FA53F7E3FFD987E3F6FE87E3F3B
:10299000FA2D7F3F9B697F3F509B7F3F15C37F3F51
:1029A000EBE07F3FCFF47F3FC2FE7F3FC2FE7F3F21
:1029B000CFF47F3FEBE07F3F15C37F3F509B7F3FCE
:1029C0009B697F3FFA2D7F3F6FE87E3FFD987E3FFA
:1029D000A53F7E3F6DDC7D3F586F7D3F6AF87C3FB1
:1029E000A7777C3F15ED7B3FB9587B3F99BA7A3F7B
:1029F000BB127A3F2661793FE0A5783FF0E0773F50
:102A00005F12773F353A763F7958753F346D743FA2
:102A10007178733F377A723F9272713F8B61703F6A
:102A20002C476F3F82236E3F97F66C3F77C06B3F1A
:102A30002E816A3FC838693F52E7673FDA8C663FAC
:102A40006C29653F17BD633FE847623FEFC9603FB0
:102A500039435F3FD7B35D3FD81B5C3F4B7B5A3F49
:102A600041D2583FCA20573FF766553FDAA4533F3B
:102A700083DA513F0508503F722D4E3FDB4A4C3FF1
:102A800055604A3FF26D483FC573463FE171443F90
:102A90005C68423F4957403FBD3E3E3FCD1E3C3FF4
:102AA0008DF7393F13C9373F7693353FCA56333FC9
:102AB0002613313FA1C82E3F51772C3F4E1F2A3F8E
:102AC000AFC0273F8B5B253FFAEF223F147E203FAC
:102AD000F2051E3FAC871B3F5B03193F1879163F79
:102AE000FCE8133F2153113FA1B70E3F95160C3F51
:102AF0001770093F42C4063F3113043FFE5C013F9B
:102B00008843FD3E3DC3F73E5239F23EFDA5EC3E03
:102B10007609E73EF563E13EB2B5DB3EE6FED53E23
:102B2000C93FD03E9578CA3E82A9C43ECCD2BE3EB3
:102B3000ABF4B83E5A0FB33E1523AD3E1530A73E59
:102B40009636A13ED4369B3E0931953E73258F3E85
:102B50004D14893ED3FD823E85C4793EAF836D3EE0
:102B60009E39613ECDE6543EB78B483ED5283C3E6B
:102B7000A4BE2F3E9F4D233E42D6163E08590A3E24
:102B8000DBACFB3DE09DE23D1686C93D7766B03D7E
:102B9000FE3F973D4A277C3DCBC4493D745A173DC3
:102BA0007AD4C93C66D8493C00000000000000000F
:102BB0000000000000000000000000000000000015
:102BC0000000000000000000000000000000000005
:102BD00000000000000000000000000000000000F5
:102BE00000000000000000000000000000000000E5
:102BF00000000000000000000000000000000000D5
:102C000000000000000000000000000000000000C4
:102C100000000000000000000000000000000000B4
:102C2000000000000000000000000000E9DC0100DE
:102C3000EBDC0100EDDC0100EFDC01006CC00F40BB
:102C4000030000000E0D0000210001002A360000E4
:102C5000140000001300000001000000F4841F4075
:102C60002B320000140000001300000001000000DF
:102C7000F8841F402D3100001400000013000000F4
:102C800001000000F0841F402CFFFF001400000032
:102C90000000000000000000010000000000000033
:102CA000EC841F4000000000000000006CC00F40DA
:102CB00030000000100F000021000100012700007B
:102CC00017000000120000000001000014851F40E2
:102CD0001AFF0000120000000000000001000000C8
:102CE00018851F401BFF00001200000000000000BC
:102CF0000100000010851F400026FF0017000000A3
:102D000012000000000000000101000001000000AE
:102D10000C851F400C851F40000000006CC00F4058
:102D2000C0000000504F0000110001000CFF000027
:102D300013000000000000000000000024851F4078
:102D40000BFF000013000000000000000000000066
:102D500028851F400DFF0000130000000000000048
:102D60000000000020851F400A25240013000000F9
:102D70001200000012000000010203000000000029
:102D80001C851F4000000000000000000000000043
:102D900000000000B7320000CF320000F52C000028
:102DA000D7310000F72F00001D310000F130000086
:102DB0000000000000000000D7F501000000000046
:102DC0000000000025B6010011BA0100D5B50100D0
:102DD0005DA20100B1B5010000000000000000008C
:102DE000590002000000000000000000C7F20000CF
:102DF0000000000000000000E500020000000000EC
:102E00000000000031F90000000000000000000098
:102E10003FD101000D8A0000118A0000158A0000D0
:102E200061D0010069D00100E5D001004FD0010060
:102E3000198A0000A9D1010063D10100F9D0010075
:102E400009D20100FFD0010015D1010023D10100FA
:102E500031D10100F4FFFFFF000000005FA201007C
:102E600001D201009FD1010061D2010063A20100E3
:102E700067A2010069A2010059D201000DD1010031
:102E80001BD1010029D1010037D101006BA2010043
:102E9000000000000000000073FA000000000000C5
:102EA00000000000C5440100CD440100C7440100FA
:102EB000054601003B44010051480100A5480100BE
:102EC000DB440100394801003D4C01005945010037
:102ED0005D440100B14A0100274401002B44010078
:102EE00033440100374401004B440100D347010043
:102EF000CB4701005B470100214401002F44010042
:102F0000C34B010009490100434B010000000000D0
:102F100000000000C5060200BD060200B90602005E
:102F2000B5060200B1060200AD060200A9060200C5
:102F3000A5060200000000000000000029EF0000CC
:102F40000000000000000000DDF5000000000000AF
:102F500000000000D1C80100B3CC0100118A0000BC
:102F6000158A0000D3C7010059CE0100DBCC010057
:102F7000B9C70100198A00004DC901003DCD01000B
:102F800039C801002FC8010035C8010037C8010049
:102F900085C80100EFC7010005C8010013C8010082
:102FA00021C80100F4FFFFFF000000005FA2010044
:102FB000ADC901005BCD0100B9C9010051C80100D4
:102FC000B7C90100B5C90100C9C80100FDC70100AA
:102FD0000BC8010019C8010027C801006BA201003D
:102FE0000000000000000000F9EA000081E8000095
:102FF000C5EB000085E8000005EB000000000000C4
:1030000000000000552D0000FB2C0000F52C0000F6
:10301000232D0000072D00002F2D0000132D000090
:10302000FD32000015330000000000000000000029
:10303000B7320000CF320000F52C0000D73100007D
:10304000F72F00001D310000F130000000000000EB
:103050000000000045A201002BA20100F52C000099
:10306000F92C00000000000000000000A13000006A
:10307000C53000003D310000AD32000001300000DD
:10308000FB300000E1310000F12D0000693100004B
:10309000F72E00008F2F00007B3000007130000001
:1030A000AD2D00002D3000008D33000037300000C2
:1030B0008F2E0000272E0000633200002D3200000A
:1030C0000000000000000000D7F50100B1DE0100A3
:1030D000F52C0000F92C0000D7F50100D7F5010010
:1030E000D7F501000000000000000000D1BF010082
:1030F00005C60100EDC101005DA201007DBF010018
:10310000000000000000000035000100B9000100CF
:103110000D340000F9010100BF010100130101009D
:1031200073010100C9000100ED0201004902010024
:10313000F7030100610401003100010000000000FC
:1031400000000000F7D201001DD30100F52C0000A3
:10315000F5D20100B5D20100C1D20100DFD20100D9
:103160000000000000000000D14E0100354F0100BA
:10317000F54C010079530100015B0100215201006F
:103180007D4C0100195301000D5C0100DD5401006C
:103190009D520100B74C0100B9530100714E01006E
:1031A0007D4E0100E94C0100ED4C0100F14C0100A5
:1031B000894E0100A54E0100C14E0100FD500100E5
:1031C00049500100F55501007D560100815501006F
:1031D000D5FFFFFF1500000032000000FA000000DC
:1031E0008C000000FA000000E8000000FA00000077
:1031F0003B010000D5FFFFFF15000000320000007A
:1032000055000000C8000000C8000000E8000000F1
:10321000DA0000003B0100004FD8010041D8010056
:1032200047D801004DD80100D8399D270054EA2A1B
:1032300000A4781F007B9A17A2000000F9A20000EA
:1032400083F9A2006E83F9A24E6E83F9444E6E8319
:1032500015444E6E2915444EFC29154427FC2915AA
:103260005727FC29D15727FCF5D1572734F5D157DB
:10327000DD34F5D1C0DD34F5DBC0DD3462DBC0DD2B
:103280009562DBC0999562DB3C999562433C9995C8
:1032900090433C994190433C080000021000000418
:1032A00018000006200040002800400230004004C2
:1032B0003800400640008000480080025000800432
:1032C000580080066000C0006800C0027000C004A2
:1032D0007800C0068000000188000003900000050F
:1032E00098000007A0004001A8004003B00040057E
:1032F000B8004007C0008001C8008003D0008005EE
:10330000D8008007E000C001E800C003F000C0055D
:10331000F800C007000100020801080210010804BB
:1033200018010806200180022801480230014804E3
:103330003801480640010003480188025001880412
:1033400058018806600180036801C8027001C80442
:103350007801C80680010802880108039001080569
:1033600098010807A0018802A8014803B001480598
:10337000B8014807C0010803C8018803D0018805C7
:10338000D8018807E0018803E801C803F001C805F7
:10339000F801C8070802100200020004100210041D
:1033A0001802100620028004280250023002500445
:1033B0003802500640020005480290025002900474
:1033C00058029006600280056802D0027002D004A4
:1033D0007802D006800208048802100390021005CB
:1033E00098021007A0028804A8025003B0025005FA
:1033F000B8025007C0020805C8029003D002900529
:10340000D8029007E0028805E802D003F002D00558
:10341000F802D00700030006080310061003180482
:10342000180318062003800628039006300358046A
:103430003803580640030007480310075003980458
:103440005803980660038007680390077003D80448
:103450007803D80680030806880318069003180529
:1034600098031807A0038806A8039806B003580518
:10347000B8035807C0030807C8031807D003980506
:10348000D8039807E0038807E8039807F003D805F6
:10349000F803D80708048004100420041804200648
:1034A00028048005300460043804600640040006E7
:1034B000480488045004A0045804A00660041006C0
:1034C000680488057004E0047804E0068804800637
:1034D0009004200598042007A0040806A80480078B
:1034E000B0046005B8046007C0042006C80488065C
:1034F000D004A005D804A007E0041806E804880753
:10350000F004E005F804E007080520051005800533
:103510001805280628059005300588053805680631
:103520004005000748052007500580075805A806F4
:103530006005080768059805700588077805E8069E
:103540008805900698052807A0052806A805900775
:10355000B0052807B8056807C0051007C805980614
:10356000D0059007D805A807E0051807E8059807D3
:10357000F0059807F805E8071806300638067006C3
:103580004006000748068007500608075806B006A0
:103590006006100768069007700618077806F006A0
:1035A0008806A00698063007A806A007B006880778
:1035B000B8067007C0062007C806A007D00628076F
:1035C000D806B007E0063007E806A807F006980717
:1035D000F806F007480750073807980750076007B4
:1035E000580770076007C0076807D0077807F0071B
:1035F0007007E007B807F007A807B007D807F0077B
:10360000C807E007E807F007080000021000000400
:1036100018000006200000082800000A3000000CF6
:103620003800000E48004002500040045800400698
:10363000600040086800400A7000400C7800400EAE
:10364000880080029000800498008006A000800816
:10365000A800800AB000800CB800800EC800C0022C
:10366000D000C004D800C006E000C008E800C00ACE
:10367000F000C00CF800C00E0801000310010005A6
:1036800018010007200100092801000B3001000D7E
:103690003801000F48014003500140055801400720
:1036A000600140096801400B7001400D7801400F36
:1036B000880180039001800598018007A00180099E
:1036C000A801800BB001800DB801800FC801C003B4
:1036D000D001C005D801C007E001C009E801C00B56
:1036E000F001C00DF801C00F10020804180208060E
:1036F000200208082802080A3002080C3802080EC6
:103700005002480458024806600248086802480A05
:103710007002480C7802480E9002880498028806CD
:10372000A0028808A802880AB002880CB802880E95
:10373000D002C804D802C806E002C808E802C80AD5
:10374000F002C80CF802C80E100308051803080799
:10375000200308092803080B3003080D3803080F5D
:103760005003480558034807600348096803480B9D
:103770007003480D7803480F900388059803880765
:10378000A0038809A803880BB003880DB803880F2D
:10379000D003C805D803C807E003C809E803C80B6D
:1037A000F003C80DF803C80F180410062004100811
:1037B0002804100A3004100C3804100E5804500667
:1037C000600450086804500A7004500C7804500ECD
:1037D00098049006A0049008A804900AB004900CE5
:1037E000B804900ED804D006E004D008E804D00A4B
:1037F000F004D00CF804D00E1805100720051009AD
:103800002805100B3005100D3805100F580550070E
:10381000600550096805500B7005500D7805500F74
:1038200098059007A0059009A805900BB005900D8C
:10383000B805900FD805D007E005D009E805D00BF2
:10384000F005D00DF805D00F200618082806180A34
:103850003006180C3806180E600658086806580A14
:103860007006580C7806580EA0069808A806980A04
:10387000B006980CB806980EE006D808E806D80AF4
:10388000F006D80CF806D80E200718092807180BE0
:103890003007180D3807180F600758096807580BCC
:1038A0007007580D7807580FA0079809A807980BBC
:1038B000B007980DB807980FE007D809E807D80BAC
:1038C000F007D80DF807D80F2808200A3008200C78
:1038D0003808200E6808600A7008600C7808600ECE
:1038E000A808A00AB008A00CB808A00EE808E00AD2
:1038F000F008E00CF808E00E2809200B3009200D34
:103900003809200F6809600B7009600D7809600F95
:10391000A809A00BB009A00DB809A00FE809E00B99
:10392000F009E00DF809E00F300A280C380A280EDB
:10393000700A680C780A680EB00AA80CB80AA80EBB
:10394000F00AE80CF80AE80E300B280D380B280FA7
:10395000700B680D780B680FB00BA80DB80BA80F93
:10396000F00BE80DF80BE80F380C300E780C700EE9
:10397000B80CB00EF80CF00E380D300F780D700F3B
:10398000B80DB00FF80DF00F000100000C4F002033
:10399000683B0020B8010000000200000C57002026
:1039A000D83E0020C00100003863ED3EDA0F493FE9
:1039B0005E987B3FDA0FC93F6937AC31682122330B
:1039C000B40F14336821A23300000042C8801F40A6
:1039D000B8821F400800000000000042C4801F4061
:1039E000B4821F400400000000C0004224801F4039
:1039F00014821F401000000000C0004228801F40B9
:103A000018821F402000000000C000422C801F4090
:103A10001C821F404000000000C0004234801F4054
:103A200024821F40000100000040004264811F40CA
:103A300054831F40000400000040004280811F406A
:103A400070831F4000000200004000427C811F4044
:103A50006C831F40000001000040004268811F404D
:103A600058831F4000080000004000423C811F4076
:103A70002C831F40010000000040004244811F4091
:103A800034831F40040000000040004240811F407A
:103A900030831F40020000000040004248811F4068
:103AA00038831F40080000000000004204811F40CE
:103AB000F4821F40000004000000004208811F4003
:103AC000F8821F40000008000000004218811F40DB
:103AD00008831F40000080000000004214811F4046
:103AE00004831F40000040000000004200811F408E
:103AF000F0821F400000020000000042FC801F40D6
:103B0000EC821F40000001000000004224811F40A1
:103B100014831F40000000040000004228811F4061
:103B200018831F4000000008000000421C811F4055
:103B30000C831F40000000010000004220811F4054
:103B400010831F400000000200000042EC801F4074
:103B5000DC821F400010000000000042F0801F4087
:103B6000E0821F40002000000000004234811F401E
:103B700024831F40000000400000004238811F40A5
:103B800028831F40000000800080004294801F4076
:103B900084821F400000040000C0004290801F404B
:103BA00080821F400000008000800042A8801F40EB
:103BB00098821F400000800000800042A4801F40C7
:103BC00094821F4000004000004000426C811F4072
:103BD0005C831F400010000000C0004230801F4086
:103BE00020821F408000000000400042B0811F4042
:103BF000A0831F400000002000400042AC811F4015
:103C00009C831F40000000100040004284811F4040
:103C100074831F40000004000040004288811F4060
:103C200078831F4000000800000000422C811F40E4
:103C30001C831F40000000100000004230811F4024
:103C400020831F4000000020000000420C811F4024
:103C5000FC821F40000010000000004210811F4045
:103C600000831F400000200000800042C8811F40E8
:103C7000B8831F400080000000800042C4811F40C4
:103C8000B4831F400040000000800042C0811F40FC
:103C9000B0831F400020000000800042BC811F4014
:103CA000AC831F400010000000800042D0811F4004
:103CB000C0831F400000020000800042CC811F40F2
:103CC000BC831F400000010000C0004274801F4000
:103CD00064821F400000000100C0004280801F403D
:103CE00070821F400000000800C0004284801F4016
:103CF00074821F400000001000C000426C801F4012
:103D00005C821F400000400000C000427C801F40D9
:103D10006C821F400000000400C0004278801F40F9
:103D200068821F400000000200C0004288801F40DF
:103D300078821F400000002035000000CEFBFFFF0E
:103D4000CB03000001000000000000003400000070
:103D5000CEFBFFFFCB0300000100000000000000CD
:103D60000200000003000000040000000600000044
:103D700000000000FB21F93FFB2109407CD91240E3
:103D8000FB2119407A6A1F407CD92240BBFD2540A7
:103D9000FB2129403A462C407A6A2F405C4731404B
:103DA0007CD932409C6B3440BBFD3540DB8F3740C3
:103DB000FB2139401BB43A403A463C405AD83D407A
:103DC0007A6A3F404C7E40405C4741406C10424024
:103DD0007CD942408CA243409C6B4440AC3445406B
:103DE000BBFD4540CBC64640DB8F4740EB584840C3
:103DF000FB21494005000000190000007D00000083
:103E0000070000000300000004000000080000009C
:103E1000060000000600000002000000070000008D
:103E20000400000004000000060000000200000082
:103E3000030000000100000000000000920E493C59
:103E4000B10AC93C2BC3163D2EFB483D752B7B3D6B
:103E500004A9963D80B6AF3D36BDC83D2FBCE13DBF
:103E600073B2FA3D87CF093E8340163EB5AB223E82
:103E7000A2102F3ECF6E3B3EC2C5473E0115543EB9
:103E8000135C603E7F9A6C3ECCCF783EC07D823E14
:103E9000938E883E229A8E3E32A0943E86A09A3E11
:103EA000E59AA03E128FA63ED47CAC3EEF63B23EB4
:103EB0002A44B83E491DBE3E15EFC33E53B9C93E24
:103EC000CA7BCF3E4136D53E80E8DA3E4F92E03E97
:103ED0007533E63EBBCBEB3EEA5AF13ECBE0F63E15
:103EE000275DFC3EE4E7003F3D9C033F824B063FDD
:103EF0009BF5083F6B9A0B3FDA390E3FCDD3103F4D
:103F00002A68133FD9F6153FC07F183FC6021B3FF2
:103F1000D17F1D3FCBF61F3F9967223F25D2243F1B
:103F20005636273F1594293F4AEB2B3FDE3B2E3F69
:103F3000BB85303FC9C8323FF304353F233A373F92
:103F40004268393F3B8F3B3FF9AE3D3F67C73F3F3C
:103F500070D8413F01E2433F03E4453F65DE473F00
:103F600012D1493FF8BB4B3F029F4D3F207A4F3F54
:103F70003D4D513F4918533F31DB543FE595563F86
:103F80005348583F6AF2593F1A945B3F532D5D3FA7
:103F900005BE5E3F2146603F97C5613F5A3C633F87
:103FA00059AA643F880F663FD86B673F3CBF683FA4
:103FB000A7096A3F0C4B6B3F5E836C3F93B26D3F2A
:103FC0009ED86E3F73F56F3F0809713F5213723FE1
:103FD0004714733FDD0B743F0BFA743FC6DE753F29
:103FE00007BA763FC58B773FF853783F9812793FF1
:103FF0009DC7793F02737A3FBE147B3FCDAC7B3FB8
:10400000283B7C3FC9BF7C3FAC3A7D3FCCAB7D3F7A
:1040100023137E3FB0707E3F6DC47E3F580E7F3FBE
:104020006D4E7F3FAB847F3F0FB17F3F97D37F3F84
:1040300043EC7F3F11FB7F3F0000803F11FB7F3F40
:1040400043EC7F3F97D37F3F0FB17F3FAB847F3FF0
:104050006D4E7F3F580E7F3F6DC47E3FB0707E3FF8
:1040600023137E3FCCAB7D3FAC3A7D3FC9BF7C3F45
:10407000283B7C3FCDAC7B3FBE147B3F02737A3F35
:104080009DC7793F9812793FF853783FC58B773FAA
:1040900007BA763FC6DE753F0BFA743FDD0B743FFF
:1040A0004714733F5213723F0809713F73F56F3F16
:1040B0009ED86E3F93B26D3F5E836C3F0C4B6B3F5F
:1040C000A7096A3F3CBF683FD86B673F880F663FD0
:1040D00059AA643F5A3C633F97C5613F2146603F00
:1040E00005BE5E3F532D5D3F1A945B3F6AF2593F18
:1040F0005348583FE595563F31DB543F4918533FED
:104100003D4D513F207A4F3F029F4D3FF8BB4B3F03
:1041100012D1493F65DE473F03E4453F01E2433F9B
:1041200070D8413F67C73F3FF9AE3D3F3B8F3B3FB4
:104130004268393F233A373FF304353FC9C8323F1D
:10414000BB85303FDE3B2E3F4AEB2B3F1594293F8A
:104150005636273F25D2243F9967223FCBF61F3F93
:10416000D17F1D3FC6021B3FC07F183FD9F6153FC8
:104170002A68133FCDD3103FDA390E3F6B9A0B3FBD
:104180009BF5083F824B063F3D9C033FE4E7003F21
:10419000275DFC3ECBE0F63EEA5AF13EBBCBEB3E60
:1041A0007533E63E4F92E03E80E8DA3E4136D53E3A
:1041B000CA7BCF3E53B9C93E15EFC33E491DBE3E33
:1041C0002A44B83EEF63B23ED47CAC3E128FA63E8A
:1041D000E59AA03E86A09A3E32A0943E229A8E3E58
:1041E000938E883EC07D823ECCCF783E7F9A6C3ED7
:1041F000135C603E0115543EC2C5473ECF6E3B3E48
:10420000A2102F3EB5AB223E8340163E87CF093E1B
:1042100073B2FA3D2FBCE13D36BDC83D80B6AF3D1F
:1042200004A9963D752B7B3D2EFB483D2BC3163DC7
:10423000B10AC93C920E493C00000000920E49BCF4
:10424000B10AC9BC2BC316BD2EFB48BD752B7BBD67
:1042500004A996BD80B6AFBD36BDC8BD2FBCE1BDBB
:1042600073B2FABD87CF09BE834016BEB5AB22BE7E
:10427000A2102FBECF6E3BBEC2C547BE011554BEB5
:10428000135C60BE7F9A6CBECCCF78BEC07D82BE10
:10429000938E88BE229A8EBE32A094BE86A09ABE0D
:1042A000E59AA0BE128FA6BED47CACBEEF63B2BEB0
:1042B0002A44B8BE491DBEBE15EFC3BE53B9C9BE20
:1042C000CA7BCFBE4136D5BE80E8DABE4F92E0BE93
:1042D0007533E6BEBBCBEBBEEA5AF1BECBE0F6BE11
:1042E000275DFCBEE4E700BF3D9C03BF824B06BFD9
:1042F0009BF508BF6B9A0BBFDA390EBFCDD310BF49
:104300002A6813BFD9F615BFC07F18BFC6021BBFEE
:10431000D17F1DBFCBF61FBF996722BF25D224BF17
:10432000563627BF159429BF4AEB2BBFDE3B2EBF65
:10433000BB8530BFC9C832BFF30435BF233A37BF8E
:10434000426839BF3B8F3BBFF9AE3DBF67C73FBF38
:1043500070D841BF01E243BF03E445BF65DE47BFFC
:1043600012D149BFF8BB4BBF029F4DBF207A4FBF50
:104370003D4D51BF491853BF31DB54BFE59556BF82
:10438000534858BF6AF259BF1A945BBF532D5DBFA3
:1043900005BE5EBF214660BF97C561BF5A3C63BF83
:1043A00059AA64BF880F66BFD86B67BF3CBF68BFA0
:1043B000A7096ABF0C4B6BBF5E836CBF93B26DBF26
:1043C0009ED86EBF73F56FBF080971BF521372BFDD
:1043D000471473BFDD0B74BF0BFA74BFC6DE75BF25
:1043E00007BA76BFC58B77BFF85378BF981279BFED
:1043F0009DC779BF02737ABFBE147BBFCDAC7BBFB4
:10440000283B7CBFC9BF7CBFAC3A7DBFCCAB7DBF76
:1044100023137EBFB0707EBF6DC47EBF580E7FBFBA
:104420006D4E7FBFAB847FBF0FB17FBF97D37FBF80
:1044300043EC7FBF11FB7FBF000080BF11FB7FBF3C
:1044400043EC7FBF97D37FBF0FB17FBFAB847FBFEC
:104450006D4E7FBF580E7FBF6DC47EBFB0707EBFF4
:1044600023137EBFCCAB7DBFAC3A7DBFC9BF7CBF41
:10447000283B7CBFCDAC7BBFBE147BBF02737ABF31
:104480009DC779BF981279BFF85378BFC58B77BFA6
:1044900007BA76BFC6DE75BF0BFA74BFDD0B74BFFB
:1044A000471473BF521372BF080971BF73F56FBF12
:1044B0009ED86EBF93B26DBF5E836CBF0C4B6BBF5B
:1044C000A7096ABF3CBF68BFD86B67BF880F66BFCC
:1044D00059AA64BF5A3C63BF97C561BF214660BFFC
:1044E00005BE5EBF532D5DBF1A945BBF6AF259BF14
:1044F000534858BFE59556BF31DB54BF491853BFE9
:104500003D4D51BF207A4FBF029F4DBFF8BB4BBFFF
:1045100012D149BF65DE47BF03E445BF01E243BF97
:1045200070D841BF67C73FBFF9AE3DBF3B8F3BBFB0
:10453000426839BF233A37BFF30435BFC9C832BF19
:10454000BB8530BFDE3B2EBF4AEB2BBF159429BF86
:10455000563627BF25D224BF996722BFCBF61FBF8F
:10456000D17F1DBFC6021BBFC07F18BFD9F615BFC4
:104570002A6813BFCDD310BFDA390EBF6B9A0BBFB9
:104580009BF508BF824B06BF3D9C03BFE4E700BF1D
:10459000275DFCBECBE0F6BEEA5AF1BEBBCBEBBE5C
:1045A0007533E6BE4F92E0BE80E8DABE4136D5BE36
:1045B000CA7BCFBE53B9C9BE15EFC3BE491DBEBE2F
:1045C0002A44B8BEEF63B2BED47CACBE128FA6BE86
:1045D000E59AA0BE86A09ABE32A094BE229A8EBE54
:1045E000938E88BEC07D82BECCCF78BE7F9A6CBED3
:1045F000135C60BE011554BEC2C547BECF6E3BBE44
:10460000A2102FBEB5AB22BE834016BE87CF09BE17
:1046100073B2FABD2FBCE1BD36BDC8BD80B6AFBD1B
:1046200004A996BD752B7BBD2EFB48BD2BC316BDC3
:10463000B10AC9BC920E49BC000000800000803F56
:104640000000000043EC7F3FB00AC93C0FB17F3F40
:104650002FFB483D6D4E7F3F05A9963D6DC47E3FC3
:1046600036BDC83D24137E3F73B2FA3DAC3A7D3F60
:104670008340163E283B7C3FA2102F3EBE147B3F5A
:10468000C2C5473E9DC7793F135C603EF853783FF3
:10469000CCCF783E07BA763F938E883E0BFA743FB4
:1046A00031A0943E4714733FE59AA03E0809713F3C
:1046B000D47CAC3E9ED86E3F2A44B83E5E836C3FAD
:1046C00015EFC33EA7096A3FCA7BCF3ED86B673F51
:1046D00080E8DA3E59AA643F7533E63E98C5613FEB
:1046E000EA5AF13E05BE5E3F275DFC3E1A945B3FF1
:1046F0003D9C033F5348583F9BF5083F31DB543FF7
:10470000DA390E3F3D4D513F2A68133F029F4D3F1E
:10471000C07F183F12D1493FD17F1D3F03E4453F81
:104720009967223F70D8413F5636273FF9AE3D3F4B
:104730004AEB2B3F4268393FBB85303FF304353F9E
:10474000F304353FBB85303F4268393F4AEB2B3F8E
:10475000F9AE3D3F5636273F70D8413F9967223F1B
:1047600003E4453FD17F1D3F12D1493FC07F183F31
:10477000029F4D3F2A68133F3D4D513FDA390E3FAE
:1047800031DB543F9BF5083F5348583F3D9C033F66
:104790001A945B3F275DFC3E05BE5E3FEA5AF13E40
:1047A00098C5613F7533E63E59AA643F80E8DA3E1A
:1047B000D86B673FCA7BCF3EA7096A3F15EFC33E60
:1047C0005E836C3F2A44B83E9ED86E3FD47CAC3E9C
:1047D0000809713FE59AA03E4714733F31A0943E0B
:1047E0000BFA743F938E883E07BA763FCCCF783E63
:1047F000F853783F135C603E9DC7793FC2C5473E82
:10480000BE147B3FA2102F3E283B7C3F8340163EC8
:10481000AC3A7D3F73B2FA3D24137E3F36BDC83DAE
:104820006DC47E3F05A9963D6D4E7F3F2FFB483DF1
:104830000FB17F3FB00AC93C43EC7F3F000000004E
:104840000000803FB00AC9BC43EC7F3F2FFB48BD4E
:104850000FB17F3F05A996BD6D4E7F3F36BDC8BDE8
:104860006DC47E3F73B2FABD24137E3F834016BEF3
:10487000AC3A7D3FA2102FBE283B7C3FC2C547BE4D
:10488000BE147B3F135C60BE9DC7793FCCCF78BE22
:10489000F853783F938E88BE07BA763F31A094BE16
:1048A0000BFA743FE59AA0BE4714733FD47CACBEAC
:1048B0000809713F2A44B8BE9ED86E3F15EFC3BEAB
:1048C0005E836C3FCA7BCFBEA7096A3F80E8DABE31
:1048D000D86B673F7533E6BE59AA643FEA5AF1BE0A
:1048E00098C5613F275DFCBE05BE5E3F3D9C03BF92
:1048F0001A945B3F9BF508BF5348583FDA390EBF07
:1049000031DB543F2A6813BF3D4D513FC07F18BF74
:10491000029F4D3FD17F1DBF12D1493F996722BFF2
:1049200003E4453F563627BF70D8413F4AEB2BBFC3
:10493000F9AE3D3FBB8530BF4268393FF30435BF18
:10494000F304353F426839BFBB85303FF9AE3DBF08
:104950004AEB2B3F70D841BF5636273F03E445BF93
:104960009967223F12D149BFD17F1D3F029F4DBFA2
:10497000C07F183F3D4D51BF2A68133F31DB54BF04
:10498000DA390E3F534858BF9BF5083F1A945BBF76
:104990003D9C033F05BE5EBF275DFC3E98C561BFE1
:1049A000EA5AF13E59AA64BF7533E63ED86B67BF39
:1049B00080E8DA3EA7096ABFCA7BCF3E5E836CBF40
:1049C00015EFC33E9ED86EBF2A44B83E080971BF9A
:1049D000D47CAC3E471473BFE59AA03E0BFA74BF7B
:1049E00031A0943E07BA76BF938E883EF85378BFC5
:1049F000CCCF783E9DC779BF135C603EBE147BBFB1
:104A0000C2C5473E283B7CBFA2102F3EAC3A7DBFBB
:104A10008340163E24137EBF73B2FA3D6DC47EBF41
:104A200036BDC83D6D4E7FBF05A9963D0FB17FBF16
:104A30002FFB483D43EC7FBFB00AC93C000080BF5C
:104A40000000000043EC7FBFB00AC9BC0FB17FBFBC
:104A50002FFB48BD6D4E7FBF05A996BD6DC47EBFBF
:104A600036BDC8BD24137EBF73B2FABDAC3A7DBF5C
:104A7000834016BE283B7CBFA2102FBEBE147BBF56
:104A8000C2C547BE9DC779BF135C60BEF85378BFEF
:104A9000CCCF78BE07BA76BF938E88BE0BFA74BFB0
:104AA00031A094BE471473BFE59AA0BE080971BF38
:104AB000D47CACBE9ED86EBF2A44B8BE5E836CBFA9
:104AC00015EFC3BEA7096ABFCA7BCFBED86B67BF4D
:104AD00080E8DABE59AA64BF7533E6BE98C561BFE7
:104AE000EA5AF1BE05BE5EBF275DFCBE1A945BBFED
:104AF0003D9C03BF534858BF9BF508BF31DB54BFF3
:104B0000DA390EBF3D4D51BF2A6813BF029F4DBF1A
:104B1000C07F18BF12D149BFD17F1DBF03E445BF7D
:104B2000996722BF70D841BF563627BFF9AE3DBF47
:104B30004AEB2BBF426839BFBB8530BFF30435BF9A
:104B4000F30435BFBB8530BF426839BF4AEB2BBF8A
:104B5000F9AE3DBF563627BF70D841BF996722BF17
:104B600003E445BFD17F1DBF12D149BFC07F18BF2D
:104B7000029F4DBF2A6813BF3D4D51BFDA390EBFAA
:104B800031DB54BF9BF508BF534858BF3D9C03BF62
:104B90001A945BBF275DFCBE05BE5EBFEA5AF1BE3C
:104BA00098C561BF7533E6BE59AA64BF80E8DABE16
:104BB000D86B67BFCA7BCFBEA7096ABF15EFC3BE5C
:104BC0005E836CBF2A44B8BE9ED86EBFD47CACBE98
:104BD000080971BFE59AA0BE471473BF31A094BE07
:104BE0000BFA74BF938E88BE07BA76BFCCCF78BE5F
:104BF000F85378BF135C60BE9DC779BFC2C547BE7E
:104C0000BE147BBFA2102FBE283B7CBF834016BEC4
:104C1000AC3A7DBF73B2FABD24137EBF36BDC8BDAA
:104C20006DC47EBF05A996BD6D4E7FBF2FFB48BDED
:104C30000FB17FBFB00AC9BC43EC7FBF000000804A
:104C4000000080BFB00AC93C43EC7FBF2FFB483D4A
:104C50000FB17FBF05A9963D6D4E7FBF36BDC83DE4
:104C60006DC47EBF73B2FA3D24137EBF8340163EEF
:104C7000AC3A7DBFA2102F3E283B7CBFC2C5473E49
:104C8000BE147BBF135C603E9DC779BFCCCF783E1E
:104C9000F85378BF938E883E07BA76BF31A0943E12
:104CA0000BFA74BFE59AA03E471473BFD47CAC3EA8
:104CB000080971BF2A44B83E9ED86EBF15EFC33EA7
:104CC0005E836CBFCA7BCF3EA7096ABF80E8DA3E2D
:104CD000D86B67BF7533E63E59AA64BFEA5AF13E06
:104CE00098C561BF275DFC3E05BE5EBF3D9C033F8E
:104CF0001A945BBF9BF5083F534858BFDA390E3F03
:104D000031DB54BF2A68133F3D4D51BFC07F183F70
:104D1000029F4DBFD17F1D3F12D149BF9967223FEE
:104D200003E445BF5636273F70D841BF4AEB2B3FBF
:104D3000F9AE3DBFBB85303F426839BFF304353F14
:104D4000F30435BF4268393FBB8530BFF9AE3D3F04
:104D50004AEB2BBF70D8413F563627BF03E4453F8F
:104D6000996722BF12D1493FD17F1DBF029F4D3F9E
:104D7000C07F18BF3D4D513F2A6813BF31DB543F00
:104D8000DA390EBF5348583F9BF508BF1A945B3F72
:104D90003D9C03BF05BE5E3F275DFCBE98C5613FDD
:104DA000EA5AF1BE59AA643F7533E6BED86B673F35
:104DB00080E8DABEA7096A3FCA7BCFBE5E836C3F3C
:104DC00015EFC3BE9ED86E3F2A44B8BE0809713F96
:104DD000D47CACBE4714733FE59AA0BE0BFA743F77
:104DE00031A094BE07BA763F938E88BEF853783FC1
:104DF000CCCF78BE9DC7793F135C60BEBE147B3FAD
:104E0000C2C547BE283B7C3FA2102FBEAC3A7D3FB7
:104E1000834016BE24137E3F73B2FABD6DC47E3F3D
:104E200036BDC8BD6D4E7F3F05A996BD0FB17F3F12
:104E30002FFB48BD43EC7F3FB00AC9BC0000803F58
:104E40000000000011FB7F3F900E493C43EC7F3F88
:104E5000B00AC93C98D37F3F2CC3163D0FB17F3FAA
:104E60002FFB483DAB847F3F742B7B3D6D4E7F3FD6
:104E700005A9963D580E7F3F80B6AF3D6DC47E3F7D
:104E800036BDC83DB0707E3F2EBCE13D24137E3F51
:104E900073B2FA3DCCAB7D3F86CF093EAC3A7D3F45
:104EA0008340163EC9BF7C3FB6AB223E283B7C3FC9
:104EB000A2102F3ECDAC7B3FCF6E3B3EBE147B3F5E
:104EC000C2C5473E02737A3F0115543E9DC7793FE4
:104ED000135C603E9812793F7F9A6C3EF853783F9E
:104EE000CCCF783EC58B773FC07D823E07BA763FF8
:104EF000938E883EC6DE753F229A8E3E0BFA743F33
:104F000031A0943EDD0B743F86A09A3E4714733F58
:104F1000E59AA03E5213723F128FA63E0809713FD8
:104F2000D47CAC3E73F56F3FEF63B23E9ED86E3FCC
:104F30002A44B83E93B26D3F4A1DBE3E5E836C3F2D
:104F400015EFC33E0C4B6B3F53B9C93EA7096A3FEF
:104F5000CA7BCF3E3CBF683F4136D53ED86B673FEA
:104F600080E8DA3E880F663F4F92E03E59AA643FE0
:104F70007533E63E5A3C633FBBCBEB3E98C5613F81
:104F8000EA5AF13E2146603FCBE0F63E05BE5E3F69
:104F9000275DFC3E532D5D3FE4E7003F1A945B3FE5
:104FA0003D9C033F6AF2593F824B063F5348583FAE
:104FB0009BF5083FE595563F6B9A0B3F31DB543F1D
:104FC000DA390E3F4918533FCDD3103F3D4D513F85
:104FD0002A68133F1F7A4F3FD9F6153F029F4D3F76
:104FE000C07F183FF8BB4B3FC6021B3F12D1493F61
:104FF000D17F1D3F65DE473FCBF61F3F03E4453FB2
:105000009967223F00E2433F25D2243F70D8413FB9
:105010005636273F67C73F3F1594293FF9AE3D3FBE
:105020004AEB2B3F3B8F3B3FDE3B2E3F4268393FF5
:10503000BB85303F233A373FC9C8323FF304353F81
:10504000F304353FC9C8323F233A373FBB85303F71
:105050004268393FDE3B2E3F3B8F3B3F4AEB2B3FC5
:10506000F9AE3D3F1594293F67C73F3F5636273F6E
:1050700070D8413F25D2243F00E2433F9967223F49
:1050800003E4453FCBF61F3F65DE473FD17F1D3F21
:1050900012D1493FC6021B3FF8BB4B3FC07F183FB0
:1050A000029F4D3FD9F6153F1F7A4F3F2A68133FA5
:1050B0003D4D513FCDD3103F4918533FDA390E3F94
:1050C00031DB543F6B9A0B3FE595563F9BF5083F0C
:1050D0005348583F824B063F6AF2593F3D9C033F7D
:1050E0001A945B3FE4E7003F532D5D3F275DFC3E94
:1050F00005BE5E3FCBE0F63E2146603FEA5AF13EF8
:1051000098C5613FBBCBEB3E5A3C633F7533E63EEF
:1051100059AA643F4F92E03E880F663F80E8DA3E2E
:10512000D86B673F4136D53E3CBF683FCA7BCF3E18
:10513000A7096A3F53B9C93E0C4B6B3F15EFC33EFD
:105140005E836C3F4A1DBE3E93B26D3F2A44B83E1B
:105150009ED86E3FEF63B23E73F56F3FD47CAC3E9A
:105160000809713F128FA63E5213723FE59AA03E86
:105170004714733F86A09A3EDD0B743F31A0943EE6
:105180000BFA743F229A8E3EC6DE753F938E883EA0
:1051900007BA763FC07D823EC58B773FCCCF783E45
:1051A000F853783F7F9A6C3E9812793F135C603ECB
:1051B0009DC7793F0115543E02737A3FC2C5473EF1
:1051C000BE147B3FCF6E3B3ECDAC7B3FA2102F3E4B
:1051D000283B7C3FB6AB223EC9BF7C3F8340163E96
:1051E000AC3A7D3F86CF093ECCAB7D3F73B2FA3DF2
:1051F00024137E3F2EBCE13DB0707E3F36BDC83DDE
:105200006DC47E3F80B6AF3D580E7F3F05A9963DE9
:105210006D4E7F3F742B7B3DAB847F3F2FFB483D22
:105220000FB17F3F2CC3163D98D37F3FB00AC93CD6
:1052300043EC7F3F900E493C11FB7F3F0000000094
:105240000000803F900E49BC11FB7F3FB00AC9BCF3
:1052500043EC7F3F2CC316BD98D37F3F2FFB48BD47
:105260000FB17F3F742B7BBDAB847F3F05A996BDFB
:105270006D4E7F3F80B6AFBD580E7F3F36BDC8BD77
:105280006DC47E3F2EBCE1BDB0707E3F73B2FABDEF
:1052900024137E3F86CF09BECCAB7D3F834016BE34
:1052A000AC3A7D3FB6AB22BEC9BF7C3FA2102FBE39
:1052B000283B7C3FCF6E3BBECDAC7B3FC2C547BEDB
:1052C000BE147B3F011554BE02737A3F135C60BE6F
:1052D0009DC7793F7F9A6CBE9812793FCCCF78BE3C
:1052E000F853783FC07D82BEC58B773F938E88BED2
:1052F00007BA763F229A8EBEC6DE753F31A094BEB5
:105300000BFA743F86A09ABEDD0B743FE59AA0BEEF
:105310004714733F128FA6BE5213723FD47CACBEAB
:105320000809713FEF63B2BE73F56F3F2A44B8BE00
:105330009ED86E3F4A1DBEBE93B26D3F15EFC3BEF1
:105340005E836C3F53B9C9BE0C4B6B3FCA7BCFBE6B
:10535000A7096A3F4136D5BE3CBF683F80E8DABE48
:10536000D86B673F4F92E0BE880F663F7533E6BE4D
:1053700059AA643FBBCBEBBE5A3C633FEA5AF1BE2D
:1053800098C5613FCBE0F6BE2146603F275DFCBE7D
:1053900005BE5E3FE4E700BF532D5D3F3D9C03BF6C
:1053A0001A945B3F824B06BF6AF2593F9BF508BFD8
:1053B0005348583F6B9A0BBFE595563FDA390EBFFD
:1053C00031DB543FCDD310BF4918533F2A6813BF78
:1053D0003D4D513FD9F615BF1F7A4F3FC07F18BFD3
:1053E000029F4D3FC6021BBFF8BB4B3FD17F1DBF85
:1053F00012D1493FCBF61FBF65DE473F996722BFF9
:1054000003E4453F25D224BF00E2433F563627BF81
:1054100070D8413F159429BF67C73F3F4AEB2BBF68
:10542000F9AE3D3FDE3B2EBF3B8F3B3FBB8530BFE0
:105430004268393FC9C832BF233A373FF30435BF0A
:10544000F304353F233A37BFC9C8323F426839BFFA
:10545000BB85303F3B8F3BBFDE3B2E3FF9AE3DBFB0
:105460004AEB2B3F67C73FBF1594293F70D841BF18
:105470005636273F00E243BF25D2243F03E445BF11
:105480009967223F65DE47BFCBF61F3F12D149BF68
:10549000D17F1D3FF8BB4BBFC6021B3F029F4DBFD4
:1054A000C07F183F1F7A4FBFD9F6153F3D4D51BF02
:1054B0002A68133F491853BFCDD3103F31DB54BF87
:1054C000DA390E3FE59556BF6B9A0B3F534858BFEC
:1054D0009BF5083F6AF259BF824B063F1A945BBFA7
:1054E0003D9C033F532D5DBFE4E7003F05BE5EBF1B
:1054F000275DFC3E214660BFCBE0F63E98C561BF0C
:10550000EA5AF13E5A3C63BFBBCBEB3E59AA64BF9B
:105510007533E63E880F66BF4F92E03ED86B67BF9B
:1055200080E8DA3E3CBF68BF4136D53EA7096ABF76
:10553000CA7BCF3E0C4B6BBF53B9C93E5E836CBF79
:1055400015EFC33E93B26DBF4A1DBE3E9ED86EBFDF
:105550002A44B83E73F56FBFEF63B23E080971BFCE
:10556000D47CAC3E521372BF128FA63E471473BF59
:10557000E59AA03EDD0B74BF86A09A3E0BFA74BF7D
:1055800031A0943EC6DE75BF229A8E3E07BA76BF22
:10559000938E883EC58B77BFC07D823EF85378BF1F
:1055A000CCCF783E981279BF7F9A6C3E9DC779BF69
:1055B000135C603E02737ABF0115543EBE147BBF7C
:1055C000C2C5473ECDAC7BBFCF6E3B3E283B7CBFC8
:1055D000A2102F3EC9BF7CBFB6AB223EAC3A7DBF06
:1055E0008340163ECCAB7DBF86CF093E24137EBFE1
:1055F00073B2FA3DB0707EBF2EBCE13D6DC47EBF7C
:1056000036BDC83D580E7FBF80B6AF3D6D4E7FBFE3
:1056100005A9963DAB847FBF742B7B3D0FB17FBF47
:105620002FFB483D98D37FBF2CC3163D43EC7FBF73
:10563000B00AC93C11FB7FBF900E493C000080BFFF
:105640000000000011FB7FBF900E49BC43EC7FBF00
:10565000B00AC9BC98D37FBF2CC316BD0FB17FBFA2
:105660002FFB48BDAB847FBF742B7BBD6D4E7FBFCE
:1056700005A996BD580E7FBF80B6AFBD6DC47EBF75
:1056800036BDC8BDB0707EBF2EBCE1BD24137EBF49
:1056900073B2FABDCCAB7DBF86CF09BEAC3A7DBF3D
:1056A000834016BEC9BF7CBFB6AB22BE283B7CBFC1
:1056B000A2102FBECDAC7BBFCF6E3BBEBE147BBF56
:1056C000C2C547BE02737ABF011554BE9DC779BFDC
:1056D000135C60BE981279BF7F9A6CBEF85378BF96
:1056E000CCCF78BEC58B77BFC07D82BE07BA76BFF0
:1056F000938E88BEC6DE75BF229A8EBE0BFA74BF2B
:1057000031A094BEDD0B74BF86A09ABE471473BF50
:10571000E59AA0BE521372BF128FA6BE080971BFD0
:10572000D47CACBE73F56FBFEF63B2BE9ED86EBFC4
:105730002A44B8BE93B26DBF4A1DBEBE5E836CBF25
:1057400015EFC3BE0C4B6BBF53B9C9BEA7096ABFE7
:10575000CA7BCFBE3CBF68BF4136D5BED86B67BFE2
:1057600080E8DABE880F66BF4F92E0BE59AA64BFD8
:105770007533E6BE5A3C63BFBBCBEBBE98C561BF79
:10578000EA5AF1BE214660BFCBE0F6BE05BE5EBF61
:10579000275DFCBE532D5DBFE4E700BF1A945BBFDD
:1057A0003D9C03BF6AF259BF824B06BF534858BFA6
:1057B0009BF508BFE59556BF6B9A0BBF31DB54BF15
:1057C000DA390EBF491853BFCDD310BF3D4D51BF7D
:1057D0002A6813BF1F7A4FBFD9F615BF029F4DBF6E
:1057E000C07F18BFF8BB4BBFC6021BBF12D149BF59
:1057F000D17F1DBF65DE47BFCBF61FBF03E445BFAA
:10580000996722BF00E243BF25D224BF70D841BFB1
:10581000563627BF67C73FBF159429BFF9AE3DBFB6
:105820004AEB2BBF3B8F3BBFDE3B2EBF426839BFED
:10583000BB8530BF233A37BFC9C832BFF30435BF79
:10584000F30435BFC9C832BF233A37BFBB8530BF69
:10585000426839BFDE3B2EBF3B8F3BBF4AEB2BBFBD
:10586000F9AE3DBF159429BF67C73FBF563627BF66
:1058700070D841BF25D224BF00E243BF996722BF41
:1058800003E445BFCBF61FBF65DE47BFD17F1DBF19
:1058900012D149BFC6021BBFF8BB4BBFC07F18BFA8
:1058A000029F4DBFD9F615BF1F7A4FBF2A6813BF9D
:1058B0003D4D51BFCDD310BF491853BFDA390EBF8C
:1058C00031DB54BF6B9A0BBFE59556BF9BF508BF04
:1058D000534858BF824B06BF6AF259BF3D9C03BF75
:1058E0001A945BBFE4E700BF532D5DBF275DFCBE8C
:1058F00005BE5EBFCBE0F6BE214660BFEA5AF1BEF0
:1059000098C561BFBBCBEBBE5A3C63BF7533E6BEE7
:1059100059AA64BF4F92E0BE880F66BF80E8DABE26
:10592000D86B67BF4136D5BE3CBF68BFCA7BCFBE10
:10593000A7096ABF53B9C9BE0C4B6BBF15EFC3BEF5
:105940005E836CBF4A1DBEBE93B26DBF2A44B8BE13
:105950009ED86EBFEF63B2BE73F56FBFD47CACBE92
:10596000080971BF128FA6BE521372BFE59AA0BE7E
:10597000471473BF86A09ABEDD0B74BF31A094BEDE
:105980000BFA74BF229A8EBEC6DE75BF938E88BE98
:1059900007BA76BFC07D82BEC58B77BFCCCF78BE3D
:1059A000F85378BF7F9A6CBE981279BF135C60BEC3
:1059B0009DC779BF011554BE02737ABFC2C547BEE9
:1059C000BE147BBFCF6E3BBECDAC7BBFA2102FBE43
:1059D000283B7CBFB6AB22BEC9BF7CBF834016BE8E
:1059E000AC3A7DBF86CF09BECCAB7DBF73B2FABDEA
:1059F00024137EBF2EBCE1BDB0707EBF36BDC8BDD6
:105A00006DC47EBF80B6AFBD580E7FBF05A996BDE1
:105A10006D4E7FBF742B7BBDAB847FBF2FFB48BD1A
:105A20000FB17FBF2CC316BD98D37FBFB00AC9BCCE
:105A300043EC7FBF900E49BC11FB7FBF000000808C
:105A4000000080BF900E493C11FB7FBFB00AC93CEB
:105A500043EC7FBF2CC3163D98D37FBF2FFB483D3F
:105A60000FB17FBF742B7B3DAB847FBF05A9963DF3
:105A70006D4E7FBF80B6AF3D580E7FBF36BDC83D6F
:105A80006DC47EBF2EBCE13DB0707EBF73B2FA3DE7
:105A900024137EBF86CF093ECCAB7DBF8340163E2C
:105AA000AC3A7DBFB6AB223EC9BF7CBFA2102F3E31
:105AB000283B7CBFCF6E3B3ECDAC7BBFC2C5473ED3
:105AC000BE147BBF0115543E02737ABF135C603E67
:105AD0009DC779BF7F9A6C3E981279BFCCCF783E34
:105AE000F85378BFC07D823EC58B77BF938E883ECA
:105AF00007BA76BF229A8E3EC6DE75BF31A0943EAD
:105B00000BFA74BF86A09A3EDD0B74BFE59AA03EE7
:105B1000471473BF128FA63E521372BFD47CAC3EA3
:105B2000080971BFEF63B23E73F56FBF2A44B83EF8
:105B30009ED86EBF4A1DBE3E93B26DBF15EFC33EE9
:105B40005E836CBF53B9C93E0C4B6BBFCA7BCF3E63
:105B5000A7096ABF4136D53E3CBF68BF80E8DA3E40
:105B6000D86B67BF4F92E03E880F66BF7533E63E45
:105B700059AA64BFBBCBEB3E5A3C63BFEA5AF13E25
:105B800098C561BFCBE0F63E214660BF275DFC3E75
:105B900005BE5EBFE4E7003F532D5DBF3D9C033F64
:105BA0001A945BBF824B063F6AF259BF9BF5083FD0
:105BB000534858BF6B9A0B3FE59556BFDA390E3FF5
:105BC00031DB54BFCDD3103F491853BF2A68133F70
:105BD0003D4D51BFD9F6153F1F7A4FBFC07F183FCB
:105BE000029F4DBFC6021B3FF8BB4BBFD17F1D3F7D
:105BF00012D149BFCBF61F3F65DE47BF9967223FF1
:105C000003E445BF25D2243F00E243BF5636273F79
:105C100070D841BF1594293F67C73FBF4AEB2B3F60
:105C2000F9AE3DBFDE3B2E3F3B8F3BBFBB85303FD8
:105C3000426839BFC9C8323F233A37BFF304353F02
:105C4000F30435BF233A373FC9C832BF4268393FF2
:105C5000BB8530BF3B8F3B3FDE3B2EBFF9AE3D3FA8
:105C60004AEB2BBF67C73F3F159429BF70D8413F10
:105C7000563627BF00E2433F25D224BF03E4453F09
:105C8000996722BF65DE473FCBF61FBF12D1493F60
:105C9000D17F1DBFF8BB4B3FC6021BBF029F4D3FCC
:105CA000C07F18BF1F7A4F3FD9F615BF3D4D513FFA
:105CB0002A6813BF4918533FCDD310BF31DB543F7F
:105CC000DA390EBFE595563F6B9A0BBF5348583FE4
:105CD0009BF508BF6AF2593F824B06BF1A945B3F9F
:105CE0003D9C03BF532D5D3FE4E700BF05BE5E3F13
:105CF000275DFCBE2146603FCBE0F6BE98C5613F04
:105D0000EA5AF1BE5A3C633FBBCBEBBE59AA643F93
:105D10007533E6BE880F663F4F92E0BED86B673F93
:105D200080E8DABE3CBF683F4136D5BEA7096A3F6E
:105D3000CA7BCFBE0C4B6B3F53B9C9BE5E836C3F71
:105D400015EFC3BE93B26D3F4A1DBEBE9ED86E3FD7
:105D50002A44B8BE73F56F3FEF63B2BE0809713FC6
:105D6000D47CACBE5213723F128FA6BE4714733F51
:105D7000E59AA0BEDD0B743F86A09ABE0BFA743F75
:105D800031A094BEC6DE753F229A8EBE07BA763F1A
:105D9000938E88BEC58B773FC07D82BEF853783F17
:105DA000CCCF78BE9812793F7F9A6CBE9DC7793F61
:105DB000135C60BE02737A3F011554BEBE147B3F74
:105DC000C2C547BECDAC7B3FCF6E3BBE283B7C3FC0
:105DD000A2102FBEC9BF7C3FB6AB22BEAC3A7D3FFE
:105DE000834016BECCAB7D3F86CF09BE24137E3FD9
:105DF00073B2FABDB0707E3F2EBCE1BD6DC47E3F74
:105E000036BDC8BD580E7F3F80B6AFBD6D4E7F3FDB
:105E100005A996BDAB847F3F742B7BBD0FB17F3F3F
:105E20002FFB48BD98D37F3F2CC316BD43EC7F3F6B
:105E3000B00AC9BC11FB7F3F900E49BC83F9A20098
:105E4000444E6E00FC291500D1572700DD34F500C3
:105E500062DBC0003C999500419043006351FE0015
:105E6000BBDEAB00B761C5003A6E2400D24D4200E4
:105E70004906E00009EA2E001C92D100EB1DFE004D
:105E800029B11C00E83EA700F535820044BB2E0076
:105E90009CE98400B4267000417E5F00D6913900F1
:105EA000538339009CF439008B5F840028F9BD00CE
:105EB000F81F3B00DEFF97000F980500112FEF0041
:105EC0000A5A8B006D1F6D00CF7E360009CB27006C
:105ED000464FB7009E663F002DEA5F00BA27750067
:105EE000E5EBC7003D7BF100F739070092528A00CD
:105EF000FB6BEA001FB15F00085D8D0030035600A8
:105F00007BFC4600F0AB6B0020BCCF0036F49A005F
:105F1000E3A91D005E619100081BE60085996500FC
:105F2000A0145F008D40680080D8FF0027734D00EB
:105F300006063100CA561500C9A873007BE260004E
:105F40006B8CC00000010000E4CF002012000000B4
:105F5000000600008A3901600A000000000200000B
:105F6000353801605501000000070000E03601608F
:105F70005501000000030000DC3601600000000055
:105F800001030904C4360160000000000203090493
:105F9000A03601600000000003030904C0CF002008
:105FA00000000000000000000000000000000000F1
:105FB00000000000000000000000FF27100032FF7A
:105FC00027100032FF27100032FF27100032000098
:105FD00000000000000000000000000000000000C1
:105FE000520100000000000000000000FF27100028
:105FF00032FF27100032FF27100032FF2710003237
:106000000000000000000000000000000000000090
:106010000000004000400040E73BE73BE73B0078E2
:106020000078007800780078000000000000000090
:10603000000000000000000000001F00FF0700F843
:1060400000F800F800F800F800F800F800F800F890
:1060500000F800F800F800F800F800F800F8FF0079
:10606000780180014302880187018C018B01920134
:1060700091019501F601990198019A013D029E0155
:106080002002A801A701AD01AC01B001AF01B90127
:10609000B801BD01BC01BF01F701C601C401C901BE
:1060A000C701CC01CA01DD018E01F301F101F50147
:1060B000F4013A02652C3C023B023E02662C42028D
:1060C000410253028101540286015602890157029E
:1060D0008A0159028F015B02900160029301630201
:1060E000940168029701690296016B02622C6F02AB
:1060F0009C0172029D0175029F017D02642C800249
:10610000A6018302A9018802AE01890244028A0223
:10611000B1018B02B2018C0245029202B7017B03EE
:10612000FD037C03FE037D03FF03AC038603C20370
:10613000A303CC038C03CD038E03CE038F03F203A2
:10614000F903F803F703FB03FA03CF04C0047D1D32
:10615000632C511F591F531F5B1F551F5D1F571F76
:106160005F1F781FF81F791FF91FB31FBC1FCC1FBB
:10617000C31FE51FEC1FFC1FF31F4E21322184219A
:106180008321612C602C762C752C0000010002000C
:1061900003000400050006000700080009001000C5
:1061A0001F001F019F013F02BF023F03BF033F04C7
:1061B000BF043F05BF053F06BF063F07FE07FA07BE
:1061C000F507F007EB07E607E207E017E03FE067B7
:1061D000E08FE0B7E0D7E0FFC0FF80FF20FFE0FEE8
:1061E00080FE40FEE0FDA0FD40FD00FDA0FC60FC47
:1061F00000FCC0FB60FB20FBC0FA80FA20FAE0F94B
:1062000080F940F9E0F8A0F840F800F802F804F846
:1062100006F808F80AF80CF80EF810F812F814F856
:1062200016F818F81AF81CF81EF81EF81EF81EF8D2
:106230003EF83EF83EF83EF85EF85EF85EF85EF82E
:106240007EF87EF83EF83EF83EF83EF85EF85EF8DE
:106250005EF85EF87EF87EF87EF87EF87EF87EF8CE
:106260007EF87EF87EF87EF87EF87EF87EF88FF86D
:106270008FF88FF86100E01AE000E017F800E007FF
:106280000001013032010106390101104A01012EDD
:106290007901010682010104A0010106B301010494
:1062A000CD010110DE010112F801012822020112C4
:1062B0004602010AAD03DB03B103E011C303E009A9
:1062C000D80301183004E0205004B010600401220B
:1062D0008A040136C104010ED00401446105D026B0
:1062E000001E0196A01E015A001F0808101F080674
:1062F000201F0808301F0808401F0806601F0808F4
:10630000701F4A02721F5604761F64027A1F7002C1
:106310007C1F7E02801F0808901F0808A01F080825
:10632000B01F0802D01F0802E01F08027021F01001
:10633000D024E61A302CD02F672C0106802C016463
:10634000002D002641FFE01A435100000102040520
:106350000607080001020303040001030200010311
:10636000020405060304050B0203041012130F11A7
:106370002F646174612F6A656E6B696E732F776F1E
:10638000726B73706163652F474E552D746F6F6C20
:10639000636861696E2F61726D2D31312F73726385
:1063A0002F6E65776C69622D63796777696E2F6EE2
:1063B00065776C69622F6C6962632F7374646C69B2
:1063C000622F6D707265632E6300534D30252B3044
:1063D00035643B534D3230253034643B00205750F8
:1063E0004D290052780054780025004D6F6E697475
:1063F0006F72696E673A2000566F6C756D653A2052
:10640000003D00636C656172696E672040205072C8
:106410006F63657373526563656976657244617411
:1064200061202E2E2E0046442530336400506861D2
:106430007365206368616E6765202E2E2E20000A2A
:1064400020202020204174206465636F64657220E1
:1064500070757368202E2E2E20000A202020202008
:106460006465636F6465722070757368206F76650C
:1064700072666C6F772000202020202020202020B2
:1064800020746D7031203D200020746D7032203DED
:1064900020002A2A2A2A2A2A20466F756E64206143
:1064A0002053796D626F6C202A2A2A2A2A2A00201A
:1064B0002E2E2E204469646E27742066696E642037
:1064C000612073796D626F6C20004572726F72206B
:1064D0005B25645D207768696C6520756E7061630B
:1064E0006B696E6721006368756E6B53697A65200E
:1064F0003D20007375624368756E6B3153697A6530
:10650000203D2000617564696F466F726D61742073
:106510003D20006E756D4368616E6E656C73203D45
:1065200020006269747350657253616D706C6520F0
:106530003D200073616D706C6552617465203D2073
:10654000007375624368756E6B3253697A65203DDE
:106550002000626C6F636B416C69676E203D2000A8
:106560006E756D5F73616D706C6573203D200062A8
:1065700079746552617465203D20005F737465789D
:10658000742020202020202020253038780A005F29
:106590006574657874202020202020202025303844
:1065A00078202B2564620A005F7364617461202087
:1065B000202020202020253038780A005F65646183
:1065C0007461202020202020202025303878202BA6
:1065D0002564620A005F73627373202020202020EC
:1065E000202020253038780A005F656273732020F0
:1065F0002020202020202025303878202B25646280
:106600000A006375727220737461636B202020200E
:1066100025303878202B2564620A005F6573746129
:10662000636B2020202020202025303878202B2547
:1066300064620A005F686561705F737461727420E0
:106640002020253038780A005F5F62726B76616CBB
:1066500020202020202025303878202B2564620A35
:10666000005F686561705F656E64202020202025D2
:10667000303878202B2564620A005F657874726177
:106680006D5F737461727420253038780A005F651D
:10669000787472616D5F656E6420202025303878D3
:1066A000202B2564620A003C4954434D3E2020259E
:1066B000303878202E2E20253038780A003C44547B
:1066C000434D3E202025303878202E2E202530388E
:1066D000780A003C52414D3E202020253038782059
:1066E0002E2E20253038780A003C464C4153483E37
:1066F0002025303878202E2E20253038780A003C8E
:10670000505352414D3E2025303878202E2E2025E2
:106710003038780A00617661696C20535441434BEC
:1067200020253864206220253564206B620A0061D0
:106730007661696C204845415020202538642062EC
:1067400020253564206B620A00617661696C2050F7
:106750005352414D20253864206220253564206B3A
:10676000620A0A0A0A0073796D436F756E74203DE0
:10677000200070736B3331436F756E74203D2000C1
:106780002C20004149303B0042553025643B0042FB
:10679000553125643B0042443025643B004244317E
:1067A00025643B00464125303131643B004642259B
:1067B000303131643B00464325303131643B004683
:1067C00052303B004654303B0049443032343B00A9
:1067D0004946253031316425303464252B30366408
:1067E0002564256425642530326425642564256488
:1067F0002564256425642530326425643B004B53B1
:106800003025643B004D4425643B004E4625303422
:10681000643B004F4D256425643B005053313B00E1
:1068200053462564253031316425643B005350259F
:10683000643B00544225643B000703823B00010097
:10684000050F010200070009070381630003030B22
:10685000DF011F00160001070381630003030BDF44
:10686000011F001600010B020B020B02B000280AE8
:10687000291B2B0952DA51D950D84FD749D14CD4C2
:106880004BD34ED64AD24DD53AC23BC33CC43DC58C
:106890003EC63FC740C841C942CA43CB44CC45CDA0
:1068A000542F2F552A2A562D2D572B2B580A0A596B
:1068B000CD315AD1325BCE335CD0345D00355ECF02
:1068C000365FCA3760D23861CB3962C93063CC2EAB
:1068D00056303439000B05000D0803000204000394
:1068E000000110030200000302010006000400067C
:1068F000050020060504001F1C1F1E1F1E1F1F1E53
:106900001F1E1F1F1C1F1E1F1E1F1F1E1F1E1F08B6
:106910001002040008100300000C180202001020EE
:106920000202004361726420697320746F6F2073E8
:106930006D616C6C2E0D0A00466F726D617420449F
:106940006F6E650D0A00466F726D61742046616955
:106950006C65640D0A0042616420636C7573746534
:106960007220636F756E740D0A0044657669636505
:1069700020697320746F6F20736D616C6C0D0A0059
:1069800057726974696E67204641542000577269D6
:1069900074696E6720757063617365207461626CE1
:1069A000650D0A0057726974696E6720726F6F74A3
:1069B0000D0A00466F726D617420646F6E650D0A7A
:1069C00000466F726D6174206661696C65640D0AC2
:1069D000004558464154004D6F757365436F6E74A2
:1069E000726F6C6C657220436F6E74726F6C6C6545
:1069F000723A3A636C61696D5F626C7565746F6F52
:106A00007468202D20436C6173732025780A004D33
:106A10006F757365436F6E74726F6C6C65723A3A22
:106A2000636C61696D5F626C7565746F6F7468200B
:106A3000545255450A004D6F757365436F6E7472FD
:106A40006F6C6C65723A3A62745F636C61696D5F1A
:106A5000636F6C6C656374696F6E282570292043C1
:106A60006F6E6E656374696F6E3A257020636C613A
:106A700073733A257820546F703A25780A00094DCF
:106A80006F757365436F6E74726F6C6C65722063A3
:106A90006C61696D20636F6C6C656374696F6E0AFD
:106AA00000504C415953544154494F4E28522933B8
:106AB000000A2021212121212121212121212042DF
:106AC0006C7565746F6F7468436F6E74726F6C6C05
:106AD00065723A3A71756575655F446174615F54BA
:106AE00072616E736665722063616C6C6564207799
:106AF000697468206261642064617461206C696EED
:106B0000653A2025750A000920706970653A25707C
:106B1000206275666665723A2570206C656E3A254E
:106B200075206472697665723A25700A006E616E2E
:106B300000696E66006F76660048656C6C6F2C208D
:106B400049276D20726573657474696D65720044C0
:106B500065626F756E63652054696D6572002C20E7
:106B600066756E6374696F6E3A2000617373657247
:106B700074696F6E2022257322206661696C6564DA
:106B80003A2066696C6520222573222C206C696E80
:106B900065202564257325730A0042616C6C6F6360
:106BA00020737563636565646564002F6461746157
:106BB0002F6A656E6B696E732F776F726B7370617E
:106BC00063652F474E552D746F6F6C636861696EF6
:106BD0002F61726D2D31312F7372632F6E65776C5B
:106BE00069622D63796777696E2F6E65776C69626C
:106BF0002F6C6962632F7374646C69622F676474AD
:106C00006F612D6765746865782E630030313233AB
:106C10003435363738396162636465666768696A36
:106C20006B6C6D6E6F707172737475767778797A3C
:106C3000000020202020202020202028282828286C
:106C40002020202020202020202020202020202044
:106C5000202088101010101010101010101010109C
:106C6000101004040404040404040404101010109C
:106C70001010104141414141410101010101010157
:106C800001010101010101010101010101101010C7
:106C9000101010424242424242020202020202022A
:106CA000020202020202020202020202021010109A
:106CB00010200000000000000000000000000000A4
:106CC00000000000000000000000000000000000C4
:106CD00000000000000000000000000000000000B4
:106CE00000000000000000000000000000000000A4
:106CF0000000000000000000000000000000000094
:106D00000000000000000000000000000000000083
:106D10000000000000000000000000000000000073
:106D20000000000000000000000000000000000063
:106D30000000496E66696E697479004E614E002FDD
:106D4000646174612F6A656E6B696E732F776F7201
:106D50006B73706163652F474E552D746F6F6C6355
:106D60006861696E2F61726D2D31312F7372632FDF
:106D70006E65776C69622D63796777696E2F6E65D2
:106D8000776C69622F6C6962632F7374646C6962DB
:106D90002F64746F612E63003031323334353637EF
:106DA0003839414243444546003031323334353678
:106DB00037383961626364656600504F5349580043
:106DC000232D302B2000686C4C00656667454647D4
:106DD000002B2D2E2F3F005220005252373300003F
:106DE000000000003E5B4F5B3E3E6B4F6B3E1C3E27
:106DF0007C3E1C183C7E3C181C577D571C1C5E7F3B
:106E00005E1C00183C1800FFE7C3E7FF00182418B9
:106E100000FFE7DBE7FF30483A060E2629792926EE
:106E2000407F050507407F05253F5A3CE73C5A7FD8
:106E30003E1C1C08081C1C3E7F14227F22145F5F2E
:106E4000005F5F06097F017F006689956A60606068
:106E5000606094A2FFA29408047E040810207E20A3
:106E60001008082A1C08081C2A08081E10101010F8
:106E70000C1E0C1E0C30383E3830060E3E0E06003E
:106E80000000000000005F00000007000700147F02
:106E9000147F14242A7F2A12231308646236495669
:106EA00020500008070300001C2241000041221C62
:106EB000002A1C7F1C2A08083E0808008070300049
:106EC0000808080808000060600020100804023E5E
:106ED0005149453E00427F4000724949494621419F
:106EE000494D331814127F1027454545393C4A490E
:106EF000493141211109073649494936464949294D
:106F00001E0000140000004034000000081422415C
:106F10001414141414004122140802015909063EE5
:106F2000415D594E7C1211127C7F494949363E41E0
:106F30004141227F4141413E7F494949417F090901
:106F400009013E414151737F0808087F00417F419C
:106F5000002040413F017F081422417F40404040D3
:106F60007F021C027F7F0408107F3E4141413E7F2B
:106F7000090909063E4151215E7F09192946264922
:106F800049493203017F01033F4040403F1F2040F9
:106F9000201F3F4038403F63140814630304780403
:106FA000036159494D43007F4141410204081020CB
:106FB000004141417F040201020440404040400042
:106FC0000307080020545478407F2844443838444C
:106FD000444428384444287F385454541800087EC8
:106FE000090218A4A49C787F0804047800447D401A
:106FF000002040403D007F1028440000417F4000B9
:107000007C047804787C080404783844444438FCD0
:107010001824241818242418FC7C08040408485454
:1070200054542404043F44243C4040207C1C204011
:10703000201C3C4030403C44281028444C90909008
:107040007C4464544C440008364100000077000042
:10705000004136080002010204023C2623263C1EA1
:10706000A1A161123A4040207A3854545559215513
:107070005579412154547841215554784020545534
:1070800079400C1E52721239555555593954545481
:107090005939555454580000457C410002457D4201
:1070A0000001457C40F0292429F0F0282528F07CB7
:1070B000545545002054547C547C0A097F49324978
:1070C0004949323248484832324A4848303A4141C8
:1070D000217A3A42402078009DA0A07D3944444462
:1070E000393D4040403D3C24FF2424487E494366CE
:1070F0002B2FFC2F2BFF0929F620C0887E090320A7
:10710000545479410000447D413048484A32384067
:1071100040227A007A0A0A727D0D19317D262929CA
:107120002F28262929292630484D402038080808CC
:107130000808080808382F10C8ACBA2F102834FAED
:1071400000007B000008142A142222142A1408AA22
:10715000005500AAAA55AA55AA000000FF00101069
:1071600010FF00141414FF001010FF00FF1010F0A7
:1071700010F0141414FC001414F700FF0000FF00BA
:10718000FF1414F404FC141417101F10101F101F08
:107190001414141F00101010F0000000001F101035
:1071A00010101F10101010F010000000FF10101031
:1071B000101010101010FF10000000FF140000FF4E
:1071C00000FF00001F10170000FC04F41414171037
:1071D000171414F404F40000FF00F714141414142A
:1071E0001414F700F7141414171410101F101F14A0
:1071F0001414F4141010F010F000001F101F000001
:10720000001F14000000FC140000F010F01010FF2C
:1072100010FF141414FF141010101F00000000F0D1
:1072200010FFFFFFFFFFF0F0F0F0F0FFFFFF0000A6
:10723000000000FFFF0F0F0F0F0F38444438447C4D
:107240002A2A3E147E02020606027E027E02635550
:107250004941633844443C04407E201E2006027E9F
:10726000020299A5E7A5991C2A492A1C4C720172B1
:107270004C304A4D4D303048784830BC625A463D1B
:107280003E494949007E0101017E2A2A2A2A2A44D0
:10729000445F444440514A444040444A5140000005
:1072A000FF0103E080FF000008086B6B0836123610
:1072B0002436060F090F06000018180000001010F1
:1072C000003040FF0101001F01011E00191D1712AF
:1072D000003C3C3C3C0000000000000103020100B7
:1072E00002030203010003020001000103024A5EDF
:1072F00089B4B08A7955BE2803010400060502004E
:1073000001030205060407102D4919333E213A4EA8
:10731000012C2D02073D030636042330050D150808
:10732000384F0940450A13420B243C0C253A0E20E5
:107330002B0F3F50111C4D124A53163551171E2268
:10734000181F281A294C1B39461D314103264E05AA
:1073500027522E324933344A3747482C43482B446E
:107360004E01203B020647041036074143081E2AFF
:1073700009161F0A124C0B17520C1C3D0D344F0EF0
:1073800032330F5153111D3C132140141A49152259
:1073900028181B4D19373A233542243044252E4BEB
:1073A000262D2F27394529383E1431352E343F2DCF
:1073B000464B1B2350010F1E024450032433041C70
:1073C00033051F38061425072852083C45090A31A1
:1073D0000B2C390C273B0D18370E154110474E1159
:1073E0001E4C121950133D5316264D172932071AF9
:1073F0003A1D20512128491222300D2A40051A2B0E
:107400002F45483637462D3E440A3F430E42481624
:107410003C4A23274F012E40011842020546031F14
:107420004104313A010405063C4307204B08305221
:107430000923290A273E0B0E3D0C474A0D174E0B18
:1074400023370F104F07091011363F123239131E20
:107450002F144050151C4516192B0D1625022F33DD
:1074600017364A1A22481B242515243F1D282C13A1
:107470001A39032E520E0F3A2134351E2B340609C9
:10748000341B214119454926375314274D121D3805
:107490002030472A333B1C2C4F223C3E1F2D3D2ED3
:1074A000444D06184C080A4E2829461132352A4206
:1074B000440416482440510D1D2F020851384349F9
:1074C0000526320C26403B4850031A4F2D4C5101E3
:1074D000414A07124D0B383B0E27361025420A1C35
:1074E000370F3C46111952141E1F0C4344174B50C2
:1074F0001B203E18454B13154722353D232E2F21C7
:107500003B4C282B53292A3F314B53142C302A3122
:1075100039041F3B5B5C609905203C5D739200065B
:10752000183D5E7A970007213E5F608F0008193F83
:10753000535D6094062040617E8A000522414E62C0
:107540006B9A092342638B92000A2443646B7E008A
:107550000B254357658B9E0C264466699B000D27BF
:10756000456795A200082846526872910E2947582F
:10757000667B9C0F2A3B6A7B9F000121486A6B9DBA
:1075800000102B496C8DA00011254A516D839A0B78
:107590002C4B6E79A6002D37406F82A1AD082E4787
:1075A0007077A60012244C5971728F13264D68749F
:1075B000A300142F465C8AA50002304A7180A00007
:1075C000152D4E53757997162F3A767FA400102704
:1075D0003E70869E00172B4F7883910013233B4902
:1075E0006E7DA114243F5E88A1000E1F4F6284A40B
:1075F00000032C507C7FA900132E517587A700072C
:10760000313A5A6469A80C323D767790000D3340C8
:1076100072769D0018344C819495001935455A6551
:10762000829C142E4150788CAA15364D648CAB0088
:107630002352858EABAE000E1E53717DAA00041D31
:10764000447886AD00010434395688981A33385B83
:107650007A89A834546E7391A8000732516384ADBF
:10766000001737435FACAE001A294D6D8D940002B0
:107670001B293D3E73851B28387C7D7E00123137E7
:107680007C8DA7000621556C749C001C3046556902
:10769000819E09363F83939B001635446D79AE0079
:1076A000030D304E5F7B001F4585969BA9000C2B78
:1076B000425961879F05274B6688A70002365665A9
:1076C00087A4000F38576C77AB000A2C525B6F9081
:1076D000951722475E7F99000B31585C8E9D001DE7
:1076E00022576193A2001E323C56898EA20A35426F
:1076F000547080A51639555D8C9F001C2048678406
:10770000A6001C1D5458758F96011A2D50809300A9
:10771000111B5967749900333962A3A5AC00152574
:10772000498A98A900102F4C82899A0003181E4894
:10773000688B0009285A6A8697000F3A3C4A6F9670
:10774000A3122A4F90929800192641637AA0001143
:107750002A4B81AAAC00070606060706070606079D
:1077600006060707060606070607060706060607B3
:1077700006060607060606060706060607070606A5
:107780000606070706060606070606060706060695
:107790000607060606070606060707060607060684
:1077A0000606060606070606068329CE11BF31EA3D
:1077B000F509F27FC0761C264E25C2593354931327
:1077C00020DC265902FB277C6410A1BDC01B3F4171
:1077D0007858CD2DD33EC7F62009FDA4FEE0419593
:1077E000FD034783A0077CCCC11B8873ED5C3D483B
:1077F000A029B62AFE3CA036F4FE1A9DA06054FAD9
:10780000F5F35D96D3B0C8C3E0E20798E4310EED1E
:1078100027884AE900775C9C08E80E26DDAE5631E1
:1078200080B0B811028C2BF997213487C018A0C9F9
:10783000231FC60ADF5C5EA32076471E8302A07268
:107840001E01B12B80FFBCCB80CA8341FAFB47B23B
:10785000E066A72A158F9325A2BF671700C42436B8
:1078600089FE85B1C51363A1800DFF739414D1A166
:10787000B34B1C270015B48830636C8B998949720F
:10788000E029A89C0D3DE81D665489B0E04F126FB9
:1078900037FA51CBE61BD6B94099C47239D0D97D9D
:1078A0003C84E094001919B75119765621BB4F1E3C
:1078B0008009DB12D731FAEE0B86DF6B80488FC36D
:1078C0003DF43FBDEEA4EAFB40827423EE40B67562
:1078D000F756EB5FE0ABE197C484CB74757144A9B4
:1078E000A02B500E4BC0EC5A6D2BDBDD00C474AAEC
:1078F00053D7021876166936008EBA1A13DB339006
:10790000BD6718CEC0753844673A27782CC420125A
:10791000E006FF83A145C37035A5C126803B3741F2
:107920007858CC2DD33EC3F6209A4A5A28EE17CA6F
:107930009C324842C0BC29F465309C977E89610A1C
:10794000402663AE6DDF8B5CE2BB29488046F23196
:10795000EFE457034C181441803FB2CE85ABE9B039
:10796000C72E06FBE0DE87481F282C153971A0A220
:10797000E0FCD7CCF23C69FA99BBA14120F0261477
:1079800047E9490CA8E474CEC04410115818196F87
:1079900095CDD70120088FC31DF4BFBDE2A4EAFB3B
:1079A00040B8FEF1B6307729FB0A078C005AFEA7D3
:1079B000ACCCB77BBC9D99A90049A7016AC653F618
:1079C0005ECDC907601944D085BE4E7DA8D6CC7D5A
:1079D00000251F62ADC4032F0EE714002056471F79
:1079E0008702A0721E00B12B802B8E4923F2DD513D
:1079F000E2D537FA006B550A40A66F4755DE95C2AF
:107A000060A18AD28D4E27FE92A4F6C84010C2E52E
:107A100086388CB82A3D807580EF34A41817EE02A2
:107A2000133DB2EB007E9C0C54325A9C15836E00C1
:107A3000003693E572D1FDE4CDF079E860BFB2CEB7
:107A4000C5ABE1B0C72E07FBE07EE18230C583CC39
:107A5000CC57D4B080A066CB2FEDAFC9F526641209
:107A600060BB23725ABC47CC5F4CC4CD20DED9DB4F
:107A7000A3BEE40C59B5609B40D9A7016AC653E682
:107A8000DECDC903609AD46AED5F707F280AB5FC29
:107A900040E5921C77822587316D7D3C204F14DABA
:107AA0008242A8B86DCA7335208B8B507AD467D4C4
:107AB000441DF770E022831C9CF1169467AD04B658
:107AC00080213B838FE2AE54C38EE718005D926B3A
:107AD0006DD71F085181A4E12066AB79D4B29EE630
:107AE000E69509E560958148682D748A38DD68BAA5
:107AF000A0B8CE020CF069C32A723AB140F4331D2B
:107B00006D461607E9575274606DA23BA424B9591B
:107B10006133CF9C80A636BCBC7B30C5FBEAE67FD8
:107B2000E05CB0D86A07DF654A9089A200F11F10B7
:107B30006848780FC9ECDD80A01FBB5364FB8D2C17
:107B40009D730D5BA0FCB86BC70A50C9D02A5D03BA
:107B500040A534433029EAC15F322E34C0C989D9E7
:107B6000C7C3D3B8C55D7513007BB38B2F0186D413
:107B70006643AE96202644EBADEB44B9467D1F42EA
:107B8000C0608CC857594BFBB55D6960002C5E74B2
:107B900060616264346667656E362D3738271E1F54
:107BA000202122232425267333762E77785F4445BF
:107BB000464748494A4B4C4D4E4F505152535455ED
:107BC000565758595A5B5C5D2F3130636D3504054B
:107BD000060708090A0B0C0D0E0F101112131415CD
:107BE000161718191A1B1C1D6F7170752A6B697393
:107BF0007320666674207573616765206572726FA5
:107C0000723A20696D70726F70657220616C6C6F72
:107C1000630A005265616C20464654206F70746997
:107C20006D697A6174696F6E206D75737420626519
:107C3000206576656E2E0A003C2E2E2E3E004552A3
:107C4000524F523A206E3220657863656564732026
:107C50003633202D2025640A00434D3837002D454A
:107C6000495348352D2D342D2D562D2D2D332D2DA9
:107C700055462D2D2D2D2D2D2D2D3F2D322D2D41C8
:107C8000524C2D2D2D2D2D2D2D2D2D2E2D2D2E57B4
:107C9000502D2D2D2D2D2D4A2D2D2D312D2D544E88
:107CA0004442362D2D2E2D2D582F2D2D2D2D2D4B83
:107CB000432D2D2D2D2D2D592D2D2D2D2D2D4D4778
:107CC0005A372D2D2D2D2C512D2D2D2D2D2D4F2D68
:107CD000382D2D2D2D2D2D392D2D302D2D2D2D00E7
:107CE0002D2D2D2D2D20454550524F4D2050617288
:107CF000616D65746572733A202D2D2D2D2D005602
:107D0000657273696F6E20202020202020202020A3
:107D10002020202020202020202020202020203D46
:107D200020004147434D6F64652020202020202003
:107D30002020202020202020202020202020202043
:107D400020203D2000617564696F566F6C756D650C
:107D50002020202020202020202020202020202023
:107D600020202020203D200072664761696E416C12
:107D70006C42616E6473202020202020202020206F
:107D800020202020202020203D2000737065637477
:107D900072756D4E6F697365466C6F6F722020202F
:107DA00020202020202020202020203D200074752D
:107DB0006E65496E646578202020202020202020D8
:107DC00020202020202020202020202020203D2096
:107DD000007472616E736D6974506F7765724C6573
:107DE00076656C20202020202020202020202020AC
:107DF0002020202020202020203D20007261646966
:107E00006F4D6F646520202020202020202020201E
:107E100020202020202020202020202020203D2045
:107E2000006E724F7074696F6E53656C6563742079
:107E30002020202020202020202020202020202042
:107E4000203D200063757272656E745363616C65CA
:107E50002020202020202020202020202020202022
:107E6000202020203D2000737065637472756D5A68
:107E70006F6F6D2020202020202020202020202017
:107E80002020202020203D200073706563745F64F3
:107E90006973706C61795F7363616C652020202069
:107EA0002020202020202020203D20002D2D2D2DA1
:107EB0002D20435720506172616D65746572733A6D
:107EC000202D2D2D2D2D00637746696C7465724928
:107ED0006E64657820202020202020202020202073
:107EE000202020202020203D2000706164646C65EB
:107EF00044616820202020202020202020202020D5
:107F0000202020202020202020203D20007061649F
:107F1000646C6544697420202020202020202020CB
:107F2000202020202020202020202020203D200054
:107F30006465636F646572466C6167202020202051
:107F40002020202020202020202020202020202031
:107F50003D20006B65795479706520202020202019
:107F60002020202020202020202020202020202011
:107F70002020203D2000776F7264735065724D6938
:107F80006E757465202020202020202020202020B5
:107F90002020202020203D200073696465746F6ECE
:107FA00065566F6C756D65202020202020202020D4
:107FB0002020202020202020203D200063775472A4
:107FC000616E736D697444656C6179202020202096
:107FD0002020202020202020202020203D20002D97
:107FE0002D2D2D2D2043757272656E74204672659D
:107FF0007175656E6369657320262042616E6473D6
:108000003A202D2D2D2D2D0061637469766556461D
:108010004F20202020202020202020202020202031
:1080200020202020202020203D20006672657149FC
:108030006E6372656D656E742020202020202020E4
:1080400020202020202020202020203D200063759B
:108050007272656E7442616E6420202020202020A0
:1080600020202020202020202020202020203D20F3
:108070000063757272656E7442616E6441202020E7
:1080800020202020202020202020202020202020F0
:10809000203D200063757272656E7442616E6442A9
:1080A00020202020202020202020202020202020D0
:1080B000202020203D200063757272656E74467228
:1080C00065714120202020202020202020202020F9
:1080D000202020202020203D200063757272656ED4
:1080E000744672657142202020202020202020200C
:1080F000202020202020202020203D2000667265A6
:1081000071436F7272656374696F6E466163746FF9
:10811000722020202020202020202020203D200010
:108120002D2D2D2D2D20457175616C697A6572207C
:10813000506172616D6574657273202D2D2D2D2D2A
:10814000002020202020202020202020202020204F
:10815000657175616C697A65725265635B00202098
:108160002020202020202020202020202065717524
:10817000616C697A6572586D745B002D2D2D2D2D03
:10818000204D696320436F6D70726573736F722049
:10819000506172616D6574657273202D2D2D2D2DCA
:1081A000006D6963436F6D7072657373696F6E20E4
:1081B00020202020202020202020202020202020BF
:1081C000203D200063757272656E744D6963436F64
:1081D0006D70526174696F202020202020202020A3
:1081E000202020203D200063757272656E744D69F9
:1081F0006341747461636B202020202020202020A4
:10820000202020202020203D200063757272656EA2
:10821000744D696352656C65617365202020202070
:10822000202020202020202020203D200063757267
:1082300072656E744D69634761696E20202020204D
:10824000202020202020202020202020203D200031
:108250002D2D2D2D2D20537769746368204D617469
:108260007269782056616C756573202D2D2D2D2D2A
:10827000002020202020202020202020202020201E
:1082800073776974636856616C7565735B002D2D37
:108290002D2D2D2046696C74657220506172616DC0
:1082A0006574657273202D2D2D2D2D004C504620A8
:1082B000636F65666620202020202020202020205B
:1082C0002020202020202020202020203D20004E83
:1082D000525F5053492020202020202020202020A1
:1082E0002020202020202020202020202020203D71
:1082F00020004E525F616C70686120202020202099
:10830000202020202020202020202020202020206D
:1083100020203D20004E525F6265746120202020A5
:10832000202020202020202020202020202020204D
:1083300020202020203D20004E525F6F6D65676138
:10834000202020202020202020202020202020202D
:1083500020202020202020203D2000706C6C5F66B3
:108360006D61782020202020202020202020202027
:1083700020202020202020202020203D20002D2DE6
:108380002D2D2D20506F776572204F75742043611D
:108390006C6962726174696F6E20506172616D65A3
:1083A00074657273202D2D2D2D2D0020202020206E
:1083B00020202020202020202020202020706F77C7
:1083C00065724F757443575B0020202020202020C9
:1083D00020202020202020202020706F7765724FE1
:1083E00075745353425B0020202020202020202041
:1083F0002020204357506F77657243616C4661635C
:10840000746F725B0020202020202020202020205C
:10841000535342506F77657243616C466163746F6A
:10842000725B002D2D2D2D2D20492F512043616C85
:108430006962726174696F6E20506172616D6574FA
:10844000657273202D2D2D2D2D00204951416D7009
:108450006C6974756465436F7272656374696F6E7D
:10846000466163746F725B002020202020495150C8
:1084700068617365436F7272656374696F6E46619C
:1084800063746F725B00495158416D706C6974750B
:108490006465436F7272656374696F6E466163747D
:1084A0006F725B002020202049515850686173652D
:1084B000436F7272656374696F6E466163746F7245
:1084C0005B002D2D2D2D2D204661766F7269746510
:1084D000204672657175656E63696573202D2D2D5B
:1084E0002D2D002020202020202020202020202092
:1084F000206661766F7269746546726571735B00A0
:108500002D2D2D2D2D204C617374204672657175B3
:10851000656E63696573202D2D2D2D2D0020202083
:10852000202020202020206C6173744672657175B4
:10853000656E636965735B005D5B305D203D2000A7
:108540005D5B315D203D200063656E74657246722F
:108550006571202020202020202020202020202085
:1085600020202020202020203D20006D61704669C1
:108570006C654E616D652020202020202020202069
:1085800020202020202020202020203D20006D7948
:1085900043616C6C202020202020202020202020DF
:1085A00020202020202020202020202020203D20AE
:1085B000006D7954696D655A6F6E6520202020200A
:1085C00020202020202020202020202020202020AB
:1085D000203D200073657061726174696F6E43683D
:1085E0006172616374657220202020202020202089
:1085F000202020203D2000706164646C65466C6919
:10860000702020202020202020202020202020201A
:10861000202020202020203D2000736443617264CC
:1086200050726573656E7420202020202020202049
:10863000202020202020202020203D20006D794C6B
:108640006174202020202020202020202020202095
:10865000202020202020202020202020203D20001D
:108660006D794C6F6E672020202020202020202054
:1086700020202020202020202020202020202020FA
:108680003D2000202020202020202063757272656C
:108690006E744E6F697365466C6F6F725B005D2020
:1086A0002020203D2000636F6D70726573736F72C0
:1086B000466C6167202020202020202020202020C0
:1086C0002020202020203D20002D2D2D2D2D204547
:1086D0006E6420454550524F4D20506172616D656A
:1086E00074657273202D2D2D2D2D0073662E626DF5
:1086F00070005053543A2000596F75722043616CDA
:108700006C00454550524F4D446174612E76657240
:1087100073696F6E53657474696E6773203D2000D2
:10872000454550524F4D446174612E4147434D6F52
:108730006465203D2000454550524F4D44617461B1
:108740002E617564696F566F6C756D65203D2000F4
:10875000454550524F4D446174612E7266476169C0
:108760006E416C6C42616E6473203D200045455043
:10877000524F4D446174612E737065637472756DF0
:108780004E6F697365466C6F6F72203D20004545E2
:1087900050524F4D446174612E74756E65496E641C
:1087A0006578203D2000454550524F4D446174612D
:1087B0002E7472616E736D6974506F7765724C655B
:1087C00076656C203D2000454550524F4D44617404
:1087D000612E726164696F4D6F6465203D203000C9
:1087E000454550524F4D446174612E6E724F707406
:1087F000696F6E53656C656374203D20004545507C
:10880000524F4D446174612E63757272656E74537C
:1088100063616C65203D2000454550524F4D4461D9
:1088200074612E737065637472756D5A6F6F6D200D
:108830003D2000454550524F4D446174612E737088
:1088400065637472756D5F646973706C61795F7371
:1088500063616C65203D2000454550524F4D446199
:1088600074612E637746696C746572496E646578CD
:10887000203D2000454550524F4D446174612E709B
:108880006164646C65446974203D20004545505224
:108890004F4D446174612E706164646C654461681D
:1088A000203D2000454550524F4D446174612E6477
:1088B00065636F646572466C6167203D20004545C5
:1088C00050524F4D446174612E6B657954797065D7
:1088D000203D2000454550524F4D446174612E6348
:1088E000757272656E7457504D203D20004545509D
:1088F000524F4D446174612E73696465746F6E6587
:10890000566F6C756D65203D2000454550524F4DAA
:10891000446174612E63775472616E736D6974443F
:10892000656C6179203D2000454550524F4D4461B2
:1089300074612E61637469766556464F203D203020
:1089400000454550524F4D446174612E6672657109
:10895000496E6372656D656E74203D20004545501B
:10896000524F4D446174612E63757272656E74422C
:10897000616E64203D2000454550524F4D44617466
:10898000612E63757272656E7442616E6441203D42
:108990002000454550524F4D446174612E637572FD
:1089A00072656E7442616E6442203D200045455000
:1089B000524F4D446174612E63757272656E7446D8
:1089C00072657141203D2000454550524F4D446134
:1089D00074612E63757272656E74467265714220A1
:1089E0003D2000454550524F4D446174612E6672E2
:1089F0006571436F7272656374696F6E466163740B
:108A00006F72203D2000454550524F4D44617461C6
:108A10002E657175616C697A65725265635B00459C
:108A20004550524F4D446174612E657175616C699A
:108A30007A6572586D745B00454550524F4D4461E4
:108A400074612E63757272656E744D6963546872D9
:108A50006573686F6C64203D2000454550524F4D52
:108A6000446174612E63757272656E744D696343FF
:108A70006F6D70526174696F203D20004545505202
:108A80004F4D446174612E63757272656E744D69E9
:108A90006341747461636B203D2000454550524F23
:108AA0004D446174612E63757272656E744D6963B5
:108AB00052656C65617365203D2000454550524FFD
:108AC0004D446174612E63757272656E744D696395
:108AD0004761696E203D2000454550524F4D44612D
:108AE00074612E73776974636856616C7565735B26
:108AF00000454550524F4D446174612E4C504663C1
:108B00006F656666203D20004550524F4D446174AC
:108B1000612E4E525F505349203D20004545505232
:108B20004F4D446174612E4E525F616C70686120DC
:108B30003D2000454550524F4D446174612E4E52C8
:108B40005F62657461203D2000454550524F4D44A1
:108B50006174612E6F6D6567614E203D2000454553
:108B600050524F4D446174612E706C6C5F666D6144
:108B700078203D2000454550524F4D446174612E90
:108B80004357506F77657243616C696272617469B3
:108B90006F6E466163746F725B00454550524F4D76
:108BA000446174612E535342506F77657243616C18
:108BB0006962726174696F6E466163746F725B00A3
:108BC000454550524F4D446174612E4951416D707D
:108BD000436F7272656374696F6E466163746F721E
:108BE0005B00454550524F4D446174612E495150D0
:108BF00068617365436F7272656374696F6E466115
:108C000063746F725B00454550524F4D446174610F
:108C10002E495158416D70436F7272656374696F6C
:108C20006E466163746F725B00454550524F4D4410
:108C30006174612E4951585068617365436F727257
:108C4000656374696F6E466163746F725B0045455E
:108C500050524F4D446174612E6661766F72697433
:108C60006546726571735B00454550524F4D4461D6
:108C700074612E6C6173744672657175656E63699B
:108C800065735B00454550524F4D446174612E63DE
:108C9000656E74657246726571203D2000454550D1
:108CA000524F4D446174612E6D617046696C654E22
:108CB000616D65203D2000454550524F4D44617423
:108CC000612E6D7943616C6C203D2000454550520A
:108CD0004F4D446174612E6D7954696D655A6F6EA4
:108CE00065203D2000454550524F4D446174612E32
:108CF00073657061726174696F6E436861726163FC
:108D0000746572203D2000454550524F4D446174BA
:108D1000612E706164646C65466C6970203D200052
:108D2000454550524F4D446174612E7364436172E6
:108D30006450726573656E74203D20004545505245
:108D40004F4D446174612E6D794C6174203D20005B
:108D5000454550524F4D446174612E6D794C6F6E94
:108D600067203D2000454550524F4D446174612EAF
:108D700063757272656E744E6F697365466C6F6F62
:108D8000725B00454550524F4D446174612E636FD4
:108D90006D70726573736F72466C6167203D200061
:108DA000534420636172642063616E6E6F7420624D
:108DB0006520696E697469616C697A65642E002D3D
:108DC0002D2D2D2D20537461727420534420454560
:108DD00050524F4D2046696C652044756D70202DB2
:108DE0002D2D2D2D2D006572726F72206F70656EA6
:108DF000696E67205344454550524F4D446174613C
:108E00002E747874005374726169676874204B65BE
:108E100079004B657965720043616E63656C003063
:108E20002E386B487A00312E306B487A00312E3361
:108E30006B487A00312E386B487A00322E306B48FE
:108E40007A00204F666620005269676874203D20D2
:108E5000646168005269676874203D206469740029
:108E600057504D004B657920547970650043572069
:108E700046696C74657200506164646C6520466C70
:108E800069700053696465746F6E6520566F6C007D
:108E9000586D69742044656C617900506F77657214
:108EA000206C6576656C0056464F20410056464F53
:108EB00020420053706C69740053617665204375DD
:108EC0007272656E74005365742044656661756CDA
:108ED000747300476574204661766F72697465002B
:108EE000536574204661766F72697465004545501C
:108EF000524F4D2D2D3E53440053442D2D3E45459C
:108F000050524F4D0053442044756D70004F6666BB
:108F1000004C6F6E6700536C6F77004D6564697528
:108F20006D00466173740032302064422F756E69A3
:108F3000740031302064422F756E69740020352032
:108F400064422F756E69740020322064422F756E62
:108F500069740020312064422F756E697400536576
:108F600074204D6963204761696E004F6E00536540
:108F700074205468726573686F6C64004551536562
:108F800074004357205077720053534220504100E1
:108F900049510054776F20546F6E650053686F77A6
:108FA000204D6170005365742050726566697800C9
:108FB0004357204F7074696F6E73005246204F7094
:108FC00074696F6E730056464F2053656C65637409
:108FD0000041474300537065637472756D204F7094
:108FE00074696F6E73004D696320436F6D70004547
:108FF00051205265632053657400455120586D74AB
:10900000205365740043616C69627261746500424B
:10901000656172696E6700426561636F6E204D6FB6
:109020006E69746F720057504D3A00566F6C756DD3
:10903000653A0044656C61793A005265636569760A
:109040006520457175616C697A6572005472616E54
:10905000736D697420457175616C697A657200433E
:109060006F6D7072657373696F6E3A0042617365FC
:1090700064206F6E2064657369676E2062793A20A0
:10908000416C2050657465722C204143384759204B
:10909000616E64204A61636B2050757264756D2C3B
:1090A0002057385445450042793A20546572726120
:1090B0006E636520526F62657274736F6E2C204B05
:1090C0004E365A44450056657273696F6E3A2000F9
:1090D0005434312D45500038304D0034304D00327D
:1090E000304D0031374D0031354D0031324D0031BA
:1090F000304D00586D6974206F66667365743A0070
:109100004E6F2053442063617264206F722063614C
:109110006E6E6F7420626520696E697469616C6936
:109120007A65642E0043510052525200252E31338D
:109130007320252E31337320252E36730066743844
:109140005F372E7761760052252B303364004669F5
:109150006C65206E6F7420666F756E6400424D50B2
:1091600020666F726D6174206E6F74207265636F1C
:10917000676E697A65642E00556E69746564204E69
:109180006174696F6E730020345531554E20004E66
:10919000657720596F726B2020202000464E3330B7
:1091A00061730057324E0043616E6164612020207C
:1091B0002020202020002056453841542000496EB0
:1091C0007576696B2C204E5420200043503338674D
:1091D000680042430043616C69666F726E6961208A
:1091E00020202000205736575820004D7420556D00
:1091F000756E68756D202000434D393762640057E5
:1092000036460048617761696920202020202020AF
:109210002000204B4836525320004D6175692020B4
:1092200020202020202000424C31307473004B4815
:1092300036004E6577205A65616C616E642020208F
:1092400000205A4C364220004D6173746572746F71
:109250006E20202000524537387477005A4C004168
:1092600075737472616C6961202020202000205683
:109270004B365242502000526F6C7973746F6E659A
:10928000202020004F463837617600564B36004A82
:109290006170616E20202020202020202000204AA4
:1092A000413249475920004D74204173616D61205E
:1092B00020202000504D38346A6B004A410052751E
:1092C000737369612020202020202020002052522A
:1092D000394F20004E6F766F7369626972736B202D
:1092E000004E4F31346B7800554100486F6E672057
:1092F0004B6F6E67202020202000205652324220E3
:1093000000486F6E67204B6F6E67202020004F4C27
:10931000373262670056533600537269204C616ED3
:109320006B6120202020200020345337422000434E
:109330006F6C6F6D626F2020202020004D4A3936FF
:10934000777600345300536F7574682041667269F4
:109350006361202000205A5336444E20005072652D
:10936000746F72696120202020004B473333786985
:10937000005A53004B656E79612020202020202068
:1093800020200020355A344220004B696B757975D6
:10939000202020202020004B493838687200355AA0
:1093A0000049737261656C2020202020202020005D
:1093B000203458365455200054656C204176697627
:1093C00020202020004B4D37326A6200345800467E
:1093D000696E6C616E642020202020202000204FC8
:1093E00048324220004C6F686A61202020202020F3
:1093F00020004B5032306568004F48004D61646575
:109400006972612020202020202000204353334215
:10941000200053616F204A6F726765202020004949
:109420004D31326A740043543300417267656E7483
:10943000696E61202020202000204C5534414120BD
:10944000004275656E6F732041697265730047460F
:109450003035746A004C550050657275202020200C
:1094600020202020202000204F41344220004C6941
:109470006D61202020202020202000464831376DBB
:1094800077004F410056656E657A75656C612020E6
:10949000202020002059563542200043617261632C
:1094A0006173202020202000464A3639636300592A
:1094B00056003230003137003130005350004D65D6
:1094C0006E752B005E007C005A6F6F6D203C2D2066
:1094D00020202D3E2042616E642D0044656D6F6436
:1094E0000053656C6563743A20456E74657220683C
:1094F0006967686C69676874656420636861722075
:10950000002055736572333A20446F6E6500456ED6
:109510007465722063616C6C207072656669783A5C
:10952000200042656172696E673A20200020204465
:10953000697374616E63653A2000206B6D00436F40
:10954000756E747279206E6F7420666F756E64002C
:109550004E6F20534420636172642E004E6F204D85
:1095600061707320666F756E640053656C6563741B
:10957000206D61702066696C653A00696E69746976
:10958000616C697A6174696F6E206661696C65648B
:1095900021004572726F723A2077616974696E6753
:1095A00020666F722053442063617264210076410B
:1095B000505F6465762E31002057617474730043E8
:1095C000656E7465722046726571005353420043A4
:1095D00057200044534200444154410064426D000E
:1095E0002B3230644200584D5400524543005553CD
:1095F00042004C53420053414D004E464D004654EC
:1096000038004654382E696E74004654382E7761FF
:10961000760050534B33310050534B33312E77612A
:10962000760032302064422F0031302064422F0017
:1096300020352064422F0020322064422F00203148
:109640002064422F0044697265637420467265711C
:1096500075656E637920456E747279003C20202018
:109660004170706C7920656E7465726564206672F5
:10967000657175656E63790058202020457869749E
:1096800020776974686F7574206368616E67696EAE
:1096900067206672657175656E63790044202020CD
:1096A00044656C657465206C6173742064696769D6
:1096B00074005320202053617665204469726563ED
:1096C0007420746F204C61737420467265712E2073
:1096D0000044697265637420456E74727920776105
:1096E000732063616C6C65642066726F6D20004648
:1096F00072657175656E637920726573706F6E73D4
:1097000065206C696D697465642061626F7665209F
:10971000004D487A00466F72207769646573742043
:1097200064697265637420656E747279206672650F
:109730007175656E63792072616E67650063616C37
:109740006C2066726F6D2031326D206F7220313067
:109750006D2062616E6400456E74657220467265AC
:109760007175656E6379006B487A206F72204D4881
:109770007A3A005361766520446972656374207497
:109780006F204C61737420467265712E3D20003C41
:1097900000342E350031360032360038306D00345A
:1097A000306D0032306D0031376D0031356D003174
:1097B000326D0031306D00566F6C3A0043542049D1
:1097C0006E633A00465420496E633A005A6F6F6DDB
:1097D0003A004E46205365743A004175746F4E6FDF
:1097E0007463683A00436F6D70726573733A004E2C
:1097F0006F6973653A005246204761696E3A0045C9
:109800007175616C697A65723A004465636F64656D
:10981000723A004B657920547970653A004B65794E
:10982000657220202020200046543820202020204F
:10983000202000547820496E743A0054783A00434E
:109840005120726573703A00547820467265713AFF
:1098500000527820467265713A00537461636B3A26
:1098600000486561703A0054656D703A004C6F6154
:10987000643A006D616E006175746F006576656EA7
:10988000006F646400656E61626C6564006E6F20D9
:1098900073796E6300506164646C65732000317885
:1098A00020003278200034782000387820003136CB
:1098B00078004175746F004B696D00537065637477
:1098C00072616C004C4D530031303000313030301B
:1098D0000031303030300031303030303000313015
:1098E0003030303030004E414D202334002B3132A7
:1098F000002D31320020323030002032353000204F
:1099000033313500203430300020353030002036FF
:1099100033300020383030003132353000313630CD
:1099200030003230303000323530300033313530B5
:109930000034303030002530326425303264253038
:10994000326420252B3464202B25642E253164209D
:10995000253464207E202025730025303264253094
:1099600032642530326420252B3464202D25642E6A
:1099700025316420253464207E2020257300416C2D
:109980006C2800435128005258280029202020002C
:10999000252E323073002028006674785F6D657361
:1099A000736167655F656E636F6465206661696C8E
:1099B000656400506F7765723A005245454E5420F9
:1099C0006D616C6C6F63207375636365656465645A
:1099D000002F646174612F6A656E6B696E732F77F7
:1099E0006F726B73706163652F474E552D746F6F87
:1099F0006C636861696E2F61726D2D31312F7372E6
:109A0000632F6E65776C69622D63796777696E2F56
:109A10006E65776C69622F6C6962632F737472690B
:109A20006E672F737472746F6B2E630051525A00FD
:109A30004351200033443000334441300033580058
:109A40002F52002F50000000000000000000F03FE7
:109A500001000000000100001000000077CC2B3056
:109A600000020000CDCCCC3D000040400000F042A0
:109A7000000048430000F0420000803F6F12833A2C
:109A80004000000017B7D138E3A59B3C8FC2753D5D
:109A9000E3A59B3CE3A59B3CE3A59B3CE3A59B3C4A
:109AA000E3A59B3CF40E893AF40E093BF40E893A87
:109AB00093F8F03F430363BF03CF1E3B03CF9E3BAE
:109AC00003CF1E3B4038F13FBCEB64BF093F9E3BD8
:109AD000093F1E3C093F9E3B5AD7F13FACA068BFEF
:109AE00052C9FA3B52C97A3C52C9FA3B170BF33FB1
:109AF00078EC6DBF85B4263C85B4A63C85B4263C85
:109B0000230CF53F8E8374BF9D58403C9D58C03C4C
:109B10009D58403CF800F83F79077CBF29F3DF3AB5
:109B200029F35F3B29F3DF3A26C1EC3F32425BBFAA
:109B300006C4813B06C4013C06C4813BE3CEEC3F36
:109B4000E7AB5DBFB05E013CB05E813CB05E013C06
:109B50009C22ED3F235B62BF04404D3C0440CD3C62
:109B600004404D3C211CEE3F430C69BF53B6883C7A
:109B700053B6083D53B6883C0726F03FD96271BF03
:109B8000B23D9E3CB23D1E3DB23D9E3C6C93F33FC8
:109B90008FEE7ABFB18E253BB18EA53BB18E253BB2
:109BA000B08EE83F9CB353BF44D9BF3B44D93F3C40
:109BB00044D9BF3B244FE83F139D56BFA9473F3CC4
:109BC000A947BF3CA9473F3CCD26E83F16425CBFB2
:109BD0005CD4973C5CD4173D5CD4973C5AAAE83FD0
:109BE000404F64BFA893CA3CA8934A3DA893CA3C7F
:109BF0007E82EA3F71576EBFFF25EB3CFF256B3D30
:109C0000FF25EB3C833BEE3FC6DB79BF9560973B7E
:109C10009560173C9560973B9330E03F2A1C45BF09
:109C200085462F3C8546AF3C85462F3C0E09DF3FDD
:109C3000850649BF1694AE3C16942E3D1694AE3C54
:109C4000E55FDD3F4C9250BF498B0A3D498B8A3D11
:109C5000498B0A3D4450DC3F5A435BBF922D393D4E
:109C6000922DB93D922D393D481EDD3FF58768BFE5
:109C70008EF9573D8EF9D73D8EF9573D0DE7E03F00
:109C80007ECC77BFB630C13BB630413CB630C13B2D
:109C9000E700DC3F530B3EBF80865F3C8086DF3CA5
:109CA00080865F3C8E40DA3F837942BFCB64DE3CE6
:109CB000CB645E3DCB64DE3CDA96D73F4DFA4ABFBB
:109CC0000659303D0659B03D0659303D3070D53FFC
:109CD000A1F656BFACC16B3DACC1EB3DACC16B3D19
:109CE000776BD53F59C765BFC2BD893DC2BD093E2F
:109CF000C2BD893D7CF9D83FDAD176BFE1D56C375A
:109D00006E28DA3731E21938E0946537A79DA5B897
:109D10002FD98DB9E7DB12BA08A26ABAE7AC97BAB5
:109D2000DB119ABA15D048BA0DE34F39C5B1DF3A05
:109D3000651B683BFB37AC3B57CACB3B477FBC3B03
:109D400057095A3BC0F19DBA38F4F2BB82AE68BCE9
:109D500005B6A2BC79EBB6BC8157A0BC8C2C25BC47
:109D60008E2CDB3BACCBF53C45B86C3D54E7B13DAC
:109D70002747E83D73E3083E5A1E143E5A1E143E20
:109D800073E3083E2747E83D54E7B13D45B86C3DD5
:109D9000ACCBF53C8E2CDB3B8C2C25BC8157A0BC7E
:109DA00079EBB6BC05B6A2BC82AE68BC38F4F2BB97
:109DB000C0F19DBA57095A3B477FBC3B57CACB3BC2
:109DC000FB37AC3B651B683BC5B1DF3A0DE34F3950
:109DD00015D048BADB119ABAE7AC97BA08A26ABAAA
:109DE000E7DB12BA2FD98DB9A79DA5B8E0946537E6
:109DF00031E219386E28DA37E1D56C377641505F99
:109E00006465762E31000000010000001E00000095
:109E10000000000000000000060000000300000039
:109E20000000803F00000000000000000100000072
:109E3000010000000000A041050000002400000017
:109E40002300000000000000000000000F000000E0
:109E500014000000EE02000000000000A0860100D7
:109E6000010000000100000001000000408B6B00B9
:109E7000F0446B000000000064000000640000007B
:109E80006400000064000000640000006400000042
:109E90006400000064000000640000006400000032
:109EA0006400000064000000640000006400000022
:109EB00000000000000000006400000064000000DA
:109EC0006400000064000000640000006400000002
:109ED0006400000064000000640000000000000056
:109EE0000000000000000000F6FFFFFF0000A0409F
:109EF000CDCCCC3D00000040F6FFFFFF8903000001
:109F00005503000022030000F0020000C10200001F
:109F10008D0200005C0200002C020000F60100002F
:109F2000C30100008F010000580100002301000060
:109F3000ED000000B50000007C00000041000000C2
:109F40000400000000000000000000003333733FF5
:109F50009A99593F0000484300007A450AD7A33C2C
:109F60000AD7A33C0AD7A33C0AD7A33C0AD7A33CF1
:109F70000AD7A33C0AD7A33C8FC2F53C8FC2F53C5D
:109F80008FC2F53C8FC2F53C8FC2F53C8FC2F53CC9
:109F90008FC2F53CE3A59B3CE3A59B3CE3A59B3C22
:109FA000E3A59B3CE3A59B3CE3A59B3CE3A59B3C35
:109FB0006F12033C6F12033C6F12033C6F12033CA1
:109FC0006F12033C6F12033C6F12033C0000803F92
:109FD0000000803F0000803F0000803F0000803F85
:109FE0000000803F0000803F0000000000000000F3
:109FF0000000000000000000000000000000000061
:10A00000000000000000803F0000803F0000803F13
:10A010000000803F0000803F0000803F0000803F44
:10A020000000000000000000000000000000000030
:10A030000000000000000000000000004052360058
:10A04000104E3800F0446B0000DD6D00E089D60052
:10A05000C0ACD800A059410188C844016029AC01B6
:10A06000C8D0B001404B4C0080969800C0E1E4009D
:10A070006023360040523600D0F06B00F0446B0095
:10A0800090C0D6002026D700A06D140130561401D0
:10A09000C02A410130B9420128827C01D0667C018E
:10A0A00080FAAB01404CAE01408B6B000000000019
:10A0B00000000000000000000000000000000000A0
:10A0C0000000000000000000000000000000000090
:10A0D0000000000000000000000000000000596FB8
:10A0E00075722043616C6C005053543A200000009C
:10A0F000000000002E000000000000000000000032
:10A100000000F6C20000164200000000000000003F
:10A11000000000000000000000000000000000003F
:10A120000000000000000000B0030000C4030000B5
:10A13000E0930400E54B98BD00000000E54B983D1E
:10A1400050D7DB3FE0B95CBF804396BD0000000004
:10A150008043963D31D5D63FA9C759BFBECAB0BDD1
:10A1600000000000BECAB03D0F9BE23F88F763BF0E
:10A17000E859AABD00000000E859AA3D4DD8D23FD9
:10A180006BA95BBF0946C4BD000000000946C43D81
:10A190000BDCCC3FD29E52BFFCCBC0BD0000000008
:10A1A000FCCBC03D2666C53FB7E34EBFEC17E5BD0F
:10A1B00000000000EC17E53D2267D63FE1E05BBF01
:10A1C000B91EDABD00000000B91EDA3D1FBABE3F5D
:10A1D000AE5851BFD66AF1BD00000000D66AF13D0D
:10A1E0001F26B93F131F48BF164EECBD00000000EC
:10A1F000164EEC3DFEB7AE3F31E243BFB1830DBE1C
:10A2000000000000B1830D3EE2F2C53FAA3353BF08
:10A21000F07B05BE00000000F07B053E8C94A43F5F
:10A22000943747BF72611ABE0000000072611A3E87
:10A230001E0C9C3FF68338BF9A4516BE00000000F6
:10A240009A45163EF1DB8C3FCC9A33BF7C1636BE66
:10A25000000000007C16363E9AEAAD3FC44F46BF70
:10A26000545729BE000000005457293E84067A3F07
:10A27000DE6D38BF2C9643BE000000002C96433E96
:10A28000BE48663F2D0425BF41BB3DBE0000000017
:10A2900041BB3D3E70303B3F8B1320BF9D6F67BE7F
:10A2A000000000009D6F673E1DAE8B3FB2A435BF1E
:10A2B0006AB455BE000000006AB4553ED6FE0B3F9E
:10A2C00017BA27BF50F82FBC0000000050F82F3CF1
:10A2D0004027FD3FDCEC7ABF6C992FBC00000000EA
:10A2E0006C992F3C21D2FC3F8D657ABF1AEF48BC98
:10A2F000000000001AEF483C23CAFD3F8F137CBFCB
:10A3000091C347BC0000000091C3473C54D5FC3FBB
:10A31000C99B7ABFADE753BC00000000ADE7533CDA
:10A320000C72FC3F09E079BFF06353BC00000000F1
:10A33000F063533CF609FC3FB14479BFAA1972BCE3
:10A3400000000000AA19723CDD37FD3F3C3C7BBF9A
:10A350001C7970BC000000001C79703CA809FC3F0F
:10A36000F68B79BF85BC86BC0000000085BC863CAE
:10A37000CC54FB3FA63778BF685086BC0000000075
:10A380006850863CF9C6FA3F7A7077BF68189ABC65
:10A390000000000068189A3C6B58FC3F54F379BFEA
:10A3A00095C298BC0000000095C2983C75B9FA3F70
:10A3B000DFC877BF10E9ACBC0000000010E9AC3C7E
:10A3C000D0C3F93FA10576BFD833ACBC0000000074
:10A3D000D833AC3C40FEF83FC90375BF3F07C6BC4D
:10A3E000000000003F07C63C2B1EFB3F1D4078BF0E
:10A3F0005BCAC3BC000000005BCAC33C0BD7F83F7C
:10A40000EF7175BF085DD0BC00000000085DD03C56
:10A410009E08F83FDBF473BF365ECFBC000000003F
:10A42000365ECF3C8D0CF73F81CA72BFEEE4EEBCC6
:10A4300000000000EEE4EE3CCBB6F93FE59876BFB5
:10A4400040BEEBBC0000000040BEEB3C7DC6F63FCA
:10A45000345873BF4F510BBD000000004F510B3DEE
:10A46000B3F0F43F6EF56FBF285C0ABD000000003A
:10A47000285C0A3DE070F33F2F4F6EBFFC2C20BDDF
:10A4800000000000FC2C203DA755F73F468F73BF0E
:10A490005B261DBD000000005B261D3DBAD3F23FC8
:10A4A00065F56EBF8E0524BD000000008E05243DBD
:10A4B000E7B6F13F270D6DBF88C622BD0000000042
:10A4C00088C6223D9BD2EF3F16406BBFB9D23CBD40
:10A4D00000000000B9D23C3D4DA7F43FF12971BF07
:10A4E00056E038BD0000000056E0383DC0E3EE3FC6
:10A4F0007C1F6CBF65D350BD0000000065D3503D8C
:10A500006D69EC3FC6E767BF11C34EBD0000000098
:10A5100011C34E3D8EB0E93F0E9D65BF162771BD3C
:10A52000000000001627713DBE6AF03FA7206DBFF6
:10A53000BC9E6ABD00000000BC9E6A3D1A0AE83F4E
:10A5400036B466BF36BD7FBD0000000036BD7F3D1E
:10A55000986DE53FF57662BFC3B47CBD0000000096
:10A56000C3B47C3DF6AFE13F63C75FBF641594BDE4
:10A57000000000006415943D30B0EA3FD1BD68BFD3
:10A580002A488FBD000000002A488F3D210CDF3F84
:10A59000DB3161BFAEE35A398E508439ED10A639F4
:10A5A0005C5BCC395D28F039DAAE0E3A56B22F3A00
:10A5B000DE2F4E3AEE12583AD10D5F3A743F8A3A86
:10A5C000DABCBD3A8F74DE3A6E07C83A065BA73A2A
:10A5D000AB56DB3A6CEA333B008A5E3B3C29323BAC
:10A5E0006778D63ABD25103BB787993B00C2D13B6F
:10A5F000DE819F3BC72FF83AC66A153B23D1EE3B5D
:10A6000005793B3C7B04113C3A6B123BC8C6BB3A14
:10A61000BE712B3C40E4A03C21CA853C28395A3B02
:10A62000129179BA6239683C15E1083DDA5BFF3C6A
:10A63000F972E73BBAD0C3BB99029D3CB02C7C3D7C
:10A64000520B8B3D826BAC3C2C7D9BBC68FF073D65
:10A6500015343E3ECC28AA3E929FAD3EC998343E6A
:10A66000E15A34BDC5512EBE139016BEAE5C49BD35
:10A670000E313C3C4ACB8BBB94EE42BD828A69BD15
:10A68000AEC5DBBCABDBEF3AF2816ABA3126B5BCB2
:10A690006C9CFCBC14E392BCC65AEFBAECF64FBA01
:10A6A00051463CBCE79890BCE02946BCCE0B4EBB63
:10A6B000777DA7BA4DBBCDBBE79E23BCE941FFBB6D
:10A6C000009E4FBB2E06D0BADF526BBBCCC3B2BBD1
:10A6D000044499BBCD6926BBA68DC9BA171E0CBB15
:10A6E000AE453BBB8A3A29BBFC48E1BAD8CD9EBAFD
:10A6F0005070A7BABC2CBBBAE081A9BAF2BA81BA31
:10A700007BBA4CBAA8D23ABAD0182EBA66A615BAF5
:10A71000AD66F6B9882ECFB9DE7EADB9A22289B971
:10A72000198952B905765C39B08E8839B5A0A73938
:10A7300085EDCB39866DF339DF020E3AD5DC233A4D
:10A74000279A3E3A61DD603AD95E843A8DF6973AAF
:10A750004FC1A83A462DB83ACE22CB3A7250E53ACC
:10A760004E5E023B67B3113B176D1F3B53D12E3B2F
:10A77000891F453BBFE3623B7F1F803B1D3B893BFD
:10A78000B4EF8B3B99048F3B452A9C3BBE4DB63BB7
:10A79000E6DBD43BD05FEB3B1544F83B0B3A053C82
:10A7A000963E193CE698343C2939443C5B53353C91
:10A7B0004315103CF8F5023C41DD473C21ABB53C6C
:10A7C000A1B2083D4E53193D5205E83C5B041B3CC9
:10A7D000973F88BB236BF03B2656633DB945073E48
:10A7E0001C50553ED5727D3EE3AA663E31D6133EDF
:10A7F000BD160F3D93B27ABDA3C6E5BDC743E3BD09
:10A800008A7599BDFAD804BDA246BFBB9B9ED4BA37
:10A81000E63942BC3019C0BC9D25E2BC522AC1BCFD
:10A82000FC5784BC8A822BBC8F1C0BBC6D2513BCCF
:10A8300001B91EBC9BED19BC5EED08BC3297F2BBA2
:10A840005443E3BBD591DBBBC4F4CCBB234BB3BBBC
:10A85000FC1597BBBF1983BB6A7B74BB53A26DBB4E
:10A860001CE862BBE7024FBBA40B37BB4A4422BBC8
:10A87000CAD412BBA9B505BB0A1CEFBA44B6D0BAFC
:10A880001B5BB5BA63DDA0BA56FE91BA556384BAB4
:10A89000B4066ABAB49248BA2A2B29BAFA0C0FBA8B
:10A8A000FE6DF3B941A1CDB967F8A9B9483489B9AA
:10A8B000AA135AB9198952B9A22289B9DE7EADB953
:10A8C000882ECFB9AD66F6B966A615BAD0182EBADD
:10A8D000A8D23ABA7BBA4CBAF2BA81BAE081A9BA24
:10A8E000BC2CBBBA5070A7BAD8CD9EBAFC48E1BA0E
:10A8F0008A3A29BBAE453BBB171E0CBBA68DC9BA15
:10A90000CD6926BB044499BBCCC3B2BBDF526BBB41
:10A910002E06D0BA009E4FBBE941FFBBE79E23BC89
:10A920004DBBCDBB777DA7BACE0B4EBBE02946BC55
:10A93000E79890BC51463CBCECF64FBAC65AEFBA09
:10A9400014E392BC6C9CFCBC3126B5BCF2816ABAA3
:10A95000ABDBEF3AAEC5DBBC828A69BD94EE42BD8B
:10A960004ACB8BBB0E313C3CAE5C49BD139016BE4E
:10A97000C5512EBEE15A34BDC998343E929FAD3EBA
:10A98000CC28AA3E15343E3E68FF073D2C7D9BBC7B
:10A99000826BAC3C520B8B3DB02C7C3D99029D3CB4
:10A9A000BAD0C3BBF972E73BDA5BFF3C15E1083D67
:10A9B0006239683C129179BA28395A3B21CA853CE0
:10A9C00040E4A03CBE712B3CC8C6BB3A3A6B123B7C
:10A9D0007B04113C05793B3C23D1EE3BC66A153B19
:10A9E000C72FF83ADE819F3B00C2D13BB787993B26
:10A9F000BD25103B6778D63A3C29323B008A5E3B46
:10AA00006CEA333BAB56DB3A065BA73A6E07C83AB3
:10AA10008F74DE3ADABCBD3A743F8A3AD10D5F3AA0
:10AA2000EE12583ADE2F4E3A56B22F3ADAAE0E3ABE
:10AA30005D28F0395C5BCC39ED10A6398E50843935
:10AA4000AEE35A39AA135AB9483489B967F8A9B993
:10AA500041A1CDB9FE6DF3B9FA0C0FBA2A2B29BA70
:10AA6000B49248BAB4066ABA556384BA56FE91BA2B
:10AA700063DDA0BA1B5BB5BA44B6D0BA0A1CEFBA04
:10AA8000A9B505BBCAD412BB4A4422BBA40B37BB31
:10AA9000E7024FBB1CE862BB53A26DBB6A7B74BB71
:10AAA000BF1983BBFC1597BB234BB3BBC4F4CCBB12
:10AAB000D591DBBB5443E3BB3297F2BB5EED08BCE0
:10AAC0009BED19BC01B91EBC6D2513BC8F1C0BBCC2
:10AAD0008A822BBCFC5784BC522AC1BC9D25E2BC97
:10AAE0003019C0BCE63942BC9B9ED4BAA246BFBB5B
:10AAF000FAD804BD8A7599BDC743E3BDA3C6E5BDB9
:10AB000093B27ABDBD160F3D31D6133EE3AA663E21
:10AB1000D5727D3E1C50553EB945073E2656633DD5
:10AB2000236BF03B973F88BB5B041B3C5205E83C22
:10AB30004E53193DA1B2083D21ABB53C41DD473C28
:10AB4000F8F5023C4315103C5B53353C2939443C35
:10AB5000E698343C963E193C0B3A053C1544F83BCC
:10AB6000D05FEB3BE6DBD43BBE4DB63B452A9C3B7E
:10AB700099048F3BB4EF8B3B1D3B893B7F1F803B90
:10AB8000BFE3623B891F453B53D12E3B176D1F3BF3
:10AB900067B3113B4E5E023B7250E53ACE22CB3A90
:10ABA000462DB83A4FC1A83A8DF6973AD95E843A05
:10ABB00061DD603A279A3E3AD5DC233ADF020E3A4D
:10ABC000866DF33985EDCB39B5A0A739B08E8839BC
:10ABD00005765C39EA5A19B613FF0DB8E2DBBCB84A
:10ABE000E0FAD6B85F037538F070EE39C16F643A99
:10ABF0006F8D443A6DA0F5B9F9722BBBDB228BBB8C
:10AC0000A7C449BBD3E6113BDD07223C0E2B6C3CAD
:10AC1000962C173CDB6902BC5383F8BC0C5A2CBD44
:10AC20008CC2CFBCD40AE93C19B1E13D2A37463E7B
:10AC3000ED2B7C3EED2B7C3E2A37463E19B1E13DA3
:10AC4000D40AE93C8CC2CFBC0C5A2CBD5383F8BC4F
:10AC5000DB6902BC962C173C0E2B6C3CDD07223CBA
:10AC6000D3E6113BA7C449BBDB228BBBF9722BBBDC
:10AC70006DA0F5B96F8D443AC16F643AF070EE394A
:10AC80005F037538E0FAD6B8E2DBBCB813FF0DB845
:10AC9000EA5A19B60029DE07007B9A176B5B6D3FF5
:10ACA0006B5B6DBF00000000D6B65A3F000000008D
:10ACB00091ED7C3F91ED7C3FE926813F0AD7833FB0
:10ACC000EC51883FA8C68B3F0000803F0AD723BCC9
:10ACD0001B2FDDBCFCA9713D295C0F3D0AD7A33DAC
:10ACE00023DBF93D00000000AE47813F4E62803F0C
:10ACF0003D0A773F7B146E3F6666663FAE47613F15
:10AD00000000803F0AD723BC0AD723BC1B2FDDBC21
:10AD1000AE4761BDCDCCCCBDEC51B8BD000000004C
:10AD20003333733F9A99593F04000000703D02206D
:10AD300004AA0020040000006C49022004AA00209C
:10AD400004000000903D022054AA002004000000EE
:10AD50008C49022054AA002004000000B03D0220CB
:10AD6000A4AA002004000000AC490220A4AA0020EC
:10AD700004000000D03D0220F4AA002004000000DE
:10AD8000CC490220F4AA002004000000F03D02207B
:10AD900044AB002004000000EC49022044AB00203A
:10ADA000060000000811012074A300200600000026
:10ADB00038110120ECA300200600000068110120DA
:10ADC00064A400200600000098110120DCA40020EB
:10ADD00006000000C811012054A500200400000056
:10ADE000103E022094AB0020040000000C4A022018
:10ADF00094AB002004000000303E0220E4AB0020B1
:10AE0000040000002C4A0220E4AB002004000000F3
:10AE1000503E022034AC0020040000004C4A0220C6
:10AE200034AC002004000000703E022084AC0020FE
:10AE3000040000006C4A022084AC002004000000E2
:10AE4000903E0220D4AC0020040000008C4A022076
:10AE5000D4AC002004000000B03E022024AD00204D
:10AE600004000000AC4A022024AD002004000000D1
:10AE7000D03E022074AD002004000000CC4A022025
:10AE800074AD002004000000F03E0220C4AD00209C
:10AE900004000000EC4A0220C4AD002004000000C1
:10AEA000103F022014AE0020040000000C4B0220D2
:10AEB00014AE002000003A40EC35002000000000F5
:10AEC0000000000000000000000000000000000082
:10AED0000000000000000000000000000000000072
:10AEE0000000000000000000000000000000000062
:10AEF0000000000000000000000000000000000052
:10AF00000000000000C039407C3500200000000037
:10AF10000000000000000000000000000000000031
:10AF20000000000000000000000000000000000021
:10AF30000000000000000000000000000000000011
:10AF40000000000000000000000000000000000001
:10AF500000000000004039400C35002000000000D7
:10AF600000000000000000000000000000000000E1
:10AF700000000000000000000000000000000000D1
:10AF800000000000000000000000000000000000C1
:10AF900000000000000000000000000000000000B1
:10AFA000000000006F12033C6F12033C6F12033C61
:10AFB0006F12033C6F12033C6F12033C6F12033C91
:10AFC000E437002000000000E8030000000000005B
:10AFD000143A002000000000E80300000000000018
:10AFE00000003F40503601600000000000000000FB
:10AFF0000000000000000000000000000000000051
:10B000000000000000000000000000000000000040
:10B010000000000000000000000000000000000030
:10B020000000000000000000000000000000000020
:10B030000000000000000000000000000000000010
:10B040000000000000000000000000000000000000
:10B0500000000000000000000000000000000000F0
:10B0600000000000000000000000000000000000E0
:10B0700000000000000000000000000000000000D0
:10B0800000000000000000000000000000000000C0
:10B0900000000000000000000000000000000000B0
:10B0A00000000000000000000000000000000000A0
:10B0B0000000000000000000000000000000000090
:10B0C0000000000000000000000000000000000080
:10B0D0000000000000000000000000000000000070
:10B0E0000000000000000000000000000000000060
:10B0F0000000000000000000000000000000000050
:10B10000000000000000000000000000000000003F
:10B11000143A002000000000E803000000000000D6
:10B1200000803F4000360160000000000000000089
:10B13000000000000000000000000000000000000F
:10B1400000000000000000000000000000000000FF
:10B1500000000000000000000000000000000000EF
:10B1600000000000000000000000000000000000DF
:10B1700000000000000000000000000000000000CF
:10B1800000000000000000000000000000000000BF
:10B1900000000000000000000000000000000000AF
:10B1A000000000000000000000000000000000009F
:10B1B000000000000000000000000000000000008F
:10B1C000000000000000000000000000000000007F
:10B1D000000000000000000000000000000000006F
:10B1E000000000000000000000000000000000005F
:10B1F000000000000000000000000000000000004F
:10B20000000000000000000000000000000000003E
:10B21000000000000000000000000000000000002E
:10B22000000000000000000000000000000000001E
:10B23000000000000000000000000000000000000E
:10B2400000000000000000000000000000000000FE
:10B25000143A002000000000E80300000000000095
:10B2600000C03F40B0350160000000000000000059
:10B2700000000000000000000000000000000000CE
:10B2800000000000000000000000000000000000BE
:10B2900000000000000000000000000000000000AE
:10B2A000000000000000000000000000000000009E
:10B2B000000000000000000000000000000000008E
:10B2C000000000000000000000000000000000007E
:10B2D000000000000000000000000000000000006E
:10B2E000000000000000000000000000000000005E
:10B2F000000000000000000000000000000000004E
:10B30000000000000000000000000000000000003D
:10B31000000000000000000000000000000000002D
:10B32000000000000000000000000000000000001D
:10B33000000000000000000000000000000000000D
:10B3400000000000000000000000000000000000FD
:10B3500000000000000000000000000000000000ED
:10B3600000000000000000000000000000000000DD
:10B3700000000000000000000000000000000000CD
:10B3800000000000000000000000000000000000BD
:10B390002C01000000000000000000007F00000001
:10B3A00000007AC4010000000200000080000000DC
:10B3B00080000000140000001400000001000000E4
:10B3C000FFFFFFFF05000000E0192520000000003E
:10B3D000430000000000000000000000000000002A
:10B3E000000000000000000000000000000000005D
:10B3F000430000000000000000000000000000000A
:10B40000000000000000000000000000000000003C
:10B4100043000000000000000000000000000000E9
:10B42000000000000000000000000000000000001C
:10B4300043000000000000000000000000000000C9
:10B4400000000000000000000000000000000000FC
:10B4500043000000000000000000000000000000A9
:10B4600000000000000000000000000000000000DC
:10B470004300000000000000000000000000000089
:10B4800000000000000000000000000000000000BC
:10B490004300000000000000000000000000000069
:10B4A000000000000000000000000000000000009C
:10B4B00025A402009D9A02000000000001750020F2
:10B4C000F46C0020357000203570002035700020AD
:10B4D0003570002035700020357000203570002058
:10B4E0003570002035700020FFFFFFFFFFFFFFFFDA
:10B4F000FFFFFFFFFFFF00000100415343494900E8
:10B50000000000000000000000000000000000003B
:10B5100000000000000000000000415343494900C2
:10B52000000000000000000000000000000000001B
:10B53000000000000000000000000000000000000B
:10B54000030000003C1D0220000000003C1D022002
:10B55000A41D02200C1E02200000000000000000BC
:10B5600000000000000000000000000000000000DB
:10B5700000000000000000000000000000000000CB
:10B5800000000000000000000000000000000000BB
:10B590000000000018BE0020FFFFFFFFDD97002025
:10B5A0002D9B0020149C0020C1990020D19A0020DE
:10B5B000FFFFFFFF0AD7233C1E000000C800000069
:10B5C0005000000020753800E067350000093D009C
:10B5D000A799002001000000C8000000B80B00007F
:10B5E0000100000070383900000080C01400000025
:10B5F00014000000B0196D00C0CF6A00A0636F0096
:10B60000AB99002001000000C8000000B80B00004A
:10B6100001000000B0196D000000803F1400000020
:10B6200014000000C0ACD800809FD500B0F6DA004E
:10B63000AF99002000000000C8000000B80B000017
:10B6400001000000184BD800000040C014000000AA
:10B6500014000000202F140120B21301C03815017E
:10B66000B399002000000000C8000000B80B0000E3
:10B670000100000070751401000040C014000000BB
:10B6800014000000807C4301406F4001104D4701D1
:10B69000B799002000000000C8000000B80B0000AF
:10B6A0000100000028DE4301000080BF14000000FC
:10B6B00014000000C03F7C0190CA7B0130517D0125
:10B6C000BB99002000000000C8000000B80B00007B
:10B6D00001000000E08D7C01000080BF140000002C
:10B6E000140000003096B001003FAB01A02FC5014F
:10B6F000BF99002000000000C8000000B80B000047
:10B700000100000000000000000080BF14000000E5
:10B7100014000000160000001600000016000000D3
:10B7200016000000160000000000000000000000ED
:10B73000829D0020859D0020D1A10020BEA1002077
:10B74000889D002000000000B2B5000017800000B6
:10B750001F000000FF070000E0030000E0070000FA
:10B76000E0FF000060FB000000F8000001000000A6
:10B77000489A0020579A00205F9A00206C9A002077
:10B78000739A002001000000E3000000AA000000FE
:10B79000000000000101000001000000779A002075
:10B7A000869A00208E9A00209B9A0020A29A002060
:10B7B00001000000440000005700000000000000ED
:10B7C0000101000001000000A59A0020B49A0020A9
:10B7D000BB9A0020C89A0020CF9A002001000000E8
:10B7E00070000000B800000000000000010100002F
:10B7F00001000000D39A0020E29A0020EA9A00207B
:10B80000F79A0020FE9A00200100000024000000AA
:10B81000DC00000000000000010100000100000049
:10B82000029B0020119B0020189B0020259B0020DC
:10B830002C9B002001000000E20200007B010000C0
:10B840000000000001010000010000002F9B00200B
:10B850003E9B0020479B0020549B00205B9B0020C8
:10B8600001000000900200006201000000000000E2
:10B8700001010000010000005F9B00206E9B002082
:10B88000779B0020849B00208B9B00200100000000
:10B89000B7020000B8000000000000000101000035
:10B8A000010000008E9B00209D9B0020A49B002097
:10B8B000B19B0020B89B0020010000004102000065
:10B8C00089000000000000000101000001000000EC
:10B8D000BB9B0020CA9B0020D19B0020DE9B002048
:10B8E000E59B00200100000085020000D900000057
:10B8F000000000000101000001000000E99B0020A1
:10B90000F89B0020FF9B00200C9C0020139C002033
:10B9100001000000360200000401000000000000E9
:10B920000101000001000000169C0020259C002061
:10B930002D9C00203A9C0020419C0020010000002A
:10B94000C6010000530100000000000001010000DA
:10B9500001000000449C0020539C00205A9C0020C1
:10B96000679C00206E9C002001000000E6010000A2
:10B9700021010000000000000101000001000000A2
:10B98000719C0020809C0020889C0020959C0020B9
:10B990009C9C002001000000D4010000C3000000B6
:10B9A0000000000001010000010000009F9C002039
:10B9B000AE9C0020B59C0020C29C0020C99C0020A9
:10B9C00001000000BB0100007B000000000000003F
:10B9D0000101000001000000CC9C0020DB9C002045
:10B9E000E29C0020EF9C0020F69C0020010000005B
:10B9F0005E010000C3000000000000000101000023
:10BA000001000000FA9C0020099D0020119D0020EB
:10BA10001E9D0020259D0020010000000701000060
:10BA20006D010000000000000101000001000000A5
:10BA3000289D0020379D00203E9D00204B9D00202A
:10BA4000529D002001000000D100000033010000E1
:10BA5000000000000101000012000000559D0020C0
:10BA6000649D00206B9D0020789D00207F9D00201C
:10BA700001000000EE000000FD00000000000000DA
:10BA8000010100002E850020E0930400B0030000B7
:10BA9000C4030000FFFFFFFFD0F06B0001010000B6
:10BAA00028779939780200BA2D4B293A804727BA6E
:10BAB000FD2FA239C2BAF939FD59E7BA2678613BA0
:10BAC000C078A9BBA728D23B3419D4BB8986983B40
:10BAD000D3B7F4B917BCC9BBEF2C703C109BC2BCE8
:10BAE000ABC8003D72DA0FBDA727023D276193BCAA
:10BAF00023A42FBC3C80813D5BE42EBECC4E1F3F77
:10BB0000CC4E1F3F5BE42EBE3C80813D23A42FBC66
:10BB1000276193BCA727023D72DA0FBDABC8003D79
:10BB2000109BC2BCEF2C703C17BCC9BBD3B7F4B997
:10BB30008986983B3419D4BBA728D23BC078A9BBCF
:10BB40002678613BFD59E7BAC2BAF939FD2FA2390F
:10BB5000804727BA2D4B293A780200BA28779939BD
:10BB60009E361FB7A4ED29393D6BB03931AF2F3A5E
:10BB7000819B923A69FBCE3A6BDFF23A0BE7D83AF7
:10BB80009329303A6D60AEBADB378FBBDFF904BC66
:10BB9000535B41BC786169BCB63B65BCE4241DBC09
:10BBA000615B6738522E7B3C1704123DE61C733DE7
:10BBB000EBCEAB3DF972D93DD62FFC3D517B073E14
:10BBC000517B073ED62FFC3DF972D93DEBCEAB3D04
:10BBD000E61C733D1704123D522E7B3C615B6738B7
:10BBE000E4241DBCB63B65BC786169BC535B41BCB9
:10BBF000DFF904BCDB378FBB6D60AEBA9329303AF6
:10BC00000BE7D83A6BDFF23A69FBCE3A819B923A66
:10BC100031AF2F3A3D6BB039A4ED29399E361FB7AD
:10BC200004773038969813B96FDBF8B9AA996EBAD1
:10BC30004F6283BA0C6E60B9E786C13AEBC3463BEC
:10BC40007EBF2D3BBC7551BA8FB7C4BB5E8511BC9E
:10BC5000C450A4BB10F2C63BC526943C7E50A53C04
:10BC600083E6983BE6D0C6BC488444BD367829BDFF
:10BC700058DC383CBF3BD23D0BDF4D3EA795873E9D
:10BC8000A795873E0BDF4D3EBF3BD23D58DC383C8D
:10BC9000367829BD488444BDE6D0C6BC83E6983BCF
:10BCA0007E50A53CC526943C10F2C63BC450A4BBB4
:10BCB0005E8511BC8FB7C4BBBC7551BA7EBF2D3B2E
:10BCC000EBC3463BE786C13A0C6E60B94F6283BA5C
:10BCD000AA996EBA6FDBF8B9969813B90477303821
:10BCE000FFFFFFFFFFFFFFFF01000000010000005A
:10BCF00001000000408B6B00F0446B00CDCCCC3DCC
:10BD00000000A040F6FFFFFF00000040F6FFFFFF2D
:10BD1000010000000F00000005000000EE0200001E
:10BD2000F29E002000002041020018000000803F29
:10BD3000F99E00200000A041040050000000003FD8
:10BD4000009F00200000204208003A000000803ED2
:10BD5000079F00200000C84214007800CDCCCC3DE5
:10BD60000E9F0020000048432800C800CDCC4C3D69
:10BD70006400000064000000640000006400000033
:10BD80006400000064000000640000006400000023
:10BD90006400000064000000640000006400000013
:10BDA00064000000640000000000000000000000CB
:10BDB00064000000640000006400000064000000F3
:10BDC00064000000640000006400000064000000E3
:10BDD00064000000000000000000000000000000FF
:10BDE000D438002000000000E8030000000000003C
:10BDF0000000000040523600104E3800F0446B0046
:10BE000000DD6D00E089D600C0ACD800A05941012A
:10BE100088C844016029AC01C8D0B001404B4C0037
:10BE200080969800C0E1E400DD97002087A1002003
:10BE30008BA1002094A100200000803FB0040000EE
:10BE4000A086010043A1002047A100204CA10020B2
:10BE500051A100205DA1002060A10020E8030000A6
:10BE6000E8030000DD97002055A10020F401000048
:10BE700003000000889D0020FEA10020CBA100202F
:10BE8000DAA100209D550060D5B5006041580060E2
:10BE90004D580060A9580060D9580060855900606D
:10BEA000C1590060055900604559006041B6006005
:10BEB000255A00603D5A006001530060BDC8000073
:10BEC00055C80000A9EA0100A9EA0100A9EA010099
:10BED000A9EA0100A9EA0100A9EA0100A9EA010012
:10BEE000A9EA0100A9EA0100A9EA0100A9EA010002
:10BEF000A9EA0100A9EA0100A9EA0100A9EA0100F2
:10BF0000A9EA0100A9EA0100A9EA0100A9EA0100E1
:10BF1000A9EA0100A9EA0100A9EA0100A9EA0100D1
:10BF2000A9EA0100A9EA0100A9EA0100A9EA0100C1
:10BF3000A9EA0100A9EA0100A9EA0100A9EA0100B1
:10BF4000A9EA0100A9EA0100A9EA0100A9EA0100A1
:10BF5000A9EA0100A9EA0100A9EA0100A9EA010091
:10BF6000A9EA0100A9EA0100A9EA0100A9EA010081
:10BF7000A9EA0100A9EA0100A9EA0100A9EA010071
:10BF8000A9EA0100A9EA0100A9EA0100A9EA010061
:10BF9000A9EA0100A9EA0100A9EA0100A9EA010051
:10BFA000A9EA0100A9EA0100A9EA0100A9EA010041
:10BFB000A9EA0100A9EA0100A9EA0100A9EA010031
:10BFC000A9EA0100A9EA0100A9EA0100A9EA010021
:10BFD000A9EA0100A9EA0100A9EA0100A9EA010011
:10BFE000A9EA0100A9EA0100A9EA0100A9EA010001
:10BFF000A9EA0100A9EA0100A9EA0100A9EA0100F1
:10C00000A9EA0100A9EA0100A9EA0100A9EA0100E0
:10C01000A9EA0100A9EA0100A9EA0100A9EA0100D0
:10C02000A9EA0100A9EA0100A9EA0100A9EA0100C0
:10C03000A9EA0100A9EA0100A9EA0100A9EA0100B0
:10C04000A9EA0100A9EA0100A9EA0100A9EA0100A0
:10C05000A9EA0100A9EA0100A9EA0100A9EA010090
:10C06000A9EA0100A9EA0100A9EA0100A9EA010080
:10C07000A9EA0100A9EA0100A9EA0100A9EA010070
:10C08000A9EA0100A9EA0100A9EA0100A9EA010060
:10C09000A9EA0100A9EA0100A9EA0100A9EA010050
:10C0A000A9EA0100A9EA0100A9EA0100A9EA010040
:10C0B000A9EA0100A9EA0100A9EA0100A9EA010030
:10C0C000A9EA0100DD9700203097002060233600A8
:10C0D00040523600D0F06B00F0446B0090C0D600A8
:10C0E0002026D700A06D140130561401C02A41014A
:10C0F00030B9420128827C01D0667C0180FAAB0114
:10C10000404CAE01CDCCCCBDD5960020E2960020AF
:10C11000E896002000000000000000000000000081
:10C12000EF960020F6960020FD9600200497002050
:10C130000B970020129700201897002024970020CA
:10C1400000000000000000000000000000000000EF
:10C15000000016420000F6C273662E626D70000089
:10C1600000000000000000000000000000000000CF
:10C1700000000000000000000000000000000000BF
:10C180000000000000000000000000000000164257
:10C190000000F6C2626561636F6E2E626D70000012
:10C1A000000000000000000000000000000000008F
:10C1B000000000000000000000000000000000007F
:10C1C0000000000000000000000016420000F6C25F
:10C1D0006D61702E626D70000000000000000000B4
:10C1E000000000000000000000000000000000004F
:10C1F000000000000000000000000000000000003F
:10C200000000000000000000000000006D617032BE
:10C210002E626D70000000000000000000000000B1
:10C22000000000000000000000000000000000000E
:10C2300000000000000000000000000000000000FE
:10C2400000000000000000000000000000000000EE
:10C2500000000000000000000000000000000000DE
:10C2600000000000000000000000000000000000CE
:10C2700000000000000000000000000000000000BE
:10C2800000000000000000000000000000000000AE
:10C29000000000000000000000000000000000009E
:10C2A000000000000000000000000000000000008E
:10C2B000000000000000000000000000000000007E
:10C2C000000000000000000000000000000000006E
:10C2D000000000000000000000000000000000005E
:10C2E000000000000000000000000000000000004E
:10C2F000000000000000000000000000000000003E
:10C30000000000000000000000000000000000002D
:10C31000000000000000000000000000000000001D
:10C32000000000000000000000000000000000000D
:10C3300000000000000000000000000000000000FD
:10C3400000000000000000000000000000000000ED
:10C3500000000000000000000000000000000000DD
:10C3600000000000000000000000000000000000CD
:10C3700000000000000000000000000000000000BD
:10C3800000000000000000000000000000000000AD
:10C39000000000000000000000000000000000009D
:10C3A000000000000000000000000000000000008D
:10C3B000DD97002082A100203B980020E02E0000A5
:10C3C00000004843DD9700203B980020D5960020D0
:10C3D00065A10020FFFFFFFF1C0000001C00000003
:10C3E00000007A45010000000000803F0000803F0F
:10C3F0000000803F0000803F0000803F0000803F41
:10C400000000803F0000803F0000803F0000803F30
:10C410000000803F0000803F0000803F0000803F20
:10C42000FFFFFFFF010000009C2801206CB50020E9
:10C4300030970020349700203D9700204797002038
:10C440005397002060970020E8960020000000002D
:10C450006B97002036980020E8960020000000002E
:10C4600000000000000000000000000000000000CC
:10C47000779700207D97002083970020E896002082
:10C4800000000000000000000000000000000000AC
:10C490008997002096970020A3970020B09700204E
:10C4A000BD970020C9970020D5970020E89600206E
:10C4B000DD970020E1970020E6970020EB97002011
:10C4C000F2970020E8960020000000000000000025
:10C4D000F7970020029800200D980020189800205F
:10C4E00023980020E89600200000000000000000D3
:10C4F0002E980020E89600200000000000000000B8
:10C50000000000000000000000000000000000002B
:10C510003B980020DD9700203E980020E896002000
:10C52000000000000000000000000000000000000B
:10C530003B980020DD9700204C980020E8960020D2
:10C5400000000000000000000000000000000000EB
:10C550003B980020DD9700204C980020E8960020B2
:10C5600000000000000000000000000000000000CB
:10C570002DA000205298002059980020609800209B
:10C5800063980020E89600200000000000000000F2
:10C590006C98002075980020E896002000000000AC
:10C5A000000000000000000000000000000000008B
:10C5B0003B980020DD970020E89600200000000056
:10C5C000000000000000000000000000000000006B
:10C5D0003570002000000000000000000000000096
:10C5E000000000000000000000000000000000004B
:10C5F0001400000081F3010000000000460000006C
:10C600008C000000D2000000180100005E01000054
:10C61000A4010000EA0100003002000076020000E0
:10C62000010000000000A041890300005503000044
:10C6300022030000F0020000C10200008D02000091
:10C640005C0200002C020000F6010000C3010000A3
:10C650008F0100005801000023010000ED000000E0
:10C66000B50000007C000000410000000400000054
:10C6700000000C43809800208B98002096980020A2
:10C68000CE970020A1980020A59800203298002085
:10C69000B6980020BF980020CA980020D5980020A6
:10C6A000DF980020E7980020E896002001000000B5
:10C6B00006000000889D0020FEA1002098A1002017
:10C6C000CBA100209CA10020A1A10020A7A10020B7
:10C6D000AEA10020E9000000410000006EA1002092
:10C6E00072A1002076A100207AA100207EA1002066
:10C6F0000C0300000000000000000000000000002B
:10C7000000000000000001070A0129FFFFFFFF42AF
:10C710000C00008012010002EF020140C0168A04E2
:10C720008002010203010101010101010101010176
:10C730000100000000000000000001010101435160
:10C74000204351204351204445204B4E365A444506
:10C7500000000000000000000000000000000000D9
:10C760005249472054343120315720515250000053
:10C7700000000000000000000000000000000000B9
:10C780000000414E54204546485720534C4F5045D9
:10C7900020746F203230204654000000000000005A
:10C7A000000000003733000000000000000000001F
:10C7B0000000000000000000000000000000000079
:10C7C00000000000000035393900000000000000C2
:10C7D0000000000000000000000000000000000059
:10C7E0000000000000000000000000000000000049
:10C7F0000000000000000000000000000000000039
:10C800000000000000000000000000000000000028
:10C810000000000000000000000000000000000018
:10C820000000000000000000000000000000000008
:10C8300000000000000000000000000000000000F8
:10C8400000000000000000000000000000000000E8
:10C8500000000000000000000000000000000000D8
:10C8600000000000000000000000000000000000C8
:10C8700000000000000000000000000000000000B8
:10C8800000000000000000000000000000000000A8
:10C8900000000105181A0C02120E1004170D1407DF
:10C8A000060F161D0A080309110B191B1C00414233
:10C8B000434445464748494A4B4C4D4E4F505152D0
:10C8C000535455565758595A2A3031323334353625
:10C8D00037383901000100013F2F2723212030384C
:10C8E0003C3E0101000000000000000000000000CC
:10C8F0000000000000000000000000000000000038
:10C900000000000000000000000000000000000027
:10C910000000000000000000000000000000000017
:10C920000000000000000000000000000000000007
:10C9300000000000000000000000000000000000F7
:10C9400000000000000000000000000000000000E7
:10C9500000000000000000000000000000000000D7
:10C9600000000000000000000000000000000000C7
:10C9700000000000000000000000000000000000B7
:10C9800000000000000000000000000000000000A7
:10C990000000000000000000000000000000000097
:10C9A0000000000000000000000000000000000087
:10C9B0000000000000000000000000000000000077
:10C9C0000000000000000000000000000000000067
:10C9D0000000000000000000000000000000000057
:10C9E0000000000000000000000000000000000047
:10C9F0000000000000000000000000000000000037
:10CA00000000000000000000000000000000000026
:10CA10000000000000000000000000000000000016
:10CA20000000000000000000000000000000000006
:10CA300000000000000000000000000000000000F6
:10CA400000000000000000000000000000000000E6
:10CA500000000000000000000000000000000000D6
:10CA600000000000000000000000000000000000C6
:10CA700000000000000000000000000000000000B6
:10CA800000000000000000000000000000000000A6
:10CA90000000000000000000000000000000000096
:10CAA0000000000000000000000000000000000086
:10CAB0000000000000000000000000000000000076
:10CAC0000000000000000000000000000000000066
:10CAD0000000000000000000000000000000000056
:10CAE0000000000000000000000000000000000046
:10CAF0000000000000000000000000000000000036
:10CB00000000000000000000000000000000000025
:10CB10000000000000000000000000000000000015
:10CB20000000000000000000000000000000000005
:10CB300000000000000000000000000000000000F5
:10CB400000000000000000000000000000000000E5
:10CB500000000000000000000000000000000000D5
:10CB600000000000000000000000000000000000C5
:10CB700000000000000000000000000000000000B5
:10CB800000000000000000000000000000000000A5
:10CB90000000000000000000000000000000000095
:10CBA0000000000000000000000000000000000085
:10CBB0000000000000000000000000000000000075
:10CBC0000000000000000000000000000000000065
:10CBD0000000000000000000000000000000000055
:10CBE0000000000000000000000000000000000045
:10CBF0000000000000000000000000000000000035
:10CC00000000000000000000000000000000000024
:10CC10000000000000000000000000000000000014
:10CC20000000000000000000000000000000000004
:10CC300000000000000000000000000000000000F4
:10CC400000000000000000000000000000000000E4
:10CC500000000000000000000000000000000000D4
:10CC600000000000000000000000000000000000C4
:10CC700000000000000000000000000000000000B4
:10CC800000000000000000000000000000000000A4
:10CC90000000000000000000000000000000000094
:10CCA0000000000000000000000000000000000084
:10CCB0000000000000000000000000000000000074
:10CCC0000000000000000000000000000000000064
:10CCD0000000000000000000000000000000000054
:10CCE0000000000000000000000000000000000044
:10CCF0000000000000000000000000000000000034
:10CD00000000000000000000000000000000000023
:10CD10000000000000000000000000000000000013
:10CD20000000000000000000000000000000000003
:10CD300000000000000000000000000000000000F3
:10CD400000000000000000000000000000000000E3
:10CD500000000000000000000000000000000000D3
:10CD600000000000000000000000000000000000C3
:10CD700000000000000000000000000000000000B3
:10CD800000000000000000000000000000000000A3
:10CD90000000000000000000000000000000000093
:10CDA0000000000000000000000000000000000083
:10CDB0000000000000000000000000000000000073
:10CDC0000000000000000000000000000000000063
:10CDD0000000000000000000000000000000000053
:10CDE0000000000000000000000000000000000043
:10CDF000FFFFFFFFFFFFFFFFFFFFFFFFFFFFFFFF43
:10CE0000FFFFFFFFFFFFFFFFFFFFFFFFFFFFFFFF32
:10CE1000FFFFFFFFFFFFFFFFFFFFFFFFFFFFFFFF22
:10CE2000FFFFFFFFFFFFFFFFFFFFFFFFFFFFFFFF12
:10CE3000FFFFFFFFFFFFFFFFFFFFFFFFFFFFFFFF02
:10CE4000FFFFFFFFFFFFFFFFFFFFFFFFFFFFFFFFF2
:10CE5000FFFFFFFFFFFFFFFFFFFFFFFFFFFFFFFFE2
:10CE6000FFFFFFFFFFFFFFFFFFFFFFFFFFFFFFFFD2
:10CE7000FFFFFFFFFFFFFFFFFFFFFFFFFFFFFFFFC2
:10CE8000FFFFFFFFFFFFFFFFFFFFFFFFFFFFFFFFB2
:10CE9000FFFFFFFFFFFFFFFFFFFFFFFFFFFFFFFFA2
:10CEA000FFFFFFFFFFFFFFFFFFFFFFFFFFFFFFFF92
:10CEB000FFFFFFFFFFFFFFFFFFFFFFFFFFFFFFFF82
:10CEC000FFFFFFFFFFFFFFFFFFFFFFFFFFFFFFFF72
:10CED000FFFFFFFFFFFFFFFFFFFFFFFFFFFFFFFF62
:10CEE000FFFFFFFFFFFFFFFFFFFFFFFFFFFFFFFF52
:10CEF000FFFFFFFFFFFFFFFFFFFFFFFFFFFFFFFF42
:10CF0000FFFFFFFFFFFFFFFFFFFFFFFFFFFFFFFF31
:10CF1000FFFFFFFFFFFFFFFFFFFFFFFFFFFFFFFF21
:10CF2000FFFFFFFFFFFFFFFFFFFFFFFFFFFFFFFF11
:10CF3000FFFFFFFFFFFFFFFFFFFFFFFFFFFFFFFF01
:10CF4000FFFFFFFFFFFFFFFFFFFFFFFFFFFFFFFFF1
:10CF5000FFFFFFFFFFFFFFFFFFFFFFFFFFFFFFFFE1
:10CF6000FFFFFFFFFFFFFFFFFFFFFFFFFFFFFFFFD1
:10CF7000FFFFFFFFFFFFFFFFFFFFFFFFFFFFFFFFC1
:10CF8000FFFFFFFFFFFFFFFFFFFFFFFFFFFFFFFFB1
:10CF9000FFFFFFFFFFFFFFFFFFFFFFFFFFFFFFFFA1
:10CFA000FFFFFFFFFFFFFFFFFFFFFFFFFFFFFFFF91
:10CFB000FFFFFFFFFFFFFFFFFFFFFFFFFFFFFFFF81
:10CFC000FFFFFFFFFFFFFFFFFFFFFFFFFFFFFFFF71
:10CFD000FFFFFFFFFFFFFFFFFFFFFFFFFFFFFFFF61
:10CFE000FFFFFFFFFFFFFFFFFFFFFFFFFFFFFFFF51
:10CFF000FFFFFFFFFFFFFFFFFFFFFFFFFFFFFFFF41
:10D000000000000000000000000000000000000020
:10D010000000000000000000000000000000000010
:10D020000000000000000000000000000000000000
:10D0300000000000000000000000000000000000F0
:10D0400000000000000000000000000000000000E0
:10D0500000000000000000000000000000000000D0
:10D0600000000000000000000000000000000000C0
:10D0700000000000000000000000000000000000B0
:10D0800000000000000000000000000000000000A0
:10D090000000000000000000000000000000000090
:10D0A0000000000000000000000000000000000080
:10D0B0000000000000000000000000000000000070
:10D0C0000000000000000000000000000000000060
:10D0D0000000000000000000000000000000000050
:10D0E0000000000000000000000000000000000040
:10D0F0000000000000000000000000000000000030
:10D10000000000000000000000000000000000001F
:10D11000000000000000000000000000000000000F
:10D1200000000000000000000000000000000000FF
:10D1300000000000000000000000000000000000EF
:10D1400000000000000000000000000000000000DF
:10D1500000000000000000000000000000000000CF
:10D1600000000000000000000000000000000000BF
:10D1700000000000000000000000000000000000AF
:10D18000000000000000000000000000000000009F
:10D19000000000000000000000000000000000008F
:10D1A000000000000000000000000000000000007F
:10D1B000000000000000000000000000000000006F
:10D1C000000000000000000000000000000000005F
:10D1D000000000000000000000000000000000004F
:10D1E000000000000000000000000000000000003F
:10D1F000000000000000000000000000000000002F
:10D20000000000000000000000000000000000001E
:10D21000000000000000000000000000000000000E
:10D2200000000000000000000000000000000000FE
:10D2300000000000000000000000000000000000EE
:10D2400000000000000000000000000000000000DE
:10D2500000000000000000000000000000000000CE
:10D2600000000000000000000000000000000000BE
:10D2700000000000000000000000000000000000AE
:10D28000000000000000000000000000000000009E
:10D29000000000000000000000000000000000008E
:10D2A000000000000000000000000000000000007E
:10D2B000000000000000000000000000000000006E
:10D2C000000000000000000000000000000000005E
:10D2D000000000000000000000000000000000004E
:10D2E000000000000000000000000000000000003E
:10D2F000000000000000000000000000000000002E
:10D30000000000000000000000000000000000001D
:10D31000000000000000000000000000000000000D
:10D3200000000000000000000000000000000000FD
:10D3300000000000000000000000000000000000ED
:10D3400000000000000000000000000000000000DD
:10D3500000000000000000000000000000000000CD
:10D3600000000000000000000000000000000000BD
:10D3700000000000000000000000000000000000AD
:10D38000000000000000000000000000000000009D
:10D39000000000000000000000000000000000008D
:10D3A000000000000000000000000000000000007D
:10D3B000000000000000000000000000000000006D
:10D3C000000000000000000000000000000000005D
:10D3D000000000000000000000000000000000004D
:10D3E000000000000000000000000000000000003D
:10D3F000000000000000000000000000000000002D
:10D40000000000000000000000000000000000001C
:10D41000000000000000000000000000000000000C
:10D4200000000000000000000000000000000000FC
:10D4300000000000000000000000000000000000EC
:10D4400000000000000000000000000000000000DC
:10D4500000000000000000000000000000000000CC
:10D4600000000000000000000000000000000000BC
:10D4700000000000000000000000000000000000AC
:10D48000000000000000000000000000000000009C
:10D49000000000000000000000000000000000008C
:10D4A000000000000000000000000000000000007C
:10D4B000000000000000000000000000000000006C
:10D4C000000000000000000000000000000000005C
:10D4D000000000000000000000000000000000004C
:10D4E000000000000000000000000000000000003C
:10D4F000000000000000000000000000000000002C
:10D50000000000000000000000000000000000001B
:10D51000000000000000000000000000000000000B
:10D5200000000000000000000000000000000000FB
:10D5300000000000000000000000000000000000EB
:10D5400000000000000000000000000000000000DB
:10D5500000000000000000000000000000000000CB
:10D5600000000000000000000000000000000000BB
:10D5700000000000000000000000000000000000AB
:10D58000000000000000000000000000000000009B
:10D59000000000000000000000000000000000008B
:10D5A000000000000000000000000000000000007B
:10D5B000000000000000000000000000000000006B
:10D5C000000000000000000000000000000000005B
:10D5D000000000000000000000000000000000004B
:10D5E000000000000000000000000000000000003B
:10D5F000000000000000000000000000000000002B
:10D60000000000000000000000000000000000001A
:10D61000000000000000000000000000000000000A
:10D6200000000000000000000000000000000000FA
:10D6300000000000000000000000000000000000EA
:10D6400000000000000000000000000000000000DA
:10D6500000000000000000000000000000000000CA
:10D6600000000000000000000000000000000000BA
:10D6700000000000000000000000000000000000AA
:10D68000000000000000000000000000000000009A
:10D69000000000000000000000000000000000008A
:10D6A000000000000000000000000000000000007A
:10D6B000000000000000000000000000000000006A
:10D6C000000000000000000000000000000000005A
:10D6D000000000000000000000000000000000004A
:10D6E000000000000000000000000000000000003A
:10D6F000000000000000000000000000000000002A
:10D700000000000000000000000000000000000019
:10D710000000000000000000000000000000000009
:10D7200000000000000000000000000000000000F9
:10D7300000000000000000000000000000000000E9
:10D7400000000000000000000000000000000000D9
:10D7500000000000000000000000000000000000C9
:10D7600000000000000000000000000000000000B9
:10D7700000000000000000000000000000000000A9
:10D780000000000000000000000000000000000099
:10D790000000000000000000000000000000000089
:10D7A0000000000000000000000000000000000079
:10D7B0000000000000000000000000000000000069
:10D7C0000000000000000000000000000000000059
:10D7D0000000000000000000000000000000000049
:10D7E0000000000000000000000000000000000039
:10D7F0000000000000000000000000000000000029
:10D800000000000000000000000000000000000018
:10D810000000000000000000000000000000000008
:10D8200000000000000000000000000000000000F8
:10D8300000000000000000000000000000000000E8
:10D8400000000000000000000000000000000000D8
:10D8500000000000000000000000000000000000C8
:10D8600000000000000000000000000000000000B8
:10D8700000000000000000000000000000000000A8
:10D880000000000000000000000000000000000098
:10D890000000000000000000000000000000000088
:10D8A0000000000000000000000000000000000078
:10D8B0000000000000000000000000000000000068
:10D8C0000000000000000000000000000000000058
:10D8D0000000000000000000000000000000000048
:10D8E0000000000000000000000000000000000038
:10D8F0000000000000000000000000000000000028
:10D900000000000000000000000000000000000017
:10D910000000000000000000000000000000000007
:10D9200000000000000000000000000000000000F7
:10D9300000000000000000000000000000000000E7
:10D9400000000000000000000000000000000000D7
:10D9500000000000000000000000000000000000C7
:10D9600000000000000000000000000000000000B7
:10D9700000000000000000000000000000000000A7
:10D980000000000000000000000000000000000097
:10D990000000000000000000000000000000000087
:10D9A0000000000000000000000000000000000077
:10D9B0000000000000000000000000000000000067
:10D9C0000000000000000000000000000000000057
:10D9D0000000000000000000000000000000000047
:10D9E0000000000000000000000000000000000037
:10D9F0000000000000000000000000000000000027
:10DA00000000000000000000000000000000000016
:10DA10000000000000000000000000000000000006
:10DA200000000000000000000000000000000000F6
:10DA300000000000000000000000000000000000E6
:10DA400000000000000000000000000000000000D6
:10DA500000000000000000000000000000000000C6
:10DA600000000000000000000000000000000000B6
:10DA700000000000000000000000000000000000A6
:10DA80000000000000000000000000000000000096
:10DA90000000000000000000000000000000000086
:10DAA0000000000000000000000000000000000076
:10DAB0000000000000000000000000000000000066
:10DAC0000000000000000000000000000000000056
:10DAD0000000000000000000000000000000000046
:10DAE0000000000000000000000000000000000036
:10DAF0000000000000000000000000000000000026
:10DB00000000000000000000000000000000000015
:10DB10000000000000000000000000000000000005
:10DB200000000000000000000000000000000000F5
:10DB300000000000000000000000000000000000E5
:10DB400000000000000000000000000000000000D5
:10DB500000000000000000000000000000000000C5
:10DB600000000000000000000000000000000000B5
:10DB700000000000000000000000000000000000A5
:10DB80000000000000000000000000000000000095
:10DB90000000000000000000000000000000000085
:10DBA0000000000000000000000000000000000075
:10DBB0000000000000000000000000000000000065
:10DBC0000000000000000000000000000000000055
:10DBD0000000000000000000000000000000000045
:10DBE0000000000000000000000000000000000035
:10DBF0000000000000000000000000000000000025
:040000056000100087
:00000001FF
