:0200000460009A
:100000004643464200000156000000000103030081
:1000100000000000000000000000000000000000E0
:1000200000000000000000000000000000000000D0
:1000300000000000000000000000000000000000C0
:1000400000000000010408000000000000000000A3
:100050000000800000000000000000000000000020
:100060000000000000000000000000000000000090
:100070000000000000000000000000000000000080
:10008000EB04180A063204260000000000000000FD
:10009000050404240000000000000000000000002F
:1000A0000000000000000000000000000000000050
:1000B0000604000000000000000000000000000036
:1000C0000000000000000000000000000000000030
:1000D00020041808000000000000000000000000DC
:1000E0000000000000000000000000000000000010
:1000F0000000000000000000000000000000000000
:10010000D8041808000000000000000000000000F3
:100110000204180804200000000000000000000095
:1001200000000000000000000000000000000000CF
:10013000600400000000000000000000000000005B
:1001400000000000000000000000000000000000AF
:10015000000000000000000000000000000000009F
:10016000000000000000000000000000000000008F
:10017000000000000000000000000000000000007F
:10018000000000000000000000000000000000006F
:10019000000000000000000000000000000000005F
:1001A000000000000000000000000000000000004F
:1001B000000000000000000000000000000000003F
:1001C000000100000010000001000000000000001D
:1001D000000001000000000000000000000000001E
:1001E000000000000000000000000000000000000F
:1001F00000000000000000000000000000000000FF
:10020000FFFFFFFFFFFFFFFFFFFFFFFFFFFFFFFFFE
:10021000FFFFFFFFFFFFFFFFFFFFFFFFFFFFFFFFEE
:10022000FFFFFFFFFFFFFFFFFFFFFFFFFFFFFFFFDE
:10023000FFFFFFFFFFFFFFFFFFFFFFFFFFFFFFFFCE
:10024000FFFFFFFFFFFFFFFFFFFFFFFFFFFFFFFFBE
:10025000FFFFFFFFFFFFFFFFFFFFFFFFFFFFFFFFAE
:10026000FFFFFFFFFFFFFFFFFFFFFFFFFFFFFFFF9E
:10027000FFFFFFFFFFFFFFFFFFFFFFFFFFFFFFFF8E
:10028000FFFFFFFFFFFFFFFFFFFFFFFFFFFFFFFF7E
:10029000FFFFFFFFFFFFFFFFFFFFFFFFFFFFFFFF6E
:1002A000FFFFFFFFFFFFFFFFFFFFFFFFFFFFFFFF5E
:1002B000FFFFFFFFFFFFFFFFFFFFFFFFFFFFFFFF4E
:1002C000FFFFFFFFFFFFFFFFFFFFFFFFFFFFFFFF3E
:1002D000FFFFFFFFFFFFFFFFFFFFFFFFFFFFFFFF2E
:1002E000FFFFFFFFFFFFFFFFFFFFFFFFFFFFFFFF1E
:1002F000FFFFFFFFFFFFFFFFFFFFFFFFFFFFFFFF0E
:10030000FFFFFFFFFFFFFFFFFFFFFFFFFFFFFFFFFD
:10031000FFFFFFFFFFFFFFFFFFFFFFFFFFFFFFFFED
:10032000FFFFFFFFFFFFFFFFFFFFFFFFFFFFFFFFDD
:10033000FFFFFFFFFFFFFFFFFFFFFFFFFFFFFFFFCD
:10034000FFFFFFFFFFFFFFFFFFFFFFFFFFFFFFFFBD
:10035000FFFFFFFFFFFFFFFFFFFFFFFFFFFFFFFFAD
:10036000FFFFFFFFFFFFFFFFFFFFFFFFFFFFFFFF9D
:10037000FFFFFFFFFFFFFFFFFFFFFFFFFFFFFFFF8D
:10038000FFFFFFFFFFFFFFFFFFFFFFFFFFFFFFFF7D
:10039000FFFFFFFFFFFFFFFFFFFFFFFFFFFFFFFF6D
:1003A000FFFFFFFFFFFFFFFFFFFFFFFFFFFFFFFF5D
:1003B000FFFFFFFFFFFFFFFFFFFFFFFFFFFFFFFF4D
:1003C000FFFFFFFFFFFFFFFFFFFFFFFFFFFFFFFF3D
:1003D000FFFFFFFFFFFFFFFFFFFFFFFFFFFFFFFF2D
:1003E000FFFFFFFFFFFFFFFFFFFFFFFFFFFFFFFF1D
:1003F000FFFFFFFFFFFFFFFFFFFFFFFFFFFFFFFF0D
:10040000FFFFFFFFFFFFFFFFFFFFFFFFFFFFFFFFFC
:10041000FFFFFFFFFFFFFFFFFFFFFFFFFFFFFFFFEC
:10042000FFFFFFFFFFFFFFFFFFFFFFFFFFFFFFFFDC
:10043000FFFFFFFFFFFFFFFFFFFFFFFFFFFFFFFFCC
:10044000FFFFFFFFFFFFFFFFFFFFFFFFFFFFFFFFBC
:10045000FFFFFFFFFFFFFFFFFFFFFFFFFFFFFFFFAC
:10046000FFFFFFFFFFFFFFFFFFFFFFFFFFFFFFFF9C
:10047000FFFFFFFFFFFFFFFFFFFFFFFFFFFFFFFF8C
:10048000FFFFFFFFFFFFFFFFFFFFFFFFFFFFFFFF7C
:10049000FFFFFFFFFFFFFFFFFFFFFFFFFFFFFFFF6C
:1004A000FFFFFFFFFFFFFFFFFFFFFFFFFFFFFFFF5C
:1004B000FFFFFFFFFFFFFFFFFFFFFFFFFFFFFFFF4C
:1004C000FFFFFFFFFFFFFFFFFFFFFFFFFFFFFFFF3C
:1004D000FFFFFFFFFFFFFFFFFFFFFFFFFFFFFFFF2C
:1004E000FFFFFFFFFFFFFFFFFFFFFFFFFFFFFFFF1C
:1004F000FFFFFFFFFFFFFFFFFFFFFFFFFFFFFFFF0C
:10050000FFFFFFFFFFFFFFFFFFFFFFFFFFFFFFFFFB
:10051000FFFFFFFFFFFFFFFFFFFFFFFFFFFFFFFFEB
:10052000FFFFFFFFFFFFFFFFFFFFFFFFFFFFFFFFDB
:10053000FFFFFFFFFFFFFFFFFFFFFFFFFFFFFFFFCB
:10054000FFFFFFFFFFFFFFFFFFFFFFFFFFFFFFFFBB
:10055000FFFFFFFFFFFFFFFFFFFFFFFFFFFFFFFFAB
:10056000FFFFFFFFFFFFFFFFFFFFFFFFFFFFFFFF9B
:10057000FFFFFFFFFFFFFFFFFFFFFFFFFFFFFFFF8B
:10058000FFFFFFFFFFFFFFFFFFFFFFFFFFFFFFFF7B
:10059000FFFFFFFFFFFFFFFFFFFFFFFFFFFFFFFF6B
:1005A000FFFFFFFFFFFFFFFFFFFFFFFFFFFFFFFF5B
:1005B000FFFFFFFFFFFFFFFFFFFFFFFFFFFFFFFF4B
:1005C000FFFFFFFFFFFFFFFFFFFFFFFFFFFFFFFF3B
:1005D000FFFFFFFFFFFFFFFFFFFFFFFFFFFFFFFF2B
:1005E000FFFFFFFFFFFFFFFFFFFFFFFFFFFFFFFF1B
:1005F000FFFFFFFFFFFFFFFFFFFFFFFFFFFFFFFF0B
:10060000FFFFFFFFFFFFFFFFFFFFFFFFFFFFFFFFFA
:10061000FFFFFFFFFFFFFFFFFFFFFFFFFFFFFFFFEA
:10062000FFFFFFFFFFFFFFFFFFFFFFFFFFFFFFFFDA
:10063000FFFFFFFFFFFFFFFFFFFFFFFFFFFFFFFFCA
:10064000FFFFFFFFFFFFFFFFFFFFFFFFFFFFFFFFBA
:10065000FFFFFFFFFFFFFFFFFFFFFFFFFFFFFFFFAA
:10066000FFFFFFFFFFFFFFFFFFFFFFFFFFFFFFFF9A
:10067000FFFFFFFFFFFFFFFFFFFFFFFFFFFFFFFF8A
:10068000FFFFFFFFFFFFFFFFFFFFFFFFFFFFFFFF7A
:10069000FFFFFFFFFFFFFFFFFFFFFFFFFFFFFFFF6A
:1006A000FFFFFFFFFFFFFFFFFFFFFFFFFFFFFFFF5A
:1006B000FFFFFFFFFFFFFFFFFFFFFFFFFFFFFFFF4A
:1006C000FFFFFFFFFFFFFFFFFFFFFFFFFFFFFFFF3A
:1006D000FFFFFFFFFFFFFFFFFFFFFFFFFFFFFFFF2A
:1006E000FFFFFFFFFFFFFFFFFFFFFFFFFFFFFFFF1A
:1006F000FFFFFFFFFFFFFFFFFFFFFFFFFFFFFFFF0A
:10070000FFFFFFFFFFFFFFFFFFFFFFFFFFFFFFFFF9
:10071000FFFFFFFFFFFFFFFFFFFFFFFFFFFFFFFFE9
:10072000FFFFFFFFFFFFFFFFFFFFFFFFFFFFFFFFD9
:10073000FFFFFFFFFFFFFFFFFFFFFFFFFFFFFFFFC9
:10074000FFFFFFFFFFFFFFFFFFFFFFFFFFFFFFFFB9
:10075000FFFFFFFFFFFFFFFFFFFFFFFFFFFFFFFFA9
:10076000FFFFFFFFFFFFFFFFFFFFFFFFFFFFFFFF99
:10077000FFFFFFFFFFFFFFFFFFFFFFFFFFFFFFFF89
:10078000FFFFFFFFFFFFFFFFFFFFFFFFFFFFFFFF79
:10079000FFFFFFFFFFFFFFFFFFFFFFFFFFFFFFFF69
:1007A000FFFFFFFFFFFFFFFFFFFFFFFFFFFFFFFF59
:1007B000FFFFFFFFFFFFFFFFFFFFFFFFFFFFFFFF49
:1007C000FFFFFFFFFFFFFFFFFFFFFFFFFFFFFFFF39
:1007D000FFFFFFFFFFFFFFFFFFFFFFFFFFFFFFFF29
:1007E000FFFFFFFFFFFFFFFFFFFFFFFFFFFFFFFF19
:1007F000FFFFFFFFFFFFFFFFFFFFFFFFFFFFFFFF09
:10080000FFFFFFFFFFFFFFFFFFFFFFFFFFFFFFFFF8
:10081000FFFFFFFFFFFFFFFFFFFFFFFFFFFFFFFFE8
:10082000FFFFFFFFFFFFFFFFFFFFFFFFFFFFFFFFD8
:10083000FFFFFFFFFFFFFFFFFFFFFFFFFFFFFFFFC8
:10084000FFFFFFFFFFFFFFFFFFFFFFFFFFFFFFFFB8
:10085000FFFFFFFFFFFFFFFFFFFFFFFFFFFFFFFFA8
:10086000FFFFFFFFFFFFFFFFFFFFFFFFFFFFFFFF98
:10087000FFFFFFFFFFFFFFFFFFFFFFFFFFFFFFFF88
:10088000FFFFFFFFFFFFFFFFFFFFFFFFFFFFFFFF78
:10089000FFFFFFFFFFFFFFFFFFFFFFFFFFFFFFFF68
:1008A000FFFFFFFFFFFFFFFFFFFFFFFFFFFFFFFF58
:1008B000FFFFFFFFFFFFFFFFFFFFFFFFFFFFFFFF48
:1008C000FFFFFFFFFFFFFFFFFFFFFFFFFFFFFFFF38
:1008D000FFFFFFFFFFFFFFFFFFFFFFFFFFFFFFFF28
:1008E000FFFFFFFFFFFFFFFFFFFFFFFFFFFFFFFF18
:1008F000FFFFFFFFFFFFFFFFFFFFFFFFFFFFFFFF08
:10090000FFFFFFFFFFFFFFFFFFFFFFFFFFFFFFFFF7
:10091000FFFFFFFFFFFFFFFFFFFFFFFFFFFFFFFFE7
:10092000FFFFFFFFFFFFFFFFFFFFFFFFFFFFFFFFD7
:10093000FFFFFFFFFFFFFFFFFFFFFFFFFFFFFFFFC7
:10094000FFFFFFFFFFFFFFFFFFFFFFFFFFFFFFFFB7
:10095000FFFFFFFFFFFFFFFFFFFFFFFFFFFFFFFFA7
:10096000FFFFFFFFFFFFFFFFFFFFFFFFFFFFFFFF97
:10097000FFFFFFFFFFFFFFFFFFFFFFFFFFFFFFFF87
:10098000FFFFFFFFFFFFFFFFFFFFFFFFFFFFFFFF77
:10099000FFFFFFFFFFFFFFFFFFFFFFFFFFFFFFFF67
:1009A000FFFFFFFFFFFFFFFFFFFFFFFFFFFFFFFF57
:1009B000FFFFFFFFFFFFFFFFFFFFFFFFFFFFFFFF47
:1009C000FFFFFFFFFFFFFFFFFFFFFFFFFFFFFFFF37
:1009D000FFFFFFFFFFFFFFFFFFFFFFFFFFFFFFFF27
:1009E000FFFFFFFFFFFFFFFFFFFFFFFFFFFFFFFF17
:1009F000FFFFFFFFFFFFFFFFFFFFFFFFFFFFFFFF07
:100A0000FFFFFFFFFFFFFFFFFFFFFFFFFFFFFFFFF6
:100A1000FFFFFFFFFFFFFFFFFFFFFFFFFFFFFFFFE6
:100A2000FFFFFFFFFFFFFFFFFFFFFFFFFFFFFFFFD6
:100A3000FFFFFFFFFFFFFFFFFFFFFFFFFFFFFFFFC6
:100A4000FFFFFFFFFFFFFFFFFFFFFFFFFFFFFFFFB6
:100A5000FFFFFFFFFFFFFFFFFFFFFFFFFFFFFFFFA6
:100A6000FFFFFFFFFFFFFFFFFFFFFFFFFFFFFFFF96
:100A7000FFFFFFFFFFFFFFFFFFFFFFFFFFFFFFFF86
:100A8000FFFFFFFFFFFFFFFFFFFFFFFFFFFFFFFF76
:100A9000FFFFFFFFFFFFFFFFFFFFFFFFFFFFFFFF66
:100AA000FFFFFFFFFFFFFFFFFFFFFFFFFFFFFFFF56
:100AB000FFFFFFFFFFFFFFFFFFFFFFFFFFFFFFFF46
:100AC000FFFFFFFFFFFFFFFFFFFFFFFFFFFFFFFF36
:100AD000FFFFFFFFFFFFFFFFFFFFFFFFFFFFFFFF26
:100AE000FFFFFFFFFFFFFFFFFFFFFFFFFFFFFFFF16
:100AF000FFFFFFFFFFFFFFFFFFFFFFFFFFFFFFFF06
:100B0000FFFFFFFFFFFFFFFFFFFFFFFFFFFFFFFFF5
:100B1000FFFFFFFFFFFFFFFFFFFFFFFFFFFFFFFFE5
:100B2000FFFFFFFFFFFFFFFFFFFFFFFFFFFFFFFFD5
:100B3000FFFFFFFFFFFFFFFFFFFFFFFFFFFFFFFFC5
:100B4000FFFFFFFFFFFFFFFFFFFFFFFFFFFFFFFFB5
:100B5000FFFFFFFFFFFFFFFFFFFFFFFFFFFFFFFFA5
:100B6000FFFFFFFFFFFFFFFFFFFFFFFFFFFFFFFF95
:100B7000FFFFFFFFFFFFFFFFFFFFFFFFFFFFFFFF85
:100B8000FFFFFFFFFFFFFFFFFFFFFFFFFFFFFFFF75
:100B9000FFFFFFFFFFFFFFFFFFFFFFFFFFFFFFFF65
:100BA000FFFFFFFFFFFFFFFFFFFFFFFFFFFFFFFF55
:100BB000FFFFFFFFFFFFFFFFFFFFFFFFFFFFFFFF45
:100BC000FFFFFFFFFFFFFFFFFFFFFFFFFFFFFFFF35
:100BD000FFFFFFFFFFFFFFFFFFFFFFFFFFFFFFFF25
:100BE000FFFFFFFFFFFFFFFFFFFFFFFFFFFFFFFF15
:100BF000FFFFFFFFFFFFFFFFFFFFFFFFFFFFFFFF05
:100C0000FFFFFFFFFFFFFFFFFFFFFFFFFFFFFFFFF4
:100C1000FFFFFFFFFFFFFFFFFFFFFFFFFFFFFFFFE4
:100C2000FFFFFFFFFFFFFFFFFFFFFFFFFFFFFFFFD4
:100C3000FFFFFFFFFFFFFFFFFFFFFFFFFFFFFFFFC4
:100C4000FFFFFFFFFFFFFFFFFFFFFFFFFFFFFFFFB4
:100C5000FFFFFFFFFFFFFFFFFFFFFFFFFFFFFFFFA4
:100C6000FFFFFFFFFFFFFFFFFFFFFFFFFFFFFFFF94
:100C7000FFFFFFFFFFFFFFFFFFFFFFFFFFFFFFFF84
:100C8000FFFFFFFFFFFFFFFFFFFFFFFFFFFFFFFF74
:100C9000FFFFFFFFFFFFFFFFFFFFFFFFFFFFFFFF64
:100CA000FFFFFFFFFFFFFFFFFFFFFFFFFFFFFFFF54
:100CB000FFFFFFFFFFFFFFFFFFFFFFFFFFFFFFFF44
:100CC000FFFFFFFFFFFFFFFFFFFFFFFFFFFFFFFF34
:100CD000FFFFFFFFFFFFFFFFFFFFFFFFFFFFFFFF24
:100CE000FFFFFFFFFFFFFFFFFFFFFFFFFFFFFFFF14
:100CF000FFFFFFFFFFFFFFFFFFFFFFFFFFFFFFFF04
:100D0000FFFFFFFFFFFFFFFFFFFFFFFFFFFFFFFFF3
:100D1000FFFFFFFFFFFFFFFFFFFFFFFFFFFFFFFFE3
:100D2000FFFFFFFFFFFFFFFFFFFFFFFFFFFFFFFFD3
:100D3000FFFFFFFFFFFFFFFFFFFFFFFFFFFFFFFFC3
:100D4000FFFFFFFFFFFFFFFFFFFFFFFFFFFFFFFFB3
:100D5000FFFFFFFFFFFFFFFFFFFFFFFFFFFFFFFFA3
:100D6000FFFFFFFFFFFFFFFFFFFFFFFFFFFFFFFF93
:100D7000FFFFFFFFFFFFFFFFFFFFFFFFFFFFFFFF83
:100D8000FFFFFFFFFFFFFFFFFFFFFFFFFFFFFFFF73
:100D9000FFFFFFFFFFFFFFFFFFFFFFFFFFFFFFFF63
:100DA000FFFFFFFFFFFFFFFFFFFFFFFFFFFFFFFF53
:100DB000FFFFFFFFFFFFFFFFFFFFFFFFFFFFFFFF43
:100DC000FFFFFFFFFFFFFFFFFFFFFFFFFFFFFFFF33
:100DD000FFFFFFFFFFFFFFFFFFFFFFFFFFFFFFFF23
:100DE000FFFFFFFFFFFFFFFFFFFFFFFFFFFFFFFF13
:100DF000FFFFFFFFFFFFFFFFFFFFFFFFFFFFFFFF03
:100E0000FFFFFFFFFFFFFFFFFFFFFFFFFFFFFFFFF2
:100E1000FFFFFFFFFFFFFFFFFFFFFFFFFFFFFFFFE2
:100E2000FFFFFFFFFFFFFFFFFFFFFFFFFFFFFFFFD2
:100E3000FFFFFFFFFFFFFFFFFFFFFFFFFFFFFFFFC2
:100E4000FFFFFFFFFFFFFFFFFFFFFFFFFFFFFFFFB2
:100E5000FFFFFFFFFFFFFFFFFFFFFFFFFFFFFFFFA2
:100E6000FFFFFFFFFFFFFFFFFFFFFFFFFFFFFFFF92
:100E7000FFFFFFFFFFFFFFFFFFFFFFFFFFFFFFFF82
:100E8000FFFFFFFFFFFFFFFFFFFFFFFFFFFFFFFF72
:100E9000FFFFFFFFFFFFFFFFFFFFFFFFFFFFFFFF62
:100EA000FFFFFFFFFFFFFFFFFFFFFFFFFFFFFFFF52
:100EB000FFFFFFFFFFFFFFFFFFFFFFFFFFFFFFFF42
:100EC000FFFFFFFFFFFFFFFFFFFFFFFFFFFFFFFF32
:100ED000FFFFFFFFFFFFFFFFFFFFFFFFFFFFFFFF22
:100EE000FFFFFFFFFFFFFFFFFFFFFFFFFFFFFFFF12
:100EF000FFFFFFFFFFFFFFFFFFFFFFFFFFFFFFFF02
:100F0000FFFFFFFFFFFFFFFFFFFFFFFFFFFFFFFFF1
:100F1000FFFFFFFFFFFFFFFFFFFFFFFFFFFFFFFFE1
:100F2000FFFFFFFFFFFFFFFFFFFFFFFFFFFFFFFFD1
:100F3000FFFFFFFFFFFFFFFFFFFFFFFFFFFFFFFFC1
:100F4000FFFFFFFFFFFFFFFFFFFFFFFFFFFFFFFFB1
:100F5000FFFFFFFFFFFFFFFFFFFFFFFFFFFFFFFFA1
:100F6000FFFFFFFFFFFFFFFFFFFFFFFFFFFFFFFF91
:100F7000FFFFFFFFFFFFFFFFFFFFFFFFFFFFFFFF81
:100F8000FFFFFFFFFFFFFFFFFFFFFFFFFFFFFFFF71
:100F9000FFFFFFFFFFFFFFFFFFFFFFFFFFFFFFFF61
:100FA000FFFFFFFFFFFFFFFFFFFFFFFFFFFFFFFF51
:100FB000FFFFFFFFFFFFFFFFFFFFFFFFFFFFFFFF41
:100FC000FFFFFFFFFFFFFFFFFFFFFFFFFFFFFFFF31
:100FD000FFFFFFFFFFFFFFFFFFFFFFFFFFFFFFFF21
:100FE000FFFFFFFFFFFFFFFFFFFFFFFFFFFFFFFF11
:100FF000FFFFFFFFFFFFFFFFFFFFFFFFFFFFFFFF01
:10100000D1002043E915006000000000000000004E
:101010002010006000100060004403600000000029
:10102000000000600050030000000000FFFFFFFF11
:10103000FFFFFFFFFFFFFFFFFFFFFFFFFFFFFFFFC0
:10104000FFFFFFFFFFFFFFFFFFFFFFFFFFFFFFFFB0
:10105000FFFFFFFFFFFFFFFFFFFFFFFFFFFFFFFFA0
:10106000FFFFFFFFFFFFFFFFFFFFFFFFFFFFFFFF90
:10107000FFFFFFFFFFFFFFFFFFFFFFFFFFFFFFFF80
:10108000FFFFFFFFFFFFFFFFFFFFFFFFFFFFFFFF70
:10109000FFFFFFFFFFFFFFFFFFFFFFFFFFFFFFFF60
:1010A000FFFFFFFFFFFFFFFFFFFFFFFFFFFFFFFF50
:1010B000FFFFFFFFFFFFFFFFFFFFFFFFFFFFFFFF40
:1010C000FFFFFFFFFFFFFFFFFFFFFFFFFFFFFFFF30
:1010D000FFFFFFFFFFFFFFFFFFFFFFFFFFFFFFFF20
:1010E000FFFFFFFFFFFFFFFFFFFFFFFFFFFFFFFF10
:1010F000FFFFFFFFFFFFFFFFFFFFFFFFFFFFFFFF00
:10110000FFFFFFFFFFFFFFFFFFFFFFFFFFFFFFFFEF
:10111000FFFFFFFFFFFFFFFFFFFFFFFFFFFFFFFFDF
:10112000FFFFFFFFFFFFFFFFFFFFFFFFFFFFFFFFCF
:10113000FFFFFFFFFFFFFFFFFFFFFFFFFFFFFFFFBF
:10114000FFFFFFFFFFFFFFFFFFFFFFFFFFFFFFFFAF
:10115000FFFFFFFFFFFFFFFFFFFFFFFFFFFFFFFF9F
:10116000FFFFFFFFFFFFFFFFFFFFFFFFFFFFFFFF8F
:10117000FFFFFFFFFFFFFFFFFFFFFFFFFFFFFFFF7F
:10118000FFFFFFFFFFFFFFFFFFFFFFFFFFFFFFFF6F
:10119000FFFFFFFFFFFFFFFFFFFFFFFFFFFFFFFF5F
:1011A000FFFFFFFFFFFFFFFFFFFFFFFFFFFFFFFF4F
:1011B000FFFFFFFFFFFFFFFFFFFFFFFFFFFFFFFF3F
:1011C000FFFFFFFFFFFFFFFFFFFFFFFFFFFFFFFF2F
:1011D000FFFFFFFFFFFFFFFFFFFFFFFFFFFFFFFF1F
:1011E000FFFFFFFFFFFFFFFFFFFFFFFFFFFFFFFF0F
:1011F000FFFFFFFFFFFFFFFFFFFFFFFFFFFFFFFFFF
:10120000FFFFFFFFFFFFFFFFFFFFFFFFFFFFFFFFEE
:10121000FFFFFFFFFFFFFFFFFFFFFFFFFFFFFFFFDE
:10122000FFFFFFFFFFFFFFFFFFFFFFFFFFFFFFFFCE
:10123000FFFFFFFFFFFFFFFFFFFFFFFFFFFFFFFFBE
:10124000FFFFFFFFFFFFFFFFFFFFFFFFFFFFFFFFAE
:10125000FFFFFFFFFFFFFFFFFFFFFFFFFFFFFFFF9E
:10126000FFFFFFFFFFFFFFFFFFFFFFFFFFFFFFFF8E
:10127000FFFFFFFFFFFFFFFFFFFFFFFFFFFFFFFF7E
:10128000FFFFFFFFFFFFFFFFFFFFFFFFFFFFFFFF6E
:10129000FFFFFFFFFFFFFFFFFFFFFFFFFFFFFFFF5E
:1012A000FFFFFFFFFFFFFFFFFFFFFFFFFFFFFFFF4E
:1012B000FFFFFFFFFFFFFFFFFFFFFFFFFFFFFFFF3E
:1012C000FFFFFFFFFFFFFFFFFFFFFFFFFFFFFFFF2E
:1012D000FFFFFFFFFFFFFFFFFFFFFFFFFFFFFFFF1E
:1012E000FFFFFFFFFFFFFFFFFFFFFFFFFFFFFFFF0E
:1012F000FFFFFFFFFFFFFFFFFFFFFFFFFFFFFFFFFE
:10130000FFFFFFFFFFFFFFFFFFFFFFFFFFFFFFFFED
:10131000FFFFFFFFFFFFFFFFFFFFFFFFFFFFFFFFDD
:10132000FFFFFFFFFFFFFFFFFFFFFFFFFFFFFFFFCD
:10133000FFFFFFFFFFFFFFFFFFFFFFFFFFFFFFFFBD
:10134000FFFFFFFFFFFFFFFFFFFFFFFFFFFFFFFFAD
:10135000FFFFFFFFFFFFFFFFFFFFFFFFFFFFFFFF9D
:10136000FFFFFFFFFFFFFFFFFFFFFFFFFFFFFFFF8D
:10137000FFFFFFFFFFFFFFFFFFFFFFFFFFFFFFFF7D
:10138000FFFFFFFFFFFFFFFFFFFFFFFFFFFFFFFF6D
:10139000FFFFFFFFFFFFFFFFFFFFFFFFFFFFFFFF5D
:1013A000FFFFFFFFFFFFFFFFFFFFFFFFFFFFFFFF4D
:1013B000FFFFFFFFFFFFFFFFFFFFFFFFFFFFFFFF3D
:1013C000FFFFFFFFFFFFFFFFFFFFFFFFFFFFFFFF2D
:1013D000FFFFFFFFFFFFFFFFFFFFFFFFFFFFFFFF1D
:1013E000FFFFFFFFFFFFFFFFFFFFFFFFFFFFFFFF0D
:1013F000FFFFFFFFFFFFFFFFFFFFFFFFFFFFFFFFFD
:10140000824205D051F8043B40F8043B8242F9D8AF
:101410007047044A04494FF0000342F8043B9142EC
:10142000FBD87047C0B20020C0F2012008B5BFF35E
:101430004F8F06F033FC544B082254495448C3F8EC
:101440005421544A544CC3F80021544AC3F8F020A4
:10145000534AFFF7D5FF534A53495448FFF7D0FF8B
:10146000FFF7D7FF4FF0E0234FF47002C3F8882D49
:1014700000234F4A44F823200133B02BFAD14D4BBF
:1014800080214D4A03F8011B9342FBD14FF0E0202D
:101490004A4D4FF0FF32C0F8084DD0F8243D43F4D8
:1014A000E023C0F8243DEB6923F07F0343F04003C1
:1014B000EB616B6A23F07F0343F040036B62404BA8
:1014C0009A66DA661A675A6706F0EDFB3D4BA3632E
:1014D0003D4BE36363230024436103238461036181
:1014E0003A4BC0F8203DD0F8FC3D43F08073C0F883
:1014F000FC3D374B1A6842F001021A605A68354BBE
:101500001A6006F07FFD344806F0B6FFEB6E43F438
:101510004053EB66314B1C60C3F80841C3F81841D7
:10152000C3F82841C3F8384103F5A0239A6BD207CA
:1015300008D42B4A5A6542F615621A659A6B42F036
:1015400001029A639A68274C42F001129A6006F0F1
:1015500033FC06F0B7FE06F0BFFF06F081FD06F093
:101560009EFB2368132BFCD906F010FE2368B3F50D
:10157000967FFBD306F095FB06F092FB07F074F81C
:1015800006F012FF30BFFDE700800D40B48C006014
:10159000000000001B10182000B000200C0D1113DB
:1015A000B8010200C0B20020708E0260000000206E
:1015B0000D42010000E400E0A0E400E000C00F40A4
:1015C00000C00A40192C01001D2C01000000202041
:1015D000001000E0CCED012000A4781F004008407E
:1015E0000000C056D0ED0120054B064A5A64064A59
:1015F0001A644FF42A029A63044B9D46FFF716FFC4
:1016000000C00A40FFABAAAA070020000080052006
:10161000B0F5FA5F70B5CCBF04260826304D8EB009
:1016200000FB06F304461B0295FBF3F56A1C3F2AF8
:1016300007DD00242B4901A806F0BEFE20460EB0AF
:1016400070BD07EE900A05F03F059FED1F6BB8EEE9
:10165000E77B9FED1F5B27EE067B06EE906AB8EEF8
:10166000E66B27EE067B06EE902A42F21072B8EE89
:10167000E66B27EE067B87EE056B9FED175BFDEEB5
:10168000C67B17EE900A02FB00F307EE103A012327
:10169000B8EEC77B96EE057BFDEEC77B17EE901A82
:1016A00006F07CF910491148721E8B6A034043EA28
:1016B00082132B438B62CB6A034043EA82132B4392
:1016C000CB62BBE7AFF30080000000000000704079
:1016D0000000000060E37641000000000088C34085
:1016E00000B29F26A373002000C00F4000FEFFFF42
:1016F00010B5112862D8DFE800F0090D13181F2378
:10170000262A2E32363D41464A50545ABDE81040F2
:1017100003F050BE01210020BDE8104003F030BEB0
:101720000120BDE8104000F0B9B8274B1868BDE8AB
:101730001040013006F0B0BF4FF0FF310C20EBE756
:101740004FF0FF30EDE7BDE8104000F041B8BDE8D4
:10175000104000F041BABDE8104000F045BABDE8C5
:10176000104000F04DBA00F057FA0620BDE81040D6
:1017700006F0FABDBDE8104000F05ABA0120BDE8FD
:10178000104000F0A3BABDE8104000F0C7BA4FF017
:10179000FF30BDE8104000F06FBABDE8104007F020
:1017A00017B807210320BDE8104000F057B9074CD7
:1017B000237823B106F034FE0023237010BD06F019
:1017C000FFFE0123F9E700BFD4AD0020D3F10120D3
:1017D0000D490E4A0968042908B5137804D10C494B
:1017E000087828B10020087083F00103137001E02D
:1017F00033B1107006F000FEBDE8084006F0F4BFFB
:1018000001230B70F6E700BF8CDC012007F20120FA
:1018100050F2012008B503F041FD0A4B1B6813B1DB
:10182000012B0CD008BD06F0CFFE06F0E5FD06F05A
:10183000A3FD06F07DFEBDE8084006F0D5BF06F02A
:10184000C3FEF6E710A80020114B1B68022B14D032
:1018500002DC012B03D97047032B13D070470028FB
:1018600007DA0C4B30211A680B4B01FB0233186965
:1018700070470228A8BF00207047831E032B28BF93
:1018800002207047431F032B28BF0520704700BF6D
:101890004CE30120D8A7002010A400202DE9F0413E
:1018A000504C05462368042B05DC4F4A002112F8F2
:1018B000230006F08DFE23682B44072B4FD1002315
:1018C0004A4D23602B68012B05D84FF0FF30FFF7FE
:1018D000BBFF474B1860474B00221A60464B1B6802
:1018E000012B53D0022B78D0ABB9444B444E454822
:1018F00093F8008031680268434BB8F1000F32D092
:1019000043F831202268326053F832303F4A136086
:101910003F4A036013603F4B1B68012B01D001F06D
:101920001FF82B68032B0DD1314B1B68063B012B95
:1019300008D8394B00220E201A6006F015FD374BEF
:1019400001229A7304F062FC2368042B48DC264AC7
:10195000012112F82300BDE8F04106F039BE002B4A
:10196000B8BF0623ACE7DFF8C0E0DFF8C0C09EF8E0
:10197000007047B1DCF8007043F831708EF80080D9
:10198000CCF80020BEE743F83120F9E71B4A244E8B
:101990001C48336892F800800168DB001A4AB8F1ED
:1019A000000F08D013445960236802EBC302336070
:1019B00053681C4AABE7DFF870E01344DFF86CC0F3
:1019C0009EF800703FB1DCF800705F608EF8008018
:1019D000CCF80010E8E75960FAE704F0B0FB9AE7AA
:1019E000BDE8F081D8A7002060A500204CE30120CD
:1019F0008CDC012008F60020ECC7012070F20120E9
:101A0000DCA70020B40C012028AB0020E4A70020B4
:101A100090A500208CA500202CE10120EDF10120F3
:101A2000E0A70020E8A70020DAF10120B80C01208F
:101A3000084A00239168814207DA01333032072BCC
:101A4000F8D17047181AFFF729BF034A1068984267
:101A5000F8D1704710A40020D8A700202DE9F84342
:101A6000DFF8308104460D46D8F80030834205D1B6
:101A700000297EDB404A12688A427AD0032C78D84B
:101A8000012B3D4F0FD0032B2BD02846C8F8004028
:101A9000FFF7DAFE012C38602FD0032C46D0BDE8CA
:101AA000F843FFF7B7BEDFF8DC9000260B2089F87B
:101AB0000B6089F80C6006F057FC0C2006F054FC13
:101AC0002E4B1B68012B01D100F062FA2C4B1E60DB
:101AD00089F80D6006F0C8FCC8F8004006F024FE46
:101AE000D3E73B68052B05D0063B012BCDD805F08D
:101AF00063F8CAE704F092FCC7E7224D0B20EC72B2
:101B00002C7306F031FC0C2006F02EFC1B4B1B68DE
:101B1000012B03D100F05CFA06F006FE0123184AFF
:101B20000D2013606B7306F01FFCB8E7062806D083
:101B300007280FD00528B2D104F044FCAFE71249C2
:101B4000124804F0E9FF0028A9D105F035F8052373
:101B50003B60F1E70C490D4804F0DEFF0028F4D0AB
:101B600005F056F80028F0D0094B01220E201A602B
:101B7000D9E7BDE8F88300BF8CDC0120CCE0012070
:101B8000D8E10120EDF10120BE730020348800204F
:101B90002CE101204CE3012010B50D4C2368834259
:101BA00014D0FFF751FE0B4B01461868022803DCE6
:101BB000002803DB216001E0032803D0BDE81040CA
:101BC000FFF728BEBDE81040FFF748BF10BD00BFBB
:101BD0008CDC01204CE30120024B18680130FFF738
:101BE000DBBF00BF8CDC0120044B4FF0FF311868D5
:101BF0000130042828BF0020FFF730BF4CE301204C
:101C0000044A082013680133032BC8BF0023136064
:101C100006F0AABB20E20120044A64201378B3FA3C
:101C200083F35B09137006F0C3BD00BF39F10120D7
:101C300010B50D4C2368022B0BD10C4B0C491A68C4
:101C40000C4B03EB820351F82220C3F80C2300F065
:101C500087FE236805200133022BC8BF00232360C1
:101C6000BDE8104006F080BBE8E10120D8A70020C5
:101C700098DC0120248D002070B4114D89B00646F7
:101C80006C460FCD0FC495E80F0084E80F000D4B94
:101C90001A68B61802D507221A6002E0072E0DDC7A
:101CA0001E601B6808AA022002EB830353F8202C55
:101CB000054B1A6009B070BC06F056BB0022EBE77A
:101CC000902A002064AE0020D4A8002010B4104B4D
:101CD00085B004460DF1100C0FCB0CE90F000D4B35
:101CE0001A682244032A0FDD00221A6004AA1B6826
:101CF000032002EB830353F8102C074B1A6005B046
:101D00005DF8044B06F030BB002AB8BF0322ECE7B5
:101D1000B02A0020E4A80020E0A8002010B50D4C57
:101D20000B202368B3FA83F35B09236006F01CFBE6
:101D3000094B1B68012B0BD12368012B05D100F047
:101D400047F9BDE8104006F0EFBC00F021F9F8E7D4
:101D500010BD00BFCCE001204CE30120044B1B6808
:101D600023B91C23034A1360034A1360704700BF62
:101D7000D4E10120C4AB0020C0AB0020084B0C20F4
:101D800008491A681C23003A0B60074918BF012252
:101D90000B6006490A60064AC2E9103306F0E4BA4D
:101DA00054E10120C4AB0020C0AB002060E2012060
:101DB000248D002008B5084B1A68084B1B689A420E
:101DC00009D006F001FC064B1B68012B03D1BDE8CE
:101DD000084006F0A9BC08BD08A8002054E1012075
:101DE0004CE3012008B505F029FD054B1A68054BA9
:101DF0001A6500F0B5FD0C20BDE8084006F0B4BA45
:101E000004A80020248D0020054B07B50093002373
:101E100004491A46184603F05FFB03B05DF804FB63
:101E20005D1D0060D4E101201C23024A1360024AB8
:101E300013607047C4AB0020C0AB0020054A0649C0
:101E400013680B600133052BC8BF00231360FFF735
:101E5000B1BF00BF08A8002054E1012007B5074921
:101E60000120074B0A681A60064B009300231A46AC
:101E700003F032FB03B05DF804FB00BF08A80020AC
:101E800054E10120B51D0060084B1B681C3B07B5E1
:101E900018BF0123064902200B60064B0093002364
:101EA0001A4603F019FB03B05DF804FBC0AB002039
:101EB00054E101207D1D00607047034B1A68034BFD
:101EC0005A6500F04DBD00BFCCAD0020248D002030
:101ED000024B1A68024B9A6500F042BD0CA8002024
:101EE000248D00204FF4966393FBF0F0014B1860B3
:101EF000704700BFD8E0012038B55022174B184971
:101F000000241A60F02317480B601749174D0B6027
:101F100017492A60086017490A602146164A13606B
:101F200040F6B832154B1C60154B1C60154B1868F9
:101F300006F0CEFA144B40F6B8322146186806F087
:101F4000C7FA2A684FF496630C20B3FBF2F30F4AEA
:101F50001360BDE8384006F007BA00BF40E1012039
:101F600044E1012000002043C0E00120D8E001202E
:101F700024AE00200CA4002008A400207CEE012048
:101F800080EE0120B0E5012048E1012004A80020F6
:101F900008B50B4B186806F0CBFB0A4B186806F027
:101FA000C7FB094B186806F0C3FB084B186806F01E
:101FB000BFFB06F0EDFA0020BDE8084006F004BAC9
:101FC00070D8012048E10120B0E50120BCDC0120EF
:101FD00070B5154E40F2FC70144D06F011FA144C19
:101FE000306040F6B83006F00BFA286040F6B830A2
:101FF00006F006FA20604FF4806006F001FA0D4BFF
:102000001860336823B12B6813B1236803B130B96A
:10201000094B0022BDE870401A60FFF7B9BF2020CD
:10202000BDE8704006F0A0BA70D8012048E1012058
:10203000B0E50120BCDC0120CCE001200000000064
:102040002DE9F04FAA4B0546884600212DED068B61
:10205000ADF2C44D93F9004002AF631C07F13C00A0
:102060009B003B62073323F00703ADEB030D0DF13B
:10207000080BADEB030D02AA09EE902A3A6A02F2B0
:10208000034222F00702ADEB020D02AAADEB030DF5
:1020900002AB0AEE102AFB61964B93F9009009EB14
:1020A00004034FEA89069B00073323F00703ADEBD7
:1020B000030D02AAADEB030D02ABBA617B6209F11D
:1020C000FF3308EE103AF31D23F00703ADEB030DC9
:1020D00002AAADEB030D02AB3A612C22FB6006F0C5
:1020E000F7F9854B1B785A1E7A60844A11689A1E4C
:1020F000072A1FD813291DDD052B40F6B83095EDB2
:10210000047ACCBF1A1F1A46504307EE900A4FF4C8
:102110007A70F8EEE77A424377EE277A95ED057A02
:10212000C5ED047A07EE902AF8EEE77A77EE677A43
:10213000C5ED057AA3F10B02082A7A6136D901317F
:102140006E4B142978DC1960D7E903231E44002361
:102150009945A6F1040672DC0026A6427FDD97EDC4
:102160000F7AB7EE009A5E4624EAE472B7EEC77AB9
:102170000021A6EC019A92003046B2464FF00109C8
:102180009FED596B27EE067BB7EEC78B87ED0F8A65
:1021900006F09EF9F96907F140030431A14500F307
:1021A000B180184632469FED567A6BE0A3F10A00E3
:1021B000A3F10E024FF0C80E4FF0640A0528D8BFF5
:1021C00002464FF47A7000FB02FC4FF4FA700EFBEB
:1021D00002FE50430AFB02F207EE900A8020132908
:1021E00027DD0B2B25DD07EE10CAF8EEC76A95ED4B
:1021F000187A37EE267AF8EEE76A85ED187A95EDCB
:10220000197A37EE267A85ED197A07EE10EAF8EE9C
:10221000C76A95ED1A7A37EE667A85ED1A7A07EE77
:10222000102AF8EEC76A95ED1B7A37EE667A85EDCF
:102230001B7A0138D3D182E700221A6084E707EEC7
:10224000903AB8EEC86B0133B8EEE75B85EE067BDB
:10225000B7EEC77BA2EC017A86ED007A78E707F14A
:102260003C03A8EB060205EB8601284603EB860338
:10227000013606F011F970E7F2EC016AD0ED007A50
:10228000A6EEA77A5245A0F10400F5D1F3EC017A4D
:1022900008465246B44677EE877AF1EE677AC7EE83
:1022A000888A043A5A4514D14FEA89023046BB6005
:1022B00009F10109043AF96106F066F9F0EE497A8C
:1022C000BB68F969E8EEE87AEAEC018A28EE278A29
:1022D00064E7FCEC017A92ED007AE7EE287AE0EC14
:1022E000017ADEE7AFF3008030B844000000F03F31
:1022F00084AE002083AE00203BF10120FC4601208B
:102300000000000019EE903A3A6A59469A180023E4
:10231000A34240F39C80661C4FF480791AEE103A79
:1023200019EE902AB6B207F13000CDF800904FF0C8
:10233000000A314606F068FA434607F1B80229461A
:1023400007F1300006F0E4F91AEE103A5A46314629
:1023500007F13000CDF8009006F056FA07F1B80208
:10236000434607F13000114606F0D2F907F1280282
:10237000494607F1B80006F09BF907F12C02214607
:10238000584606F07DF8D7ED0B7A97ED0A0A20EE55
:10239000270A06F089F9754BF0EE047A07F1680117
:1023A00093F9003020EE270A013B03EBD373B1EE23
:1023B000407A5A1004EB630307F1B80000EB830086
:1023C000D0ED007AF4EEC07AF1EE10FA04DCF4EE0F
:1023D000C77AF1EE10FA05D5181B134441F82A000C
:1023E0000AF1010A0133F12B02D8BAF1140FE3D13B
:1023F0000BF10406224607F168083146304606F024
:1024000013FA224619EE901A19EE900A06F00CFA09
:102410003B6A043BBB60BA68BB6903EB020B002359
:10242000FB61524B93F90000FB699A4500F1FF33C1
:1024300003EBD37300F084807A6A5B10D7F81890AE
:10244000002102EB80025B42CC463A6227E051F861
:10245000040B013342F8040D5AE7D8F8002002EBD0
:10246000030EAEEB040E1EEB010E48BF02EB010E95
:10247000A2EB03024CBF3E4805EB8E0E0A4401F16D
:10248000010148BF00EB8E0E386A05EB8202DEF8D0
:1024900000E052684CF804EB40F8042B3862A1428B
:1024A000DBDB00233B62314B3A6A93F90030934205
:1024B00028DC5A465946386906F066F97A6A2B4B89
:1024C0001146F86893F9003006F05EF97B68042B3A
:1024D00012D97B69042B0FD9244B5846D8F8001029
:1024E00093F900305A1E02EBD272A1EB6202796AB4
:1024F00005EB820205F0DCFFFB6908F104080133FB
:10250000FB618EE7BB684946224619EE900A4B44B0
:1025100009F1040905F0C0FF144B7A6A93F9001021
:102520003B6A786AC91A4B1E00EB8101304602EB08
:102530008303224605F0B0FF3B6A01333B62B2E7FA
:1025400004EB6302C4F1FF010948A1EB630122EA35
:10255000E27205EB8101920006F016F807F2BC4723
:10256000BD46BDEC068BBDE8F08F00BF83AE0020FA
:102570000047012038B504460D4600224FF4807113
:10258000FFF75EFD2046294604F5806350F8042BD2
:10259000984241F8042BF9D138BD38B59E4BF4EE82
:1025A000007A9E4C9E4D2DED0A8B93ED009AF7EE2E
:1025B000008A9C4B29EE279A1B68013B032B0AD803
:1025C000DFE813F004000C0112011A014FF0804300
:1025D000954A13602360954B3021F3EE047A1A6814
:1025E000B2EE040A924BFFEE009AB7EE00BB01FB7D
:1025F0000233D3ED0A0AF8EEE00AC0EEA70A05F0AE
:102600008FFF8C4B8C4A83ED000A8C4BF0EE40CA56
:1026100093ED008A8A4BB8EEC88A93ED000A68EE03
:10262000097A67EE807A20EE090AFAFE677AFDEEF3
:10263000E77A89EE800AC2ED007A17EE903A814A75
:1026400012681344804A136006F07EF838EEC00A20
:102650007E4B83ED000A94ED000A29EE000A89EE14
:10266000800A06F071F87A4B38EEC00A83ED000A52
:10267000784B93ED000A29EE000A89EE800A06F0F5
:1026800063F8754B38EEC00A83ED000A734B93ED87
:10269000000A29EE000A89EE800A06F055F8704B10
:1026A00078EEC07AB1EE480AC3ED007A78EEE77AA8
:1026B0006C4BC3ED007A6C4B93ED00AA06F044F826
:1026C000B7EEC07A694BB7EECAAA3BEE477B9FEDE7
:1026D0004E6B27EE0A7B27EE067BB7EEC78B83EDAA
:1026E000008A634B93ED00CA624B6CEE8C7AC8EEA5
:1026F00027AAC3ED00AA604B93ED00AA2CEE0A0AAC
:1027000020EE2C0A88EE000A05F0CAFE5B4BB7EEFD
:10271000CCCAB5EE400A8BEE0C7BF1EE10FA08BF86
:102720009FED570AB7EEC00A3BEE476BB7EEC87A8B
:1027300026EE077B87EE006B95ED007AC8EE8A7A6D
:10274000B2EE040AB7EEC66B83ED006AB2EE006B20
:102750004C4BC3ED007AB7EEC77A37EE4B7B27EED2
:10276000067BF7EEC70B05F0DBFEB7EEC07A2AEE6C
:10277000000A454BB7EEEA6A3BEE47BBB7EEC07ABC
:10278000A6EE0B7B9FED226B27EE067BB7EEC77B99
:1027900083ED007A3D4B93ED000A29EE000A89EEA5
:1027A000800A05F0D1FF3A4B38EEC00A83ED000AEB
:1027B00038EEC00A374B83ED000A374BD3ED007A71
:1027C00029EE270A89EE800A05F0BEFF334B38EE6A
:1027D000C00ABDEC0A8B83ED000A38BD124BC3ED75
:1027E000008A4FF07C53F5E60F4B0022C5ED008ABE
:1027F0001A604FF07A53EDE60B4B0022C5ED008ACC
:102800001A60274BE6E600BF1EA7E8482EFFEF3F01
:10281000FCA9F1D24D62E43F84E50120DCED01200A
:102820007CE101207889002080E10120D8A70020E8
:1028300010A40020F4E1012018C8012018E20120B2
:10284000D8ED0120BCAB0020C4E101201CC8012050
:10285000C4E00120E4ED012008E10120E0ED0120C9
:1028600004E1012048E2012058E201205CE201205D
:1028700084EE012000E2012060AB0020BCED0120CD
:102880009595E624D0E1012078E10120E8ED0120D2
:102890006CE101204CE20120ECED012074E101200B
:1028A000CDCC4C3D184B0421184A1A604FF07A5396
:1028B000174A1360174A1160174A18491160184ADD
:1028C000184911604FF07E5217490A6017490A6093
:1028D0004FF07F51164A1160164A17491360174A84
:1028E0001160174A174911600121174A11704FF002
:1028F0007C51164A1160164A1360164A1360164B33
:10290000164A1A60FFF749BED8ED01206F12833ACC
:10291000DCED012018E20120F4E1012000401C461A
:10292000CCA800200000A04160AB002058E20120AC
:1029300084EE0120E0ED01200AD7A33BE4ED012065
:1029400030E301200000A040ECF10120E8ED01207F
:1029500080E101207CE10120ECED0120CDCCCC3DDB
:10296000704738B5054D04242046013405F0D8FEE3
:1029700005F8010BB4F54F7FF6D138BD248D00204A
:10298000704737B5002401AD2046013405F0C8FE7C
:1029900005F8010B042CF7D1019803B030BD2DE9E7
:1029A000F843B6490025B64CB64805F0BDFDB6491A
:1029B000B448274605F06CFD2146B24805F0B4FD49
:1029C000B249B04805F064FDE168AE4805F0BCFDD1
:1029D000AF49AC4805F05CFD2169AA4805F0B4FD9B
:1029E000AC49A84805F054FD6169A64805F0ACFD66
:1029F000A949A44805F04CFDA169A24805F0A4FD31
:102A0000A649A04805F044FDE1699E4805F09CFDFB
:102A1000A3499C4805F03CFD94ED090A0221994820
:102A2000B7EEC00ADFF8E49205F0B2FC9D49954884
:102A300005F02EFDA16A934805F086FD9A4991485C
:102A400005F026FDE16A8F4805F07EFD97498D4827
:102A500005F01EFD216B8B4805F076FD94498948F1
:102A600005F016FD616B874805F0C2FC9149854869
:102A700005F00EFD94ED0E0A02218248B7EEC00A61
:102A8000804E05F085FC8C497E4805F04DFD8B4954
:102A90007C4805F0FDFCE16B7A4805F055FD88495E
:102AA000784805F0F5FC616C764805F04DFD8549E8
:102AB000744805F0EDFC216C724805F045FD824933
:102AC000704805F0E5FCA16C6E4805F03DFD7F49BE
:102AD0006C4805F0DDFCE16C6A4805F035FD7C4989
:102AE000684805F0D5FC216D664805F02DFD794953
:102AF000644805F0CDFC00230522616D614805F0B6
:102B000043FC604805F08CFE73495E4805F0C0FC4C
:102B100000230A22A16D5B4805F036FC594805F0F8
:102B20007FFE6E49574805F0FFFC6D49554805F09A
:102B3000AFFCE16D534805F007FD6A49514805F0C7
:102B4000A7FC216E4F4805F0FFFC67494D4805F092
:102B50009FFC616E4B4805F0F7FC6449494805F05D
:102B600097FCA16E474805F0EFFC6149454805F028
:102B70008FFCE16E434805F0E7FC5E49414805F0F3
:102B800087FC216F3F4805F0DFFC5B493D4805F0BD
:102B90007FFC616F3B4805F0D7FC5849394805F088
:102BA00077FCDFF8808157F8781F364805F0CCFCB9
:102BB0005349344805F0B8FC092D03DC494630463A
:102BC00005F066FC4146304605F062FC2946304679
:102BD000013505F0A1FD4B49304605F059FC57F889
:102BE000041F304605F0B0FC0E2DE5D1464F002500
:102BF000DFF81891234EDFF830814449214805F071
:102C000093FC092D03DC4946304605F041FC414662
:102C1000304605F03DFC29463046013505F07CFD87
:102C20003849304605F034FC57F8041F304605F0AB
:102C30008BFC0E2DE5D136490025124805F074FCB9
:102C40003449104805F024FCD4F8EC100D4805F088
:102C50007BFC31490B4805F01BFC94ED3C0A02213A
:102C60000848B7EEC00A2D4F05F092FB2C490548E5
:102C700005F00EFC94ED3D0A58E000BF45740020BD
:102C8000248D0020349E002064740020877400206E
:102C9000AA740020CD740020F07400201375002069
:102CA000367500206175002086750020A97500200A
:102CB000CC750020EE750020117600202C760020C7
:102CC0004F7600207276002095760020B87600209E
:102CD000DB760020FE76002021770020447700205C
:102CE0006D77002090770020B3770020D677002002
:102CF000F97700201C7800203F78002062780020BF
:102D000085780020A07C0020D48D0020A1730020B5
:102D1000E07800200679002029790020208E00200C
:102D20004C790020A6780020C37800200221CE48EC
:102D3000B7EEC00ADFF86C9305F02AFBCB49CA480E
:102D400005F0A6FB94ED3E0A0221C748B7EEC00A83
:102D5000C54E05F01DFBC649C34805F099FBDFF8D9
:102D60006883D4F8FC10C04805F0EEFBC149BE48AA
:102D700005F0DAFB092D03DC4946304605F088FBF7
:102D80004146304605F084FB29463046013505F0C2
:102D9000C3FCB949304605F07BFB57F8041F3046A9
:102DA00005F0D2FB122DE5D1B449AF4805F0BCFBCC
:102DB000B349AD4805F06CFB94ED520A0221AA48D4
:102DC000B7EEC00AAF4E05F0E3FAAF49A64805F0EA
:102DD0005FFB94ED530A0221A348B7EEC00ADFF867
:102DE000EC8205F0D5FAA9499F4805F051FB94ED16
:102DF000540A02219C48B7EEC00A9B4D05F0C8FA60
:102E0000A349994805F044FB94ED550A02219648E0
:102E1000B7EEC00A984F05F0BBFA9E49924805F0FC
:102E200037FB94ED560A02218F48B7EEC00A05F031
:102E3000AFFA99498C4805F02BFB94ED570A022113
:102E40008948B7EEC00A002405F0A2FA93498648E3
:102E500005F06AFB4146284605F01AFB2146284644
:102E6000013405F059FC3946284605F011FBB6EC53
:102E7000010A05212846B7EEC00A05F089FA072C99
:102E8000E8D1874E0024DFF84882774D7A4F854994
:102E9000754805F049FB4146284605F0F9FA2146F8
:102EA0002846013405F038FC3946284605F0F0FA8A
:102EB000B6EC010A05212846B7EEC00A05F068FA0B
:102EC000072CE8D1784E0024DFF80882664D6A4F5F
:102ED0007449654805F028FB4146284605F0D8FAB4
:102EE00021462846013405F017FC3946284605F0EE
:102EF000CFFAB6EC010A05212846B7EEC00A05F064
:102F000047FA072CE8D1694E0024DFF8CC81564DF2
:102F1000594F6449544805F007FB4146284605F0DF
:102F2000B7FA21462846013405F0F6FB3946284613
:102F300005F0AEFAB6EC010A05212846B7EEC00A44
:102F400005F026FA072CE8D1564900244648584E89
:102F500005F0EAFADFF88481434D474F554942486E
:102F600005F0E2FA4146284605F092FA2146284645
:102F7000013405F0D1FB3946284605F089FAB6EC54
:102F8000010A03212846B7EEC00A05F001FA072C12
:102F9000E8D1494E0024DFF84881334D364F41498E
:102FA000314805F0C1FA4146284605F071FA21463C
:102FB0002846013405F0B0FB3946284605F068FA8A
:102FC000B6EC010A03212846B7EEC00A05F0E0F985
:102FD000072CE8D1394E0024DFF80881224D264F16
:102FE0003049214805F0A0FA4146284605F050FA3C
:102FF00021462846013405F08FFB3946284605F066
:1030000047FAB6EC010A03212846B7EEC00A05F0DC
:10301000BFF9072CE8D12A4E0024DFF8CC80124DEE
:10302000154F2049104805F07FFA4146284605F023
:103030002FFA21462846013405F06EFB3946284612
:1030400005F026FAB6EC010A03212846B7EEC00ABD
:1030500005F09EF9072CE8D1124900240248194EC8
:1030600005F062FA42E000BF349E00206F79002034
:1030700092790020B5790020A07C0020F37900200F
:10308000117A0020848E0020347A0020577A0020A4
:103090007A7A00209D7A0020C07A0020E37A00200E
:1030A000A08E0020A1730020BC8E0020D88E0020AE
:1030B000F48E0020887B0020108F00202C8F0020B1
:1030C000488F0020608F0020D6790020107B0020E0
:1030D0002E7B00204C7B00206A7B0020AF7B0020F1
:1030E000CD7B0020EB7B0020097C00207C4F7D4DB8
:1030F000DFF848827C497B4805F016FA092C03DC8E
:103100003946284605F0C4F94146284605F0C0F97D
:103110002146284605F000FB7449284605F0B8F919
:10312000032C03DC3946284605F0B2F9013456F881
:10313000041F284605F05CF90D2CDFD10025694EEF
:103140006B4C6C49674805F0EFF96B49304605F068
:103150009FF92946304605F0DFFA6849304605F008
:1031600097F9012D03DC5E49304605F091F904EB37
:10317000C50301353046D3F8741205F0E5F9072D83
:10318000E3D100265C4F574DDFF8B481394628461D
:1031900005F07EF93146284605F0BEFA414628463C
:1031A00005F076F9012E03DC4D49284605F070F94B
:1031B00004EBC60301362846D3F8781205F0C4F9AB
:1031C000072EE3D14649474805F0AEF94C4945483A
:1031D00005F05EF9D4F8AC12424805F009F9494906
:1031E000404805F055F948493E4805F09DF94749E2
:1031F0003C4805F04DF946493A4805F095F94549EE
:10320000384805F045F94449364805F08DF94349F9
:10321000344805F03DF92B6894F8F81200251B6836
:10322000304898472F4805F0FBFA2D492D4805F006
:103230007BF93B492B4805F02BF9D4F8FC122948BF
:1032400005F082F93749274805F022F9D4F8001330
:10325000244805F079F93449224805F019F994ED2C
:10326000C20A02211F48B7EEC00A304F05F090F89D
:103270002F491C4805F00CF994EDC10A02211948A8
:10328000B7EEC00ADFF8BC90164E05F081F8DFF803
:10329000B8801349134805F047F94946304605F010
:1032A000F7F829463046013505F036FA41463046F2
:1032B00005F0EEF857F8041F304605F045F9072DE4
:1032C000EBD11C49074805F0E3F8D4F8281305486A
:1032D00005F03AF918490348BDE8F84305F024B968
:1032E000A1730020349E0020277C0020A07C0020B9
:1032F000248D0020657C0020827C00209D7C0020A5
:10330000AD7C0020D07C0020D48F0020F37C0020F6
:1033100006900020167D002010900020397D0020AE
:103320005C7D00207F7D0020A27D00202C9000206D
:10333000C57D00200B7E00202E7E0020487C0020D2
:10334000A57C0020E87D0020037E0020031F044AA6
:10335000303052F8041F43F8041F8342F9D17047FC
:10336000608F0020F8B5BB4C05F072F9BA4D0146EC
:103370002046242604F0E8FFA5632325012105202B
:103380001E230F270022E061E063C4E910653225A7
:10339000C4E90313C4E91801C4E90C11AF484FF0A4
:1033A0007E53C4E91475C4E91A1140F2EE25AC4904
:1033B0006362C4E91652C4E91C10AA4D214641F8C3
:1033C000785F6425C4E90522C4E90A22C4E912220F
:1033D000013241F8045F0E2AFAD16FF0090214217C
:1033E00040F2663540F20136C4F8EC204FF08242DC
:1033F00040F29D2740F2352CC4F8F02040F2CB1E5D
:10340000994AC4F86031C4F8F420C4F8F8204FF4A5
:103410006772C4F86431C4F86831C4E93F1240F2FD
:1034200031324FF4B271C4E9415240F2C922F2255F
:10343000C4E943624FF41A728326C4E9457240F22C
:103440000122874FC4E947C240F29712DFF8A0C2B9
:10345000C4E949E24FF49572DFF898E2C4E94B12EF
:10346000B7228249C4E94D5243220A25C4F85C11AF
:103470007F49C4F84451C4E94F6200227D4EC4F82C
:103480004821C4F84C21C4F85021C4F85421C4F890
:103490005821C4F86C31C4F89811C4F89C117649CD
:1034A000C4F87031C4F8A0117449C4F87431C4F878
:1034B000A4117349C4F87831C4F8A8117149C4F84B
:1034C0007C31C4F8AC11C4F8B0116F49C4F8803134
:1034D000C4F8B811C4F8C0116C49C4F88431C4F8F8
:1034E000C4116B49C4F88831C4F8C8116949C4F8DB
:1034F0008C31C4F89031C4F89431C4F8B461C4F884
:10350000BC61C4F8CC11644EC4F8D031C4F8D431D5
:10351000C4F8D831C4F8DC31C4F8E031C4F8E4317F
:10352000C4F8E831C4F8EC21C4F8F021C4F808323A
:10353000C4F80C32C4F81032C4F81432C4F818328B
:10354000C4F81C32C4F82032544BC4F8F421C4F837
:10355000F821C4F8FC21C4F80022C4F80422C4F8FD
:103560002422C4F82822C4F82C22C4F83022C4F83B
:103570003422C4F83822C4F83C22494A4949C4F8E4
:103580004802C4E99063484BC4E99532474BC4E90B
:1035900097C3DFF864C1C4E999ECDFF860E1DFF8B4
:1035A00060C1C4E99BECDFF85CC1C4E99371C4F865
:1035B00074C2C4F87C723E4FC4F88812C4F8847296
:1035C0003C4F3D49C4F88C723C4FC4F89822C4F873
:1035D00094723B4F3B4AC4F89C72C4F8A8323A4FED
:1035E0003A4BC4F88002C4F89012C4F8A0223222E8
:1035F00037493848C4F8AC32C4F8A472C4F87862C9
:1036000004F0DEFE344B35481A683549C4F8E2222E
:103610005A681B8942602A460381284404F0D0FE80
:103620002E23304AC4F8F8322F4BC4F808231B6805
:103630002E4AC4F8FC320023C4F80423C4F8003333
:10364000C4E9C333C4E9C533C4E9C733C4E9C933E2
:10365000F8BD00BF248D00200000A041F0446B00A5
:1036600000DD6D00A0090100CDCCCC3D00007A4505
:103670007F6ABC3C96438B3CE3A51B3DF4FD543D67
:1036800060E5503D4260E53CE3A59B3C3108AC3C25
:103690000AD7A33C5839B43C40523600104E38008B
:1036A000A0594101E089D600C0ACD8006029AC0126
:1036B000C8F8D90050A41401801F1401284F4601F6
:1036C000F0B47C0110097C010822B101B0196D0031
:1036D000507E0020D48F00205D7E002006900020C8
:1036E000577E00200000164260E201200000F6C272
:1036F00088C84401C8D0B001404B4C008096980067
:10370000C0E1E40068CE3C002DE9F047FE21D2B0D4
:103710008C4805F02DF8002800F0F08501A8002362
:10372000894A884904F0ECFF059804F0CDFE002892
:1037300000F0E185854C0026854F04F53B780DF1BE
:1037400018090025CA4601A804F07EFFB92EC0B2B0
:1037500012D101A8012404F097FE4FF44E7200210B
:103760007A4804F0F5FD01A805F03AF8204652B079
:10377000BDE8F0871D46E6E70A2805F1010309F8D0
:10378000010BF7D1002355443946504605F8013C5A
:1037900004F056FFC11C2CA804F0D6FD731EB72BF5
:1037A00000F2BA80DFE813F0BE00C300C800D60004
:1037B000DB00BC00E000EA00EF00F500FB000001C8
:1037C00008010D01120117011C01210126012E0122
:1037D000330139013E01430148014D0152015701B6
:1037E0005C01610167016D01730179017F01850150
:1037F0008B01910197019D01A301A901AF01B501C1
:10380000BB01C101C701CD01D301D901DF01E50130
:10381000EB01F101F701FD01030209021102180297
:10382000200226022C02320238023E0244024A02E0
:10383000500256025C02620268026E0274027A0250
:10384000800286028C0292029A02A202AA02B202AC
:10385000BA02C202CA02D202DA02E202EA02F202A8
:10386000FA0202030A0312031A0322032A03320391
:103870003A0342034A0352035A0362036A03720380
:103880007A0382038A0392039A03A203AA03B20370
:10389000BA03C203CA03D203DA03E203EA03F20360
:1038A000FA0302040A0412041A0422042A04320449
:1038B0003A0442044A0452045A0462046A04720438
:1038C0007A04820488048E0494049A04A004A60452
:1038D000AC04B204B804BF04C604CD04D404DB04B1
:1038E000E204E904F004F704FE0405050C051305E1
:1038F0001A05210528052F0536053D05430549050F
:103900004F0556055D0564056D0576057D05840545
:103910008B0592059905A0052CA9204604F014FDFD
:1039200001360CE72CA804F0BBFEE060F8E72CA8F9
:1039300004F0B6FE2061F3E72CA804F0B1FE60614C
:10394000EEE700BFE007012059850020248D00200C
:10395000C17D00202CA804F0A3FEA061E0E72CA804
:1039600004F09EFEE061DBE72CA804F099FE07EE70
:10397000900AF8EEE77AC4ED097AD1E72CA804F0B2
:103980008FFEA062CCE72CA804F08AFE40B2E06271
:10399000C6E72CA804F084FE80B22063C0E72CA800
:1039A00004F00EFF6063BBE72CA804F065FEB7EEE1
:1039B000C00B84ED0E0AB3E72CA804F071FEE0639F
:1039C000AEE72CA804F06CFE2064A9E72CA804F054
:1039D00067FE6064A4E72CA804F062FEA0649FE781
:1039E0002CA804F05DFEE0649AE72CA804F058FED1
:1039F000206595E72CA804F03FFEBDEEC00B84EDDA
:103A0000150A8DE72CA804F0DBFEA06588E72CA83A
:103A100004F046FE00B2E06582E72CA804F040FE08
:103A200020667DE72CA804F03BFE606678E72CA8B2
:103A300004F036FEA06673E72CA804F031FEE066C1
:103A40006EE72CA804F0BCFE206769E72CA804F000
:103A5000B7FE606764E72CA804F0B2FEA0675FE7DA
:103A60002CA804F01DFEE0675AE72CA804F018FE0D
:103A7000C4F8800054E72CA804F012FEC4F88400B7
:103A80004EE72CA804F00CFEC4F8880048E72CA8E8
:103A900004F006FEC4F88C0042E72CA804F000FEF7
:103AA000C4F890003CE72CA804F0FAFDC4F8940098
:103AB00036E72CA804F0F4FDC4F8980030E72CA8F1
:103AC00004F0EEFDC4F89C002AE72CA804F0E8FD01
:103AD000C4F8A00024E72CA804F0E2FDC4F8A40078
:103AE0001EE72CA804F0DCFDC4F8A80018E72CA8F9
:103AF00004F0D6FDC4F8AC0012E72CA804F0D0FD09
:103B0000C4F8B0000CE72CA804F0CAFDC4F8B40057
:103B100006E72CA804F0C4FDC4F8B80000E72CA800
:103B200004F0BEFDC4F8BC00FAE62CA804F0B8FD11
:103B3000C4F8C000F4E62CA804F0B2FDC4F8C40038
:103B4000EEE62CA804F0ACFDC4F8C800E8E62CA80A
:103B500004F0A6FDC4F8CC00E2E62CA804F0A0FD19
:103B6000C4F8D000DCE62CA804F09AFDC4F8D40018
:103B7000D6E62CA804F094FDC4F8D800D0E62CA812
:103B800004F08EFDC4F8DC00CAE62CA804F088FD21
:103B9000C4F8E000C4E62CA804F082FDC4F8E400F8
:103BA000BEE62CA804F07CFDC4F8E800B8E62CA81A
:103BB00004F076FDC4F8EC00B2E62CA804F05CFD3D
:103BC000B7EEC00B84ED3C0AAAE62CA804F054FD25
:103BD000B7EEC00B84ED3D0A2CA804F04DFDB7EE06
:103BE000C00B84ED3E0A9BE62CA804F059FDC4F8F6
:103BF000FC0095E62CA804F053FDC4F800018FE604
:103C00002CA804F04DFDC4F8040189E62CA804F0AA
:103C100047FDC4F8080183E62CA804F041FDC4F870
:103C20000C017DE62CA804F03BFDC4F8100177E6FA
:103C30002CA804F035FDC4F8140171E62CA804F09A
:103C40002FFDC4F818016BE62CA804F029FDC4F878
:103C50001C0165E62CA804F023FDC4F820015FE6F2
:103C60002CA804F01DFDC4F8240159E62CA804F08A
:103C700017FDC4F8280153E62CA804F011FDC4F880
:103C80002C014DE62CA804F00BFDC4F8300147E6EA
:103C90002CA804F005FDC4F8340141E62CA804F07A
:103CA000FFFCC4F838013BE62CA804F0F9FCC4F88A
:103CB0003C0135E62CA804F0F3FCC4F840012FE6E3
:103CC0002CA804F0EDFCC4F8440129E62CA804F06B
:103CD000D3FCB7EEC00B84ED520A21E62CA804F009
:103CE000CBFCB7EEC00B84ED530A19E62CA804F008
:103CF000C3FCB7EEC00B84ED540A11E62CA804F007
:103D0000BBFCB7EEC00B84ED550A09E62CA804F005
:103D1000B3FCB7EEC00B84ED560A01E62CA804F004
:103D2000ABFCB7EEC00B84ED570AF9E52CA804F004
:103D3000A3FCB7EEC00B84ED580AF1E52CA804F003
:103D40009BFCB7EEC00B84ED590AE9E52CA804F002
:103D500093FCB7EEC00B84ED5A0AE1E52CA804F001
:103D60008BFCB7EEC00B84ED5B0AD9E52CA804F000
:103D700083FCB7EEC00B84ED5C0AD1E52CA804F0FF
:103D80007BFCB7EEC00B84ED5D0AC9E52CA804F0FE
:103D900073FCB7EEC00B84ED5E0AC1E52CA804F0FD
:103DA0006BFCB7EEC00B84ED5F0AB9E52CA804F0FC
:103DB00063FCB7EEC00B84ED600AB1E52CA804F0FB
:103DC0005BFCB7EEC00B84ED610AA9E52CA804F0FA
:103DD00053FCB7EEC00B84ED620AA1E52CA804F0F9
:103DE0004BFCB7EEC00B84ED630A99E52CA804F0F8
:103DF00043FCB7EEC00B84ED640A91E52CA804F0F7
:103E00003BFCB7EEC00B84ED650A89E52CA804F0F5
:103E100033FCB7EEC00B84ED660A81E52CA804F0F4
:103E20002BFCB7EEC00B84ED670A79E52CA804F0F3
:103E300023FCB7EEC00B84ED680A71E52CA804F0F2
:103E40001BFCB7EEC00B84ED690A69E52CA804F0F1
:103E500013FCB7EEC00B84ED6A0A61E52CA804F0F0
:103E60000BFCB7EEC00B84ED6B0A59E52CA804F0EF
:103E700003FCB7EEC00B84ED6C0A51E52CA804F0EE
:103E8000FBFBB7EEC00B84ED6D0A49E52CA804F0EE
:103E9000F3FBB7EEC00B84ED6E0A41E52CA804F0ED
:103EA000EBFBB7EEC00B84ED6F0A39E52CA804F0EC
:103EB000E3FBB7EEC00B84ED700A31E52CA804F0EB
:103EC000DBFBB7EEC00B84ED710A29E52CA804F0EA
:103ED000D3FBB7EEC00B84ED720A21E52CA804F0E9
:103EE000CBFBB7EEC00B84ED730A19E52CA804F0E8
:103EF000C3FBB7EEC00B84ED740A11E52CA804F0E7
:103F0000BBFBB7EEC00B84ED750A09E52CA804F0E5
:103F1000B3FBB7EEC00B84ED760A01E52CA804F0E4
:103F2000ABFBB7EEC00B84ED770AF9E42CA804F0E4
:103F3000A3FBB7EEC00B84ED780AF1E42CA804F0E3
:103F40009BFBB7EEC00B84ED790AE9E42CA804F0E2
:103F500093FBB7EEC00B84ED7A0AE1E42CA804F0E1
:103F60008BFBB7EEC00B84ED7B0AD9E42CA804F0E0
:103F700083FBB7EEC00B84ED7C0AD1E42CA804F0DF
:103F80007BFBB7EEC00B84ED7D0AC9E42CA804F0DE
:103F900073FBB7EEC00B84ED7E0AC1E42CA804F0DD
:103FA0006BFBB7EEC00B84ED7F0AB9E42CA804F0DC
:103FB00063FBB7EEC00B84ED800AB1E42CA804F0DB
:103FC0005BFBB7EEC00B84ED810AA9E42CA804F0DA
:103FD00053FBB7EEC00B84ED820AA1E42CA804F0D9
:103FE0004BFBB7EEC00B84ED830A99E42CA804F0D8
:103FF00043FBB7EEC00B84ED840A91E42CA804F0D7
:104000003BFBB7EEC00B84ED850A89E42CA804F0D5
:1040100033FBB7EEC00B84ED860A81E42CA804F0D4
:104020002BFBB7EEC00B84ED870A79E42CA804F0D3
:1040300023FBB7EEC00B84ED880A71E42CA804F0D2
:104040001BFBB7EEC00B84ED890A69E42CA804F0D1
:1040500013FBB7EEC00B84ED8A0A61E42CA804F0D0
:104060000BFBB7EEC00B84ED8B0A59E42CA804F0CF
:1040700003FBB7EEC00B84ED8C0A51E42CA804F0CE
:10408000FBFAB7EEC00B84ED8D0A49E42CA804F0CE
:10409000F3FAB7EEC00B84ED8E0A41E42CA804F0CD
:1040A000EBFAB7EEC00B84ED8F0A39E42CA804F0CC
:1040B00087FBC4F8400233E42CA804F081FBC4F869
:1040C00044022DE42CA804F07BFBC4F8480227E44A
:1040D0002CA804F075FBC4F84C0221E42CA804F0D1
:1040E0006FFBC4F850021BE42CA804F069FBC4F871
:1040F000540215E42CA804F063FBC4F858020FE442
:104100002CA804F05DFBC4F85C0209E42CA804F0C0
:1041100057FBC4F8600203E42CA804F051FBC4F878
:104120006402FFF7FDBB2CA804F04AFBC4F8680248
:10413000FFF7F6BB2CA804F043FBC4F86C02FFF7B2
:10414000EFBB2CA804F03CFBC4F87002FFF7E8BBFF
:104150002CA804F035FBC4F87402FFF7E1BB2CA8CF
:1041600004F02EFBC4F87C02FFF7DABB2CA804F0A5
:1041700027FBC4F88402FFF7D3BB2CA804F020FB74
:10418000C4F88C02FFF7CCBB2CA804F019FBC4F8D0
:104190009402FFF7C5BB2CA804F012FBC4F89C02E4
:1041A000FFF7BEBB2CA804F00BFBC4F8A402FFF77A
:1041B000B7BB2CA804F004FBC4F87802FFF7B0BB2F
:1041C0002CA804F0FDFAC4F88002FFF7A9BB2CA8C4
:1041D00004F0F6FAC4F88802FFF7A2BB2CA804F09A
:1041E000EFFAC4F89002FFF79BBB2CA804F0E8FAA2
:1041F000C4F89802FFF794BB2CA804F0E1FAC4F8C5
:10420000A002FFF78DBB2CA804F0DAFAC4F8A802CC
:10421000FFF786BB2CA804F0D3FAC4F8AC02FFF772
:104220007FBB2CA9374804F08FF8FFF779BB2CA986
:10423000354804F089F8FFF773BB2CA9404604F019
:1042400083F8FFF76DBB2CA804F02AFAC4F8F80233
:10425000FFF766BB2CA804F023FAC4F8FC02FFF7B2
:104260005FBB2CA804F01CFAC4F80003FFF758BB8E
:104270002CA804F001FAB7EEC00B84EDC20AFFF7D8
:104280004FBB2CA804F0F8F9B7EEC00B84EDC10ABF
:10429000FFF746BB2CA804F003FAC4F80C03FFF7A1
:1042A0003FBB2CA804F0FCF9C4F81003FFF738BB9F
:1042B0002CA804F0F5F9C4F81403FFF731BB2CA8BF
:1042C00004F0EEF9C4F81803FFF72ABB2CA804F099
:1042D000E7F9C4F81C03FFF723BB2CA804F0E0F9AE
:1042E000C4F82003FFF71CBB2CA804F0D9F9C4F8CC
:1042F0002403FFF715BB0446FFF735BA0446FFF762
:1043000035BA00BFD48F0020069000202DE9F0417F
:10431000A8B00223A94A0AA8A94904F0F1F90E9805
:1043200004F0D2F8002800F0DF860E9830B1036860
:10433000002200920022196A00238847A1490FA891
:1043400004F002F8A04D04F083F901460FA8002400
:1043500003F0F6FF0FA90AA89C4F04F0E5F89C496A
:104360000FA89C4E03F0F0FF9B4B0A2206A9186889
:1043700004F042FA06A90FA803F0E2FF0FA90AA869
:1043800004F0D2F895490FA803F0DEFF944B0A22FF
:1043900006A9186804F030FA06A90FA803F0D0FFA8
:1043A0000FA90AA804F0C0F88E490FA803F0CCFFAB
:1043B0008D4B0A2206A9186804F01EFA06A90FA858
:1043C00003F0BEFF0FA90AA804F0AEF887490FA8B2
:1043D00003F0BAFF864B0A2206A9186804F00CFA0B
:1043E00006A90FA803F0ACFF0FA90AA804F09CF8D7
:1043F00080490FA803F0A8FF7F4B0A2206A918687E
:1044000004F0FAF906A90FA803F09AFF0FA90AA869
:1044100004F08AF806A90FA803F092FF0FA90AA8D2
:1044200004F082F875490FA803F08EFF744B0A223E
:1044300006A9186804F0E0F906A90FA803F080FFA8
:104440000FA90AA804F070F86E490FA803F07CFFCA
:104450006D4B0A2206A9186804F0CEF906A90FA828
:1044600003F06EFF0FA90AA804F05EF867490FA8D1
:1044700003F06AFF664B0A2206A9186804F0BCF92B
:1044800006A90FA803F05CFF0FA90AA804F04CF8D6
:1044900060490FA803F058FF5F4B0A2206A918686D
:1044A00004F0AAF906A90FA803F04AFF0FA90AA869
:1044B00004F03AF859490FA803F046FF584B0A2276
:1044C00006A9186804F014F806A90FA803F038FF2D
:1044D0000FA90AA804F028F852490FA803F034FFE6
:1044E000514B06AA012193ED000A062004F058F86A
:1044F00006A90FA803F024FF0FA90AA804F014F8D6
:104500004A490FA803F020FF494B0A2206A9186860
:1045100004F072F906A90FA803F012FF0FA90AA868
:1045200004F002F843490FA803F00EFF424B0A22A1
:1045300006A9186804F060F906A90FA803F000FFA7
:104540000FA90AA803F0F0FF3C490FA803F0FCFEF6
:104550003B4B0A2206A9186804F04EF906A90FA8D9
:1045600003F0EEFE0FA90AA803F0DEFF35490FA8FD
:1045700003F0EAFE344B0A2206A9186804F03CF95D
:1045800006A90FA803F0DCFE0FA90AA803F0CCFFD0
:104590002E490FA803F0D8FE2D4B0A2206A9186851
:1045A00004F02AF906A90FA803F0CAFE0FA90AA869
:1045B00003F0BAFF27490FA84EE000BF598500203D
:1045C000E0070120677E002014A800206B810020F6
:1045D000857E0020A07C0020788900209B7E002022
:1045E00004A40020B57E002050E50120D27E0020EA
:1045F000C0ED0120F37E002064AE00200B7F002080
:1046000060AE00202C7F00204CE30120457F00207D
:1046100020E20120627F002000A800207D7F002092
:10462000D4AD0020987F0020D8AD0020BD7F0020B1
:1046300008A80020D97F0020C4AB0020F17F002013
:10464000C0AB002009800020CCE0012023800020A6
:10465000D4E101203980002003F076FEAE4B0A221F
:1046600006A9186804F0C8F806A90FA803F068FEA8
:104670000FA90AA803F058FFA8490FA803F064FE89
:10468000A74B0A2206A9186804F0B6F806A90FA8D5
:1046900003F056FE0FA90AA803F046FFA1490FA890
:1046A00003F052FEA04B0A2206A9186803F020FF6F
:1046B00006A90FA803F044FE0FA90AA803F034FFCF
:1046C0009A490FA803F040FE994B0A2206A91868E0
:1046D00004F092F806A90FA803F032FE0FA90AA869
:1046E00003F022FF93490FA803F02EFE924B0A22FB
:1046F00006A9186804F080F806A90FA803F020FEA8
:104700000FA90AA803F010FF8C490FA803F01CFEA4
:104710008B4B0A2206A9186804F06EF806A90FA8A8
:1047200003F00EFE0FA90AA803F0FEFE85490FA8AC
:1047300003F00AFE844B0A2206A9186804F05CF80C
:1047400006A90FA803F0FCFD0FA90AA803F0ECFED0
:104750007E490FA803F0F8FD7D4B0A2206A91868D0
:1047600004F04AF806A90FA803F0EAFD0FA90AA869
:1047700003F0DAFE77490FA803F0E6FD764B0A2234
:1047800006A9186803F0B4FE06A90FA803F0D8FD27
:104790000FA90AA803F0C8FE70490FA803F0D4FDC2
:1047A0006F4B0A2206A9186803F0A2FE06A90FA8FB
:1047B00003F0C6FD0FA90AA803F0B6FE69490FA8C9
:1047C00003F0C2FD684B0A2206A9186803F090FEA8
:1047D00006A90FA803F0B4FD0FA90AA803F0A4FED0
:1047E0000A2203A92046013404F006F839460FA82E
:1047F00003F0AAFD03A90FA803F0A2FD31460FA8FC
:1048000003F09EFD0A2206A955F8040B03F0F4FFFD
:1048100006A90FA803F094FD0FA90AA803F084FECF
:104820000E2CDDD1514D0024514F524E0A2203A9C6
:104830002046013403F0E0FF39460FA803F084FD61
:1048400003A90FA803F07CFD31460FA803F078FD03
:104850000A2206A955F8040B03F0CEFF06A90FA8FB
:1048600003F06EFD0FA90AA803F05EFE0E2CDDD149
:1048700041490FA803F068FD404B0A2206A91868B9
:10488000002403F0B9FF06A90FA83D4D03F058FD21
:104890000FA90AA83B4F03F047FE3B490FA8354E2E
:1048A00003F052FD394B06AA012193ED000A0620C0
:1048B00003F076FE06A90FA803F042FD0FA90AA88F
:1048C00003F032FE32490FA803F03EFD314B06AA39
:1048D000012193ED000A062003F062FE06A90FA84D
:1048E00003F02EFD0FA90AA803F01EFE2A490FA807
:1048F00003F02AFD294B06AA012193ED000A0620A8
:1049000003F04EFE06A90FA803F01AFD0FA90AA88E
:1049100003F00AFE44E000BF04A8002052800020FB
:10492000CCAD00206F8000200CA800208D800020DE
:10493000ECC70120A6800020D4A80020C28000205F
:10494000D8A70020DC800020DCA70020F780002012
:10495000E0A7002012810020E4A700202D81002084
:10496000E8A7002048810020D0A800204CA8002003
:1049700084810020A07C00209D810020FCA70020D5
:10498000DCAD00203D820020BF810020F0A7002088
:10499000E1810020ECA7002000820020F8A7002081
:1049A000A6490FA803F0D0FCA54B0A2206A9186857
:1049B00003F022FF06A90FA803F0C2FC0FA90AA862
:1049C00003F0B2FD0A2203A92046013403F014FFCC
:1049D00039460FA803F0B8FC03A90FA803F0B0FCF8
:1049E00031460FA803F0ACFC0A2206A955F8040BC7
:1049F00003F002FF06A90FA803F0A2FC0FA90AA862
:104A000003F092FD122CDDD18E490FA803F09CFC1F
:104A10008D4B06AA012193ED000A062003F0C0FD8C
:104A200006A90FA8894D03F08BFC0FA90AA8002442
:104A300003F07AFD86490FA8864F03F085FC864B6C
:104A400006AA012193ED000A062003F0A9FD06A99C
:104A50000FA8824E03F074FC0FA90AA803F064FDAE
:104A60007F490FA803F070FC7E4B06AA012193ED4D
:104A7000000A062003F094FD06A90FA803F060FCCD
:104A80000FA90AA803F050FD77490FA803F05CFCBA
:104A9000764B06AA012193ED000A062003F080FD63
:104AA00006A90FA803F04CFC0FA90AA803F03CFDCF
:104AB0006F490FA803F048FC6E4B06AA012193ED45
:104AC000000A062003F06CFD06A90FA803F038FCCD
:104AD0000FA90AA803F028FD67490FA803F034FCCA
:104AE000664B06AA012193ED000A062003F058FD4B
:104AF00006A90FA803F024FC0FA90AA803F014FDCF
:104B00000A2203A92046013403F076FE39460FA895
:104B100003F01AFC03A90FA803F012FC31460FA8FA
:104B200003F00EFC06AAB5EC010A0321062003F0EF
:104B300037FD06A90FA803F003FC0FA90AA803F08C
:104B4000F3FC072CDCD14E4D00244E4F434E0A227D
:104B500003A92046013403F04FFE39460FA803F0A5
:104B6000F3FB03A90FA803F0EBFB31460FA803F0FA
:104B7000E7FB06AAB5EC010A0321062003F010FDAD
:104B800006A90FA803F0DCFB0FA90AA803F0CCFCD0
:104B9000072CDCD13C4D00243C4F304E0A2203A9A7
:104BA0002046013403F028FE39460FA803F0CCFB61
:104BB00003A90FA803F0C4FB31460FA803F0C0FB04
:104BC00006AAB5EC010A0321062003F0E9FC06A9B8
:104BD0000FA803F0B5FB0FA90AA803F0A5FC072C4A
:104BE000DCD12B4D00242B4F1C4E0A2203A920465A
:104BF000013403F001FE39460FA803F0A5FB03A919
:104C00000FA803F09DFB31460FA803F099FB06AAFD
:104C1000B5EC010A0321062003F0C2FC06A90FA887
:104C200003F08EFB0FA90AA803F07EFC072CDCD151
:104C3000194D0024194F094E32E000BF2082002098
:104C4000F4A700205682002004F60020848E002065
:104C50006D820020227B00200CF60020A07C00202A
:104C600081820020349C002098820020389C002003
:104C7000AE820020B8AB0020C3820020C8AB002069
:104C8000A08E00203F7B0020BC8E0020DA82002016
:104C9000D88E0020FF820020F48E00202583002083
:104CA0000A2203A92046013403F0A6FD39460FA8C5
:104CB00003F04AFB03A90FA803F042FB31460FA8FB
:104CC00003F03EFB06AAB5EC010A0321062003F01F
:104CD00067FC06A90FA803F033FB0FA90AA803F08D
:104CE00023FC072CDCD1B54D0024B54FB54E0A226C
:104CF00003A92046013403F07FFD39460FA803F0D5
:104D000023FB03A90FA803F01BFB31460FA803F0F8
:104D100017FB06AAB5EC010A0321062003F040FCAC
:104D200006A90FA803F00CFB0FA90AA803F0FCFBCF
:104D3000072CDCD1A44D0024A44FA24E0A2203A9C3
:104D40002046013403F058FD39460FA803F0FCFA61
:104D500003A90FA803F0F4FA31460FA803F0F0FA04
:104D600006AAB5EC010A0321062003F019FC06A9E6
:104D70000FA803F0E5FA0FA90AA803F0D5FB072C4A
:104D8000DCD1934D0024934F8E4E0A2203A9204676
:104D9000013403F031FD39460FA803F0D5FA03A919
:104DA0000FA803F0CDFA31460FA803F0C9FA06AAFE
:104DB000B5EC010A0321062003F0F2FB06A90FA8B7
:104DC00003F0BEFA0FA90AA803F0AEFB072CDCD152
:104DD000814D0024814F7B4E0A2203A920460134D5
:104DE00003F00AFD39460FA803F0AEFA03A90FA895
:104DF00003F0A6FA31460FA803F0A2FA0A2206A988
:104E000055F8040F03F074FB06A90FA803F098FAF5
:104E10000FA90AA803F088FB0D2CDDD10025704CEA
:104E20000A2203A9284603F0E7FC6E490FA803F005
:104E30008BFA03A90FA803F083FA6B490FA803F0BC
:104E40007FFA0A2204EBC50306A90135D3F87402E0
:104E500003F04EFB06A90FA803F072FA0FA90AA8E7
:104E600003F062FB072DDBD100255E4F5F4E0A2267
:104E700003A9284603F0C0FC39460FA803F064FAE2
:104E800003A90FA803F05CFA31460FA803F058FA03
:104E90000A2204EBC50306A90135D3F8780203F012
:104EA00027FB06A90FA803F04BFA0FA90AA803F0E5
:104EB0003BFB072DDBD14E490FA803F045FA0A2230
:104EC00006A9D4F8AC0203F013FB06A90FA8494EBB
:104ED00003F036FA0FA90AA8002503F025FB46497E
:104EE0000FA8DFF8448103F02FFA322243490FA8BC
:104EF00003F09EFA0FA90AA8324F03F015FB4049B0
:104F00000FA803F021FA0A223E490FA803F090FAF5
:104F10000FA90AA803F008FB3B490FA803F014FAF5
:104F20000A223A490FA803F083FA0FA90AA803F04E
:104F3000FBFA37490FA803F007FA0A2203A9D4F8AD
:104F4000F80203F059FC03A90FA803F0F9F90FA91F
:104F50000AA803F0E9FA2F4B0A2203A9186803F004
:104F60004BFC2D490FA803F0EFF903A90FA803F09C
:104F7000E7F90FA90AA803F0D7FA284B0A2206A9D5
:104F8000186803F039FC26490FA803F0DDF906A9DB
:104F90000FA803F0D5F90FA90AA803F0C5FA214913
:104FA0000FA803F0D1F906AA94EDC20A0421062045
:104FB00003F0F6FA06A90FA838E000BF108F002012
:104FC00047830020A07C00202C8F00206B830020D2
:104FD000488F00208E830020608F0020B383002044
:104FE000248D0020CD8300209D7C0020A57C002006
:104FF000E98300202C90002002840020D48F002020
:105000001C84002006900020318400201090002095
:105010004A84002060E201206C8400208CE501209D
:1050200085840020A1840020CA84002003F088F930
:105030000FA90AA803F078FA2C490FA803F084F905
:1050400006AA94EDC10A0421062003F0A9FA06A9D4
:105050000FA803F075F90FA90AA803F065FA0A2250
:1050600003A92846013503F0C7FB41460FA803F00A
:105070006BF903A90FA803F063F939460FA803F0F1
:105080005FF90A2206A956F8040F03F0B5FB06A93A
:105090000FA803F055F90FA90AA803F045FA072D48
:1050A000DDD10A2206A9D4F82803012403F0A4FBC9
:1050B0000F490FA803F048F906A90FA803F040F91B
:1050C0000FA90AA803F030FAFF210AA803F058FB41
:1050D0000AA803F0D9F903F07FF90AA803F080FBCE
:1050E000204628B0BDE8F0810446F6E7B5840020EC
:1050F000E884002030B5FE2187B01A4803F038FB61
:1051000018B91949194803F0C3F91949174803F0A8
:105110000BFA0023174A01A8124903F0F1FA059887
:10512000124C03F0D1F9C0B1002501A803F08CFAAC
:10513000C1B21A2909D0B92D07D023680A292046FF
:105140001B6808BF01359847EFE701A803F09CF9F9
:1051500001A803F045FB07B030BD0749204603F026
:10516000E3F9F5E7E007012005850020349E0020E3
:1051700024850020598500204B85002008B5FDF7C7
:1051800000FCB0F54E7F03D1BDE80840FDF7E9BB58
:1051900008BD00BF38B5B7EEC17A0446B7EEC06AA5
:1051A0000D462DED048BB6EE008BB0EE609A27EE27
:1051B000087BB4EEC76BDFED387AC7EE819AF1EE6B
:1051C00010FAC4BFB6EE000A21EE000A69EE809A1A
:1051D000B0EE690A03F0A4F8B7EEC97AB7EEC00AD8
:1051E00037EE077B80EE076BB0EE690AB7EEC69B21
:1051F00003F0C2FAB7EE005BB7EEC96A36EE054BB4
:1052000085EE047BB7EEC77B45BBB7EEC00AB7EEB1
:10521000C77A36EE456B35EE404B30EE000B26EE8E
:10522000076B24EE088B20EE070B28EE078B24EE8D
:10523000074BB7EEC88BB7EEC00BB7EEC66BB7EE39
:10524000C44B84ED008A84ED028A84ED030A84ED68
:10525000014A84ED046ABDEC048B38BD032DFAD1FC
:10526000F8EE007AF7EE006A60EE277AB7EEC00A31
:10527000C4ED006A39EE666AC4ED026AC4ED017AD3
:10528000B7EEC77A30EE000B20EE070BB7EEC00B7F
:1052900084ED030ADDE700BFDB0FC940134B144A5E
:1052A0001B68032B0FDC012B10DC19D8114B3020AD
:1052B0001968114B00FB0133596911609B690F4A52
:1052C000136003F04DB9043B052BEEE7094B30208A
:1052D0001968094B00FB01339B6959421160EEE7E5
:1052E000C823136040F6B833E9E700BF8CDC012027
:1052F00094DC0120D8A7002010A4002090DC01201D
:105300007047194B93F90030012B02D0022B13D0B8
:105310007047164B1A68801802D50D221A6002E0F9
:105320000E2807D0186018680021114B03EB80008D
:1053300003F04EB80022F1E70E4B1A6810440E4AF3
:105340000028126818600BDA013A1A60074A012136
:105350001B681268094803EBC20300EB8300E7E710
:105360009042F3D10022F0E73BF20120F0E101206E
:1053700028AE002090E50120C8ED01200CAC0020F3
:10538000094A92F900304BB9012111701946074AB8
:10539000074B106003EB800003F01AB811B1084608
:1053A000FFF7AFBF704700BF3BF20120F0E10120E3
:1053B00028AE002038B5214C94F90010012902D004
:1053C00002291BD038BD1E48002203680D2B05D1D1
:1053D00022700260BDE8384002F0CABF022020708F
:1053E00018480260184A52F82300184A10601848FA
:1053F00000EB4310BDE8384002F0EABF104B114902
:105400001A68114B096853F82230013B8B4205D1D1
:1054100001232370BDE8384003F05AB90D4B53F80F
:10542000223098470C4B1B78002BCBD10B4B1D78AF
:10543000002DC7D102F09CFF2570C3E73BF201208D
:10544000F0E1012090E50120743E0020C8ED01202C
:105450000CAC0020E8A80020EBF10120E9F10120CC
:10546000F8B51446114A01251060114A1160114A1D
:105470001360114B069A1C60104BDDE907761F6024
:1054800039460F4B20681D7002F0C2FF06B1B047CD
:105490000C4B0D4A1D700023099913700B4A1160C3
:1054A0000B4A0A9911600B4A1360F8BD5CE10120B8
:1054B00058E1012054E1012044E3012060E1012092
:1054C000E8F10120EBF10120EAF1012040E30120A5
:1054D0003CE30120F8E1012070B51D46134B144652
:1054E000002218600126124B1960124B1A60124BF1
:1054F00053F82020114B1A600622114B1E700B68C6
:1055000002FB00330F4A52F8230002F0A9FF04B156
:10551000A0470D4B0D4A1E700023049913700C4ACE
:1055200015600C4A11600C4A136070BD60E10120E7
:1055300044E301205CE10120C82A002058E1012059
:10554000E8F1012064AB0020E9F10120EAF101203B
:1055500040E301203CE30120F8E1012000000000CD
:10556000034B1A68034BC3F8FC20FDF7F9B900BFE1
:10557000F4A70020248D002008B5064B1A68064BBE
:10558000C3F8EC20FDF7ECF90720BDE8084002F075
:10559000EBBE00BFFCA70020248D00207FB5264B6A
:1055A0001B68052B13D8DFE803F003151F242938E7
:1055B000224B3C21224A052004930023CDE90233EB
:1055C000C82301931F4B00930123FFF749FF07B046
:1055D0005DF804FBFCF718FCFCF726FC0C2007B078
:1055E0005DF804EB02F0C0BE07B05DF804EBFCF719
:1055F00035BC07B05DF804EBFCF746BC124B6421E8
:10560000124A00200493124B0393124B0293C823B7
:105610000193114B00930123D7E7104B0020104A50
:1056200042F216610493962301930E4BCDE90200DA
:105630000093FA23C9E700BF90E50120E51D006053
:1056400004A8002095870020BB1E0060CCAD002080
:10565000350B0000B91E00609A870020D11E006043
:105660000CA80020A287002008B5374B374A1B68DA
:10567000D2ED006A012B364A2FD1B8EEE64B354BFE
:1056800035491B689FED2A5B9FED2B7B01EB830166
:1056900024EE055B24EE077BA4EE057B9FED285BE3
:1056A00037EE057B91ED005A2C49B7EEC55A01EB58
:1056B000830102EB830327EE057BB7EEC77B81ED09
:1056C000007A83ED587AF8EEE66AC2ED096AFDF7D2
:1056D00047F9BDE8084003F033B8002BF3D1B8EE2A
:1056E000E64B1C4B1E491B689FED115B9FED127B27
:1056F00001EB830124EE055B24EE077BA4EE057B22
:105700009FED0F5B37EE057B91ED005A1549B7EE23
:10571000C55A01EB830102EB830327EE057BB7EE4D
:10572000C77B81ED007A83ED5F7ACCE7AFF3008031
:10573000CC5D4BC8073D8BBF265305A3923AE93F8A
:105740001E166A4DF30E12404CE3012060AE00209D
:10575000248D0020D8A70020B0890020D0AB0020E5
:10576000189E0020ECAB002008B5054B1A68054BCD
:105770005A61FDF7F5F80920BDE8084002F0F4BDD4
:1057800050E50120248D002008B5204A002301287F
:1057900013701F4A13602AD0022832D0002833D158
:1057A0001C4B1D4A1B6813601C4A13601C4B18607D
:1057B0001C4B1A681C4B1A601B4B30221B6853434E
:1057C000154A1168194AD15000F020FD012002F05D
:1057D000FBFF134B1A68164BDA65FDF7C1F8154B42
:1057E0001B68012B10D1BDE8084002F09DBF124B91
:1057F000094A1B681360094A1360094B18600F4B74
:10580000D7E700F09CFCD7E708BD00BF72F201208B
:1058100008F60020E4A70020B40C012090A5002089
:10582000ECC70120DCA70020D8A7002010A400208E
:10583000248D00204CE30120E8A70020E0A70020F1
:10584000014B1868FFF7A0BF90E5012008B5154B84
:105850001B68062B25D8DFE803F004080C10141889
:105860002000BDE80840FDF77BB8BDE80840FDF723
:1058700079BDBDE8084002F07BBEBDE8084002F0FB
:10588000D3BDBDE80840FEF741BDFDF73DFFFDF784
:1058900068F8BDE8084002F09FBDBDE80840FFF78A
:1058A00029BC08BD90E50120084B10B51B68084CC9
:1058B0002360FCF772FE2268064BDA60FDF750F8B1
:1058C0000120BDE8104002F04FBD00BF90E501206F
:1058D00078890020248D002008B5074B1B68052B14
:1058E00009D0064A1360064A1363FDF739F8BDE88C
:1058F000084002F0E9BE08BD90E5012000A80020A4
:10590000248D002008B50C4B1B68012B06D0022B00
:1059100007D013B9094B01221A6008BD074B0022BA
:10592000FAE70749002002F003FDFDF719F8BDE88A
:10593000084002F051BD00BF90E501204CE5012078
:10594000A987002008B50C4B1B68012B06D0022B41
:1059500007D013B9094B01221A6008BD074B00227A
:10596000FAE70749012002F0E3FCFCF7F9FFBDE884
:10597000084002F031BD00BF90E501208CEE01200F
:10598000BB8700207FB50A4B1B6873B9094A1E21EB
:1059900002936FF02700CDE90332C823064A019332
:1059A000064B00930123FFF75BFD07B05DF804FB96
:1059B00090E5012061550060F4A70020CE8700200B
:1059C00010B5134C86B02368012B0DD0022B0ED0DE
:1059D0002BB9104B012207201A6002F0C5FC4FF0D2
:1059E000FF33236006B010BD0A4B0022F3E70A4BD9
:1059F00000210A4A6FF03B000493C8230193084B2F
:105A0000CDE9021100930123FFF72AFDE7E700BF6C
:105A100090E501206CD8012079550060FCA700209A
:105A2000D4870020044B1B6813B1012B02D07047B0
:105A300002F0F6BD02F0B0BE90E5012008B5084BBB
:105A40001B6813B1012B06D008BD02F0B9FD054B50
:105A500001221A70F8E702F0E3FC024B0022F8E79B
:105A600090E50120D3F1012070B59FED160A602565
:105A7000154C4FF44071154E15482DED028B9FEDDE
:105A8000158A8AB08DED030AADF81050069605947C
:105A90008DED078A02F0E0FC20469DED030A4FF4ED
:105AA000B07102F0D9FC4FF48073B0EE480A324670
:105AB00000932946234604A802F0AAFD0AB0BDECD3
:105AC000028B70BD0000000084E4002004DF002091
:105AD00004EA00206B86213F2DE9F04F224BF6EEC1
:105AE000006A224AB0EE007A214DF7EE007AA2F564
:105AF000806EA2F5206405F5805803F5806C03F5EF
:105B0000C06703F5006600211A489FED1B5A4FF04D
:105B10003C0BDFED1A5A9FED1A6ADFF86CA00BFB05
:105B200001A9013183ED005A08328029C3ED015AE1
:105B3000C4ED016A03F1080342F8040C04F10C04FB
:105B400045F8040B48F8040BAEEC016AC9F80000F4
:105B5000ACEC017AE7EC017AE6EC017ADFD1094B93
:105B600002221A70BDE8F08F80262320800E2320A9
:105B700080142320CDCCCC3D0AD7233C8FC2753C6A
:105B80000000FA4385AE0020803023200F4BF4EE56
:105B9000007A0021DFED0E0A93ED001A0D4B21EE85
:105BA000271A93ED000A10B50B4CB8EEC00A204638
:105BB000FFF7F0FA0949012300228C600B60084BC3
:105BC0001A605A609A60DA604B6010BD84E501206B
:105BD0006666A63F90DC012038D801202CD8012031
:105BE0004CD8012037B5204DB6EE006B1F4B0C2171
:105BF000D5ED001A1A680123B7EEE17A9FED1C1A61
:105C00009340022A1B484FF0000227EE067B06EE67
:105C1000903ACCBF03EBD3730224B8EEE66BC8BF57
:105C20005C1087EE060BB7EEC00BDFED130A8DEDAF
:105C3000010A02F029FD07EE904A9FED0D1A00229D
:105C4000DFED0D0AF8EEE71AD5ED007A9DED010AB9
:105C50000C210A48C7EEA11A02F016FD084B0022DB
:105C60001A6003B030BD00BF84E50120D4AD002030
:105C7000000000008058232000007042B05823200C
:105C800054F001207FB51E4B06461D68022D31DD04
:105C90000124AC40022504EBD4746410FFF7A2FF8A
:105CA000184BE2B2019600930C21174B1748039250
:105CB00002F0B2FD164B0C21039A01960093154891
:105CC000114B02F0A9FD144BEAB20C2100931348CA
:105CD000134B0392B6FBF4F6019602F09DFD114BB7
:105CE000039A0C2100930E4B01960F4802F094FD8D
:105CF00004B070BD0EBF2C4602240125CEE700BFC4
:105D0000D4AD002064B9232080582320D4DE0020A5
:105D100038992320ECDE00200C792320E0DE0020DF
:105D2000B0582320E0582320F8DE002070B54FF44F
:105D300000654FF480664FF4007402F051FB2A4670
:105D400000213B4802F0C4FB32460021394802F0F2
:105D5000BFFB22460021384802F0BAFB2246002150
:105D6000364802F0B5FB22460021354802F0B0FB70
:105D700022460021334802F0ABFB22460021324884
:105D800002F0A6FB22460021304802F0A1FB224689
:105D900000212F4802F09CFB224600212D4802F0F2
:105DA00097FB224600212C4802F092FB4FF4C06280
:105DB00000212A4802F08CFB32460021284802F0DC
:105DC00087FB32460021274802F082FB4FF4F05255
:105DD0000021254802F07CFB2A460021234802F0DE
:105DE00077FB2A460021224802F072FB4FF4B06292
:105DF0000021204802F06CFB4FF4B06200211E48E5
:105E000002F066FB4FF4406200211C4802F060FB88
:105E100002F09EFB2846FFF735FFFFF75DFEFFF718
:105E200023FEFFF7B3FE0820BDE8704000F0A8B9DC
:105E30008016232080202320801E232080142320EE
:105E4000804E2320800A2320800C232080122320D0
:105E5000802C2320802A23208024232080042320B8
:105E600080262320800E23208030232068B7002046
:105E700070BF002084E4002004DF002004EA00203A
:105E8000054B07B5054A00930549064B064802F045
:105E900067FC03B05DF804FB646600201C880020EA
:105EA0003B880020E18700204588002010B50020B5
:105EB000002402F051FC1F4B1F4A1A601F4A204B5E
:105EC0001A60204B1C7002F0B7FAFBF7ADFF1E4BB7
:105ED0001868FCF707F801F0B1FC1C4B1C4A302194
:105EE0001C601C4B1C601C4B1C604FF0FF3313608C
:105EF0001A4A14701A4A13601A4B1A681A4B01FB9B
:105F000002331A69194B1A6002F0E6FB02F05CFBDF
:105F100002F0DAFB02F070FA02F02EFA02F010FB47
:105F200002F062FCFCF7BEFC114B1C60BDE81040A7
:105F300002F04EBC84E5012000803B4800803B47D6
:105F4000CCE1012072F2012004A80020FCE1012034
:105F500090E5012018E10120F0E101203BF2012051
:105F6000E0E10120D8A7002010A400208CDC012053
:105F700008F60020F8B5644C644D2668644F02F0C2
:105F8000BBFA2B7843B13B78DB0705D5614A236820
:105F900012689B1A0E2B0DD823682A789B1B1AB9FE
:105FA00040F2EE22934201E0B3F5FA6F02D802F01C
:105FB000A3FAE4E74FF47A7002F0FAFB564802F0D5
:105FC0000BFB02F029FB02F097FB02F025FB02F02D
:105FD0008BFA0121162002F01FFA02211C2002F088
:105FE0001BFA02211C2002F017FA02211C2002F0E9
:105FF00013FA042249491C2002F082FA042248497B
:106000001C2002F07DFA02F057FAFFF739FF00F08A
:1060100049F900286CD0012402F0F6F9414B1C60CC
:10602000FFF7ACF8642002F0C3FB3F4B3F4A1A6015
:106030003F4B404A1A6001F00FFC02F091F9FFF764
:1060400075FE02F04DFAFFF731FF00F063F902F040
:10605000EFFB5A2355221921032000F02BF9364A71
:1060600021462920D2F8803043F00203C2F8803064
:1060700002F0D2F90021292002F0AAFA21460A20D2
:1060800002F0CAF900210A2002F0A2FA21460E20ED
:1060900002F0C2F900210E2002F09AFA21462820CF
:1060A00002F0BAF90021282002F092FA21460F20CE
:1060B00002F0B2F900210F2002F08AFA21462020D6
:1060C00002F0AAF90021202002F082FA21461020D5
:1060D00002F0A2F90021102002F07AFA21461D20D8
:1060E00002F09AF900211D20BDE8F84002F070BAD4
:1060F0000A2402F021FB02F0ABF94FF4FA7002F02F
:1061000057FB013CF7D182E7D0ED01207EF2012060
:106110007DF201206CEE0120956C0000FD13000063
:106120001D1400008CE5012084E5012000803B481F
:10613000CCE1012000803B4700810D4070477FB5D6
:106140000B4B1E210B4A6FF027001B6813600A4B94
:1061500004930023CDE90233C8230193074B009336
:106160004FF4FA73FFF77CF907B05DF804FB00BF4A
:10617000E4A70020E8A700203D61006068880020B7
:1061800007EE900AF8B52DED088B9FED19ABB8EE30
:10619000E78B1B4E1B4D00241B4F9FED179B07EEFB
:1061A000904AB8EEE70B30EE000B20EE0A0B20EE23
:1061B000080B20EE090BB7EEC0BBB0EE4B0A02F0A5
:1061C000AFF8F0EE40BAA6EC010AB0EE4B0A02F0CE
:1061D000D3FAA5EC010A07EB84030134B4F5807F00
:1061E000C3ED00BADBD1BDEC088BF8BDAFF3008086
:1061F00000000060FB210940000000000000703F2B
:10620000B8E5012084D80120B8E9012008B50020B4
:1062100002F0FEFAFFF742F80D4B1B6823F0020272
:10622000012A0ED093B902F0EFF902F0CDF902F095
:10623000A3F802F0E1F802F0AFF9BDE8084002F07F
:10624000D3BA02F0E1F902F0BFF9F6E708BD00BFEA
:1062500010A8002010B5FE2186B00E4802F088FA82
:10626000044690B100230C4A0A4901A802F048FAFA
:10627000059802F0BDFA044601A802F005F901A84C
:1062800002F0AEFA204606B010BD0449044802F000
:106290008BF9F7E7E0070120598500207588002079
:1062A000349E0020FE21024808B502F061FA08BDC4
:1062B000E0070120124BB3EE097AD3F8802022F0D8
:1062C0000102C3F88020C3F8900003F58E130D4A35
:1062D000D3F8E01303F540730B48CBB207EE903AC6
:1062E0001360C1F30B22094BF8EEE77A0260C2EBB0
:1062F000115277EEC77AC3ED007A054B1A607047EA
:1063000000810D4070E5012064E501206CE501206D
:106310007CE5012070B59EB00024782200216D46F6
:106320006E46684602F0D4F84FF4205001F0FCFFAE
:1063300046F8040BA0B94FF4806001F0F5FF4DF86A
:10634000240010B101341E2CF5D1002455F8040BA3
:1063500008B102F0F1F801341E2CF7D11EB070BD67
:1063600001341E2CE0D1F0E7012070470E4BB2EE55
:10637000045B90ED186A93ED007AB7EEC66AB8EE4A
:10638000C77B37EE454BB4EEC46BF1EE10FA09DB78
:1063900037EE057BB4EEC76BF1EE10FA94BF012027
:1063A0000020704700207047D8A8002004492330FF
:1063B00008B502F03DF9B0FA80F0400908BD00BF11
:1063C0009A88002008B5104BDFED107A93ED007A23
:1063D000B4EEE77AF1EE10FA13DD0D4A4AF64440C6
:1063E0001A600C4B0C4A1A60FBF712F901F0F8FF27
:1063F000012002F051F902F043F9FEF74FFF02F0DD
:10640000E7F9012008BD00BF84E5012000504347A3
:1064100000442C47CCE1012000442C4608B50F4B2A
:10642000DFED0F7A93ED007AB4EEE77AF1EE10FA31
:1064300012D50C4A0C481A600C4B0D4A1A60FBF737
:10644000E7F801F0CDFF012002F026F902F018F97B
:10645000BDE80840FEF722BF08BD00BF84E501206B
:106460000050434700803B4800EE0200CCE1012091
:1064700000803B4770B54FF084454FF400060F2471
:10648000C5F88C6002F0F4F890FBF4F3C3EB03134F
:10649000C01A0E281FD1C5F8846002F0E9F890FBFD
:1064A000F4F3C3EB0313984211D1154B1A68154B43
:1064B0001A600122144B1A604FF084434FF400021B
:1064C000C3F888200E20BDE8704001F04DBF0020C9
:1064D00001F062FFE1E70C4B00220C481A6002F069
:1064E00083F86428EEDD0A4802F07EF86428E9DDCE
:1064F000064801F0BDFF064801F0BAFFE2E700BF21
:10650000D0ED0120C4ED01202CE1012010F6002087
:10651000E0FC00202DE9F84381461F469C200D4BEE
:106520000E46154600FB0130099BDDF82080984798
:1065300070B13C6801344445A8BF00243C6049F870
:1065400024602B6801334345D4BF2B60C5F800801D
:10655000BDE8F8834096017007B590F84B3083B1E1
:106560000A2201A94B3002F0BFF8019B187830B124
:10657000A0F10A035842584103B05DF804FB012022
:10658000FAE71846F8E738B50546042937D8DFE8B2
:1065900001F0030B1C2132001B49233002F048F8A4
:1065A000B0FA80F0400938BD1749233002F040F8B6
:1065B000044620BB154B342105F137001A68144BF3
:1065C00001FB023102F034F8D8B92846BDE8384062
:1065D000FFF7C2BF0C49233002F02AF8044670B915
:1065E0000A4B342105F137001A68094B01FB0231CF
:1065F00002F01EF828B9074905F14B00CEE700204C
:10660000D1E72046CFE700BFC0F10120F8A300206A
:10661000741700709D880020012907B510D0022949
:1066200018D051B9104B0146104A01934FF4FA7338
:106630000F4800930F4BFFF76DFF03B05DF804FBAD
:106640000D4B01460D4A01934FF4FA730C48009329
:106650000C4BF0E70C4B01460C4A01934FF4FA73D4
:106660000B4800930B4BE6E769630060F0C701201D
:1066700000000070FCA30020AD63006084DC0120FA
:10668000D0070070D4A700206D63006054E501209E
:10669000A00F007008AC002010B504460021FFF7E1
:1066A000BBFF01212046FFF7B7FF20460221BDE8CE
:1066B0001040FFF7B1BF2DE9F84F494E4FF09C084D
:1066C000484C91463568002783468A4608FB0545B5
:1066D0002322494628462DED028BB0EE408AF0EE8B
:1066E000608A01F06DFE85F822700F22DBF8083019
:1066F000C5ED188A6B67DBF804302B67DBF80030D8
:1067000085ED1A8AEB6693FBF2F3C3EB0313DB43CD
:1067100003F0010385F8903001F09EFF01F04CFF7B
:10672000336808FB034383F8640001F0C5FF336856
:1067300008FB034383F8650001F09AFF07EE90AA77
:10674000B1EE085B3568B8EEE77B274908FB05F535
:106750009FED216B6319233537EE467B83F8660086
:10676000C3F894A0484687EE056BB7EEC66B83ED81
:10677000266A01F035FF14220146601901F020FE5F
:106780003068194908FB004000F13705384601F030
:1067900027FF14220146284601F012FE33681249F1
:1067A000384608FB034401F01BFF142201464B341A
:1067B000204601F005FE3068FFF76EFF33680133B5
:1067C000B3F5166FBDEC028BB8BF1F463760BDE84E
:1067D000F88F00BFAFF300800000000000006440AD
:1067E000C8E0012040960170A17300202DE9F0431C
:1067F000DFF8888090241E4F0546D8F800900E469A
:106800001422294604FB09F404F123002DED028B28
:10681000384483B0B0EE408A01F0D2FD154B04F14C
:10682000370014221946384401F0CAFD04F14B0028
:106830003C4431461422384401F0C2FD0D4B2A4637
:106840000D492046009601F0B7FD0023484684ED2F
:10685000188A84F82230C4E92233D8F80030013392
:10686000C8F8003003B0BDEC028BBDE8F08300BF78
:10687000007D0070C0F10120A188002004EE0120FD
:1068800001280DD0022817D0A8B9114B4FF0FF32C4
:106890001860104B1A60104B1860104B187070473E
:1068A00000230F4A4FF0FF3113600E4A11600E4A69
:1068B00013600E4A1370704700230D4A4FF0FF31EA
:1068C00013600C4A11600C4A13600C4AF2E700BFD7
:1068D000F0C70120FCA30020F4C70120BFF1012074
:1068E00084DC0120D4A7002088DC0120D8F101201D
:1068F00054E5012008AC002058E501205BF201209E
:1069000070B505460024064EFFF7BAFF3368A34270
:1069100000DC70BD204629460134FFF77DFEF5E717
:10692000C8E00120012807B510D0022817D050B9BF
:106930000F4B104A1B7810490093104B12681B68CC
:10694000096801F0E1FE03B05DF804FB0C4B0D4A51
:106950001B780D4900930D4B12681B68F0E70C4B38
:106960000C4A1B780C4900930C4B12681B68E7E734
:10697000BFF10120F4C70120F0C70120FCA30020D3
:10698000D8F1012088DC012084DC0120D4A700207C
:106990005BF2012058E5012054E5012008AC0020FD
:1069A000704708B50020FFF7BDFF0120FFF7BAFFD1
:1069B0000220BDE80840FFF7B5BF30B51C4B85B0DD
:1069C0004FF4FA751B4C1C4A0020029521461B68A7
:1069D00001931A4B00931A4B12681B7801F09CFD2F
:1069E000184B029504F5FA611B680120164A0193C1
:1069F000164B0093164B12681B7801F08DFD154B5A
:106A0000029504F57A611B680220134A0193134B27
:106A10000093134B12681B7801F07EFD01F0F0FD2E
:106A20004FF0FF3005B0BDE8304001F0A9BC00BF19
:106A3000FCA3002000000070F0C70120F4C7012073
:106A4000BFF10120D4A7002084DC012088DC0120D4
:106A5000D8F1012008AC002054E5012058E50120C0
:106A60005BF20120FFF7A9BF0023164A1649136005
:106A7000164A1360164A1360164A1360164A1360CA
:106A8000164A1360164A1360164A1360164A1360BA
:106A9000164A13604FF0FF320A6015490A60154923
:106AA0000A6015490B6015490A60154A1370154AAA
:106AB0001360154A1370154A1360154A1360154A7E
:106AC00013607047C8E00120FCA3002004EE012001
:106AD000E8C70120F4C7012088DC012058E5012027
:106AE000F0C7012084DC012054E5012048E30120A7
:106AF000D4A7002008AC002008EE0120F8A3002055
:106B000051F201202CE10120E7F101201CE10120DC
:106B10005CD8012024E10120F8B50E46074608B9EB
:106B20000020F8BD0029FBD01E4B1B785BBB00F09A
:106B300095FE0028F4D0012401F03EFE01F058FD3E
:106B4000194D01F0E5FC194B1C6001F059FE01F0F4
:106B50001FFE0E20AC7301F007FC10202C7401F016
:106B600003FC1220AC7401F0FFFB1320EC7401F065
:106B7000FBFB0F20EC7301F0F7FB11206C7401F0AC
:106B8000F3FB01F029FE0E223946094801F018FCFA
:106B900005223146074801F013FC0120FFF764FF8E
:106BA000BFE700BFE5F10120EDF1012010A80020B2
:106BB000C0F10120CEF10120124B1B7810B5FBB1C2
:106BC000002401F0C9FB00F097FE0F4B1C6001F0A0
:106BD000DFFC01F0F1FD01F00BFD01F075FD01F0AE
:106BE0000BFC01F0C9FB01F0D7FC084B9C731C7433
:106BF0009C74DC74DC735C74BDE8104001F0A0BCD4
:106C000010BD00BFE5F1012010A80020EDF101202A
:106C10000449054808B501F007FDB0FA80F04009C5
:106C200008BD00BF20BF0200B288002008B501F0F7
:106C3000DBFB10B9014B01221A7008BDE7F10120FE
:106C40000C4A126838B50B469AB10B4C0B4A2568B2
:106C500012686B434FF4F06505FB023201F018FD3A
:106C600038B1236801330E2B2360C2BF0122044BCD
:106C70001A6038BD2CE101205CD801201CE1012004
:106C800024E1012038B54FF084444FF40025044B33
:106C9000C4F88450186801F0D3FBC4F8885038BD9C
:106CA0001CE101202DE9F041124D0023124C064653
:106CB0004FF0844728464FF4000885F8663384F87F
:106CC000663301F0D5FB204601F0D2FB3046C7F811
:106CD0008480012601F0B0FC2846C7F8888001F0C6
:106CE000C7FB204685F8666301F0C2FB84F8666343
:106CF000BDE8F08110F60020E0FC00202DE9F84FFF
:106D0000234F244A3B6852F823200AB900262FE07B
:106D1000052B38D801A252F823F000BF356D006072
:106D2000776D00607B6D00607F6D0060836D00603B
:106D30000D6D00600125184B4FF09C0ADFF8649040
:106D40001C68DFF864B0013C002CDFDB59F82480BC
:106D500039680AFB08B63046FFF715FCB0B10F4B97
:106D60000D221B6802FB03530D4A063342F82380B1
:106D70003046BDE8F88F0225DDE70325DBE7042573
:106D8000D9E70525D7E74FF0FF35D4E7013CDBE72E
:106D900008EE01200CEE012054E50120F8A30020AC
:106DA00070170070A00F007040960170084B4FF0F4
:106DB000FF301A68074B53F822300222C3F88820AC
:106DC000D3F88C200132C3F88C2001F0D9BA00BF6F
:106DD00008EE01200CEE0120A9280EDDA0F5AB7312
:106DE000A92B0CD9A0F1AB03A92B0AD9B0F5007FD0
:106DF000D4BF4FF0FF3003207047002070470220BF
:106E0000704701207047002927DB01280BD002289A
:106E100016D010BB124B1868124B08441B689842DE
:106E20001BDC01387047104B1B6819440F4B1B6863
:106E3000994212DC0E4B03EB8103D3F8CC07704769
:106E40000C4B1B6819440C4B1B68994205DC084B22
:106E500003EB8103D3F89C0F70474FF0FF3070476E
:106E6000F4C70120F0C7012088DC012084DC012068
:106E70000000007058E5012054E50120C72808B53E
:106E8000084B08DCC8221A60122001F06DFABDE838
:106E9000084001F07DBC40F616529042D4BF186005
:106EA0001A60F1E7DCA80020034B1A68034B1B684B
:106EB00002FB0030FFF7E2BFE0A80020DCA80020C2
:106EC000C7281FB5124B1CDCC8221A60132001F022
:106ED0004BFA01F05DFC0220FFF712FD4FF4FA734C
:106EE0000C4A022002930C4B0C491B6801930C4B7B
:106EF00000930C4B12681B7801F00EFB05B05DF897
:106F000004FB40F616529042D4BF18601A60DDE7C9
:106F1000D8A8002054E5012008AC0020A00F007084
:106F200058E501205BF201202DE9F74FDFF818B199
:106F30004FF03408DFF814910446DBF800601822A3
:106F4000DFF80CA1002101364846384DCBF800602F
:106F500008FB06F6DAF8007001F0BAFA182206F11A
:106F60001800FF21284401F0B3FAAC51304B314EE8
:106F7000D4B993ED000A3049B8EEC00A2F48FFF7A4
:106F800035FC9023012203FB0063C9F80030C3F8ED
:106F90008820DBF8003008FB035398611A63284B04
:106FA0001C6003B0BDE8F08F9C22264C5743E119CA
:106FB0003737D1ED187A0191FDEEE77A17EE900A96
:106FC000FFF77EFF0199D1ED187AFDEEE77A17EE13
:106FD000900AFFF753FFDBF80000DAF800109C225C
:106FE00008FB00F005EB000C0430CCF81810284426
:106FF00002FB01411422373101F0E2F90C4BE01998
:107000000D4993ED000A0124B8EEC00AFFF7EEFB2C
:10701000902303FB0066DBF8003008FB0355C9F83A
:107020000460C6F88840E8612C63B8E77017007008
:10703000DCA80020007D0070CEF101209A8800209D
:1070400008EE012040960170F8A300200CEE01200C
:10705000E8C70120034B1A68034B1B6802FB003092
:10706000FFF72EBFE0A80020D8A80020074B1A6821
:10707000801802D501221A6002E0012803DC1860A2
:107080000F2001F071B90022F5E700BF28E10120CF
:10709000074B1A68801802D501221A6002E0012805
:1070A00003DC1860112001F05FB90022F5E700BF92
:1070B00020E1012010B50D4C2368C01802D5012332
:1070C000236002E001280FDC2060102001F04CF961
:1070D00023682BB1064B012200201A70FFF724FF12
:1070E000BDE81040FFF769BC0023E9E734E1012067
:1070F00051F201202DE9F74F764F774E3B6856F855
:107100002350D5F88820022A1ED1042B04DC002B42
:1071100008DA002420460DE0052BFAD10323C5F838
:107120008830F6E7FFF7EAFDD8B10323C5F88830C9
:1071300000F13704D5F88830032B39D013DC013B3C
:10714000012B1AD9002424E0644B3421644A1B68C3
:107150004B43D118D358012BDBD188699C2358436A
:10716000E6E70446E6E7042BECD15E4B1C680023FF
:107170007CB10122C5E92223E4E7D5F88C30092B44
:107180000FDC594B0124D3ED007AF8EEE77AC5ED18
:10719000187A4FF0FF3001F0F3F8204603B0BDE855
:1071A000F08F04230120C5F88830FFF783FFC9E77B
:1071B0003B68052BC6D8DFE803F003426A718A8A70
:1071C000D0ED267A684649494FF0340BFDEEE77A58
:1071D000DFF80C914FF0900ADFF81C8117EE902A2F
:1071E00001F0EAF8404A69462046D2ED007AB8EE4E
:1071F000E70AFFF7FBFA394B3B4A196892ED000AA0
:107200000BFB0191B8EEC00A08620AFB0080384906
:10721000B0602046FFF7EAFA304B1B680BFB03997E
:107220000523C9F82800C5F8883002230AFB00802E
:107230003B60B36830610124C3F88840A9E7D0ED12
:10724000267A68462B49FDEEE77A17EE902A01F080
:10725000B3F8254B6946204693ED000AB8EEC00A04
:10726000FFF7C4FA1D4B34211A681D4B01FB023392
:1072700090225862204B02FB00300523C5F888306D
:107280000323F06001243B60C0F8884081E70523B8
:10729000C5F8883004233B603369CCE7124B2046A5
:1072A000164993ED000AB8EEC00AFFF79FFA0B4BA0
:1072B00034211A680A4B01FB02339022D8620E4B2C
:1072C00002FB003005237061C5F88830DAE705233A
:1072D00068E700BF08EE01200CEE0120F8A30020B3
:1072E0007017007034E10120DCA80020BD88002068
:1072F0009D880020BC880020007D0070956A0020D9
:10730000F0B578488BB001F06FF96428754D0ADD4F
:10731000754801F069F9642805DD284601F0A8F8F0
:10732000714801F0A5F8714C2368052B13D8DFE8EC
:1073300003F003204B6B9DC06D4B1B689BB10E206F
:1073400001F012F86B4B1B680E2B0FDC012001F0D3
:1073500023F801F085F9684B1B7883B106210320DF
:10736000FAF77CFB0BE0FFF785F8EBE701232360DE
:10737000F1E75F4B1B6823B95E4A236013600BB0D3
:10738000F0BDFFF77FFC05460028E4D05B4E306877
:1073900001F0BAF850B13368262B02D04D3B5D4264
:1073A0005D412A464FF4007101F0A2F9336851495A
:1073B00001330A684E2B3360A2F10F020A6001DC30
:1073C0000023D4E70223D2E701F052F9054601F089
:1073D00073F9074601F0F0F818220646002104A8C8
:1073E00001F076F80F2301A8039695FBF3F3C3EBA6
:1073F0000313CDE90137FFF755FC00233F4A136023
:107400003C4A13600323B2E7FFF7D7FA0023236057
:107410003B4B1B685BB101F02BF90F230F3090FB46
:10742000F3F0384B00F001001B6823B938B1304B42
:1074300000221A608FE7012BF9D10028F7D0FFF75F
:1074400059FE68B10023274885F86633264D85F834
:10745000663301F00DF8284601F00AF80423236092
:10746000294B4FF48052C3F88420E0E7264B4FF4B9
:107470008052264DC3F88C202B78002BA0D1FEF72C
:10748000F9FF1B4B1B68002B3FF465AF204B1A68BC
:10749000204B53F8220090ED180A00F045FA00281E
:1074A0008ED001F081F91C4B186001232B7005234D
:1074B0005DE7FFF77BFC00230D4A012623600A4CA1
:1074C0000848136000F0D4FF204685F8666300F09A
:1074D000CFFF0D4B4FF4805284F86663C3F88820C9
:1074E00039E700BF10F60020E0FC002024E1012075
:1074F0002CE101205CD80120E7F101201CE10120F2
:1075000034E1012028E1012000400042E6F10120A1
:1075100008EE01200CEE012030E1012038B5FFF724
:1075200072FC00281FDB104B104C18609C2303FBDF
:1075300000442046FEF73AFF88B101200125FFF7FD
:10754000F3FC0B4B10201D6000F00EFF094B0F20C9
:1075500094F890201A6000F007FF074B1D70BDE8FB
:107560003840FFF72ABA38BDE8C7012040960170BD
:1075700034E1012028E1012051F2012008B5FFF794
:1075800042FC002805DB034B1860BDE80840FFF70C
:1075900014BA08BDE8C7012030B5441A039D07D5C9
:1075A000AA421ADB2C449C42B8BF1C46204630BD80
:1075B000944203DBAA4210DA541EF7E7002905DDE6
:1075C0009842F3DD9C4208BF0446EFE7EED09842B4
:1075D000ECD18442A8BF0446E8E70024E6E7A928E6
:1075E00030B585B018DC254B1B789BB1244B4FF48C
:1075F000FA75244C244A1B68009520681268FFF72E
:10760000CBFF2249206000200094CDE90135012301
:1076100000F082FF05B030BDB0F5AB7F16DB1C4B30
:107620001B78002BF6D01B4B4FF4FA751A4C1B4AF3
:107630001B68009520681268FFF7AEFF18492060AC
:1076400002200094CDE901350123E1E7154B1B78B9
:10765000002BDFD0144B4FF4FA75144C144A1B68FE
:10766000009520681268FFF797FF20601149009489
:10767000CDE9013501231846CAE700BFBFF101205B
:10768000FCA30020F4C70120F0C701200000007017
:107690005BF2012008AC002058E5012054E50120F0
:1076A000A00F0070D8F10120D4A7002088DC0120B1
:1076B00084DC0120D0070070012809D0022809D0FD
:1076C00050B9064A137883F001031370FFF72AB903
:1076D000034AF7E7034AF5E7704700BFBFF101200F
:1076E000D8F101205BF201200128034630B585B0B6
:1076F0001AD002282ED0A8B9224A127892B1224973
:10770000224A0C6812689442B8BF13460B604FF4CB
:10771000FA7302931E4B1B68CDE9001301231D4928
:1077200000F0FAFE05B030BD1B4A1278002AF9D0ED
:107730001A491B4A0D6812689542B4BF14460024CA
:107740000C604FF4FA740294164C2468CDE90014CE
:107750001549E5E7154B1B78002BE3D0144B1A684D
:10776000144B1C689442B4BF1146002119604FF4B9
:10777000FA71029110490968CDE9003101230F49DE
:10778000CEE700BFBFF10120F4C70120F0C7012000
:10779000FCA3002000000070D8F1012088DC01204B
:1077A00084DC0120D4A70020D00700705BF2012008
:1077B00054E5012058E5012008AC0020A00F00701E
:1077C00038B505460846144600F0C2FF011E1EDB10
:1077D0002846FFF701FB03280ED10B290CDD022CF4
:1077E00022D1144B1868144B1B6893FBF0F35843D9
:1077F000BDE83840FFF764BB71B9022C05DC002CF2
:1078000005DDBDE83840FFF76FBF042C00D038BD60
:10781000BDE83840FFF750BF012C07D0022CF6D14D
:10782000BDE83840FFF77ABE012CF0D1BDE8384002
:10783000FFF7A4BEE0A80020D8A80020044B1A68D7
:107840004FF4966393FBF2F3024A1360704700BF54
:1078500004A80020FCED012070470000F0B51E4B8D
:1078600089B042F6E0620124029350201B4B1C4F6A
:10787000039302231B4E06931B4D0794CDE904236B
:1078800000F0BEFD194B38601948336000F0B8FDB8
:1078900028603068174E800000F0B2FD034630606B
:1078A000386820B12A6802B163B900F041FF286846
:1078B00008B100F03DFF306810B100F039FF002042
:1078C00009B0F0BD019000F097FE019802A900F008
:1078D00053FE2046F4E700BF0000484300803B45CC
:1078E000E81C0120CC0C0120F01C012020BF02006C
:1078F00080FC0A00F41C012010B5084C206800F040
:107900001BFD206800F014FF054B186800F010FF05
:10791000044BBDE81040186800F00ABFE81C0120C5
:10792000F01C0120F41C012000B52DED028B99B054
:1079300002460021B0EE408A01A800F039FE60B195
:107940001921114800F034FD104800F069FF0020B3
:1079500019B0BDEC028B5DF804FB04A901A800F08E
:107960000FFE0B4B1B686BB104A8F0EE000AB0EEE3
:10797000480A42F6E0629FED071A4F2100F0ECFD45
:107980000120E5E71846E3E7C3880020349E002085
:10799000F41C01200AD7233E7047704710B5134CE2
:1079A00013B9236F9B0420D400F03F0021F0604105
:1079B00022F0604240F489102067C4F88010C4F8B7
:1079C0009020236F23F480532367084B1A6F002AFB
:1079D000FCDAD3F8702122F4000222F40042C3F84A
:1079E00070211A6F22F480321A6710BD00800D409A
:1079F00043690A4A03EB011003EB011130B5047A25
:107A0000074D02EB0412946852682560C06810604C
:107A10000B690BB14A691A6030BD00BF3C3A0020C7
:107A200061F8010038B543690446027E03EB021297
:107A3000127A8A4219D0187AFF2816D0814215D0BE
:107A4000197EFF2911D001251968EDB25B6809681C
:107A5000194209D0064B2946204603EB02130522A2
:107A60005B681A60FFF7C4FF257638BD0025EBE799
:107A70003C3A002043690A4A03EB011003EB011171
:107A800030B590F82840074D02EB04129468526814
:107A90002560C06A10600B6B0BB14A6B1A6030BD79
:107AA0003C3A002061F8010038B543690446427E43
:107AB00003EB021292F828208A421BD093F8280088
:107AC000FF2817D0814216D093F83810FF2911D023
:107AD00001251968EDB25B680968194209D0074BA6
:107AE0002946204603EB021305225B681A60FFF764
:107AF000C1FF657638BD0025EBE700BF3C3A0020AA
:107B00000F4A4169936B23F47C0343F4802310B53F
:107B1000936304460A68496813680B430949136074
:107B2000022203691A6100F01FFE217E2046FFF742
:107B30005FFF617E2046BDE81040FFF79BBF00BF9E
:107B400000C00F40A0860100B1F5607F28BF4FF450
:107B50006071F0B505468DB00E4672B6244B002418
:107B6000702218602146234B23481C8000F0B0FC93
:107B70002346214901249E4228D1002202354FF498
:107B8000827193422ED11D4B1D78E5B9082000F07B
:107B900007FC80231A4A0446037102A9194B0560A9
:107BA00008A800930693029200F08AFC164A06A9E0
:107BB000204600F0F5FD06A800F076FC684600F0CF
:107BC00073FC00F07DFD62B60DB0F0BD580903F006
:107BD0001F02013351F8207004FA02F23A4341F8CF
:107BE0002020C8E701FB02F02A520132C9E700BF9A
:107BF000081D012060F00120101D01208DF10120E1
:107C000025270100AC3200201B100100074B0004A7
:107C10000122C3F8A010C3F8A400C3F8B0205A6929
:107C2000D207FCD501225A61704700BF00402A40AC
:107C30000146002008B5FFF7E9FF0120FFF7E6FF46
:107C40000220FFF7E3FF134B134AC3F8A010C3F859
:107C5000A4200122C3F8B0205A69D207FCD5D3F87A
:107C6000000121225A6183B245F60D5293420ED093
:107C700045F69D52934208D1C0F34250032806D0E6
:107C8000031F58425841000108BD0020FCE70820AE
:107C9000FAE700BF00402A40040003007047704725
:107CA000704700BF70474FF0E02300211022C3F857
:107CB000941DC3F89C2D2E4AC3F8A02D1122C3F8A1
:107CC0009C2D2C4AC3F8A02D1222C3F89C2D2A4AC1
:107CD000C3F8A02D294AC3F89C2D294AC3F8A02D2A
:107CE000284AC3F89C2D284AC3F8A02D274A42F001
:107CF0001502C3F89C2D264AC3F8A02D02F181522B
:107D00000D32C3F89C2D234AC3F8A02D224AC3F894
:107D10009C2D224AC3F8A02D214AC3F89C2D214A4C
:107D2000C3F8A02D204AC3F89C2D204AC3F8A02DEB
:107D30001F4AC3F89C2D1F4AC3F8A02D00BF00BFE7
:107D400000BF00BF00BF0122C3F8942DBFF34F8FC7
:107D5000BFF36F8FC3F8501FBFF34F8FBFF36F8F09
:107D6000D3F8142D42F44032C3F8142D704700BFED
:107D70003F00001025000807090010001300200034
:107D8000210002071400002025000813C0F2012082
:107D90000900001027000B131700004033001013D8
:107DA000180000602F000B071900007031000B1342
:107DB0001A0000803B000B137FB57D4B7D4A7E4946
:107DC000C3F85C22C3F86012C3F86422A2F5304203
:107DD0007A4CC3F8682202F5E042C3F86C22C3F87B
:107DE0007022C3F87422C3F878221822DA661A6760
:107DF0005A679A67DA67C3F88020C3F88420C3F80B
:107E000088200122C3F82C27C3F83027C3F8342771
:107E1000C3F83827C3F83C27C3F85027684A93694A
:107E200023F0604323F4407343F0004343F4407372
:107E30009361D2F8843043F00C03C2F88430614B74
:107E40001A6842F002021A6019685F4A21F4F1418F
:107E500021F073010904090C0A435C491A604FF0D0
:107E6000FF325A6002F57702886802F560520240DC
:107E7000574842F000529A60DA6822F07802DA60DD
:107E80001A6A224002431A621A6A224002432120DF
:107E90005A62504A9A62DA62D1F8B82022F03F0260
:107EA00042F00102C3F8B820D1F8BC20002122F032
:107EB0003F0242F00102C3F8BC2040F205621961A2
:107EC0001867C3F880205867C3F884201A684248AE
:107ED00022F002021A60414A9A610222DA61404AA3
:107EE00042F8041B8242FBD11A68364C42F0010270
:107EF0001A60216811F00101FBD1384B0846394E58
:107F0000A3610223E36140F2F563C4F8003240F25A
:107F10006643C4F8103240F29943C4F82032324B21
:107F2000C4F8303242F20143C4F8343240F23543EF
:107F3000C4F840322D4BC4F850322D4BC4F85432A3
:107F40002C4BC4F8603242F20123C4F8643203912E
:107F5000FFF76EFE054608B38302039904202366EB
:107F6000FFF754FE290508460391FFF761FE05441B
:107F70000399357020B1800260660420FFF746FE49
:107F80001D4900231D4A3078521A0093012302EB49
:107F900000521B4800F058FA04B070BD0146307022
:107FA0001022174804B0BDE8704000F091BA00BF3D
:107FB00000801F40F9B00100F910010000FFF07CC3
:107FC00000C00F4000402A401200FFFF00802A40FE
:107FD00040000080FF000F8300432A40F05AF05A0F
:107FE00000422A40E3F101209F041830EB06180AF2
:107FF000063201263806180A405407700000007047
:10800000F4E00120F0B5154B40204FF480314FF4DF
:1080100080544FF400554FF4404643F242071A692A
:1080200012F0020F03D09E6159619F61F7E712F4CD
:10803000005F01D15D61F2E712F4805F01D15C6104
:10804000EDE7002AEBDA12F4803F01D09961E6E710
:10805000520601D45861E2E7F0BD00BF00800D4038
:108060003E4AB3EE096A3E48D2F880309FED3D5A51
:1080700023F0010310B5C2F8803003233A4CC2F854
:1080800090303A4BD3F8E030D9B2016007EE901A45
:10809000C3F30B201B0DB8EEE77A354907EE900AC3
:1080A0002060F8EEE76A07EE903A37EE455A314B1A
:1080B000F8EEE77A37EE466A77EEE67A81ED006A07
:1080C00025EE275AC3ED007AD2F88030C5EE065A65
:1080D00075EEA65AFCEEE55A15EE901ADFED265A1B
:1080E00037EE657A43EA0153C2F8803027EE277AEB
:1080F000224B66EE277AD2F89011C7EE065A35EE7B
:10810000A67ABCEEC77A17EE100A87EE867A03EAE3
:1081100000430B43C2F89031D2F8901177EE267AE3
:10812000FCEEE77A17EE903AC3F30B030B43C2F869
:108130009031D2F8803043F00203C2F88030002240
:108140000F4B83F840200F4B0F4AC3F840214FF0EC
:10815000E0230122C3F8082110BD00BF00810D40BB
:1081600074E501200000AA4268E5012000441F4098
:1081700078E5012080E501200000B4420000FF0FF7
:1081800000E400E000B00020E3430100304B40F683
:10819000617210B5C3F8202100F0A2FA2D4A2E49D1
:1081A000D2F8803043F00303C2F8803040F204423A
:1081B0002A4BC3F860212A4A1068084203D1D3F839
:1081C000A8118C071AD04FF000415163D3F8402119
:1081D00042F00202C3F84021204AD2F84031980709
:1081E000FBD44FF0E0234FF400321920C3F88C2267
:1081F0004FF000421A4B9A6300F0DAFA184B002154
:108200004FF08042154C9A634FF4607219600A2354
:10821000C4F8A831134B184600F05AF94FF4810204
:1082200040F2431302604FF480020264C4F8580124
:108230000D4AC4F848310D4BC3F804224FF0E02337
:108240004FF40032C3F80C210123C4F8403110BDB3
:1082500000800D4000C00F40001C1E0000002E409A
:1082600000900D4000000020A946010000B0002051
:1082700008B50F4B1B6E9B0700D4FBBE72B60D4BAF
:108280000022C3F84021A3F50D130B4A1A64A3F191
:10829000FF53A3F52B239D46BFF34F8F0748084B91
:1082A00003604FF40013DB699B689847E6E700BF63
:1082B00000441F4000002E400300200000802020CA
:1082C000000012EB0F4BDA6E42F44032DA66DA6EDF
:1082D00042F44072DA66A3F5603340F237625A64C2
:1082E000A0229A649A6C1206FCD4074A40F23763C3
:1082F0005364A0239364936C13F08003FBD1034A6F
:108300001370704700C00F4000800C40D5F1012071
:10831000F8B500BFF8BC08BC9E46704700000000DE
:108320005FF800F059A101005FF800F0D5BF01002F
:108330005FF800F0477900005FF800F0CD7A0000A8
:108340005FF800F095D401005FF800F039D7010024
:108350005FF800F0593801005FF800F0856C00000C
:108360005FF800F0250600005FF800F033790000A8
:108370005FF800F03F7900005FF800F01B79000023
:108380005FF800F0577900005FF800F0F32E01006D
:108390005FF800F0D92300005FF800F05966000094
:1083A0005FF800F0393B01005FF800F0B1390100DF
:1083B0005FF800F0395B01005FF800F091D1010037
:1083C0005FF800F017D501005FF800F02D7900008C
:1083D0005FF800F03D7900005FF800F005790000DB
:1083E0005FF800F0355700005FF800F0C96B00003F
:1083F0005FF800F0ED2300005FF800F0197900004D
:108400005FF800F0753801005FF800F0F9780000BF
:108410005FF800F0457900005FF800F0613401007A
:108420005FF800F0657900005FF800F04B7900001C
:108430005FF800F0CDD401005FF800F0C5A800009F
:108440005FF800F0C98F00005FF800F01B410100E9
:108450005FF800F0FF7800005FF800F0B160010005
:108460005FF800F0437900005FF800F03779000012
:108470005FF800F063BD00005FF800F035310100E7
:108480005FF800F05D6201005FF800F0E92700008E
:108490005FF800F0392400005FF800F04986010021
:1084A0005FF800F0219001005FF800F0F12A010070
:1084B0005FF800F0DD8601005FF800F0F77800005B
:1084C0005FF800F0952701005FF800F0CF2300006F
:1084D0005FF800F0F53A01005FF800F0993E010006
:1084E0005FF800F0C1A800005FF800F09F6C00008A
:1084F0005FF800F0873B01005FF800F0115E0100BB
:108500005FF800F0B13801005FF800F00190000062
:108510005FF800F0037900005FF800F05579000083
:108520005FF800F0399E01005FF800F03D24000084
:108530005FF800F0257900005FF800F0E5BF01006A
:108540005FF800F0317900005FF800F0FF230000D1
:108550005FF800F0A93500005FF800F0D19000004E
:108560005FF800F0DD4400005FF800F01F790000C4
:108570005FF800F0497900005FF800F06D790000C5
:108580005FF800F0699300005FF800F0C139010066
:108590005FF800F0217900005FF800F01379000027
:1085A0005FF800F0A93B01005FF800F0EF67000002
:1085B0005FF800F0BDA200005FF800F0C9AA00005B
:1085C0005FF800F0637900005FF800F009790000BF
:1085D0005FF800F0FD3301005FF800F005AB00002C
:1085E0005FF800F03DD501005FF800F04DBD0000E0
:1085F0005FF800F00F7900005FF800F0C18D000017
:108600005FF800F0597900005FF800F0077900008A
:108610005FF800F0556E01005FF800F049AA000015
:108620005FF800F06B7900005FF800F0C5690000AA
:108630005FF800F025D701005FF800F02D900000F2
:108640005FF800F0F5D501005FF800F0EF210000C1
:108650005FF800F0312200005FF800F0956C000038
:108660005FF800F0277900005FF800F0D9D601002C
:108670005FF800F0F1AA00005FF800F029BF0100E8
:108680005FF800F0B93200005FF800F0213300001D
:108690005FF800F0858F00005FF800F01D790000A2
:1086A0005FF800F02FBF01005FF800F0819001003B
:1086B0005FF800F04D6101005FF800F0DDAA0000F6
:1086C0005FF800F0B52A01005FF800F017790000AC
:1086D0005FF800F0417900005FF800F001790000D8
:1086E0005FF800F0555401005FF800F051CE010032
:1086F0005FF800F05B7900005FF800F011AA00005D
:108700005FF800F0CD2800005FF800F05F7900000E
:108710005FF800F0317301005FF800F011240000F1
:108720005FF800F0613501005FF800F02979000082
:108730005FF800F0953801005FF800F0FD78000068
:108740005FF800F00D7900005FF800F0519D010026
:108750005FF800F0517900005FF800F04529000053
:108760005FF800F0FB7800005FF800F0AD26010034
:108770005FF800F065C600005FF800F061A301003B
:108780005FF800F0152200005FF800F0BD850100E1
:108790005FF800F0617900005FF800F0697900008F
:1087A0005FF800F0612C01005FF800F0E19200003A
:1087B0005FF800F0D13301005FF800F0117900009C
:1087C0005FF800F037BF01005FF800F0ED31000006
:1087D0005FF800F0396700005FF800F04F790000A3
:1087E0005FF800F0BD2700005FF800F02B79000073
:1087F0005FF800F0A16700005FF800F0D1BF010052
:108800005FF800F05D7900005FF800F00D73010083
:108810005FF800F0F57800005FF800F00D780100D7
:108820005FF800F0A32E01005FF800F05185010011
:108830005FF800F0496F00002D0500009D08000062
:10884000B1200000E92C000021570000D166000093
:10885000D56C0000DD6F00002DAB000069B000009A
:1088600081B0000099B00000B1B00000C9B00000B4
:10887000B5B30000CDB30000E5B30000FDB30000C8
:1088800015B400002DB4000089B60000A1B60000A8
:10889000B9B60000D1B60000A9BA0000C1BA000004
:1088A000D9BA0000F1BA000025BB000055BB00009A
:1088B0006DBB000085BB00009DBB0000B5BB000088
:1088C000F5C60000BD210100E1210100DD2D010000
:1088D00080C00F40000000031900000010000000DD
:1088E000E8841F4001000000FF000000FF000000BE
:1088F0000000000000000000180000001000000050
:10890000E4841F4001000000FF000000FF000000A1
:1089100000000000000000001F000000A126010070
:1089200070C00F40000C000011000000110000009A
:10893000E0841F40020000002C0000001200000034
:10894000E0841F4001000000100000001100000042
:10895000DC841F40020000002D0000001200000017
:10896000DC841F40010000001E000000952601006D
:1089700070C00F40C0000000120000001300000093
:10898000D0841F4001000000FF000000FF00000035
:1089900000000000000000001300000013000000B1
:1089A000CC841F4001000000FF000000FF00000019
:1089B00000000000000000001C00000089260100EB
:1089C00024035400650065006E00730079002000E8
:1089D0004D004900440049002F004100750064002B
:1089E00069006F0018035400650065006E00730095
:1089F00079006400750069006E006F0004030904CB
:108A000009025501060100C032080B0002020201F2
:108A10000009040000010202010005240010010504
:108A20002401010104240206052406000107058231
:108A30000310001009040100020A000000070503EA
:108A40000240000007058302400000090402000202
:108A50000103000007240100012500062402010192
:108A6000000624020202000924030103010201009E
:108A70000924030204010101000905040240000069
:108A800000000525010101090584024000000000E5
:108A90000525010103080B0303010100000904037C
:108AA0000000010100000A240100013E000204054B
:108AB0000C24020102060002030000000924030244
:108AC00001010001000C2402030101000203000067
:108AD000000A2406310301010202000924030402F2
:108AE000060031000904040000010200000904042A
:108AF000010101020000072401020301000B24020E
:108B0000010202100144AC0009058509B40001000E
:108B10000007250100000000090405000001020013
:108B200000090405010201020000072401030301FA
:108B3000000B2402010202100144AC0009050505E6
:108B4000B400010086072501000000000905861118
:108B5000030001050009025501060100C032080B9F
:108B600000020202010009040000010202010005E6
:108B70002400100105240101010424020605240635
:108B800000010705820310000509040100020A0024
:108B9000000007050302000200070583020002002F
:108BA000090402000201030000072401000125005E
:108BB0000624020101000624020202000924030126
:108BC0000301020100092403020401010100090557
:108BD00004020002000000052501010109058402CC
:108BE00000020000000525010103080B0303010139
:108BF00000000904030000010100000A2401000133
:108C00003E000204050C24020102060002030000DB
:108C1000000924030201010001000C2402030101E8
:108C20000002030000000A240631030101020200D1
:108C300009240304020600310009040400000102B3
:108C400000000904040101010200000724010203DD
:108C500001000B2402010202100144AC0009058549
:108C600009B4000400000725010000000009040504
:108C700000000102000009040501020102000007D2
:108C80002401030301000B2402010202100144AC81
:108C90000009050505B40004008607250100000051
:108CA000000905861104000407000A060002EF020D
:048CB000014001007E
:108CB40000000000000000000000000000000000B0
:108CC40000000000000000000000000000000000A0
:108CD400F8B53E4E3E4C3378256843B1012D01D999
:108CE400032D02D1002007F07CFC00233370394BA4
:108CF4001A68394B1B689A4205D1384B1A68384BAD
:108D04001B689A4208D002F04BFE012D04D8236858
:108D1400002B44D0012B46D0324E002002F060FEDE
:108D240033786BB1012D04D82368002B3ED0012B7E
:108D340041D02368032B01D107F03DFC002333709D
:108D4400294B1A781AB100221A7006F04DFB274EEF
:108D5400337883B1264F3B78002B2FD0254D002448
:108D64002B689847244B3C701C6034702C6007F0CF
:108D74003EFC224B1C70224E33787BB11C4F3B7857
:108D8400FBB11C4D00242B6898471B4B3C701C60A6
:108D940034702C6007F02BFC184B1C70F8BD07F0E6
:108DA40013FC07F012FC07F018FCB5E707F003FC0E
:108DB40007F00BFCBDE707F0FEFBBAE704F09EFAF0
:108DC400D9E7BDE8F84004F0EDBA00BF81F2012014
:108DD40010A8002034E30120DCE1012014E101208B
:108DE400E4E10120E4F101205AF20120EBF1012039
:108DF400EAF101203CE3012040E301203BF20120A1
:108E0400E9F10120924B01222DE9F047C3F88C20AF
:108E14000AF0BDFB07F00AF98E4B1B784BB18E4C60
:108E240023680133642B236003D106F0C1FD0023C2
:108E340023608A4B1B780BB107F0EDFB0AF090FB23
:108E4400431C03D00AF091FB1FF0F2FF844D854CC4
:108E54002E686EB91C2013F049F92B68012808BF4D
:108E640026602BB91C2013F041F908B901232360B3
:108E74002B68012B19D17C4E307813F037F9012877
:108E840007D17A4B187813F031F9012804BF022373
:108E940023602B68012B08D1307813F027F920B90F
:108EA400734B1B680BB9032323602B68012B2BD155
:108EB400704B1A78012A07D16D4A1268012A03D12E
:108EC4000422226000221A706B4E226833689A4290
:108ED4000FD0062B03D10021162013F0E7F82068E9
:108EE40000F096FA06F03AFA002007F05BFB07F070
:108EF40070FBFFF7EDFE2368062B17D8DFE803F0BD
:108F04000E3B0E5154328900032BDDD15B4B1B7891
:108F140013B106232360D7E70523FBE7584B1B68EF
:108F2400E3B9002007F04EFB07F055FB23683360DC
:108F340007F05BFB06F00EFD524A106800280BDDBB
:108F440051490B689842C5BF0133012200230B60CD
:108F5400CABF4E4B13601A70BDE8F087002006F0BC
:108F6400D3F9E3E7464B1B68002BDAD0012BF5D18C
:108F74001FF01AFFDAE70121162013F097F81C20DE
:108F840013F0B4F840B1424B002116201A68414B4B
:108F94001A6013F08BF8C9E702F0F2FE07F025FB24
:108FA400EDE701F091FAC1E73B4D01211620DFF80E
:108FB400F08013F07BF8DFF8B0902F68DFF8ACA0F6
:108FC4002B68D8F80020DB1B934207D90021162018
:108FD40013F06CF8322006F0FBFDA7E799F80000C7
:108FE40013F084F828B906F0E5FD2F6806F0FEFDBD
:108FF400E6E79AF8000013F079F810B906F0E0FDFE
:10900400F3E700219FED250A0122084601F074F8D8
:10901400D6E71A4F0121DFF88C80162013F046F8AA
:1090240007F0D7FA397821B9194B1A68194B1A6025
:10903400CDE7D8F80030052B04D0062B34D007F048
:10904400D4FAEFE702F09CFE06F0F0FFF7E700BF6A
:10905400004000423AF20120ECE10120D3F101206A
:109064004CE3012050E30120C4AB0020C0AB00203E
:10907400D4E1012006F20120E0E10120E6F1012023
:1090840010A8002088EE012004A4002081F2012011
:1090940060B7002090A50020D0ED01200000000062
:1090A4000CA800208CDC01200E4B01220E4DC3F8CD
:1090B4008C200E4A136883B128680D4988420CDC61
:1090C4000C4A4FF0004103EB8000C2F88C1002F010
:1090D40003FF2B6880332B60B1E700232B603B70C8
:1090E4001360ACE70040004290C6012030E101204B
:1090F400FF50020000C00042F8B54FF084439C6961
:109104005A6914400DD0254F01269C6194FAA4F5A8
:10911400B5FA85F557F8253006FA05F59847AC43B6
:10912400F4D11F4B9C695A6914400DD01D4F012680
:109134009C6194FAA4F5B5FA85F557F8253006FA3A
:1091440005F59847AC43F4D1174B9C695A69144010
:109154000DD0164F01269C6194FAA4F5B5FA85F555
:1091640057F8253006FA05F59847AC43F4D1104B6F
:109174009C695A6914400DD00E4F01269C6194FAE3
:10918400A4F5B5FA85F557F8253006FA05F598479C
:10919400AC43F4D1BFF34F8FF8BD00BF28A9002022
:1091A40000400042A8A900200080004228AA002014
:1091B40000C00042A8AA00200548064B1B1AD90F7C
:1091C40001EBA301491002D0034B03B118477047C8
:1091D400C0B20020C0B200200000000008B5054B5A
:1091E4001BB105490548AFF30080BDE80840FFF70F
:1091F400E3BF00BF0000000024E201200050036030
:1092040010B586B00446CDE90421039312F0D6F9D3
:109214009DF82000059900902046DDE9033212F004
:1092240033FA204606B010BD0E4B10B50446104666
:1092340023600023617222618A0023721946E3606D
:1092440013F0B0FA084A136833B9146000232046B7
:1092540063616360A37210BD1A465B69002BFBD186
:109264005461F3E7003000200C1D0120002210B5EA
:1092740011460446FFF7D8FF064B2046236000231F
:1092840084F8603184F86131C4E95633502384F89A
:10929400623110BD3030002010B500F118020121F8
:1092A4000446FFF7C1FF064B20462360002384F8E1
:1092B4006433C4F8603384F8653384F8663310BDCE
:1092C4003C30002010B504460BF0A3FB012384F8C6
:1092D400663310BD314BD3ED007AFDEEE77A10B55D
:1092E4002F4C17EE900A1FF093FD002120460AF040
:1092F4009BFA20460AF0CCFB4FF4FA7129481FF080
:109304006FFD40F273122A2120460AF0D7FA60B1A9
:109314008822202120460AF0D1FA30B1E2882421A3
:10932400204622F004020AF0C9FA0A211C480AF075
:1093340025FC00221A4811461B4C0AF047FC0D215B
:1093440017480AF04EFC16480AF05BFC012120463F
:109354000AF06AFA20460AF09BFB55222021204697
:109364000AF0ACFA30B1E2882421204642F004022B
:109374000AF0A4FA40210C480AF0C9FB0B4B4FF445
:10938400C8020B489A6112F08FF90A4B00220A486E
:1093940083F86623BDE8104012F086B984E5012005
:1093A40094E5012000002020A0E50120F8C7012059
:1093B40018E3012048000120A0E2012008B5064876
:1093C40012F008F9054812F005F90548FFF77AFF8D
:1093D4000448FFF777FF08BD64E201208CE2012016
:1093E40010F60020E0FC002008B5044812F0F2F862
:1093F4000348BDE8084012F0EDB800BFC8E2012000
:10940400DCE20120014812F0E5B800BFB4E201201B
:10941400F8B500243C4E3D4F05463D4887F8664369
:1094240086F8664312F040F93A4812F03DF938469E
:109434000BF0EFFA3046384E0BF0EBFA374886F86B
:10944400664312F031F930460BF0E3FA344812F077
:109454002BF9344812F028F9334812F025F9334B2C
:1094640083F86341324B83F86341324B83F86341A1
:10947400092D0ED8DFE805F018051835350E1D3016
:109484003338264812F0A6F82348FFF71BFFFFF7EE
:10949400ABFFF8BD284B1B68052B05D1274812F0FC
:1094A40003F9274812F096F8FFF788FFFFF7AAFFA1
:1094B400EFE7214B1B68052B04D0062BE7D1FFF700
:1094C400A1FFE4E71D4812F085F81348FFF7FAFE00
:1094D4001B4812F0E9F8F2E7FFF770FFD9E7FFF74E
:1094E4006DFFFFF781FFE1E70C4812F073F80A48BB
:1094F400FFF7E8FEFFF778FF124812F06BF8124806
:10950400FFF7E0FEC5E700BFE0FC002010F60020F6
:1095140064E201208CE2012078F9002078E2012045
:10952400B4E20120C8E20120DCE20120B003012002
:1095340014050120780601208CDC012018E30120A9
:10954400F0E20120A0E20120480001202DE9F74FBC
:10955400844B0A22844900241A721960834BDFF871
:109564003C821A720022196040461146804FFFF770
:109574005BFE804B4046DFF828A2C8F800300AF0B2
:10958400FDFCDFF8209238467B4EFFF785FE5046FF
:109594007A4DFFF781FE3B462246414648460094F9
:1095A400FFF72EFE4846DFF8009232462946DFF8E0
:1095B400FCB11AF0D1FF53464146012248460094BB
:1095C400FFF71EFE3246294648461AF0C5FF6C4B8B
:1095D400DFF8DCA11846DFF8DC91FFF75DFE5046AA
:1095E400FFF75AFE664B4146022248460094FFF7B5
:1095F40007FE4846DFF8C091324629461AF0ACFF10
:1096040053464146032248460094FFF7F9FD32468B
:10961400294648461AF0A0FF5A4B0421DFF89CA1C2
:1096240003F118021846FFF7FFFD564B564A4FF058
:1096340001091846DFF888811A600BF005F85349D0
:109644000846FFF713FE5046FFF710FE4D4B224627
:109654004E4940460094FFF7D3FD4046DFF864814D
:10966400324629461AF078FF464B22465146CDF839
:1096740000904046FFF7C4FD4046DFF84C81324677
:1096840029464FF0020A1AF067FF4046FFF7EEFD45
:109694003C4B22464146CDF800A05846FFF7B0FDAA
:1096A4005846DFF828B1324629461AF055FF0BF127
:1096B400180251465846FFF7B7FD354BDFF810A1A5
:1096C4005846CBF8003014F0C9FB0AF11C02494695
:1096D4005046FFF7A9FD2F4BDFF8F890CAF8003089
:1096E4004FF480334846CAF8183011F067FF5346E8
:1096F400224641464846DFF8E080009411F0C4FF5A
:109704003246294648461AF027FF5B462246514610
:1097140040460094FFF774FD4046DFF8C0803246AF
:109724002946DFF8BC901AF017FF2246214640462E
:10973400FFF77AFD184B4046C8F8003014F0B0FA31
:10974400484611F03BFF224641463B4648460094BA
:1097540011F09AFF32462946484603B0BDE8F04F5F
:109764001AF0FABE94E50120F8300020A0E50120AB
:1097740078F90020E03000202CA200208D2A01007E
:1097840010F600209CE10120EC300020140501209B
:1097940024300020183000200C30002084E1012007
:1097A4004800012078E20120A0E20120B4E2012077
:1097B400E0FC002064E201208CE201207806012014
:1097C400C8E20120DCE20120B00301203CEE0120CC
:1097D400F8C70120F0E2012004E3012024EE012077
:1097E40018E30120704700000D4A38B51468054697
:1097F4000C4B1F2C09DC1855013414600022094855
:109804001A55BDE8384006F0EABE1F22591C184616
:109814001CF07EFC0219034602F8015CEEE700BF6F
:109824004468012096F101202DE9F043089F0025AA
:109834004FF0FF363C46A1EB070915601D60A145BA
:1098440007DC002EC2BF50F8261011601E60BDE870
:10985400F083A4EB070E4FF0000C07EB0408C64599
:1098640005DD6545DCBF264665460134E7E750F86B
:109874002E100EF1010E8C44F1E7000000000000F0
:109884004D4B2DE9F0411D6888B055F820300A2B66
:1098940056DC55F8203007EE900A0133B8EEE77A2B
:1098A40045F820300023CDE90433444BD3ED007A4E
:1098B400B4EEE77AF1EE10FA57D80123FCEEE77A1A
:1098C40002AA2846019306AB17EE901A009304AB44
:1098D400FFF7AAFF049A3A4B02B11A6018680021F4
:1098E400384F40F2EE23384C4000DFF8E4C0D7F89C
:1098F40000E02268DCF8008055F82360002E07DDC4
:10990400BEF1000F04D18342BEBF01211A468E4628
:109914009042BCBF42460121013BEDD101B122601E
:1099240000233B602368CCF80030049B0BB1244A2D
:109934001360059B0BB1254A136008B0BDE8F081A4
:109944009FED1B6B2B1F05F6B43293ED017A0433A4
:10995400B8EEC77A9A42B7EEC77A27EE067BBCEE1A
:10996400C77B83ED007AF0D193E777EEA76AB4EE74
:10997400E67AF1EE10FAD8D8FDEEE77A032303AACB
:10998400019307AB17EE904AFCEEE67A009305AB21
:10999400013417EE901A05EB8400FFF745FF059B91
:1099A400002BC2D0094A1360BFE700BFAFF30080A9
:1099B4009A9999999999E93F48E1012024AE0020A8
:1099C40040E10120E4E00120F4ED012044E1012024
:1099D400F8ED0120000000007B4B7C497C4A70B507
:1099E4001C68054686B07B4834B97B4C24680C60FF
:1099F4001468046001241C6012680068121A142A96
:109A0400764A0BD91868012808D175480468754846
:109A140004607148006810600020186009681068CC
:109A240007EE101A704A07EE900A704BB8EEC77A28
:109A3400F8EEE77A37EE076AF4EEC67AF1EE10FA3A
:109A440009DB684CD4ED006AF8EEE66AB4EEE66A27
:109A5400F1EE10FA10DA77EEA77AB4EEE77AF1EEC7
:109A640010FA33DB5F4C94ED007AB8EEC77AF4EE6B
:109A7400C77AF1EE10FA29DB06EE900AD2ED007AED
:109A84008842B8EEE65BD3ED006AB8EEE77BB8EE49
:109A9400E66B9FED474B9FED483B27EE047B26EE9C
:109AA400046B04EE901AB8EEE44B25EE035B24EE4F
:109AB400034B6CDB37EE047B35EE065BBDEEC77BF8
:109AC400BDEEC55B82ED007A83ED005A14681E6812
:109AD40006FB04F3344400EE103A6410B8EEC00BF5
:109AE40018F022F807EE904AB7EEC00B404BF8EEA0
:109AF400E77A83ED000A3F4BC3ED007AFCEEC07AAF
:109B04003D4B1C6854F82530013344F8253017EEDA
:109B1400905AFDEEC07A013D17EE903A23B154F805
:109B24002320002A40D00393012303AE04AA29462C
:109B3400204601930096314BFFF776FE0323C5F5CB
:109B44003B7105AA04EB85000231CDE900632C4B7F
:109B5400FFF76AFE1A682A441A60049B052B14DD79
:109B6400059B052B11DD231F04F6B4349FED146B04
:109B740093ED017A0433B8EEC77B9C4227EE067B53
:109B8400BDEEC77B83ED007AF2D106B070BD37EE2F
:109B9400057B36EE046BBDEEC77BBDEEC66B82ED76
:109BA400007A83ED006A91E7013BB7E7AFF30080E9
:109BB400CDCCCCCCCCCCEC3F9A9999999999B93F1E
:109BC4009A9999999999E93F78EE01207CEE0120C0
:109BD400D0ED0120B4E50120ACE5012080EE0120A8
:109BE4004CE1012050E101200CA4002008A4002035
:109BF40024AE0020F0ED0120B0E50120D8E00120E2
:109C0400C0E00120000000006B4B1A68D20770B559
:109C140005D46A4A11686A4A116001221A60694CC3
:109C24002378062B2AD8DFE803F0045B7D2929A8D2
:109C3400BA00654B01281A68604B20D11D6820705A
:109C4400624BA81A1D601428614B186016DD614B25
:109C5400B0EE087AD3ED007A67EE877AFCEEE77A05
:109C640017EE903A834209D9554C41F28832236861
:109C7400EB1A934202DDFFF703FE256070BD1B68FB
:109C840055490B609B1A554A07EE903A1360544BA2
:109C9400B8EEE77B93ED006A9FED455BB8EE466B4B
:109CA40026EE055BB4EEC57BF1EE10FA05DD4D4BF7
:109CB4001B7813B105232370E0E7B1EE025B26EEB7
:109CC400056BB4EEC67BF1EE10FA54DD464B1B78FF
:109CD400002B50D1434B1B78002B4CD10623EAE7D1
:109CE4000028CBD1394A354B10681B683F4D181AF0
:109CF4003F4A2B60132810603DDDA0F11502B2F538
:109D0400367F0AD82E4E32689B1A41F2883293422B
:109D140003DDFFF761FE2B6833602B4B2A681A6062
:109D24000223C8E7324B18682D4B07EE900A1B68D4
:109D3400B8EEE76B07EE103ABBEEEF7BB4EEC76B01
:109D4400F1EE10FA17DD234D2A4AD5ED007A137887
:109D5400FDEEE77A28495B0817EE905A13700A78EB
:109D6400A8424FF001051F48B4BF52199B18057053
:109D7400B4BF0A700B7000239DE71F4D1F4A2B7858
:109D84001268D05CFFF730FD1A4A8021002311705D
:109D9400144A2B701370144A237013706EE720203A
:109DA400FFF722FD06F01EFC0F4B01221A70E2E7BA
:109DB400333333333333FF3FBC0C0120D0ED012068
:109DC400F046012095F10120F4460120EC460120E3
:109DD4004CE1012024AE00201CE20120C8E1012056
:109DE400D8E00120D6F10120D4F10120B4DC012017
:109DF400ACE501208BAE0020D9F101207CA5002028
:109E040010B52DED048B08EE900AB6EE005B1C46EF
:109E1400B8EEE87BB8EEE86A27EE057BB7EEC78BB1
:109E240007EE901A07EE102AF8EEE77AF8EEC76A02
:109E340067EE867A87EEA67AB7EEC66AB7EEC77A79
:109E440037EE057B9FED205BBDEEC77BB8EEC77B8D
:109E540027EE057B87EE069BB7EEC99BB0EE490A59
:109E640018F0D2FFF0EE409AB0EE490A19F0D0F89B
:109E7400DFED177A30EE006A2346B0EE677A0022EF
:109E840018EE901AF1EE676A8A4211DBA6EE807A28
:109E940027EEA90AC0EE087AC7EE086ABDEC048B67
:109EA400BDE8104027EEA70AA6EEA60A17F040BFA9
:109EB400E7EE066AF3EC015AF0EE477A013236EE29
:109EC400A57ADDE7AFF30080182D4454FB21194037
:109ED40000000000000000005F4B1B68012BF0B580
:109EE4002DED068B83B040F0AA805C4C4FF4807358
:109EF4005B4D22685B495C4816F072F82B685B4E38
:109F040000934FF4807320681946594A16F0B0FC48
:109F14003246286840F2FF11564B15F031F8564B83
:109F240096ED006A45F6C05293ED007A40F2EE21B8
:109F3400B7EEC66A2768B7EEC77A4FF480709FED14
:109F440042AB9FED439B27EE0A7BA6EE097BB7EE5F
:109F5400C77B83ED007A3B46FFF752FF3A464FF446
:109F6400807346494648F0EE408A16F039F82B686B
:109F7400444F00934FF48073206819463C4A16F00E
:109F840077FC3A46286840F2FF113F4B14F0F8FF83
:109F94003E4B97ED008A40F2EE2193ED007A45F6B0
:109FA400C052B7EEC86A4FF48070B7EEC77A384D26
:109FB40027EE0A7BA6EE097BB6EE009AB7EEC77BC6
:109FC400D6ED007A38EE278A83ED007A314B28EEFD
:109FD400098A83ED008A2368FFF712FFF2EE047A00
:109FE40038EE800A2C4B2D4C28EE278ADFED2C7A94
:109FF40020EE090A28EE278A83ED000A28EE008A5B
:10A0040084ED008A85ED008A06F0EEFA2A684FF6A0
:10A014002050244B1A6006F0E1FA94ED007ADFED4B
:10A02400227AB4EEE77AF1EE10FACCBF01200020D8
:10A0340003B0BDEC068BBDE8F040FFF7E5BD03B00F
:10A04400BDEC068BF0BD00BF333333333333D33F22
:10A05400666666666666E63FCCE00120BCDC0120ED
:10A0640070D8012094A9242098C800207CD801200D
:10A07400B8E5012074D8012024D801209489242033
:10A08400A0CD002080D8012078D8012028D8012034
:10A0940064D8012020D8012068E1012060D8012083
:10A0A4000000C84268D801200000484208B51C20BE
:10A0B40012F01CF828B9034B1B68012B04BF024A99
:10A0C400137008BD4CE3012006F2012008B5074BCC
:10A0D4001B68012B09D11C2012F008F828B9044B85
:10A0E4001B68012B04BF034A137008BDD4E101208F
:10A0F4004CE3012006F201202DE9F0412DED088BFF
:10A10400ADF5005DB44B0E46B0EE409A82B0B7EEAA
:10A11400000AB24905461746B1484FF4807293EDE0
:10A1240000AA17F037F8B7EE000A4FF48072AD4971
:10A13400AD4817F02FF8002E00F01581B7EEC96A6C
:10A14400A648B2EE044BA7490024DFEDA83ADFF895
:10A15400CCC2DFF8CCE29FED905B012D40F0E680AD
:10A1640026EE057BFDEEC77B17EE903A802BA8BF49
:10A174008023A34200F3F48003F18002A24240F35F
:10A18400EC80E31A0EEB8303D3ED007A90ED007AB2
:10A19400013427EE277AB4F5807FA0EC017A91EDA3
:10A1A400007A67EE277AE1EC017AD6D14FF4807316
:10A1B4008F4A8A498F4815F0DFFC4FF40073874AB1
:10A1C4008B498D4815F0D8FC4FF48073884A854933
:10A1D4008A4815F0D1FC4FF40073824A84498848B8
:10A1E40015F0CAFC874B1B78002B00F0D080B8EE2A
:10A1F400CAABB1EE041B9FED6A8BB0EE4A0B18F0AC
:10A204003BF9B1EE001BB0EE40BBB0EE4A0B18F0C8
:10A2140033F928EE408BB0EE081BB0EE4A0B9FEDED
:10A22400627BABEE078B18F027F9774B1A682AEE9E
:10A234004A6B764B03EB82039FED5D7BA0EE078BAD
:10A244009FED5D7BA6EE078B9FED5D7BAAEE078BF2
:10A254009FED5D7B38EE078B9FED5D7B88EE070BF2
:10A2640093ED007AB7EEC77A20EE070B5B494FF403
:10A274000062B7EEC00B08468DED010A16F08AFFA6
:10A2840058494FF400629DED010A084616F082FF1A
:10A294004FF4006202A9514814F0CAFC0DF5805134
:10A2A4004FF400624F48083114F0C2FC012D04D170
:10A2B4001EB1574B1A68574B1A60DFF868810023A8
:10A2C400554C4FF4006202A9404688F8633184F883
:10A2D40063310AF032FB0DF580514FF400622046E1
:10A2E40008310AF02AFB01239D4288F8633184F87F
:10A2F400633110D17EB1474A454910680B681B1A77
:10A3040007EE903AF8EE677AF4EEC97AF1EE10FAB5
:10A31400F4D40B68136017B10A2005F059FC0DF54D
:10A32400005D02B0BDEC088BBDE8F08134EE467BE5
:10A3340027EE057BFDEEC77B17EE903A802BB8BF66
:10A344008023A3F18002A24207DCA34208DDA21A03
:10A354000CEB8202D2ED007A18E7F7EE007A15E7EB
:10A36400F0EE637A12E7002D7FF420AF1B494FF41F
:10A3740080729FED1E0A084616F00CFF19494FF42F
:10A3840080729FED1A0A084616F004FF0EE7B7EE36
:10A39400000B6BE7AFF30080000000000080394041
:10A3A4001F85EB51B84E6340E4141DC9E57F194085
:10A3B40033333333337596400000000080F0B840E7
:10A3C4000000000040C9D0400000000000168E408C
:10A3D40000000000006AF84060AE00209469242068
:10A3E400B8E901209449242084D801200000000009
:10A3F400942924205CDE00208CDE002068DE00200E
:10A4040098DE00209EAE0020D8A70020B08900204E
:10A41400D0ED0120B8DC012078060120C0DC012049
:10A42400C0DE01201405012070B50A23A0F1140533
:10A43400B0EE047B0121002604460022B5FBF3F5AF
:10A444001D4B1B68B0FBF3F300EE103A0846B8EE60
:10A45400400B2DED028B20EE070BDFED188AF1EE99
:10A46400047AB7EEC08BB4EEE78AF1EE10FAC4BFFB
:10A47400B0EE048A05F1FF35B0EE480AFFF73CFE62
:10A48400B54210DC00220121B0EE480A1046FFF765
:10A4940033FE0B4B0B491A680B689B1A9C42FBD882
:10A4A400BDEC028B70BD0022B0EE680A01200136BB
:10A4B4001146FFF721FEE3E7FCED01200000000058
:10A4C400B8DC0120D0ED01202DE9F8431E4E012116
:10A4D4001620012511F0EAFDDFF874803768DFF8F3
:10A4E40074903368D8F80020DB1B934208D91620F7
:10A4F400002111F0DBFD3220BDE8F84305F068BB14
:10A5040099F8000011F0F2FD044618B101280ED0AC
:10A514002546E6E7012D37689FED0C0A0DBF2A4654
:10A524000122014611461046FFF7E6FDF0E79FEDD4
:10A53400070A02462DB901462846FFF7DDFD3768B4
:10A54400E6E700210846EFE7D0ED01200000000017
:10A554000CA80020C4AB0020C54B1B682DE9F047B4
:10A564002DED068BC3B9C34A92ED007AC24AD2EDEF
:10A57400007A0133083267EE877AB3F5807F42EDC3
:10A58400027A52ED017A67EE877A42ED017AEED1D2
:10A59400BDEC068BBDE8F0879FEDB38BB64D4FF055
:10A5A4000009DFF85083D8F80030B44F5A1CDFF8A4
:10A5B40048A395ED010AB2F5F06FCCBFA3F5F063A3
:10A5C400C8F80020AE4AC8BFC8F800301368D8F8ED
:10A5D4000040591CB1F5F06F8ABFA3F5F063116018
:10A5E4001360A84B166803EBC40103EBC6020968A9
:10A5F400396003EBC401A44B49681B6879600AEB1A
:10A60400840182ED010A91ED009A29681160D2ED6E
:10A61400007A002B66D1F0EEE77AB0EEC00AB4EE11
:10A62400670AF1EE10FA98BFB0EE670A974B0AEB8F
:10A634008606974AD3ED007AD2ED006A954A66EE13
:10A64400A76A9549D2ED007A944AE7EE896A86EDC5
:10A65400000A92ED006A924AC3ED006A914BD3ED71
:10A66400007A26EE276AD2ED007AA7EE896AD1ED48
:10A67400007AF4EEC97AF1EE10FA83ED006A13D889
:10A68400DFED897AB4EEE79AF1EE10FA0CDD874B30
:10A6940040F28176C1ED007A186800231A46904290
:10A6A40027DC0BB1C1ED007AD1ED007A804BF4EEDA
:10A6B400C07A80481A68804CF1EE10FAD4ED005A42
:10A6C40048BF81ED000A002AC4BF02F1FF321A60BC
:10A6D4000278042A65D8DFE812F01E00BC003301BA
:10A6E4004A01680120EE000AA7EEA70A17F020FB32
:10A6F4009CE701340132B44208BF00240AEB840C05
:10A704009CED007AB4EEE77AF1EE10FAC4BFF0EEF5
:10A71400477A0123C3E791ED007AB4EEE57AF1EECE
:10A7240010FA0BDB37EE657A644BB0EE656AD3ED55
:10A73400007AA7EE276A84ED006A32E0604AD2ED1F
:10A74400007A66EEA76AF4EEE56AF1EE10FA05D532
:10A754000123037037EE657A5A4BE6E75A4A1178BB
:10A764005A4A002966D05A49D1ED007AB4EEE76A14
:10A77400F1EE10FA5EDD0221B4EE006B0170554972
:10A7840091ED007A5449D1ED007A27EE277AB7EE9D
:10A79400C77A27EE067BBDEEC77B83ED007A0123E3
:10A7A40013704E4B94ED007AD3ED007A4C4AB4EE1C
:10A7B400E77AF1EE10FA4ABF00230123C4ED007AD0
:10A7C4001370484BD4ED007A93ED009A464BB7EEE4
:10A7D400C99A93ED00AA454BB7EECAAA93ED000AB5
:10A7E40020EE270A04F0D2FEB5EEC00AF1EE10FA0C
:10A7F40000F3EE80B7EEC00AAAEE409B94ED006A27
:10A8040009F101090835B9F5807FB7EEC66A89EE0A
:10A81400067BB7EEC77BD7ED007A67EE877A45ED06
:10A82400027AD7ED017A67EE877A45ED017A7FF4F3
:10A83400BAAEADE6032337EE657AB0EE656A03700F
:10A844002B4BD3ED007A0023A7EE276A84ED006A30
:10A85400A6E791ED007AB4EEE57AF1EE10FA4DDB5D
:10A86400002303705EE700BF9A9999999999A93FCB
:10A8740078890020CCA800209011242050E20120E7
:10A88400C4E101207C6C0120CCAB0020746C01205D
:10A8940048E2012004E101208CC601204CE20120A1
:10A8A4006CE10120786C01200000000018C8012030
:10A8B40070E10120B9F1012084A801201CC8012005
:10A8C40030E3012008E10120ECF10120B8F101207E
:10A8D40078E1012080E1012084E5012000E20120EB
:10A8E400BEF101205CE20120BCED0120D0E1012099
:10A8F400C4E00120BCAB002088A80120384AD2ED76
:10A90400007AF4EEE57AF1EE10FA3FF523AF1B6816
:10A91400002B02DD0223037043E7324B37EE657AE6
:10A924001B784BB9032303702F4BB0EE656AD3ED4C
:10A93400007AA7EE876AFEE6042303702B4BF4E744
:10A9440091ED007AB4EEE57AF1EE10FA05DB00231E
:10A954000370234BC3ED005AE4E61B68002B7FF41D
:10A9640020AF042337EE657A0370204BDDE6D1ED8A
:10A97400007AF4EEE57A37EEE57AF1EE10FA06DBCA
:10A9840000230370164BC3ED005A194BCDE7164B49
:10A99400B7EEE56AD3ED007A27EE277AB7EEC77AE9
:10A9A400A7EE086BB7EEC66BC5E6D1ED007AF4EE00
:10A9B400E57A37EEE57AF1EE10FAE1DA0B4BF0EED8
:10A9C400657AD3ED006AE6EE877AC4ED007AE8E6AC
:10A9D4009FED010B10E700BF000000000000000025
:10A9E400706C0120B8F10120C4E0012074E1012061
:10A9F4001CC80120F5EE400AF0EE407AF1EE10FAA0
:10AA040008B52DED028B3BD0B0EEE07AF0EEC06AD3
:10AA1400B4EEE67AF1EE10FA1FDDF5EEC00A87EE29
:10AA2400A00AF1EE10FA05DDBDEC028BBDE808408A
:10AA340004F0F2BDF5EEC07A9FED198AF1EE10FA3A
:10AA440006DB04F0E9FD30EE080ABDEC028B08BD1C
:10AA540004F0E2FD30EE480AF7E7F5EEC07A9FED28
:10AA6400118A80EEA70AF1EE10FA04DD04F0D4FD99
:10AA740038EE400AE9E704F0CFFDB1EE400AE9E719
:10AA8400B5EEC00AF1EE10FA03DC05D59FED060A17
:10AA9400DBE79FED040AD8E79FED040AD5E700BF82
:10AAA400DB0F4940DB0FC940DB0FC9C000000000C9
:10AAB4002DE9F0412DED048BDFED678A0026674D0B
:10AAC400B0EE689ADFF8D881F0EE689A644F654C6E
:10AAD40094ED000A16F0D0FAB0EE408A94ED000A24
:10AAE40016F018FBD5ED016A95ED006A26EE887A1A
:10AAF40028EE468AF0EE470AF0EE487AA6EE807A0F
:10AB0400E6EE000AE6EE007AA6EE808AE0EEA98A76
:10AB140077EE877AB0EE480AA7EEA99A77EEA87A7C
:10AB240077EEC97AE8EC017A78EEA97AE7EC017A53
:10AB3400FFF760FF4C4B4D4A83ED000AD2ED007ADB
:10AB44004B4B4C49C3ED007A4B4BD1ED006A93ED6E
:10AB5400007A4A49A0EE267AD1ED006AB4EEE67A8C
:10AB640083ED007AF1EE10FA02D5C3ED006A07E036
:10AB74004349D1ED006AB4EEE67AF1EE10FAF4DC62
:10AB840093ED007A3F4BF0EE476A93ED006A0023A1
:10AB9400E0EE066AC2ED006AD4ED006A77EEA67AAA
:10ABA400DFED396AC4ED007AF4EEE67AF1EE10FADC
:10ABB4003FDA0BB1C4ED007AD4ED007A0023F5EE50
:10ABC400C07AF1EE10FA38D40BB1C4ED007A013634
:10ABD4000835B6F5807F7FF47BAFDFED2C7A2C4C03
:10ABE40027EE277ADFED2B7A94ED006A2A4B87EE65
:10ABF400270A2A4D1B68002BF2EE047AB7EEC66AC8
:10AC040020EE270A9FED107BB7EEC00A20EE070B5B
:10AC14009FED0F7BA6EE070BB7EEC00B85ED000A88
:10AC240001DA05F0CAFC2B68BDEC048B2360BDE897
:10AC3400F08177EEE67A0123B6E777EEA67A012370
:10AC4400BDE700BFAFF300809A9999999999A93FFC
:10AC5400666666666666EE3F00000000901124207A
:10AC6400948924202CE30120D4E0012010E1012068
:10AC7400D0E001203CE101203CE2012044E201203B
:10AC840040E2012038E10120DB0FC9400080BB46CF
:10AC9400E81E0120DB0F49418CA50020DC070120C0
:10ACA40094A924200000000070B52B4E0346D0ED7B
:10ACB400007A012496ED007A284D37EEC77A90ED9C
:10ACC400016AD5ED006A26EE477A76EE666A26EECC
:10ACD400066AA7EEA67AA7EEA76A9FED1D5BB7EEFC
:10ACE400C77AB7EEC66A27EE057B87EE064BB7EE4A
:10ACF400C44BA1EC014A944203F1080309DB02F1BD
:10AD04008042023A00EB82000368336043682B60A0
:10AD140070BDD3ED007A013413ED016A93ED017A2D
:10AD240026EE676A53ED026AA7EE266A27EE077AD3
:10AD3400A7EEA77AB7EEC66A26EE056BB7EEC77A1A
:10AD440086EE074BB7EEC44BA1EC014AD3E700BF34
:10AD540058A99185E4C9D53F9CC60120A0C601200D
:10AD640008B5354BB8EE006B9FED347AD3ED007A1D
:10AD7400334BF8EEE77A2DED068B87EE879ADFEDFD
:10AD8400317A9FED31AAF7EE008A9FED290B83ED0E
:10AD9400009A2E4B93ED007A2D4B27EE677AC7EE7F
:10ADA4000A7AC3ED007AF1EE677A2A4BC3ED007A92
:10ADB400294BD3ED00AAB7EEEA7A27EE067BB7EE6D
:10ADC400C96A27EE067B87EE000B17F005FA234BC2
:10ADD400B7EE007B37EE400BB7EEC08B2AEEC90A04
:10ADE40083ED008A80EE0A0A17F00AFEF0EE409A1C
:10ADF400B0EE680AA9EE490A16F09AFFCAEE8A7AFA
:10AE040027EE800A18F004F9E9EEC08AB1EE487A18
:10AE1400134BB0EE005BB7EEC77AB7EEE86ABDEC51
:10AE2400068BA6EE057BB7EEC77B83ED007A08BDE3
:10AE3400000000000070D74068AE00200000C84247
:10AE440050F00120DB0FC9400080BB46C8AB002096
:10AE540044E2012040E20120B8AB002038E10120A7
:10AE64003CE10120002070477047006910B103687D
:10AE7400DB6818477047006910B103681B691847FD
:10AE84007047006910B103685B6918474FF0FF30E1
:10AE94007047006910B103689B691847704707B58C
:10AEA400006920B94FF0FF3003B05DF804FB03687C
:10AEB40001220DF107019B6898470028F2D09DF804
:10AEC4000700F1E707B500698DF8071028B103689A
:10AED40001220DF10701DB68984703B05DF804FB1C
:10AEE40010B50C4C0A220C4920461BF06CF9204684
:10AEF4001BF0D6FAC0F10A03052B08D95F230A22F6
:10AF04002354013021184FF44E7019F0B9FE014852
:10AF140010BD00BF58F101203867002038B5856D99
:10AF240004466DB94FF4807019F0ACFE0146A0657B
:10AF340080B10570206D28B14FF480720DF0EAFDE8
:10AF4400A06D38BD606D0028FAD04FF480720BF00C
:10AF5400E7FDF5E7014BA365F2E700BFBBF1012074
:10AF640038B5046D11464CB19BB920460CF007FA74
:10AF740078B12046BDE838400CF0EBBD446D44B1D7
:10AF840020460AF0BBFB20B12046BDE838400BF058
:10AF94006FB9002038BD036D13B50C4683B10DF1B4
:10AFA400060201A918460CF0D8FB30B1BDF80430F4
:10AFB400BDF8062053EA02010BD1002002B010BDF7
:10AFC400406D0028F9D00DF1060201A90AF05AFAE1
:10AFD400EBE702F01F01012049002170C2F3451183
:10AFE400D20A6170A27003F01F022271C3F34312EC
:10AFF4005B0A013A03F5EA636271A371DEE7036D4C
:10B0040013B50C4683B10DF1060201A918460CF0E4
:10B0140094FB30B1BDF80430BDF8062053EA0201B8
:10B024000BD1002002B010BD406D0028F9D00DF105
:10B03400060201A90AF016FAEBE702F01F0101204B
:10B0440049002170C2F34511D20A6170A27003F065
:10B054001F022271C3F343125B0A013A03F5EA6348
:10B064006271A371DEE7036D13B158690021704763
:10B07400436D13B1D3E9000170471846F6E710B1E8
:10B0840003681B6B1847704710B50446C9B210F02B
:10B0940093FD2046BDE8104010F05BBD10B504469A
:10B0A40010F04EFD2046BDE8104010F052BD10B522
:10B0B400044610F045FD2046BDE8104010F049BD9F
:10B0C40010F03EBD13B5044661B1084601911BF072
:10B0D400E7F92368024601995B68204602B0BDE89F
:10B0E4001040184702B010BDFFF7ECBF10B504467E
:10B0F400FFF7E8FF2046BDE8104010F02ABD036DBD
:10B1040013B1D86900217047436D13B1D3E9040129
:10B1140070471846F6E7836B10B55BB1187810F0EA
:10B1240008001EBFD8695B69C01A0028B8BF6FF059
:10B13400004010BDC06B0028FBD090F8313013F0F4
:10B1440008030ED0D0E90413D0E90024881A63EB75
:10B154000403B0F1004F73F1000328BF6FF0004007
:10B16400E7E71846F5E708B51030FFF7D4FF08BD48
:10B1740008B51830FFF7CFFF08BD836B33B11B78D8
:10B1840013F0700F14BF012000207047C06B00281B
:10B19400FBD090F8313013F0500FF3E708B51830B6
:10B1A400FFF7EBFF08BD10B504461830FFF7E5FFC5
:10B1B40060B1206D10B100210CF0E1F8606D28B190
:10B1C40000220023BDE810400AF098BA10BD836B3A
:10B1D40023B9C06B003818BF0120704701207047A5
:10B1E40008B51830FFF7F3FF08BD10B50446806DAD
:10B1F40018B119F04FFD0023A36518342046FFF75A
:10B20400E6FF20B12046BDE810400DF0F3BE10BDAE
:10B21400064B10B503600446FFF7E7FF044B04F147
:10B224001800A3600DF0E6FE204610BD6431002036
:10B23400DC2F002010B50446FFF7EAFF5C2120460E
:10B2440011F0D4FA204610BD836B13B118460CF0EC
:10B2540064B8C06B08B10AF03CBA4FF0FF307047D5
:10B2640008B51030FFF7F0FF08BD08B51830FFF738
:10B27400EBFF08BD836B13B118460BF08BBFC06B9B
:10B2840008B10AF063B94FF0FF30704707B50122E7
:10B294000DF107011030FFF7EDFF01280CBF9DF8F9
:10B2A40007004FF0FF3003B05DF804FB08B5183019
:10B2B400FFF7E0FF08BD30B4856B114625B143B9F3
:10B2C400284630BC0CF05BB8C06B10B130BC0AF03F
:10B2D40015BA002030BC704738B5044604981146AE
:10B2E4001D4620B904F11800FFF7E5FF38BD012819
:10B2F4000ED1236D04F1180013B15A69002303E041
:10B30400636D93B1D3E900238A1843EB0503EBE79C
:10B3140002280CD1236D04F118000BB1DA69EDE7B2
:10B32400636D13B1D3E90423EEE71A46ECE700207A
:10B33400DCE7836B13B118460CF046B9C06B08B157
:10B344000AF0C8BD704708B51030FFF7F2FF08BD1A
:10B3540008B51830FFF7EDFF08BDD0F838C0F0B4D9
:10B364009DF810409DF814509DF818609DF81C70CD
:10B37400BCF1000F07D06046CDE90667CDE904456E
:10B38400F0BC0CF091BBC06B30B1CDE90667CDE9E0
:10B394000445F0BC0AF0E4BEF0BC70471FB58A79DE
:10B3A400A2F150031B0612D40C7802F26C724B7992
:10B3B400183003944C7801330294DBB28C780194F6
:10B3C400097900910421FFF7C8FF04B010BD0020E3
:10B3D400FBE71FB58A79A2F150031B0612D40C783F
:10B3E40002F26C724B79183003944C780133029456
:10B3F400DBB28C780194097900910221FFF7ADFF4B
:10B4040004B010BD0020FBE7836B13B118460CF0A9
:10B41400D5BBC06B08B10AF091BF704708B51830AE
:10B42400FFF7F2FF08BD07B501228DF807100DF1F3
:10B4340007011030FFF7E8FF03B05DF804FB08B51F
:10B444001030FFF7E1FF08BD10B5044600694368FA
:10B45400013B43603BB90368DB6A9847206910B13C
:10B4640003685B6898470023236110BD044B10B543
:10B474000360044603690BB1FFF7E6FF204610BDE5
:10B484001431002010B50446FFF7F0FF14212046C4
:10B4940011F0ACF9204610BD10B50446006928B17E
:10B4A4000368DB6A98472046FFF7CEFF10BD000013
:10B4B40038B50F4B0025044610310360183051F89D
:10B4C4000C3C40F8145C40F80C3C0A4B40F8103C2F
:10B4D40051F8083C40F8083C11F8043C00F8043CDE
:10B4E4000DF05AFD044B2046A565A36038BD00BF8E
:10B4F40064310020C0310020403100202DE9F041AA
:10B50400002594B01A4B4FF47A772A461831044632
:10B5140004A800938DF80C50DFF85C80CDE9015746
:10B52400CDE912550DF0B6FD04A8FFF750FEC0B1E9
:10B534005C2011F059F906466946FFF7B9FF7368B4
:10B5440025730133C4F8008026617360C4E9015790
:10B55400084B04A800930DF04DFD204614B0BDE83F
:10B56400F081C4E901072073C4F800802061EFE78B
:10B5740040310020DC2F002014310020012B70B555
:10B58400044694B027D0022B40F2022318BF0023B4
:10B59400043168460DF01AFE04A8144EFFF717FE96
:10B5A400E0B15C2011F020F969460546FFF780FF01
:10B5B40000234FF47A72266023732561C4E90132B3
:10B5C4006B6801336B600A4B04A800930DF012FD05
:10B5D400204614B070BD44F20223D9E74FF47A73C5
:10B5E40060602073A36026602061ECE714310020C2
:10B5F400DC2F002070B5002800F04181A04CA14B45
:10B60400E26804F17C06D4ED097A1A602269FDEE41
:10B61400E77A9D4B9D4D1A6062699D4B1A60A26941
:10B624009C4B1A60E2699C4B1A60226A9B4B1A601D
:10B634009B4BA26AC3ED007A9A4B1A60E26A9A4B5A
:10B644001A60226B994B1A60626B994B1A60A26B59
:10B65400984B1A60E26B984B1A60226C974B1A60F5
:10B66400626C974B1A60A26C964B1A60E26C964B14
:10B674001A60226D954B1A60626D954B1A60A26D2B
:10B68400944B1A60E26D944B1A60226E934B1A60CD
:10B69400626E934B1A60A26E924B1A60E26E924BEA
:10B6A4001A60226F914B1A60626F914B1A60A26FFD
:10B6B400904B1A600FCE0FC50FCE0FC50FCE0FC51E
:10B6C40096E8030004F1B40685E803008A4D0FCE22
:10B6D4000FC50FCE0FC50FCE0FC596E80300874BDD
:10B6E40004F5B07685E80300D4F8EC20844D1A60A4
:10B6F400D4F8F020834B1A60D4F8F420824B1A60FB
:10B70400D4F8F820814B1A60D4F8FC20804B1A60DE
:10B71400D4F800217F4B1A60D4F848217E4B1A607C
:10B72400D4F84C217D4B1A60D4F850217C4B1A601C
:10B73400D4F854217B4B1A60D4F858217A4B1A6000
:10B74400D4F85C21794B1A600FCE0FC596E8070038
:10B7540004F5BE7685E80700754D0FCE0FC596E853
:10B76400070004F5CC7685E80700724D0FCE0FC5AF
:10B7740096E8070004F5DA7685E807006E4D0FCEEB
:10B784000FC596E8070004F5E87685E807006B4DD9
:10B794000FCE0FC596E8070004F5F67685E8070096
:10B7A400674D0FCE0FC596E8070004F5027685E8CD
:10B7B4000700644D0FCE0FC596E8070004F509761F
:10B7C40085E80700604D0FCE0FC596E8070004F525
:10B7D400107685E807005D4D0FCE0FC50FCE0FC55F
:10B7E4000FCE0FC5336800222B602546584BD4F882
:10B7F400741201320834083343F8081C072AD4F8B9
:10B80400701243F8041CF2D1524BD5F8AC225249C1
:10B814001A60322251481AF0D6FC0A225049514883
:10B824001AF0D1FC0A22504950481AF0CCFCD5F841
:10B83400FC224F4B4F4E1A60D5F800234E4B4F4C11
:10B844001A60D5F808234E4B1A60D5F804234D4BE3
:10B854001A600FCE0FC496E807004B4B84E807002C
:10B86400D5F828231A60D5F82C23484B1A60D5F84C
:10B874003023474B1A60D5F83423464B1A6070BD09
:10B88400248D00207889002004A4002014A800201E
:10B8940050E50120C0ED012064AE0020E4A80020A2
:10B8A40060AE00204CE3012020E2012000A800202B
:10B8B400D4AD0020D8AD002008A80020C4AB0020DF
:10B8C400C0AB0020CCE00120D4E1012004A800207A
:10B8D400CCAD00200CA80020ECC70120D4A8002087
:10B8E400D8A70020DCA70020E0A70020E4A70020C0
:10B8F400E8A70020D0A800204CA80020FCA7002026
:10B90400D0AB0020F0A70020ECA70020F8A700206F
:10B91400F4A70020DCAD002004F600200CF6002083
:10B92400349C0020389C0020B8AB0020C8AB002019
:10B93400ECAB0020B0890020189E0020C49B00209E
:10B94400E09B0020FC9B0020189C002098A800206D
:10B9540028AB002090A50020D48F002008F20120FD
:10B96400069000203CF201201090002046F20120B5
:10B9740060E20120309000208CE5012098DC012059
:10B98400ACAB0020B0AB00206CD8012084A5002013
:10B9940088A5002080A5002010F018BC000000003D
:10B9A4000D4B32200D4A19681368CB1A434307EE36
:10B9B400903A9FED076BB8EEE77B27EE067BFDEE32
:10B9C400C77B17EE900A10B1116001F051BC7047AB
:10B9D4009A9999999999D93F34E30120DCE101209E
:10B9E40010B5114C10B107F0BEFD206023680BB9EF
:10B9F400002010BD0D4B1B68012B05D10C4B1B689F
:10BA0400012B01D11DF0D8F90A4B1B68013B022B15
:10BA1400EED9094A23681068584303F00BFD00234C
:10BA240001202360E5E700BF00EE01204CE3012084
:10BA3400CCE001208CA50020D4A800200000000048
:10BA44002DE9F0478E4E3368052B2DED088B82B01F
:10BA540039D0012B1AD18B4C8B4B22688B4903EBC9
:10BA640082034FF48072084693ED000A15F092FBAE
:10BA74002268874B03EB82034FF4807293ED000A34
:10BA84008449824803F01DFD10243AE00BB1062BD3
:10BA9400FAD17C4C7C4B22687C4903EB82034FF443
:10BAA4008072084693ED000AB1EE400A15F072FB6D
:10BAB4002268774B03EB82034FF4807293ED000A04
:10BAC40030EE000ADCE76F4C6F4B22686F4903EBE2
:10BAD40082034FF48072084693ED000AB1EE400AE7
:10BAE40015F058FB22686A4B02246A4903EB82036F
:10BAF40066484FF4807293ED000A30EE000A03F0BA
:10BB0400E0FC3368B6EE008B634D052B9FED54BB10
:10BB14009FED55AB9FED569B7BD04FF480735F4AEE
:10BB24005A495F4814F028F84FF40073574A5B49A8
:10BB34005C4814F021F84FF48073584A55495A4828
:10BB440014F01AF84FF40073524A5449574814F049
:10BB540013F895ED007AB8EEC77AB7EEC77A27EEF8
:10BB64000B0B15F0ADFF20EE081BB2EE040B16F024
:10BB740083FC80EE0A7B4549E201084601929FED71
:10BB84003E6B27EE097BB7EEC77BB7EEC77A87EE2D
:10BB9400060B20EE080BB7EEC00B8DED000A15F076
:10BBA400F9FA019A3B4964020025DFF804A1DFF8A1
:10BBB40004810846DFF8D4909DED000A15F0EAFAF6
:10BBC400504608F079FE0090404608F075FE802249
:10BBD4000746009909EB050013F02AF82D48802246
:10BBE4003946284405F5007513F022F8504608F04C
:10BBF4007DFE404608F07AFEA542E1D13368052B6C
:10BC040028D0052002B0BDEC088BBDE8F04703F056
:10BC1400DFBF95ED007AB8EEC77AB7EEC77A27EEA4
:10BC24000B0B15F04DFF20EE081BB2EE040B16F0C3
:10BC340023FC80EE0A7B15494FF48072084627EEF8
:10BC4400090BB7EEC00B8DED000A15F0A3FA4FF403
:10BC54008072A7E702B0BDEC088BBDE8F08700BF97
:10BC64000000000000408F401F85EB51B89E3F400C
:10BC740025068195438B11402FDD24068115404014
:10BC84008CDC0120D8A70020FC9B00209469242090
:10BC9400189C00209449242060AE0020942924207C
:10BCA4005CDE00208CDE002068DE002098DE0020B0
:10BCB40014050120780601204FF480722649274894
:10BCC40008B513F06BF8264B244A1B681146052B64
:10BCD4004FF4807335D0234814F00EFC1E4A4FF401
:10BCE40080732148114614F007FC1C4A80231F4826
:10BCF400114614F075F9184A80231D48114614F0B2
:10BD04006FF980231B4A15491B4813F035FFB0EE29
:10BD14000C0A4FF480721149164815F03BFA154A83
:10BD24000D498023154813F027FFB0EE0C0A4FF499
:10BD3400807209490F4815F02DFABDE80840FFF755
:10BD44007FBE0A4814F04CF9034A4FF48073084844
:10BD5400114614F045F9F0E794492420946924200D
:10BD64008CDC012044DE002050DE0020A8D200201C
:10BD7400B4D2002094292420BCDE0020C8DE002098
:10BD84002DE9F0413C4EADF5816D3C483368052BFF
:10BD94000CBF0227102708F031FEB8425FDD384D92
:10BDA4000024DFF8D8804046013408F052FE2946CA
:10BDB400802205F5007512F0EBFE404608F066FEA1
:10BDC400A742F0D13368052B19D02D4A4FF40063F4
:10BDD4002C48114614F090FB294A4FF400732A486A
:10BDE400114614F089FB294B1B68012B01D100F08B
:10BDF40017FF0DF5816DBDE8F041FFF75DBF244BE2
:10BE04005A684ABB93ED027AB8EEC77A9FED166B77
:10BE1400B7EEC77A27EE067BB7EEC77BB7EEC77AD5
:10BE2400E20102A9164800929FED116B87EE060B02
:10BE3400B7EEC00B15F0AEF9164808F03DFD009AB8
:10BE44000146CDE9000202A812F0F2FE1148DDE934
:10BE5400001208F072FDC6E79FED0F7ADEE70DF5DC
:10BE6400816DBDE8F08100BF101010101010703FFC
:10BE74007B14AE47E17A843F8CDC012078F9002002
:10BE840094692420D8DD002008DE00208CEE0120F7
:10BE940008A20020B003012000000000F8B50C4EF9
:10BEA40004460025374656F8040B01350021C0B27C
:10BEB40010F0FCF8042DF6D1064B1B68042B06DCAD
:10BEC400E1B217F82300BDE8F84010F0EFB8F8BD70
:10BED40060A50020D8A7002070B51C4D06461C4C58
:10BEE4008022294612F05AFF21463046802212F061
:10BEF40055FF184E2A4629468023174814F070F837
:10BF0400224621468023154814F06AF880233246DD
:10BF14002946134813F030FEB0EE000A2946304695
:10BF24004FF4807215F036F93246214680230D48CD
:10BF340013F022FE21463046B0EE000A4FF4807220
:10BF440015F028F9BDE87040FFF77ABD9469242004
:10BF54009449242094292420A8D20020B4D200207B
:10BF6400BCDE0020C8DE00200F4B1B6813B5052B78
:10BF74004FF480740D4B00940DD10D4A64210D488B
:10BF840014F01CF80C4B0D4A009464210C4814F076
:10BF940015F802B010BD0B4A6421064814F00EF8DF
:10BFA400054B094A0094F0E78CDC0120C0D2002044
:10BFB4004C960020A8D200204CD800206C99002078
:10BFC400B4D20020BC940020DC97002000000000C4
:10BFD4002DE9F047B7EEE07A80460C4616462DED83
:10BFE400068B9FED8F8BC0EE219AB4EEC87BB0EE2A
:10BFF400409AF0EE41AAF1EE10FAB0EE61AA4BD4E9
:10C00400DFED915AF4EEE50AF1EE10FA31DB9FED23
:10C01400866B37EE467B9FED866B27EE067BB7EE8D
:10C02400C78BA2000021404610F0BCFBB0EE480ACA
:10C0340003F08AFAF0EE408A8EBB39EEA99A654283
:10C04400B7EE00AA4746C246A9464C4500F3828093
:10C05400012E40F0A38004EBD474601008EB800040
:10C06400B7EE007AD0ED007A77EE877AC0ED007AE9
:10C0740041E037EE488BDFED750AB7EEC80B16F0DA
:10C0840033FDB7EEC00A9FED6C7B9FED6D6B28EE20
:10C09400077BA0EE067BC2E79FED6D8AC1E7012E08
:10C0A40006D1B1EE699A04EBD47424F00104C6E716
:10C0B400B31E012B02D88AEE8A9AF4E7042EBED16D
:10C0C40004EBD474B7EE009A00214046671024F0C4
:10C0D40001040125DFED5F9A621E6610520076426C
:10C0E40022EAE272920010F05DFB08EBC70383EDD5
:10C0F400009AA54203DDBDEC068BBDE8F087AF4294
:10C1040024D0C4EB450307EE104AB0EE490A07EE0B
:10C11400903AF8EEC76AF8EEE77A87EEA67AA7EEC9
:10C12400470A15F005FE20EE080A03F00DFA73190C
:10C1340007EE903AF8EEE77A67EEA97A89EE277A65
:10C14400C0EE287A27EE277A88ED037A023508F1C3
:10C154001008CEE707EE909AB0EE4A0AF8EEE76AC6
:10C1640007EE904AB8EEE77AC6EE877AA7EEE70ABA
:10C1740015F0DEFD20EE080A03F0E6F9C0EE28AA69
:10C18400484609F10209B0EE490A03F0BFF960EE2E
:10C19400097A67EEAA7AEAEC017A56E7022E19D1F7
:10C1A40000269FED2C8AB442A5DB07EE905AD7ED0A
:10C1B400008A01360235B8EEE70A20EE080A20EEBE
:10C1C400290A16F025FF30EE000A20EE280AA7EC13
:10C1D400010AE8E7032E8ED1F8EE008A00269FEDCF
:10C1E4001D8AB44205DA04EBD474641008EB8400AD
:10C1F40036E707EE905A97ED009A01360235B8EE0D
:10C20400E70A20EE080A20EE290A16F001FF20EEC4
:10C21400280A20EE090AA7EC010AE2E7AFF300803E
:10C22400F6285C8FC2F53440EC51B81E856B214072
:10C234004BEA04341136BC3F556AF6402B30B43F08
:10C24400A857CA32C4B1E23F00004842CDCCCC3E2C
:10C2540000000000DB0FC93F2DE9F041AD4D002285
:10C26400AD4F1B219FEDAD1A2846DFEDAD0A4FF40B
:10C274000068D7ED001A4FF40074AA4E2DED028B1E
:10C284009FEDA98A84B0F5EE008AB0EE480A8DEDE0
:10C29400031ACDED020AFFF79BFEA44B0422CDF84E
:10C2A40004801B2100932B46A14814F007F9A14BED
:10C2B400CDF80480042200931B212B469E4814F0E1
:10C2C400FDF805F16C03D7ED001AB0EE480A9DEDB8
:10C2D400031A184661EEA81ADDED020A0022212194
:10C2E400FFF776FE05F1F00205F16C0305F517651D
:10C2F4000194212100920222904814F0DFF8A5F65F
:10C30400041301940222009521218D484FF4807575
:10C3140014F0D4F806F1F803D7ED001A00229DEDCD
:10C32400031A184661EEA81ADDED020A9FED850A8C
:10C334003221FFF74DFE06F5BE7206F1F8030194B3
:10C34400009232210422804814F0B8F806F6FC1357
:10C35400D7ED001AB0EE480A9DED031A184661EEB7
:10C36400A81ADDED020A00223021FFF731FE06F69D
:10C37400BC2206F6FC1306F618760092022130223F
:10C384000195724813F0DCFBA6F21C530096302290
:10C394006F4E022101956F4813F0D2FB06F51F730F
:10C3A400D7ED001AB0EE480A9DED031A1846DDEDEC
:10C3B400020A00222021684FFFF70AFE06F53F72A9
:10C3C40006F51F7306F61836019404210092202204
:10C3D400624813F0B5FBA6F69C0301942022009654
:10C3E40004215F4813F0ACFB5E4BCDF804800422BB
:10C3F400009330213B465C4814F060F85B4B5C4E84
:10C404000422CDF80480302100933B46594814F0AF
:10C4140055F8DFF8B48106F50F7306F6F826019493
:10C424000222009330214346534814F047F8009603
:10C43400524E4346019402223021514814F03EF8F2
:10C4440006F52F724F4B30210092022201954E487F
:10C4540014F034F806F5EF6206F63446494B0092C0
:10C46400302102220195494814F028F80096484EDC
:10C474004346302202210195464813F061FBA6F1A0
:10C48400680330220221009343460195424813F089
:10C4940057FB06F57D7301943022009304213B463B
:10C4A40006F542663D4813F04BFB01943C4C3B4679
:10C4B4000096302204213B4813F042FB802604F509
:10C4C400557204F5B664384B02210092302201966D
:10C4D400364813F035FB344B302202210196009488
:10C4E400334813F02DFB334A334B40213348009536
:10C4F40013F064FD324B2F4A40213248009513F06B
:10C504005DFDFFF731FD04B0BDEC028BBDE8F041E9
:10C514001CF062BCD0FB212084E501200000000057
:10C524000000B442C80C222000A00C4618D42220DB
:10C53400F0DD0020B0B32220FCDD002020DE00204E
:10C544002CDE002000007A4538DE002074DE002056
:10C55400C01D222080DE002054A60020A4DE00207E
:10C56400B0DE002070922220D8DD0020B471222099
:10C57400B82E2220E4DD002008DE0020B03F222077
:10C5840014DE002094A5002044DE002050DE0020AC
:10C59400A85022205CDE002068DE00208CDE002013
:10C5A400A061222098DE0020FC9A0020BCDE00203E
:10C5B400C8DE0020248C0020A4C8002098C80020D5
:10C5C400ACCD0020A0CD002014A700200000000066
:10C5D400C0EE017A531EC0EE816AB6EE007AF0B561
:10C5E4002DED108B0DEE103A9FEDA9FA85B00C4697
:10C5F400B8EECDDA1746920000210026DFEDA5EA59
:10C604006DEE07FA029236EEE7EA054677EEA67A71
:10C614009FED859B67EE8F7A2EEE07EA9FED84AB44
:10C624009FED85BB9FED86CBCDED017A10F0BAF876
:10C63400029A0021204610F0B5F8BE4203DB05B093
:10C64400BDEC108BF0BD07EE906AF8EEE78A9FED23
:10C654007E6B78EEEFDAB0EEED7AB7EEC77AB4EE31
:10C66400C67BF1EE10FA17D53EEE0E8ADDED017AA7
:10C67400013667EEADDAB0EE6D0A16F0C9FC20EEB5
:10C68400080AA5EC010AB0EE6D0A16F0BDFB20EE17
:10C69400080AA4EC010AD0E72DEEAE0A20EE0E0A39
:10C6A40016F0B2FB7C4B6DEE8F7A1B78013B80EE6B
:10C6B400278A032B00F28880DFE803F00239666FD3
:10C6C40028EEAE0A80EE0D0A16F0A2FCB7EEC00A00
:10C6D4009FED5F6B9FED607BA0EE467B9FED6F0A45
:10C6E40028EE800A80EE0D0A8DED027B16F090FC98
:10C6F400B7EEC00A9FED5A6B9DED027BA0EE067B60
:10C704009FED670A28EE800A80EE0D0A8DED027B0C
:10C7140016F07EFCB7EEC00A9FED536B9DED027BD5
:10C72400A0EE467BB7EEC88A28EE078B49E028EED8
:10C73400AE0A80EE0D0A16F06BFCB0EE4C7BB7EE41
:10C74400C00AA0EE4B7B9FED550A28EE800A80EECE
:10C754000D0A8DED027B16F05BFCB7EEC00A9FED6F
:10C76400446B9DED027BA0EE067B9FED4D0A28EE07
:10C77400800A80EE0D0A8DED027B16F049FCB7EEBF
:10C78400C00A9FED3D6BC9E728EE8F0A80EE0D0AC3
:10C7940016F03EFC20EE088A68E728EEAE0AB7EEF3
:10C7A400C88A80EE0D0A16F033FCB6EE007B28EE44
:10C7B400078BF7EE007A37EEC00AB7EEC00A28EE10
:10C7C400008BB7EEC88B51E728EEAE0A80EE0D0A57
:10C7D40016F01EFCB7EEC00A9FED296B9FED2A7B75
:10C7E400A0EE467B9FED2D0A28EE800A80EE0D0A0E
:10C7F4008DED027B16F00CFCB7EEC00ADFED286A63
:10C804009DED027BA0EE097B28EEA60A80EE0D0AC0
:10C814008DED027B16F0FCFBB7EEC00A9DED027BAA
:10C82400A0EE4A7B7EE700BFA13193A8177CC13FED
:10C83400189EF24300CB853FB9E00CFE7E31DF3F0A
:10C844002AA73D25E7C4D63F7B14AE47E17A843F4F
:10C854008EAF3DB32440DF3FF6285C8FC2F5D63F50
:10C86400BD18CA897615C23FB2632310AFEB873F68
:10C87400ABB184B53176C23FDEE8633E20D0893F58
:10C884003B191C25AF4EDF3F04B97A04ED44D73F72
:10C89400DB0F4940DB0FC94082AE0020DB0F49416A
:10C8A400E4CB9641BE490E23BE4ADFEDBF6A2DE9B3
:10C8B400F14FD1ED017A013B01F10401F8EEE77A81
:10C8C40087EEA67AA2EC017AF3D1DFF844A34FF401
:10C8D4008073DFF840B3DFF84093DAF80020B349FF
:10C8E400B34812F053FFDFF83483DBF800204FF431
:10C8F4008073AE49AF4812F049FFD9F800204FF4D5
:10C904008073AA49AC4812F041FFD8F800204FF4D4
:10C914008073A649A94812F039FFA94A4FF48073DD
:10C92400A2491268A74812F031FFA7494FF4807357
:10C93400A6480A689D4912F029FFA548A54C4FF462
:10C94400807302689949A448A44D12F01FFFA44EB5
:10C954004FF4807322689549A24812F017FFA24F42
:10C964002A684FF480739149A04812F00FFF32688F
:10C974004FF480738D499E4812F008FF3A689D4F2A
:10C984004FF480739C4E89499C4812F0FFFE9C4DE5
:10C994003A684FF4807385499A48824C12F0F6FE47
:10C9A40032684FF480738149974812F0EFFE4FF4D8
:10C9B40080732A687D49954812F0E8FEDAF8001081
:10C9C40094ED000A4FF480720846B1EE400A14F068
:10C9D400E1FBDBF8001094ED010A4FF48072084685
:10C9E40014F0D8FBD9F8001094ED020A4FF48072C9
:10C9F4000846B1EE400A14F0CDFBD8F8001094EDCF
:10CA0400030A4FF48072084614F0C4FB6C4A94ED98
:10CA1400040A11684FF48072B1EE400A084614F01B
:10CA2400B9FB694B94ED050A4FF480721968084606
:10CA340014F0B0FB664894ED060A4FF48072016866
:10CA4400B1EE400A084614F0A5FB624B94ED070AC8
:10CA54004FF480721968084614F09CFB5F4A94ED09
:10CA6400080A11684FF48072B1EE400A084614F0C7
:10CA740091FB5B4B94ED090A4FF4807219680846E8
:10CA840014F088FB584A94ED0A0A11684FF4807236
:10CA9400B1EE400A084614F07DFB396894ED0B0AA8
:10CAA4004FF48072084614F075FB316894ED0C0A5B
:10CAB4004FF480720846B1EE400A14F06BFB29680B
:10CAC40094ED0D0A4FF480720846424C14F062FB58
:10CAD400DBF80010DAF800004FF48073334A14F0E6
:10CAE40055FC324AD9F800104FF48073104614F004
:10CAF4004DFC2E4AD8F800104FF48073104614F001
:10CB040045FC2A4A2E494FF480731046096814F0F4
:10CB14003DFC264A2C494FF480731046096814F0F2
:10CB240035FC224A2A484FF480730168104614F0F9
:10CB34002DFC1E4A21684FF48073104614F026FC25
:10CB44001A4A26494FF480731046096814F01EFCF3
:10CB5400164A23494FF480731046096814F016FCF2
:10CB6400124A21494FF480731046096814F00EFCF0
:10CB74000E4A39684FF48073104614F007FC0B4AD0
:10CB840031684FF48073104614F000FC074A4FF4E8
:10CB940080732968104601B0BDE8F04F14F0F6BB6D
:10CBA4009C8D002054E301200000C84294A9242055
:10CBB400F09C0020089D0020209D0020389D00202E
:10CBC40084C80020509D002088C80020689D002053
:10CBD4008CC8002090C80020809D002094C80020AC
:10CBE40060C80020989D002064C80020B09D0020EB
:10CBF4003C9C002068C800206CC80020549C002085
:10CC040070C800206C9C0020849C00209C9C002008
:10CC140074C8002078C800207CC8002080C8002088
:10CC24009FEDC95BCA490023CA4A2DE9F14F91ED32
:10CC3400017A01330431B8EEC77A0E2BB7EEC77A06
:10CC440087EE056BBDEEC66BA2EC016AEFD1DFF88F
:10CC54006CA34FF48073DFF868B3DFF86893DAF8F5
:10CC64000020BD49BD4812F091FDDFF85C83DBF87C
:10CC740000204FF48073B849B94812F087FDD9F801
:10CC840000204FF48073B449B64812F07FFDD8F801
:10CC940000204FF48073B049B34812F077FDB34AD3
:10CCA4004FF48073AC491268B14812F06FFDB1497A
:10CCB4004FF48073B0480A68A74912F067FDAF4883
:10CCC400AF4C4FF480730268A349AE48AE4D12F0E6
:10CCD4005DFDAE4E4FF4807322689F49AC4812F05C
:10CCE40055FDAC4F2A684FF480739B49AA4812F053
:10CCF4004DFD32684FF48073A84E9749A84812F04E
:10CD040045FDA84D3A684FF480739349A64812F044
:10CD14003DFD32684FF480738F49A44812F036FD0C
:10CD24002A684FF480738C49A14812F02FFDA14961
:10CD3400884C4FF480730A689F48874912F026FD97
:10CD44002268DAF8001050424FF4807200EE100AA4
:10CD54000846B8EEC00A14F01DFAD4ED017ADBF8E7
:10CD640000104FF48072B8EEE70A084614F012FA85
:10CD7400A268D9F8001050424FF4807200EE100AF5
:10CD84000846B8EEC00A14F005FAD4ED037AD8F8D0
:10CD940000104FF48072B8EEE70A084614F0FAF96E
:10CDA400724A1168226950424FF4807200EE100AF0
:10CDB4000846B8EEC00A14F0EDF96E4BD4ED057ACE
:10CDC4004FF480721968B8EEE70A084614F0E2F9E5
:10CDD400A2696A48016850424FF4807200EE100A5A
:10CDE4000846B8EEC00A14F0D5F9654BD4ED077ABD
:10CDF4004FF480721968B8EEE70A084614F0CAF9CD
:10CE0400614A1168226A50424FF4807200EE100A9F
:10CE14000846B8EEC00A14F0BDF95C4BD4ED097AAB
:10CE24004FF480721968B8EEE70A084614F0B2F9B4
:10CE3400A26A396850424FF4807200EE100A084624
:10CE4400B8EEC00A14F0A6F9D4ED0B7A31684FF4A9
:10CE54008072B8EEE70A084614F09CF9226B296840
:10CE640050424FF4807200EE100A0846B8EEC00A31
:10CE740014F090F94F4A94ED0D0A11684FF4807242
:10CE8400B8EEC00A3E4C084614F084F9DBF80010F2
:10CE9400DAF800004FF480732F4A14F077FA2E4A20
:10CEA400D9F800104FF48073104614F06FFA2A4A30
:10CEB400D8F800104FF48073104614F067FA264A2D
:10CEC4002A494FF480731046096814F05FFA224A25
:10CED40028494FF480731046096814F057FA1E4A23
:10CEE40026484FF480730168104614F04FFA1A4A2A
:10CEF40021684FF48073104614F048FA164A224908
:10CF04004FF480731046096814F040FA124A1F491E
:10CF14004FF480731046096814F038FA0E4A3968E1
:10CF24004FF48073104614F031FA0B4A31684FF411
:10CF34008073104614F02AFA074A29684FF4807364
:10CF440044E000BFAFF3008000000000000059403F
:10CF5400D48D00204CA8002094692420FC9C00203F
:10CF6400149D00202C9D0020449D002084C8002096
:10CF74005C9D002088C80020749D00208CC800207F
:10CF840090C800208C9D002094C8002060C8002018
:10CF9400A49D002064C80020BC9D002068C8002017
:10CFA400489C00206CC80020609C0020789C0020D5
:10CFB400909C002070C80020A89C002074C8002009
:10CFC40078C800207CC8002080C80020104614F0D7
:10CFD400DDF9054A05494FF480731046096801B02C
:10CFE400BDE8F04F14F0D2B99469242070C8002031
:10CFF40070B5FFF7EDFA40F201140F4800220F4B11
:10D004000F4950F8045B0132083343F8085CA2422C
:10D0140051F8045B43F8045CF3D140F2FC72002144
:10D0240008480FF0BFFB0123002204490648BDE86D
:10D03400704012F033BB00BFB06D222080F4222078
:10D04400AC69222084FC22202C3A0020454BDFEDE1
:10D05400467A10B52DED028B93ED008AF5EE008A29
:10D06400424C82B0B8EEC88AD4ED001AB4EE678A96
:10D07400F1EE10FA37FE888A031E00EE103A4BDDFB
:10D08400B8EEC00A9FED3A1A0022DFED3A0A1B21DE
:10D0940039488DED010AFEF79BFFD4ED001A0022FA
:10D0A4009FED331A212161EEA81ADFED320A9DEDBE
:10D0B400010A3248FEF78CFFD4ED001A9FED2C1ABA
:10D0C400002261EEA81ADFED2B0A9DED010A322140
:10D0D4002B48FEF77DFFD4ED001AB0EE480A9FED11
:10D0E400241A61EEA81A0022DFED220A3021254815
:10D0F400FEF76EFFB0EE480AD4ED001A00229FED51
:10D104001C1A2021DFED1B0A1F4802B0BDEC028B64
:10D11400BDE81040FEF75CBFB0EE480A9FED141A5C
:10D124000022DFED140A1B211348FEF751FFD4ED52
:10D13400001AB0EE480A9FED0E1A61EEA81A0022FA
:10D14400DFED0C0A21210D48FEF742FFD4ED001A51
:10D15400B0EE480A9FED061A61EEA81A0022DFED30
:10D16400050AB4E790DC012000401C4684E5012058
:10D17400000000000000B442D0FB21203CFC212030
:10D18400C00D2220C41622203C202220224BB7EEC0
:10D19400007BB2EE005B93ED006A10B51F4CB7EE56
:10D1A400C66A2368052B07FE057B86EE071B012B49
:10D1B400B7EEC11B21D004DC33B140F6B832C8232A
:10D1C40006E0023B072BF8D8154B164A1B68126879
:10D1D40007EE902A144940F201121448F8EEE70AC7
:10D1E40007EE903AB8EEE70AFFF702FF2368042B34
:10D1F4000AD0052B0ED0002008E00A4B084A1B6811
:10D2040012685B425242E3E7094B1868BDE81040DC
:10D21400FFF71CBF10BD00BF84E501208CDC01209A
:10D2240094DC012090DC0120AC692220B06D222026
:10D23400B4AB002030B50B4D0B4C0C492D78226853
:10D244000B684DB1181A4ABF002308600B600B68C5
:10D25400934200DD0A6030BD101A9842ACBF2060D2
:10D264002360F8E707F2012090DC012094DC012020
:10D2740008B51B4B1B68092B0DD8DFE803F02D2DD7
:10D284000505102D2D2D2D2D164A1368191AC01AB7
:10D29400154B11601860BDE80840FFF777BF134BCA
:10D2A4001B78CBB1124BB6EE005B124A19681368B7
:10D2B4001160CB1A07EE103A0F4BD3ED007AB8EE9B
:10D2C400E76BB8EEC77B96EE057B37EE077BBDEECA
:10D2D400C77B83ED007ADEE7FFF7ACFFDBE700BF37
:10D2E4008CDC012090DC012094DC012050F2012030
:10D2F40014E10120E4E10120B4AB00202DE9F04168
:10D304001D4F1E4E3D683368DFF894801D44D8F8E5
:10D3140000301C681A4B1B6803B19847A5B1194B20
:10D32400194A1B68106803FB0543984204DC174A3A
:10D3340010689842A8BF1846D8F800300022186038
:10D34400134B196803F056F9124B1B6853B1124B77
:10D3540001221A700022114B1A7000233B603360C3
:10D36400BDE8F08106F0FCF8431CF6D006F0FDF8A9
:10D374000028ECD0F1E700BFFCE1012004E2012029
:10D3840040E3012054E101205CE1012058E1012047
:10D3940060E10120F8E10120EAF10120E8F1012037
:10D3A40044E301202DE9F041264E274D34682B68D3
:10D3B400DFF8B8801C44D8F800301F68234B1B6882
:10D3C40003B198470CBB06F0CBF8431C04460BD0C2
:10D3D40006F0CBF8041E07DB012C16D0042C12D067
:10D3E400003C18BF01246442194B1B6803B92CB9D3
:10D3F400184B01221A700022174B1A700023336055
:10D404002B60BDE8F0814FF0FF3414493B19144AF6
:10D4140009681268994210DD531ED8F800200621CD
:10D424004FF0FF3413600F4A126801FB02330E4AB7
:10D4340052F8230003F0DDF8D6E79342A8BF002397
:10D44400EBE700BFFCE1012004E2012040E30120FE
:10D45400F8E10120EAF10120E8F101205CE101207A
:10D4640058E1012060E1012064AB002044E3012085
:10D474009B4B0122B0EE005BB7EE007B2DE9F04F31
:10D484002DED0A8B1A70F7EE008A964B8BB0DFED08
:10D49400969A93ED009A954B38EEC99A93ED006AEB
:10D4A400934BB7EEC66A1A68924BA6EE457B002AE8
:10D4B4001B68B7EEC78B07EE902AB8EEE75A07EE63
:10D4C400903AB8EEE76A08DC002BF1EE457AC0F238
:10D4D400F480B0EE695A87FE866A874BB4EE004B3F
:10D4E400B7EEC55A042193ED007AB7EEC66A834FAE
:10D4F4000026B7EEC77A9FED7CBA9FED73AB27EE9B
:10D50400047B9FED734B27EE047B85EE074B86EE81
:10D51400075BB7EEC44BFDEEC47AB7EEC55BCDED49
:10D52400007AFDEEC57A9DF80040CDED007A9DF8B5
:10D5340000309C4204BF631CDBB27E2C28BF7E24D7
:10D54400012C38BF0124802B28BF802304EB440224
:10D55400012B38BF01239B46694B03EB82020992DE
:10D564003C2212FB041267490A44089203F5C06284
:10D5740002EB8402049203F5006202EB840203923C
:10D5840003F5206203F5606302EBC40203EB84033A
:10D59400079206935C49002201F500752B4601327F
:10D5A40051F8040B83ED01BA0833802A43F8080CC0
:10D5B400F5D14FF40072394653480FF059F8534BE4
:10D5C40039460022013251F8040B83ED01BA0833C5
:10D5D400802A43F8080CF5D19FED3FCBF6EE00BA54
:10D5E400A9464FF0000807EE908A08F10108B8EE4A
:10D5F400E77AB7EEC77A27EE0A7B87EE0C0BB7EE15
:10D60400C00B15F005FD38EEC00AD9ED007A4B4683
:10D61400B8F5807F09F1080920EE2B0A67EE807ABD
:10D62400C3ED007ADFD1012300223949394812F0D1
:10D6340035F8394B1B680193019A314B03EB820C8B
:10D644002B4600226146D3ED017A013293ED007A34
:10D65400084667EEA77A802A01F10C0103F108035A
:10D66400E7EE077AC0ED007AEDD12C4BF0EE086AB4
:10D67400244822461B6821464FF03C08029300EBE5
:10D6840083030093099B8B4503F10C0340F3208132
:10D6940053ED037A13ED027A77EEA97A009808FB2A
:10D6A400010E013177EE877A13ED017A77EE877AEE
:10D6B40087EEA67A8EED007AE5E7B1EE465AB0EE33
:10D6C400676A0AE7AFF3008000000060FB2119409D
:10D6D400000000000000703F0000000000E06F4008
:10D6E4003CF10120349C002000000000389C002004
:10D6F40094DC012090DC012084E5012094A92420FD
:10D70400800423208030232080142320801A2320A7
:10D71400801623201C3A002098C6012094C60120BC
:10D724005EF8041CF14619600121F9EC017A01311B
:10D7340093ED007AC9B2F4EEC77AF1EE10FA48BF5D
:10D74400C3ED007A0F29F0D108F101080EF13C0E67
:10D754000433C345E4DC814B4FF00C084FF03C0923
:10D7640093ED007A2346DDE903E19B4500F3B580A0
:10D774007B4B4FF03C09DDF80CE04FF00C0A1B78B2
:10D784000593784BD3ED006ADDE90631934500F348
:10D79400BC80754B012293ED007A744B03F2044173
:10D7A400D3ED027A0132D3ED006A083368EE277AAA
:10D7B4007F2AE6EE877AD3ED026AE7EE267AE1EC79
:10D7C400017AEDD1694B77EE087A2A460020D3ED31
:10D7D400026A03F5806193ED006A67EE266AE7EE5C
:10D7E400866AC1ED006AD3EDFE6A67EEA67AD3EDD0
:10D7F400FC6A5F4BE7EE267AC1ED7F7A92ED007A00
:10D804000130F1EC017A08328028A3F1080327EEF5
:10D81400277A02ED027A12ED017A27EE277A02EDD9
:10D82400017A93ED027A27EE277A83ED027A93ED5B
:10D83400037A67EE277AC3ED037ADFD1019B4D4A61
:10D8440001334D494D48022B88BF00231360029BCE
:10D854004B4A01330E2B88BF0023136001231A4661
:10D8640011F01CFF474B002103F50072184602EB30
:10D874008602AC46B0EC017A01310835DCED007A61
:10D88400802977EE877AE2EC017AF2D100253A49D1
:10D8940005F5806208350A44B5F5806F126843F8CF
:10D8A400042BF5D1803607F50077B6F5807F7FF439
:10D8B40071AE2A46344935480EF0DAFE2A4632491A
:10D8C40033480EF0D5FE0BB0BDEC0A8BBDE8F08FEB
:10D8D400049BA046DDF820E03BE708FB03CAF1EC1B
:10D8E400017A9AED006AC6EE276AB4EEE67AF1EEA2
:10D8F40010FA5CBF009809FB030A03F1010358BF47
:10D90400DAED007AEEEC017A2FE70598BEEC017AA5
:10D91400F8B10AFB02C898ED006A01320831C7EE7B
:10D92400067A78EEE77AF5EEC07AF1EE10FA54BF93
:10D93400C3ED007A83ED00BAF3EC017A11ED017ABC
:10D9440067EE897AE7EE267A41ED027A41ED017AB3
:10D954001CE7009809FB0208DDE700BF0CF6002075
:10D964003DF10120349C0020389C0020800E2320AF
:10D97400781E232098C60120801623201C3A0020FC
:10D9840094C60120801E23208020232094A92420D3
:10D9940094892420000000007D4AB7EE001B7D4BD3
:10D9A4002DE9F04FD2F800E07B4A1B687B4F2DED48
:10D9B4000A8B92F800A083B0794A019392ED009A01
:10D9C400784A794B92ED006A784A1B68D2ED00CA16
:10D9D400774AD2ED009A774AD2ED00AA764A92EDC0
:10D9E40000AA764A92ED007A754A92ED00BA754A19
:10D9F400D2ED00BA744A1468744AD2F80080002246
:10DA04009FED610B10461146019D8D420EDC12B153
:10DA14006A4A82ED007A20B1624A82ED006A624A63
:10DA2400136003B0BDEC0A8BBDE8F08F68484FEA81
:10DA3400810CDFED687A002600EB8100664DB0EEC4
:10DA4400672A08EB030B90ED004AA94607EB830015
:10DA540080ED004AB64573DCB7EEE73ABAF1000F41
:10DA640029EE066A29EE278A33EE003BB7EEC66A32
:10DA740081EE035B31EE466BB7EEC55B74EE425A42
:10DA8400B7EEC44A28EE058A02FE25CAB7EEC22ABA
:10DA9400B7EEE53AB7EEC88A69EE255AA6EE424BD0
:10DAA40031EE488B25EEA76A28EE033B26EE056A85
:10DAB400B7EEC66AB7EEC33B34EE464BB5EEC03A9A
:10DAC400B7EEC44BF1EE10FAB5EEC04A48BFB1EE62
:10DAD400433AF1EE10FA48BFB1EE444AB4EEC43A08
:10DAE400F1EE10FA10DD3CEE877AB4EEE97AF1EE4D
:10DAF40010FA34DC37EE6A7AB4EECA7AF1EE10FA30
:10DB040001D5B0EE4A7A012267EE077A3348F7EE80
:10DB1400006A0026844465EE855A27EE8B6A8CEDF4
:10DB240000CA08EB030C26EE276A26EE2B6AE9EE00
:10DB3400466AB64516DC234401310120234063E7DD
:10DB44000BEB0600F9EC015A0136204007EB80008C
:10DB5400D0ED006AA5EEA62AE6EEA67A7AE7B0EE44
:10DB6400697AD0E70CEB060095ED005A01362040A7
:10DB740007EB8000D0ED007A65EEA77AE5EE267A11
:10DB8400E5EC017AD5E700BFBBBDD7D9DF7CDB3D2F
:10DB9400A88900207C89002038F1012068B7002082
:10DBA400AC890020A489002068BF0020A08900203F
:10DBB40098890020908900209C8900209489002065
:10DBC4008C890020848900206CBF0020808900207B
:10DBD40094A924200000000070BF00209489242010
:10DBE400A14BA24A2DE9F04F2DED088B1A6087B0A6
:10DBF4009F4BA04A1A60A04B1A68D10704D49F4ACD
:10DC04009F49116001221A609E4B1A68D20704D4FE
:10DC14009D4A9E49116001221A609D4B9FED9D9A79
:10DC24001A689D4B07EE902A002A1B68B8EEE75A43
:10DC340007EE903AB8EEE76A08DC002BF1EE457A7D
:10DC4400C0F2FA80B0EE495A87FE866A934BB4EE6E
:10DC5400004BB7EEC55A924C93ED007AB7EEC66A04
:10DC64002368B7EEC77A8F4E012B8F4D27EE047BC6
:10DC74009FED754B27EE047B85EE074B86EE075B25
:10DC8400F7EEC48BB7EEC58B1DD14FF400720021A3
:10DC940086480EF087FD864FB4462B468548002201
:10DCA4004FF07E514FF07C5E013283ED009A596053
:10DCB4000833802A4CF8041B47F8041B40F804EB93
:10DCC400F2D102232360FDEEE87ADFF808B29FED7B
:10DCD400609BCDED007AFDEEC87A9DF80040CDED55
:10DCE400007A9DF80020531CDBB2944218BF1346FF
:10DCF400802B28BF8023012B38BF01237E2C28BF13
:10DD04007E240093012C38BF012406EB8403059381
:10DD140005EBC4039FED508B0493002301936349E7
:10DD24000022002501F5007A5346013251F8040B14
:10DD34005D600833802A43F8080CF6D14FF4007272
:10DD440059465A480EF094FC5B4B59460022013266
:10DD540051F8040B5D600833802A43F8080CF6D1AF
:10DD6400564B5246194603930023D2ED007A0133F1
:10DD7400B1EC017A1046B3F5807F02F1080267EE38
:10DD8400877AC0ED007AF0D14D4D012300224D4930
:10DD94004D4811F083FC294653460022D3ED017A05
:10DDA400013293ED007A084667EEA77A802A01F1E2
:10DDB4000C0103F10803E7EE077AC0ED007AEDD118
:10DDC40037490B68022B40F0A081F6EE005A364A20
:10DDD4003E4800233A4E9FED224B374692ED007A9F
:10DDE40001330C3697ED006AB7EEC77A1746802BDD
:10DDF400B7EEC66A02F10802A6EE047BB7EEC77B53
:10DE040087ED007A27EE257AA0EC017AE5D1304A35
:10DE140013780133DBB2132B5ED81370019B0BF51F
:10DE2400007B8033B3F5807F01937FF478AF07B034
:10DE3400BDEC088BBDE8F08FB1EE465AB0EE676AD0
:10DE440004E700BFAFF30080000000000000703F53
:10DE5400A301BC051214E73F0000000000408F40FE
:10DE64009A9999999999A93F506801205DCC4C3FA2
:10DE74004C6801206C66663FC40C0120586C01207C
:10DE840021777DBFC00C0120546A01200000CA42E2
:10DE940094DC01200000000090DC012084E50120D6
:10DEA4001CA20020801223208026232080142320FB
:10DEB40080242320586A0120801A2320D42A002099
:10DEC40080042320801623201C3A0020546801205B
:10DED400B7F1012094A924200023137003230B60BD
:10DEE400914E0027DFF88892B046904991ED000AE0
:10DEF400B7EE00ABD5ED00BAB8EC01BA2BEE800A50
:10DF040080EE0B0A14F07CFD894B8A48D3ED006A3D
:10DF1400D0ED007A20EE260A99ED007AB7EEE75AA2
:10DF2400824927EE277AB7EEC00A3AEE455BB7EE90
:10DF3400C77A30EE0A0B8AEE006BB7EEC66BB7EE0B
:10DF4400C66AA5EE067BF7EEC77B9FED7B7AF4EEFF
:10DF5400C77AE9EC017AF1EE10FA03DC86FE4A7B1B
:10DF6400B7EEC77BB7EEC75A744A2BEE077A013770
:10DF7400B7EEEB6A0C353AEE455B802FB7EEC77A05
:10DF8400A5EE067BD2ED006AB7EEE65A2BEE266AC2
:10DF94003AEE455BB7EEC66AB7EEC77BB7EEC77A13
:10DFA400A5EE076BB7EEC66B08ED016A9ED1644B14
:10DFB400644AD3ED002A00236348B7EEE26A634D56
:10DFC4009FED554B3AEE466B9FED555B03EB4301DA
:10DFD400F6EC017AB0EC013A294423EE223AD1ED71
:10DFE400003A5B4983EEA77A19440433B3F5007F02
:10DFF400B7EEC33AB7EEC77A87FE487B87FE047B49
:10E00400B7EEC77BA2EC017AB7EEC77A37EE4A7B4C
:10E0140087FE057BA6EE073B83FE057BB7EEC77B39
:10E0240081ED007AD2D12546009BAB4200F3A28059
:10E03400484D524648480021484B92ED007A013140
:10E04400F5EC017A0832F0EC016A802927EE877A30
:10E05400A3F1080327EE267A02ED027A12ED017A83
:10E0640027EE877A27EE267A02ED017A93ED027A7B
:10E0740027EE877A27EE267A83ED027A93ED037AE8
:10E0840067EE877A67EEA67AC3ED037AD5D10123CA
:10E09400334934481A4611F001FB524600230399D0
:10E0A4000133D2ED007AB1EC017AB3F5807F67EEEB
:10E0B400877A0391114602F10802C1ED007AEED18C
:10E0C40001995846284A294B154603EB8103002140
:10E0D4005646F5EC017A01310AF1080A96ED007A08
:10E0E400802977EE877AE0EC017AE3EC017AEFD1CC
:10E0F40000231B4803F5806108330144B3F5806FA6
:10E10400096842F8041BF5D188E6032B7FF486AE38
:10E11400E6E600BFAFF30080000000A09999B93F84
:10E12400000000000000000054680120586C012029
:10E13400546A01204C680120A4707D3F506801207E
:10E14400349C0020802A2320802423208004232040
:10E15400802C232080122320802E2320781E23202D
:10E16400801623201C3A0020801E2320948924201A
:10E17400586A01208B4BAE0003EB850393ED007AC4
:10E18400894B03EB850393ED00BA27EE0B6AB7EED8
:10E19400C77AB7EEC66A37EE0A7B86EE070BB7EE90
:10E1A400C00BB7EEC07A20EE000AB7EEC00AA7EEA5
:10E1B400090BB7EEC00B13F0BBFDB7EECB6AB7EE9D
:10E1C400C00A7A4A059800218AEE067B9319A2F5C3
:10E1D400606227EE007BB7EEC77BDFED757AF0EE69
:10E1E400676A2BEE07BA83ED007A724B2BEE07BAFF
:10E1F40033440C2683ED00BA6F4BC3ED007A6F4BAA
:10E20400C3ED007A2346009F9F424BDC6B4B21B148
:10E21400694AC3ED007AC2ED006AD3ED006A664B29
:10E22400D3ED007A86EEA77ADFED657AB4EEE77A6D
:10E23400F1EE10FA45DC87EE276AB1EE005BB6EE2C
:10E24400007BB7EEC66A3AEE466BA6EE057BFDEEA2
:10E25400C77B17EE903A5B0001331BB203EBD37E0E
:10E26400584A59492646138004EB6E02009F4FEA30
:10E274006E0901EBC2011046A7EB6E078C460297AC
:10E28400029F87421FDCDDF810C02046DFF81C9196
:10E2940090424FDA09EB800E0646DFED457A03EB38
:10E2A400000836E0B0EC017A06FB0321013327EEC7
:10E2B400077A91ED006A012176EE866AE6EE077A26
:10E2C400A1E70123CAE7394FB646DFED397A07EBF8
:10E2D400860809EB0007BE45CCED007A0DDD07EE9C
:10E2E400103A674601300CF1080CF8EEC76A0136A3
:10E2F40087EEA67A87ED007AC2E7B8EC017A0EF1D0
:10E30400010E77EE877AE6E7BEEC017A013677EE06
:10E31400877AB045CCED007AF6DC07EE103A664613
:10E3240001300CF1080CF8EEC76A87EEA67A86ED88
:10E33400007AADE70098244EC01ADFF8909006EBFF
:10E34400C006009F87421DDD09EB800E8446DFED89
:10E35400187AA0EB030805E03EED017A0CF1FF3CCE
:10E3640077EE877AC445C6ED007AF5DC07EE103AFD
:10E37400374601300836F8EEC76A87EEA67A87ED8D
:10E38400007ADEE7094B03EB8203029808319042DE
:10E3940001DC013548E651F8080C013243F8040B5E
:10E3A400F3E700BF802C2320802A2320801223201F
:10E3B40000000000802423205C6C012048680120B8
:10E3C400CDCCCC3E70F00120802623208412232063
:10E3D400024B034A1B68013B136070478889002085
:10E3E4006CBF002010B54FF4805400211048224621
:10E3F4000EF0D8F90F4B4FF48062002118460EF04E
:10E40400D1F94FF48062002110440EF0CBF922467A
:10E41400002109480EF0C6F92246002107480EF0F3
:10E42400C1F9224600210648BDE810400EF0BAB9F1
:10E43400941924208050232090F9232090E923204C
:10E4440090D9232030B5ADF5805D3448344B00229B
:10E4540083B0344950F8044B0132083343F8084C74
:10E46400B2F5807F51F8044B43F8044CF2D14FF4D9
:10E4740080622D4929480EF0FBF84FF480622B4945
:10E4840028480EF0F5F8284828490022284B013284
:10E4940050F8045B51F8044B0833B2F5807F43F81D
:10E4A400085C43F8044CF2D1012300221C490DF509
:10E4B4008054204811F0F2F84FF400731E4A0834D7
:10E4C4001E49174812F038FD1B4B02AAF3EC017ADF
:10E4D40067EEA77A64ED017A9442F7D1231FA4F181
:10E4E40008024FF48061204610F04AFD144BB6EE4A
:10E4F400005B14ED026A93ED007AB7EEC66AB7EEDC
:10E50400C77A27EE057BA6EE057BB7EEC77B83EDC6
:10E51400007A0DF5805D03B030BD00BFEC1E012014
:10E52400EC260120EC22012094A9242094892420A3
:10E53400EC2E01202C3A0020EC36012080F422201D
:10E5440000A40020F7B506463C480C463C4B00F5B9
:10E55400806500224FF0000C294650F8047B1F60B0
:10E56400002C67D00F6801325F6004310833B2F5C4
:10E57400807FF2D14FF48062324930480EF078F84F
:10E58400304F314A0021314B4FF0000C57F8040B47
:10E594001CB1D3F800E0C5F800E01060002C4BD0AB
:10E5A40018680131506004330832B1F5807F05F1F9
:10E5B4000405EBD1012300222149254811F06EF80E
:10E5C4004FF40073234A24491D4812F0B5FC4EB39E
:10E5D400224B204AA3F58051F2EC017A67EEA77A28
:10E5E40063ED017A9942F7D11D4B1B68042B19D0B6
:10E5F40001AB6A464FF480611A4810F0C1FC1A4B13
:10E60400B6EE005B9DED006A93ED007AB7EEC66A44
:10E61400B7EEC77A27EE057BA6EE057BB7EEC77B80
:10E6240083ED007A01230B4909481A4611F036F8A4
:10E6340003B0F0BD674696E76046B2E780502320FA
:10E644009419242094A924209421242094892420FA
:10E654002C3A00209009242080F4222020D8012084
:10E664008CDC012020C8012000A4002007EE900AC1
:10E674009FED067AF8EEE77A87EE870AF1EE047AE0
:10E6840060EE277A27EE800A704700BF0000C84278
:10E6940013B51D4A00211D4B814202F1100203F102
:10E6A40010030FDB20EAE072174919489200019227
:10E6B4000DF0DEFF019A1549164802B0BDE810407E
:10E6C4000DF0D6BF53ED037A043152F80C4CF1EE41
:10E6D400677A12ED027A43F80C4CB1EE477A53F89C
:10E6E400044C42ED037A53ED027A02ED027AF1EE24
:10E6F400677A43ED027A52ED017A42F8044CF1EE66
:10E70400677A43ED017AC7E794A9242094892420E9
:10E714009469242094492420454B464A1B68126876
:10E7240045491A4470B52DED068B0A60434A1268B8
:10E73400012A6DD1424A1268012A6BD0002A414A4B
:10E7440018BF00221344404E404D07EE103A404B90
:10E75400404CB8EEC77B9FED40AA9FED316B27EE8E
:10E76400067B93ED006AB7EEC66A87EE069BB7EEAA
:10E77400C99BB0EE490A14F04BFCB7EEC08AB0EE68
:10E78400490A14F041FB3549354AB7EEC00A354809
:10E79400002391ED005B92ED007B9FED232B25EE92
:10E7A400006BB6EC013AB5EC014A013320EE471B8D
:10E7B400B3F5006FA7EE086B27EE077BA5EE081BE9
:10E7C400A5EE057B23EE0A3A24EE0A4AB7EEC33AD5
:10E7D400B7EEC44A32EE477B24EE069B21EE075B7C
:10E7E40026EE077B26EE436BA3EE019BA4EE016BA2
:10E7F400B7EEC99BA4EC019AB7EEC66BA0EC016A14
:10E80400CDD1BDEC068B81ED005B82ED007B70BD4C
:10E81400002297E740F2EE2294E700BFAFF30080B6
:10E82400182D4454FB211940333333333333FF3F22
:10E8340008F6002090A50020B40C01204CE3012030
:10E844008CDC012012FDFFFF9469242094492420CC
:10E8540084E5012094A92420CDCC8C3F708900202C
:10E8640040B70020948924202DE9F04FDFF890B2BE
:10E8740082008146034607322DED088BADF20C4D24
:10E8840022F00702DBF8004000AFADEB020D022CD2
:10E8940020FA04FAE846ADEB020DCCBF01250225AF
:10E8A4006E464246C8BFA54087487960C8BF05EB9D
:10E8B400D5758649C8BF6D10BAF5007FA8BF4FF45F
:10E8C400007A11F019FE32464B468149814811F015
:10E8D40013FE424641468048B9FBF5F33B6011F014
:10E8E4000BFE324631463B6835467C4811F004FE47
:10E8F4007B4A0021C44613680846DFF80882B3F552
:10E90400007F784EA4BF002313601368824500F390
:10E91400BD8001B11360DBF80010B6EE00BB724D90
:10E924004FF0000A0329AB46CCBF012307EE904AFF
:10E934001468C4BF8B4007EE903A9FED5FABB8EE0E
:10E94400E78A9FED5F9B07EE90AA0AF1010A0BF19B
:10E95400080BB8EEE70B20EE0A0B20EE090B13F0C0
:10E9640007F95F4A08EB8403B0EE4B6B93ED007A32
:10E9740006EB84030134A0EE4B6BB4F5007FA8BF13
:10E984000024BAF5007F28EE077AB7EEC77A27EE9F
:10E99400067BB7EEC77B0BED027A93ED007A28EE87
:10E9A400077AB7EEC77A27EE067BB7EEC77B0BED87
:10E9B400017AC8D14D4E0123146000224A494C48C3
:10E9C40010F06CFE32460023D5ED017A02F5806129
:10E9D40095ED007A013367EEA77AB3F5807FE7EE11
:10E9E400077AC1ED007A05F5006191ED007A05F62C
:10E9F400040105F10805D1ED007A67EEA77AE7EE88
:10EA0400077AE2EC017ADFD17B68C3B30024DFF834
:10EA1400F8809FED388A2546DFF8F09098ED000ADB
:10EA240096ED007A20EE080ADFED337A99F800308B
:10EA3400A7EE270AA6EC010AA8EC010A9BB100F094
:10EA4400A5FDB3EE047ADFED2D7A07F10802E0EEBE
:10EA5400077AFDEEE77A17EE903A1BB29D4222F850
:10EA64001430B8BF1D460134B4F5007FD6D199F8EF
:10EA7400003023B1294607F1080001F063FA07F2D8
:10EA84000C47BD46BDEC088BBDE8F08F08EB830155
:10EA94005CF804EB0130C1F800E0591C55F804EBB4
:10EAA40006EB8303B1F5007FC3F800E0B4BF0B4667
:10EAB400002301212AE700BF1F85EB51B81E19402E
:10EAC400000000000000603FD4DE002094A9242050
:10EAD40094892420ECDE0020E0DE0020F8DE002013
:10EAE40054F001204058012090F9232090E923207C
:10EAF4002C3A00209A99993E3333333F0000C842A0
:10EB0400D4AD00204048012090D92320D7F1012022
:10EB14002DE9F041444C0025DFF82481434F26467B
:10EB24002DED088B9FED3AAB9FED3B9BB6EE00BB02
:10EB340007EE905AB8EC018A01350836B8EEE70BB7
:10EB440020EE0A0B20EE090B13F012F8B5F5007F46
:10EB5400B0EE4B6BB7EEC87AA0EE4B6B27EE067B9C
:10EB6400B7EEC77B06ED027AB7EC017AB7EEC77A47
:10EB740027EE067BB7EEC77B06ED017AD8D10123D9
:10EB8400002229492A4810F089FD2A4900230A460F
:10EB9400D4ED017A02F5806094ED007A013367EEDA
:10EBA400A77AB3F5807FE7EE077AC0ED007A04F523
:10EBB400006090ED007A04F6040004F10804D0ED3E
:10EBC400007A67EEA77AE7EE077AE2EC017ADFD102
:10EBD4009FED135B184A0023DFED184AB1EC017A6C
:10EBE400013392ED006A27EE247AB3F5007FB7EE85
:10EBF400C66AB7EEC77AA6EE057BB7EEC77BA2EC72
:10EC0400017AEBD1BDEC088BBDE8F081AFF3008055
:10EC14001F85EB51B81E1940000000000000603F42
:10EC2400000000403333D33F90F9232094892420FB
:10EC34002C3A002090E9232090D923203333333F0A
:10EC440094A924202DE9F04FBE4F8046BE483B686E
:10EC5400052B2DED028BADF5805D0CBF0224102435
:10EC640083B005F0CBFEA04207DA00200DF5805DED
:10EC740003B0BDEC028BBDE8F08FB44805F0BEFED6
:10EC8400A042F2DB4FF084434FF400124FF000092E
:10EC9400DFF8B8A2C3F884200DF0CCF9DFF8A8B2ED
:10ECA40063020090AA4D5046019305F0D2FEA94E8E
:10ECB40009EB050180220FF06BFF584605F0C9FEF1
:10ECC40009EB0601802209F500790FF061FF58462F
:10ECD40005F0DCFE504605F0D9FE019B9945E1D1D3
:10ECE4009D4BB3EE048AB2EE040BE401D3ED007A3B
:10ECF4004FF0300BDFF88C92F8EEE77ADFF888A259
:10ED040087EE881AB7EEC11A13F0B6FBB7EEC00B44
:10ED14002246294628468DED010A12F03BFA224686
:10ED240031469DED010A304612F034FA04F01FFC1E
:10ED3400D9F80030224629460BFB03A3284693ED5D
:10ED4400070AB8EEC00A12F025FAD9F800302246B4
:10ED540031460BFB03AA30469AED070AB8EEC00A07
:10ED640012F018FA784805F049FE322811DD774888
:10ED740005F044FE32280CDD222178480FF034FDE2
:10ED840077480CF0E6FE704805F043FE6F4805F046
:10ED940040FED9F80020734B6D4903EB8203DFF882
:10EDA400ECA12246084693ED000A3B68B1EE400A06
:10EDB400013B032B1AD812F0EDF9D9F800302246A2
:10EDC4000AEB830393ED000AB1EE400ADFF8C0A119
:10EDD40060495F4800F075FBDAF8003083B9B8F198
:10EDE400000F01D0FFF794FEC1460BE012F0D2F9F8
:10EDF400D9F8003022460AEB830A9AED000AE5E7C7
:10EE04004FF000092046FFF743FCDAF8000050B346
:10EE14005549564AB8F1000F13D00B68142B10D182
:10EE24000023022813604FF0010303DD834048BF31
:10EE340003339B104FF40060B0FBF4F00344013B38
:10EE44000B601368086883420DDA0133984213603B
:10EE5400204602BF14234FF001090B60494608BF46
:10EE64001360FFF701FDFFF757FC3B68053B042BDC
:10EE74004DD8DFE803F0144C21031200344A4FF458
:10EE840000633B48114611F037FB324A4FF40063EC
:10EE94003848114611F030FB01E001F043F83B68BB
:10EEA400042B77D0072B00F0918001214846FFF70F
:10EEB40049FBFBF751FB7FE02F4B4FF4805280213D
:10EEC4002448C3F8842019F08FFF28B92A4B4FF443
:10EED4008052C3F88820E2E71E4BF6EE006A1C4A13
:10EEE40031461B6813602A460123D1ED007A0133B1
:10EEF4000832043191ED007A802B77EE877A67EE41
:10EF0400A67A42ED017A82ED007AEED1DEE7104A6C
:10EF14004FF400631648114611F0EEFA0D4A4FF40F
:10EF240000631448114611F0E7FA094A4FF40073DC
:10EF34001248114611F0E0FA064A4FF400731048E3
:10EF44001146A7E78CDC012010F60020E0FC00202D
:10EF540094A924209489242050E5012002630020F0
:10EF6400349E0020C49B002018A2002014A200207C
:10EF7400F0DD0020FCDD00200040004220DE002007
:10EF84002CDE0020D8A7002010A40020E09B002045
:10EF9400D4AD0020FFF756FAAF4B2946002251F8B2
:10EFA400040B0132083343F8080CB2F5807F56F89D
:10EFB400040B43F8040CF2D13B68023B072B34D812
:10EFC400DFE803F0097445333333337700214846CF
:10EFD400FFF7B8FAF0E7DFF8E482AB460026DFF883
:10EFE400E0A2DFED9E8A4346D8ED010A013608F11E
:10EFF400080893ED000A00F0F5FADAED007AB6F5A8
:10F00400807FA7EEA80A70EE677A8AED000AEBEC1F
:10F01400017AE8D1924A33469249934811F0C0FEEE
:10F02400324690498E480FF0B9FE3B68032B47DC0B
:10F03400012B4DDC00228D4802F5006108320144A9
:10F04400B2F5006F096845F8041BF5D13CE04FF4B4
:10F05400807284498048FBF727FE82494FF480720E
:10F064009FED830A084612F095F8F7EE006ABFEEAA
:10F07400007A804BFF21F3EC017AF4EEE67AF1EEAC
:10F0840010FA10DCF4EE477AF1EE10FA48BFF0EE15
:10F09400477A013943ED017AEDD14846FFF752FA38
:10F0A400FBF75AFAC1E7F7EE007AF2E7FBF700FD47
:10F0B400BBE74FF480727049674800F0CFFEB4E7B5
:10F0C400A3F10802012AB5D8062B1AD0072B26D0A3
:10F0D4006A4B1B68012B01D1FDF7E4FB684B1B68ED
:10F0E400022B21D0032B4DD0012B1FD1FEF7C0F9E9
:10F0F400B3EE0E0A4FF480725A49084612F04AF8E9
:10F1040014E04FF48073564A56495E4810F034FDBB
:10F11400534A4FF400735C48114611F0EDF9802115
:10F124004F4819F069FED3E7FEF75AFD574B1B7899
:10F13400012B09D1564A1370FEF72EFC4FF480724E
:10F14400484947480FF02AFE524B1B784BB14449BB
:10F15400444819F02DFE4FF48072424940480FF0A4
:10F164001DFE4D4B1B68022B24D1FAF7B5FE4B4B09
:10F174001B68052B1ED0042B1CD8DFE803F00E6798
:10F18400A3A9AF000022424B1A70FEF705FCB7EEAC
:10F19400080A4FF480723349AFE74FF48073304A62
:10F1A40030493F4810F0F2FA4FF480722D492C4850
:10F1B4000FF0F4FD3B68052B00F096804FF480734C
:10F1C4002A4A28492F4810F0D7FC4FF40073254AE7
:10F1D4002649344810F0D0FCF2EE006A324B224645
:10F1E40020491868FFF742FA20EE260A084620EE66
:10F1F400080A11F0CFFF224602A91A480FF018FDA1
:10F20400224602A9294805F098FB0CF013FF009A46
:10F21400274B821A09F1010007EE102A4FF400125D
:10F2240093ED006BB8EE477B37EE067BB7EE006BD1
:10F2340083ED007B1F4B93ED007B37EE067B83ED64
:10F24400007B4FF08443C3F888200FE54FF48073AC
:10F25400034A04491848A5E794212420A4707D3F5B
:10F264009489242094A924202CD8012090092420B6
:10F274000AD7A33B98A92420946924204CE50120B3
:10F2840020E2012074DE002038DE002039F1012064
:10F2940038F101203AF1012050E3012008A80020B0
:10F2A400B49C0020A4DE002004A40020B0030120AC
:10F2B40050B7002048B70020C09C002090112420A3
:10F2C400406801204FF48073094A0A490A4869E7F3
:10F2D4004FF48073064A0749084863E74FF4807384
:10F2E400034A044906485DE7DFED066A76E700BF96
:10F2F4009489242094A92420CC9C0020D89C00200C
:10F30400E49C0020CDCCCC3D38B538B1114C124D25
:10F314000120FFF797FC022811D138BD0D4D0E4C8A
:10F324000020FFF78FFC0128F7D12B6822689B1A75
:10F334000A2BF5D9F9F7CCFC2B682360F0E7236896
:10F344002A689B1A0A2BE3D9F9F7C2FC23682B60BD
:10F35400DEE700BFD0ED0120F846012008B504F037
:10F3640015F9054B1B68012B05D10A210348BDE89B
:10F37400084004F003BC08BD50E3012094E50120DB
:10F38400034A044B1268D117C3E90021704700BF38
:10F3940090A5002060B7002008B5104B186000202D
:10F3A40001F000F90E4B1B68032B11D0042B08D07D
:10F3B4006BB901F000F901F0FFF8BDE8084001F075
:10F3C40000B901F0F9F8074B1B68012BF5D008BD13
:10F3D40001F0F1F8BDE8084001F0EEB8B40C0120EA
:10F3E40010A800208CA5002008B50F4A0F4B106808
:10F3F40019680844106000221A60FFF7CDFF0C4B17
:10F404001B682BB1032B0AD0BDE8084001F0DDB81E
:10F4140001F0D1F801F0D0F801F0D3F8F4E701F0ED
:10F42400CAF801F0C9F8EFE790A5002008F600201B
:10F4340010A80020044B1A6810441860034B1B6882
:10F444001844FFF7A9BF00BF90A5002008F60020CC
:10F4540010B103681B6B1847704713B520B10168DE
:10F4640000240094096A884702B010BD10B10368F3
:10F474009B681847704710B504460CF061FB2046A2
:10F48400BDE810400CF065BB10B5044600230A2209
:10F494000CF087FB2046BDE810400CF05ABB13B5B6
:10F4A400044661B10846019116F0FAFF236802464A
:10F4B40001995B68204602B0BDE81040184702B0CD
:10F4C40010BDF0B5940083B0B5EEC00A0D46073404
:10F4D40000AF064624F00704F1EE10FAADEB040D7C
:10F4E4006946C7E900210AD511F054FE3B682A4653
:10F4F4007968104611F04AFF0C37BD46F0BD284626
:10F5040011F048FE3B683246F2E7000008B52DEDE5
:10F51400028BA0B107EE900AB8EEE78ADFED097A14
:10F5240028EE278A28EE008AB0EE480A13F06CFC15
:10F53400C0EE087AB0EE670ABDEC028B08BDF7EEA8
:10F54400007AF7E7DB0FC93FF6EE007ADFED0E5ADB
:10F5540020EE276AF7EE007AB0EE677AB0EE670A1B
:10F56400B0EE675AC6EE276A77EE857A66EEA66A2B
:10F5740027EE267A30EE070A60EE256AF4EEC76AB3
:10F58400F1EE10FAEED970475F70893007B5B0EE2E
:10F59400C00A01A812F0ECFDDFED0D7A9FED0D7AA3
:10F5A400A0EE277ADFED0C7AE0EE077A9FED0B7A76
:10F5B400A0EE277ADDED017A9FED090AF8EEE77AED
:10F5C40077EE877A27EE800A03B05DF804FB00BF6C
:10F5D400A8A19D3FF5CA83C0FBB3C040E09248C0D8
:10F5E4009B209A3EB0EEC07ADFED097AF0EEE00A95
:10F5F400DFED086AB4EEE07AF1EE10FAC7BF20EE50
:10F60400A70AA7EE260A27EE270AA0EEA60A704745
:10F61400AFAFCB3EFEDE753F9FED057ADFED057A99
:10F6240020EE077AE7EE007A27EE800A704700BFE3
:10F63400018E44BED2EE783F064B07B5186902220C
:10F644000DF10601FFF712FFBDF8060003B05DF8E7
:10F6540004FB00BF84A8002007B5054B04221869E9
:10F664000DEB0201FFF702FF019803B05DF804FB04
:10F6740084A800202DE9F04F87B06F4C0246002388
:10F684000E4601A86D49FBF779FF236913B12046A3
:10F69400FBF7DAFE059B01A8236100230593FBF722
:10F6A400E5FE2069FFF7D4FE002800F0C28020693F
:10F6B40000220023FFF7D1FE206910B103689B6A82
:10F6C40098475F4B042218600DEB02012069FFF795
:10F6D400CDFEFFF7C1FF0422074620690DEB0201AE
:10F6E400FFF7C4FE042220690DEB0201FFF7BEFE02
:10F6F400FFF7B2FF20F002030546102B16D028288E
:10F7040014D050495048FFF7CAFE39464E48FFF717
:10F71400BBFE4E494C48FFF7C2FE4B482946FFF753
:10F72400B3FE6FF0010007B0BDE8F08FFFF784FF70
:10F734008246FFF781FF8046FFF78EFF8346FFF77F
:10F744008BFF8146FFF778FF0746FFF775FF404BB5
:10F75400BAF1010F188004D1B8F1010F01D11028BA
:10F7640023D03C493848FFF79AFE51463648FFF704
:10F7740082FE39493448FFF792FE41463248FFF78A
:10F784007AFE36493048FFF78AFE314B2E481988F5
:10F79400FFF771FE32492C48FFF781FE2A4859468B
:10F7A400FFF772FE6FF00200BDE7122D206933D11E
:10F7B40026220023FFF751FE042220690DEB0201EB
:10F7C400FFF754FEFFF748FF0546B0FBF7F3B342DB
:10F7D40026D924491C48FFF762FE29461A48FFF738
:10F7E40053FE21491848FFF75AFE39461648FFF7D9
:10F7F40042FE1E491448FFF752FE31461248FFF7F5
:10F8040043FE1B491048FFF74AFE0F484946FFF7DD
:10F814003BFE6FF0030086E7282DCDD13C22C8E7DC
:10F82400206910B103685B6A9847124B1860002086
:10F8340079E74FF0FF3076E784A80020E007012045
:10F84400B8ED0120E5630020349E0020F26300201F
:10F8540072F001200364002012640020216400205F
:10F864003264002040640020516400205F64002062
:10F874006E64002038E301202DE9F047DFF888802A
:10F88400064600AF0D46D8F8100010B103685B6A55
:10F8940098476B000446D8F81000073323F0070399
:10F8A400ADEB030DFFF7D4FD8146EA4648B1154B95
:10F8B4002C441B689C4208D34FF000091248FBF704
:10F8C400EBFD4846BD46BDE8F087104B5146D8F8DD
:10F8D40010001A886A4348BF0732D210FFF7C6FDEA
:10F8E40000239FED0B7AAB42EBDA3AF91320013394
:10F8F40007EE902AF8EEE77A67EE877AE6EC017A6B
:10F90400F1E700BFB8ED012084A8002072F00120C7
:10F9140000000038064B1B68062B9FBF5A20D840B6
:10F9240000F0010080F0010088BF0120704700BF93
:10F9340050E30120024808B5FBF7AEFD08BD00BF47
:10F9440084A8002008B50DF02FF9002108BD0DF0A2
:10F954003DB900000A4808B50BF072FA01280DD130
:10F96400142000F03EFE152000F03BFE162000F0AF
:10F9740038FE1720BDE8084000F033BE08BD00BFC4
:10F9840008E2012041F28831054808B50BF04EFA2F
:10F99400044A05490548BDE8084014F0DDBD00BF30
:10F9A40008E201202CA20020BD27000084A800202A
:10F9B4002DE9F04FDFF8E88181B0564942465648B8
:10F9C40000AF0CF0E1F8554ADFF8D8A1A2EB080328
:10F9D400534951480CF0D8F8524652494E480CF05D
:10F9E400D3F8514A514CA2EB0A03514D51494A48AC
:10F9F4000CF0CAF82246504947480CF0C5F82B1BB6
:10FA04002A467D1BDFF8A0B14C4943480CF0BCF8F2
:10FA14004B4C2B463A464B493F480CF0B5F8DFF8BF
:10FA24008C91ABEB07035A4647493B480CF0ACF8C2
:10FA34002246464938480CF0A7F8D9F80020444932
:10FA4400131B35480CF0A0F8424ED9F80030424C54
:10FA54003246F31A414930480CF096F822464049A0
:10FA64002D480CF091F83F4B3E4A1B1B3E492A4857
:10FA74000CF08AF83D4928480CF086F83C4B424685
:10FA84003C4908EBC3332448DFF82481013B0CF0E4
:10FA94007BF80BF1FF33524637491F480CF074F8DA
:10FAA400364B374A37491C480CF06EF8364B4FF04A
:10FAB400C042364918480CF067F898F800303BB15A
:10FAC40004EB035322463249013B13480CF05CF823
:10FAD400264911480CF058F82A46AB122D490E4815
:10FAE4000CF052F8D9F800202B49B21A0A489312A4
:10FAF4000CF04AF898F800302849043704EB035214
:10FB0400184B0548D21A9312BD46BDE8F04F0CF0CD
:10FB14003BB800BF7A640020349E0020B801020084
:10FB24008E640020A7640020C0B20020C0B2002070
:10FB3400C0F20120BB640020D4640020E8640020EB
:10FB4400A0182520016500201A65002033650020D7
:10FB54004765002000002820000000706065002038
:10FB640079650020405407708D650020636600208D
:10FB740005000000A6650020BC650020FFFF2720CB
:10FB840000002020D2650020FFFF7F60E865002090
:10FB9400FE650020146600202E66002048660020C2
:10FBA40000000000000000200080052028A20020A2
:10FBB400E3F10120014B1868FAF736BCFCED012093
:10FBC400024B186800EB4000FAF72EBCFCED012054
:10FBD4000449054B0A681A600B689B1A9842FBD8C3
:10FBE400704700BFD0ED0120B8DC0120014B18683C
:10FBF400FFF7EEBFFCED012070B52DED0A8B9FEDF4
:10FC04001CBBB7EE00AB1E4BB6EE008B00241D4EA2
:10FC14000D201D4D1C6000F0E4FC9FED179B07EECA
:10FC2400904A0134B8EEE7CAB7EECCCA2CEE0BCB3F
:10FC34003CEE0A0B20EE090B11F09AFF30EE0A0B92
:10FC440020EE080BB7EEC00BA6EC010A2CEE090B54
:10FC540011F08EFF802C30EE0A0B20EE080BB7EE6D
:10FC6400C00BA5EC010ADAD1BDEC0A8B70BD00BF54
:10FC7400000000000000803F00000060FB210940FC
:10FC840014E20120C0DE0120C0DC0120024B1A680E
:10FC9400024B1A60704700BFD0ED0120B8DC012090
:10FCA40013B5044661B10846019116F0F9FB2368C7
:10FCB400024601995B68204602B0BDE8104018472F
:10FCC40002B010BDFFF7ECBF10B50446FFF7E8FF24
:10FCD4002046BDE810400BF03CBF000000000000CF
:10FCE400F0EE607AB7EEC00A9FED254BB4EEC40B7C
:10FCF400F1EE10FA19D59FED246BB4EEC60BF1EEBC
:10FD040010FA12DDB7EE007AF4EEC77AF1EE10FACB
:10FD14000BDDB7EEC15AB4EEC45BF1EE10FA04D5B4
:10FD2400B4EEC65BF1EE10FA23DC9FED195BB4EE82
:10FD3400C50BF1EE10FA1EDD9FED176BB4EEC60B8A
:10FD4400F1EE10FA17D5BFEE007AF4EEC77AF1EEB1
:10FD540010FA10D5B7EEC11AB4EEC51BF1EE10FAC5
:10FD640009DDB4EEC61BF1EE10FA4CBF01200020F1
:10FD74007047012070470020704700BFAFF3008038
:10FD84009A9999999999B93F9A9999999999C9BFC1
:10FD94009A9999999999B9BF9A9999999999C93FB1
:10FDA40070B5294C0E460546284920462DED028B98
:10FDB40086B0F0EE608AB0EE418A8DED010AFFF75D
:10FDC40081FF3146224E20460BF0BAFE31462046D2
:10FDD400FFF778FF20461F49FFF774FF29462046A6
:10FDE4001D4D0BF0ADFE31462046FFF76BFF03AA15
:10FDF4009DED010A022106200CF02EFD03A92046E8
:10FE0400FFF760FF29462046FFF75CFFB0EE680A63
:10FE140003AA022106200CF01FFD03A92046FFF7C8
:10FE240051FF29462046FFF74DFFB0EE480A03AACA
:10FE3400022106200CF010FD03A92046FFF744FF21
:10FE440006B0BDEC028B70BD349E002065660020B8
:10FE5400A1730020716600207F6600202DE9F04F19
:10FE64000026DFF8B080DFF8B0A085B0DFF8AC90F2
:10FE74000C461746FAF718FFBB1EB34202DC05B066
:10FE8400BDE8F08FD9ED007AB3EE047AD8ED000A1C
:10FE9400B4EC011A30EEE70ACAED000A89ED001A43
:10FEA40077EEE00A31EE671AC8ED007A20EE070A11
:10FEB400154D60EE870A21EE071A8DED010ACDED8E
:10FEC400020A8DED031AFFF70BFFB8B1DFF850B04B
:10FED4000E49DBF800300E480133CBF80030FFF751
:10FEE400F1FE9DED031ADDED020A9DED010ADBF83A
:10FEF40000102868FFF754FF00232B602B6801369D
:10FF040001332B60B8E700BF606C01202C63002034
:10FF1400349E0020686C01206C6C0120646C01200C
:10FF240020A20020704738B50C4605460EF02EFD81
:10FF3400844205DA21462846BDE838400EF054BC18
:10FF440038BD000030B5ADF5037D0446C1F1FF02B4
:10FF54000D4668460E4915F073FF3B23A21E01A906
:10FF640004F2FE348DF8053232F9023FFF33A24227
:10FF7400A3EB050323EAE37301F8013FF4D140F254
:10FF840006216846FFF7CFFF0DF5037D30BD00BFA6
:10FF94002563002070B504460EF0F8FC2378EBB11D
:10FFA40000281BDD204616F07BFA05460EF0EEFC19
:10FFB400854217DA294620460EF016FCBDE870404B
:10FFC4000EF00ABD0EF0E2FC002808DD30780135A1
:10FFD4000EF0D0FC635D6619002BF3D170BD0EF0FA
:10FFE400FBFCF7E70025F5E770B504460E4600254F
:0CFFF4000EF0B0FB002805DD0EF0E6FB6F
:02000004600199
:10000000C0B23B28605503D12C440023637070BDFF
:10001000B542F9DA0135EDE7034B1B68062B9ABFB1
:10002000024AD05602207047D8A7002096620020CE
:1000300010B5D2B00EF090FB002800F0BF814FF455
:10004000807112A8FFF7D2FF9DF84830002B00F016
:10005000B5813B2B00F0B281413B132B00F2AE8106
:10006000DFE813F014002300AC01AC01AC01640024
:100070001401AC012801AC016101AC016C01AE01BD
:10008000E6010502AC0121022F0259029DF8493018
:10009000492B40F044819DF84A303B2B40F08A8147
:1000A000AC4912A816F0A2F939E19DF84930552B58
:1000B00007D19DF84A303B2B0DD1012018F086FE68
:1000C0007CE1442B40F02B819DF84A303B2B19D129
:1000D0004FF0FF30F2E79DF84B303B2B40F01F8193
:1000E0000DF14A0014F07DFD38B9FFF795FF9A49EC
:1000F000024612A815F0A6FE11E1FFF78DFF974901
:100100000246F6E79DF84B303B2B40F008810DF19D
:100110004A0014F066FD20B9FFF77EFF90490246C1
:10012000E7E7FFF779FF8F490246E2E79DF849309C
:10013000413B132B00F24281DFE813F01400300042
:100140004B00400140014001400140016600400178
:100150004001400140014001400140014001860052
:100160009700A2009DF855303B2B0ED10DF14A00AF
:1001700014F03BFD044618F059FE7B4B1868201A1A
:10018000FFF75AF9794B1C6018E19DF84A303B2B78
:1001900040F0C580754B76491A68AAE79DF855303E
:1001A0003B2B0DD10DF14A0014F01FFD044618F051
:1001B0003DFE6D4B1868201AFFF73EF96D4BE2E7E4
:1001C0009DF84A303B2B40F0AA806A4B6A491A6876
:1001D0008FE79DF855303B2B0DD10DF14A0014F0FF
:1001E00004FD614B00221860644B1A60FFF7D6F8DB
:1001F00000F0EDF9E2E09DF84A303B2B40F08F80B3
:10020000594B5F491A6874E79DF84C303B2B40F01E
:10021000D5809DF84A30302B09D10DF14B0014F0F8
:10022000E4FC584B1B68C01A18F0F8FDC6E0312BEF
:1002300040F0C4800DF14B0014F0D7FC524B1B680A
:10024000C01A18F007FEB9E09DF84A303B2B01D1E7
:100250004E4926E79DF84B303B2B60D10DF14A000B
:1002600014F0BFFC18F0B6FDA8E09DF84B303B2B16
:1002700055D10DF14A0014F0B4FC00F0C1F99DE035
:100280009DF84A303B2BE5D141490AE79DF84930BA
:10029000542B40F093809DF84B303B2B40F08E80E8
:1002A0000DF14A0014F0A1FC3A4B1860012000F057
:1002B0009AF983E09DF84930442B09D19DF84A30E2
:1002C0003B2B2CD10521032018F09CFD3249E8E698
:1002D000462B24D19DF84A303B2B20D12F4B1A6856
:1002E0000F92FFF719FB00230121B0FA80F00F9A5B
:1002F00008934009CDE90B132949CDE90933096871
:1003000007910221CDE90430069112A82549CDE9D3
:100310000233CDE9003341F2883315F093FD12A882
:10032000FFF73AFE4AE09DF84930532BF7D19DF88C
:100330004A303B2BF3D10F221B49DAE69DF84930B6
:10034000442B35D19DF84A303B2B33D1022217493B
:10035000CFE600BF82660020876600208E66002000
:10036000956600209C66002090A50020E4A7002050
:10037000A3660020E8A70020AC66002008F6002055
:10038000B566002064AE0020E4A80020BE66002010
:10039000C366002078890020C8660020B40C0120C4
:1003A000ECC70120CF660020FD6600200467002016
:1003B000452BB4D19DF84B303B2BB0D152B010BD82
:1003C0009DF84930462B18D19DF84A303B2B06D179
:1003D000674B68491A68684B53F8222089E69DF8F4
:1003E0004E303B2B9BD1624B0DF14A001C6814F040
:1003F000F8FB614B43F82400E0E7472B8FD19DF8D1
:100400004B303B2B8BD10DF14A0014F0EAFB5B4BD8
:10041000186058B9564B58491A68594B03EB820378
:1004200051F82220C3F80C2318F0CCFC05203EE73D
:100430009DF849304D2B7FF472AF9DF84B303B2B2C
:1004400007D102239DF84A204E4912A815F0FAFC64
:1004500065E79DF84C203B2A7FF461AF002211A88C
:100460008DF844308DF8452014F0BBFBA6E79DF8CD
:100470004930432B0DD19DF84D303B2B7FF44FAFCE
:100480000DF14A0014F0ADFB3F4B186000F098F8F6
:1004900094E7532B7FF443AF9DF84A303B2B7FF416
:1004A0003EAF3A49FDE59DF84930582B7FF437AF10
:1004B0009DF84A303B2B7FF432AF354B00221A7047
:1004C0007CE79DF84930462B15D19DF84B303B2BEE
:1004D0007FF425AF0DF14A0014F083FB024640B9CA
:1004E0002C4B02211B6812A800912B4915F0AAFC85
:1004F00015E72A4BF5E7502B7FF411AF9DF84B30F1
:100500003B2B3FF45BAF9DF84A303B2B7FF407AFAA
:1005100000222349EDE59DF84930422B07D19DF893
:100520004A303B2B7FF4FBAE00221E49E1E54D2B08
:1005300012D19DF855303B2B7FF4F1AE0DF14A00FE
:1005400014F053FB0CF044FB0DF14A0014F04DFB8A
:10055000C11703F0B7F831E7582B7FF4E0AE9DF8F0
:100560004A303B2B7FF4DBAE094B0122A7E700BFEB
:10057000D8A700200A67002098DC0120E8E10120CC
:10058000248D00201267002060AE00201A67002032
:10059000E6F10120E4A700201F670020E8A7002063
:1005A0002C67002032670020704770477047704703
:1005B0007047704770477047704770477047704783
:1005C0007047704770477047704770477047704773
:1005D0007047704770477047704770477047704763
:1005E0007047704770477047704770477047704753
:1005F0007047704770477047704770477047704743
:1006000070477047002070477047704770477047C9
:100610007047704770477047704770477047704722
:100620002DE9F0412DED048B0B7DF1EE0E7AF2EE0B
:100630000E8A9FED4F8A002B0446CB68F0EE006ACD
:1006400047FEA88ADFED4B7A82B00D4607FE888A06
:10065000D1ED027A4FF000089FED479AF8EEE77A65
:1006600067EE887AFDEEE77A17EE900AC4ED037A1A
:1006700090FBF3F323610B69584307EE900A606126
:100680008000B8EEE77AC6EE877AC4ED067A0BF002
:100690004BFF67690646E06147454FDC00260421B1
:1006A000384614F0A7FA01AB32463146206238468C
:1006B000019600F0D3FC01980BF036FF01AB024627
:1006C0003146A064606900F0C9FCC8EE887AE06435
:1006D000FDEEE77A17EE901AD5ED007A68EE277AEC
:1006E000FDEEE77A17EE902AC4ED017AD5ED017A96
:1006F00068EE277AFDEEE77A17EE903A0133A360B1
:100700009B1AD5E90302C4E90916C4E90B3002FBC0
:1007100000F648435E43504362635843E6630BF080
:1007200003FFA0632B7D84ED008A84F84030134BD7
:10073000636402B0BDEC048BBDE8F08107EE908AE3
:1007400007EE107A08F10108F8EEE77AB8EEC70A6A
:1007500067EE897A87EE800A12F058FBD4ED067AAC
:1007600020EE000A67EE807AE6EC017A94E700BF9B
:100770000AD7233EA69B443DDB0F49400000F0C250
:1007800010B50446806B0BF0DFFEA06C0BF0DCFEB6
:10079000206A0BF0D9FEE069BDE810400BF0D4BE32
:1007A00000238362014B4364704700BF0000F0C226
:1007B0002DE9F04FD0E909352DED048B9D4283B032
:1007C000044688460BDAC36B00269FED528A5D43D0
:1007D0003746236BB34207DCA36A0133A36203B03D
:1007E000BDEC048BBDE8F08F606980000BF09CFECF
:1007F0006369814603EBD3735B100133D8000BF0C0
:1008000093FE00238246D4E90421A1EB020C4FEAB7
:10081000820E9C4520DC08EB870E6046814228DC76
:100820006145B8BF0022CC4617440022914229DC22
:100830004FF0000BDFED388A52464946E06C00F07D
:100840008DFC636B5B452DDC484601360BF07CFE6E
:1008500050460BF079FEBCE7206A00EB0E0B00EB74
:1008600083000EF1040E0133DBF800B0C0F800B0D5
:10087000CFE7236A5EF804BB03EB80030130C3F8C3
:1008800000B0CBE7E36903EB8200236A03EB82034A
:10089000D0ED007A013293ED007A67EE877AECECC6
:1008A000017AC3E7B2EE049A6168A268636B8A4278
:1008B00002DC0BF1010BC4E703FB01B301910AEB6E
:1008C000C30393ED000AD3ED017A20EE000AA7EEF0
:1008D000A70A30EE080A11F0FDF9B0EE007A20EE1A
:1008E000090AA36BF0EE687A01990131E0EE077A0C
:1008F000FDEEE77A17EE902A82F308025A55013589
:10090000D4ED117AF4EEC07AF1EE10FA48BF84ED1E
:10091000110ACAE7CCBC8C2B000070432DE9F04FC4
:100920002DED048B89B016460F46044606FB03FAEC
:10093000DDE916254FEACA0A1168D2F804B003911E
:100940000BFB01F9BBF1010F00EBC90916D10346FE
:1009500097E80300574483E8030008339945F7D12B
:1009600005F584730493039B023B032B00F263821F
:10097000DFE813F01B005600DE007F0108324FEA6B
:10098000CB080492039A7243049901950091394669
:1009900005905744CDE90623FFF7C0FF0598404472
:1009A0008145DDE90623EFD1DAE70BF10103F6001B
:1009B00004EBC3030834D5ED436ABBF1010B53EDDF
:1009C000015A04F10804D5ED427A03F1080326EE3A
:1009D000E57A13ED046A3544A6EE277A67EEA57A28
:1009E000E6EE267A54ED046A76EEC76A43ED046AB1
:1009F00054ED036A76EEE76A43ED036A54ED046A48
:100A000036EE877A04ED047A14ED037A77EE277ACE
:100A100044ED037ACFD109B0BDEC048BBDE8F08F73
:100A200006FB0BF304EBCB0204EB0B10B6EE005B02
:100A300005EBC30359464FEAC60C2F4693ED434AD4
:100A400004F1080314463601F1EE443A043492ED01
:100A5000016A013995ED437A03F1080354ED016A07
:100A600002F1080267EE464AD5ED427AD0ED012A3E
:100A7000654490ED003A04F10804E6EEA74A00F15F
:100A8000080067EE867A97ED436AE6EE877A97ED7F
:100A9000427A66EE626A3744E3EE076A27EE227A0C
:100AA000A3EE067A13ED046A74EEA62A74EEE64A03
:100AB000B7EEC66AB7EEE21A37EE873A77EEC77A34
:100AC000A1EE456BB7EEC31AB7EEC66B04ED036A31
:100AD00013ED036AB7EEC66AA1EE456BB7EEC66BBF
:100AE00002ED016A13ED047A37EE227A03ED047AFF
:100AF00013ED037A37EE037A03ED037A14ED037AEC
:100B0000A4EE277A00ED027A12ED017AA3EEA47A20
:100B100000ED017A14ED037AA3EEA77A04ED037ACF
:100B200052ED017AE4EE247A42ED017A8FD172E738
:100B30004FF0180E04EB0B134FEAC609DC464FEAE0
:100B400006180EFB06FED5F804A004EBCB0003EB61
:100B5000CB01221D2E462F46D0ED015AD5ED437A0A
:100B6000D0ED006A27EEE56A95ED427AD3ED014AB1
:100B700093ED005AA6EE876A91ED014A27EE257A99
:100B8000D7ED435A12ED013AA6EEA77AD7ED427A95
:100B900065EEE46AE5EE276A67EEA47AD1ED004AD5
:100BA000E5EE257A96ED435AD6ED425A65EE443A83
:100BB000E4EEA53A65EE845A94ED014AE4EE855AD6
:100BC00073EE664A34EE675A76EE836A77EE847A7D
:100BD00036EE233A37EE254A42ED016AC4ED017A3A
:100BE00036EE636A76EEC36A77EEC47A37EE657ADC
:100BF000C3ED006A75EE466AC3ED017A52ED017AE3
:100C000074EE875A34EEC77A77EE837A42ED017A32
:100C1000D4ED017A34EE274A75EE067ABAF1000F68
:100C20000BD0B0EE476AB0EE657AF0EE465AB0EE01
:100C3000676AF0EE667AF0EE466ABCF1010C84ED6C
:100C4000014A00F1080040ED025A40ED016A04F14A
:100C5000080481ED007A4D44C1ED017A03F10803E7
:100C6000474401F10801764402F108027FF474AFB1
:100C7000D1E60BFB06F3049A4FF018094FEA061A67
:100C800002EBC307AC4609FB06F904EBCB0097ED7A
:100C9000013AAE46D7ED003A07EBC30704EB0B135E
:100CA000F1EE431AD7ED002A4FF0000897ED012A24
:100CB000F70003EBCB017601039703EB0B122F46F2
:100CC0000496C34504F1080400F1080003F1080389
:100CD00001F1080102F108027FF79DAED5ED436AEC
:100CE00008F1010810ED015AD5ED425A26EEC54A29
:100CF00010ED026A53ED010AD7ED434AA6EE254AEC
:100D000013ED021A65EE855A97ED425A11ED010A6C
:100D1000574452ED018AE6EE265A12ED028A65EE3C
:100D2000206A14ED027A24EEE06A51ED020A54EDD5
:100D3000017AE1EE246ADEED434AA1EE056A9EEDFA
:100D4000425A24EEC01A039ECE443544049EA0EEBF
:100D5000851A25EE005A9CED430AA0EEA45ADCED5C
:100D6000424A60EE680AB44436EE019A36EE416AB1
:100D7000E8EE240A64EEA84A76EE858A76EEC56A25
:100D8000E8EE004A26EE421A34EE208A34EE604A3B
:100D900062EE260A38EE095A35EEA40A75EEE45AD8
:100DA00035EE075AF0EE474AA2EE887A04ED025A71
:100DB00030EE285AE3EE884AE3EE250A35EE275A4C
:100DC00065EEC25AA1EE841A04ED015AB0EE675ADC
:100DD000E2EE894AE2EE807AA3EE805AE3EE265AEA
:100DE000A3EE897A66EE436A74EEE09AE3EEA87A9F
:100DF000A2EEA85AE2EE046A40ED029A37EE256AA6
:100E000074EEA04A37EE657A75EE419A35EE015AD6
:100E100040ED019A42ED024A02ED015A03ED026AE9
:100E200037EEA66A77EEE67A03ED016A01ED027A03
:100E300041ED017A45E7039BD5F800A0DD00284687
:100E40000BF072FB4FF0000C4FEACB020346079207
:100E50000BFB06F20692421965460592AB451EDC75
:100E6000184609B0BDEC048BBDE8F04F13F014BF79
:100E700004EBCE01DE4403EBC208013203C988E86B
:100E8000030003999142F3DC04EBC502E0464FF006
:100E9000000E0399714505DC0135B444DEE7AE462A
:100EA0000022EEE793E8030082E8030003F1080064
:100EB0000021059FB84206D107990EF1010E0A44A0
:100EC00006998844E5E74144049FD0ED015A083073
:100ED0008A4510ED026AD8BFA1EB0A0107EBC109F0
:100EE00099ED017AD9ED007A67EE656AE6EE276A38
:100EF00067EEA57AE6EE077A92ED007A37EE267A6B
:100F000082ED007A92ED017A77EE277AC2ED017ACE
:100F1000CFE700002DE9F041054621300F46144689
:100F2000C0002DED068B23BB0BF0FEFA044610B378
:100F300007EE905AA0460026B8EEE7AB9FED2D9B3A
:100F4000C4E90057AE4221DBB0EE4A0B04F10806BB
:100F500010F0ECFD0423BBFE400B95FBF3F203FB0A
:100F6000125191BB012A1546C6E9003203DD08364D
:100F7000F3E72AB918602046BDEC068BBDE8F08186
:100F80001A6818608242D3D20024F4E707EE906A10
:100F9000B8EEE77B27EE097B87EE0A8B0FB1B1EE47
:100FA000488BB0EE480B013610F0E4FDB7EEC00BF5
:100FB00008F1080888ED400AB0EE480B10F026FE54
:100FC000B7EEC00B88ED410ABCE7022B0DD0042B15
:100FD0000DD0023307EE903AB8EEE77BB4EE470B44
:100FE000F1EE10FA48BF2B46B7E70323F2E70223DE
:100FF000F0E700BF182D4454FB2119C02DE9F3413F
:10100000914204460D4610461F4604F1080817D1C8
:101010002068C0000BF088FA3B46294601220646AC
:10102000CDE90084FFF77AFC226831462846D200D9
:101030000BF020FB304602B0BDE8F04113F02CBEAF
:101040000122CDE90084FFF769FC02B0BDE8F08120
:101050000123FFF7D3BF0000000000002DE9F0439B
:10106000002510F001060F4690461C462DED068B1C
:1010700083B001950CD0374B2C4637481B68D96894
:1010800014F086FE204603B0BDEC068BBDE8F0836D
:10109000451001AB32462846FFF73CFF019805EBAF
:1010A00045030C3003EBD3735B1000EBC300002C43
:1010B00044D10BF039FA0446002CE3D004F10C02C1
:1010C000019B05EBD579B6EE009B134439464FEAF8
:1010D00069092846636003EBC5032260A36001AB86
:1010E000FFF718FF9FED19ABB145CBDD013607EED9
:1010F000906AB8EEE76B07EE905AB8EEE77B86EEA3
:10110000078B38EE098B28EE0A8B0FB1B1EE488BB6
:10111000B0EE480B10F02EFDA368F200B7EEC00B46
:10112000083A03EB020888ED000AB0EE480B10F015
:101130006DFDB7EEC00B88ED010AD5E7236820608E
:10114000834201D234469DE74446B5E7182D445406
:10115000FB2109C0F4A3002071730020F8B50646F6
:1011600000681446436843B1344B35481B68D9685E
:1011700014F00EFE012013F05BFD72680568FFF7A6
:1011800067FF7368002104EBC502B6EE006AD3ED79
:10119000007A05EBD57793ED017A03EBC5057F1057
:1011A00077EE876A77EEC77AC4ED006AC2ED007AFF
:1011B0006160516001218F4200DAF8BD4FEAC10C35
:1011C000B068D3ED035A0131ACF1080C55ED017A4A
:1011D00055ED024A0833D3ED006A604435EEE75A14
:1011E000083D77EEA57A90ED004A34EEA67A0834F1
:1011F00076EEE46AD0ED014A083A64EEE75A67EE0B
:10120000847AE6EE845AE6EEA47A77EE256A37EE23
:10121000657A66EE866A27EE067AC4ED006A77EE96
:10122000856A77EEC57A66EE866A67EE867AC4EDE1
:10123000016A82ED007AC2ED017ABCE7F4A30020D6
:101240004B730020002270B51346144642F25775C6
:101250008A4202DBC3F30D0070BD560702F10102A2
:1012600002BF065D013483EA861313F4005F4FEA80
:10127000430318BF6B409BB2EAE7C27A837A5209F4
:1012800042EAC302437ADB0203F4605342EA0300FA
:10129000704738B54A1E431E0C46093013F8011F2B
:1012A000834202F8011FF9D1657A002352212046BA
:1012B00005F0F805A3726572FFF7C4FF45EAD02573
:1012C000C30840016572A372E07238BDB1F9022013
:1012D0008B7910B5C46804FB02330469CA7904FB36
:1012E00003228468B1F90430406904FB02331844D6
:1012F00010BD00002DE9F84F00258046FFF7E6FFFE
:10130000B1F902B02A462B460BEB05070024002F4B
:1013100004EB050135DBD8F804A0BA4535DDD8F873
:1013200018E01E4E01FB0E01365D11F806C056B1E5
:1013300001EB0609062E02F1010219F8019CACEB43
:1013400009094B4407DC01EB0609013299F80190C9
:10135000ACEB09094B4454B13FB1A6EB0E09013285
:1013600011F80990ACEB09094B44062C09D007F1A0
:101370000109CA4505DD71440132895DACEB010C00
:10138000634401340137072CC1D124356C2DBBD106
:101390000AB193FBF2F31846BDE8F88FB66A002055
:1013A0002DE9F74F00248046FFF790FFB1F90210B6
:1013B000DFF8A8E02246013123460191019900257A
:1013C0000F19611C00910099002F294435DBD8F8D2
:1013D00004B0BB4535DDD8F818901EF8056001FB58
:1013E000090111F806C056B101EB060A022E02F1FE
:1013F00001021AF801ACACEB0A0A534407DC01EB1A
:10140000060A01329AF801A0ACEB0A0A534455B11E
:101410003FB1A6EB090A013211F80AA0ACEB0A0AA7
:101420005344032D09D007F1010AD34505DD494492
:101430000132895DACEB010C634401350137042DA9
:10144000C1D121340EF1040E842CB7D10AB193FB23
:10145000F2F3184603B0BDE8F08F00BF986A002091
:1014600000222DE9F0415400631C02348B422CDA37
:1014700030F9336030F93250AE4226DA8C4206DA67
:1014800030F9346030F93350AE42B8BF23469A4247
:101490001DD050F8326000EBC20400EBC30530F9F8
:1014A0003380B5F904C0EF88B5F902E040F8336045
:1014B00066686E6020F832801A46A4F802E0A4F84C
:1014C00004C0E780CFE71346DAE78C42FBDBBDE8D8
:1014D000F08100002DE9F04F87B014465A4A01F11F
:1014E000FF3903930646037F8A4604EBC908002BA5
:1014F000564B18BF1346029314BF082304230093CE
:1015000000231F46F2688DF8163093427ADB04EB15
:10151000C7033946012977DC384607B0BDE8F08FAC
:101520004FF6F673ADF812300023009AADF8143080
:101530001344B268934215DDBDF8123001331BB27B
:10154000132BADF81230EFDD9DF817300133DBB20D
:1015500032698DF817309342E2DB9DF81630013383
:10156000DBB2CFE7029B04A930469847039B00B249
:101570009842ADF810001ADB57451DD1B4F9003080
:10158000834214DAD8F80030494620464D4623609D
:10159000D8F804306360FFF763FF04AB04EBC502C7
:1015A0006F1C03CB44F835005160002D07DCBDF8FB
:1015B000143001331BB2B8E7F9DA3D46EDE76B1E94
:1015C00034F9350004EBC5025B1034F933C004EB89
:1015D000C3016045EBDAB1F90400B1F806E001900F
:1015E00054F83500B1F902B044F83300506848604F
:1015F000019924F835C01D46A2F802B09180A2F8E6
:1016000006E0D2E70023A3E72268A3F1080513F858
:10161000010C013933F9088C33F906EC33F904CCA9
:1016200013F8026C43F8082C626843F8042CE0714C
:101630002046A4F80080A4F802E0A4F804C0A67133
:10164000FFF70EFF2B4665E741860000ED860000A0
:101650002DE9F04F0646ADF55F7D1D469146FFF73B
:1016600035FE337F8846E89F30AC002B40F09F80EA
:10167000B6EE005A05224FF0000BDFEDC94A1A44BE
:10168000B8F9021011EB020C02D471688C4548DBEA
:10169000C4F800B0C4F804B00133572B37D19FED24
:1016A000C10A30AC0023F0EE407A22460133B2EC9E
:1016B000017AAE2BA7EE070A77EE877AF6D167EEAE
:1016C000E77A9FEDB97AA7EE870AF3EE087A20EE63
:1016D000070A87EE800A10F02DFB002330A8D4ED16
:1016E000007A013360EE277AAE2BE4EC017AF6D172
:1016F00007F1080304AA494600F066FDBB68002B09
:1017000040F3068100200DF55F7DBDE8F08F1C2BB6
:1017100005DD3A2BB4BF09220D220834AFE70522BC
:10172000FBE7B1690DF1100EDFF884A24FF0000C59
:1017300001FB02021AF8011BB0EE647A0CF1010CF5
:10174000515CBCF1040F07EE901AF8EE677AA7EE31
:10175000857AAEEC017AEDD1DDED066A9DED076A82
:101760009DED047AF4EEC66ADDED057AF1EE10FA2D
:10177000B4EEE77A66FE865AF1EE10FAB4EEE76A46
:1017800027FE274A75EEC45AF1EE10FAF4EEC76A46
:10179000C4ED005A88BFF0EE467AF1EE10FA88BF29
:1017A000B0EE667A77EEC77AC4ED017A74E7B6EEEA
:1017B000001A002107234FF0000EDFED790A0B44D9
:1017C000B8F9022012EB030C02D4726894450FDBC7
:1017D000C4F800E0C4F804E0C4F808E001310C34B7
:1017E0003A293FF45CAF1D29B4BF07230E23E6E777
:1017F000B2690DF1100ADFF8BCB14FF0000C02FB2A
:1018000003031BF8012BB0EE607A0CF1010C9A5C1B
:10181000BCF1080F07EE902AF8EE677AA7EE817AFE
:10182000AAEC017AEDD19DED086ADDED095ADDEDF6
:101830000A4AB4EEE56ADDED0B3A9DED047ADDED82
:10184000057AF1EE10FA9DED064AF4EEE34A9DEDBD
:10185000073A66FE252AF1EE10FA24FEA32AF4EEDA
:10186000C22AF1EE10FAB4EEE77A62FE821AF1EEC5
:1018700010FAB4EEC34A27FE275AF1EE10FA64FEBE
:10188000036AB4EEE65AF1EE10FAB4EEE62A25FE4B
:10189000260A71EEC01AF1EE10FAF4EEC52AC4ED74
:1018A000001A88BFF0EE426AF1EE10FAF4EEC37A45
:1018B00088BFB0EE625AF1EE10FAF4EEE35A76EE1B
:1018C000C56A67FE837AF1EE10FAC4ED016A65FE1F
:1018D000A35AF4EEE75AF1EE10FAB4EEC47A88BFD8
:1018E000F0EE657AF1EE10FAB4EEE46A27FE047ABF
:1018F000F1EE10FA26FE246AB4EEC76AF1EE10FA91
:1019000088BFB0EE467A77EEC77AC4ED027A65E713
:10191000002204A9802310460392CDE9012211F888
:10192000014B34B101AC0DF1040CA45C1C430CF868
:1019300002405B0800F1010004BF013280235B28F4
:10194000EDD101A8FFF799FC9DF80D30B881522127
:1019500023F0070301A88DF80D3000238DF80E3019
:10196000FFF770FCBB89F88183427FF4CBAE6B81BB
:10197000337F73B96B1E01A80C49093511F8014B6F
:1019800010F8012B624003F8012FAB42F6D1012081
:10199000B9E601AA03CA1388286069602B81F6E7BB
:1019A0000000F0C2000000006452BC3BAC6A0020A2
:1019B000A86A0020BD6A00202DE9F843C1F309346C
:1019C000172307460E465C43134DE4B24FEA041852
:1019D00005EB041315F80890B9F1000F0ED10F496B
:1019E00018460A6801320A600B22394614F0EDFBF2
:1019F00080F80B904544EE60BDE8F883DA68C2F3E6
:101A00001502B24205D13946184614F0E5FC00280B
:101A1000F0D00134E4B2D9E7DC0C0120DC1C012059
:101A20000228F8B50D4613D001280CBF0A2600265F
:101A3000C6F10C0117230E4F25FA01F14B4303F0B9
:101A4000FF03180107EB0311385C18B910700BE0A5
:101A50000C26EDE7CC68C4F31504F440AC4204D185
:101A6000104614F0C3FC0120F8BD0133DBB2E8E7F7
:101A7000DC0C01200021034B4FF480520248196016
:101A80000AF092BEDC1C0120DC0C0120F0B5002124
:101A9000114F124B3C680D468C461A789AB1DA68A1
:101AA000B0EB126F4FEA12662BBFC2F3150204F1BE
:101AB000FF340136012135BF83F800C042EA0662D7
:101AC000C3F80CC0DA6001351033B5F5807FE4D17E
:101AD00001B13C60F0BD00BFDC1C0120DC0C01202A
:101AE0002DE9F04F00F124094F4D0A234E4A0646D6
:101AF0008B4648468C214FF0000805F5A56A2DED70
:101B0000068B9BB0FFF7E6FCC822049000214748F3
:101B10000AF04AFE049B984507DB0A201BB0BDEC87
:101B2000068BBDE8F04FFFF7B1BF73681922294655
:101B300048460293B5F90430D6ED0D8A0393EB794C
:101B4000D6ED00AA08EE103AB5F9023096ED0CAACF
:101B500009EE103AAB7909EE903A0DAB00930AAB5F
:101B6000FFF776FD18B908F101080835D2E7BDF88E
:101B700032303227B3FBF7F407FB1434A4B22A4AFD
:101B800002EB840CDCF8600480B142899A4207D1F0
:101B90000A220AA9059314F0ADFA059B0028E2D0A9
:101BA0000134B4FBF7F207FB1244E8E70C220AAB5E
:101BB000624303CB0AEB02044AF8020011AA186838
:101BC00007AB6160A0600AA81949CCF8604401F035
:101BD000F3FA034620B1174A232111A814F0FEF8A6
:101BE000B8EE488AB5F90010F8EEE88A5846F8EEE3
:101BF000699AB8EECAAAC8EE280A89EE8A0AB8EE2F
:101C0000C99ADDE90223134411AA07EE903AF8EECF
:101C1000E77A30EE090A70EEA70A20EE2A0AC0EE33
:101C2000AA0A17F00BF99EE7C04C07702051077005
:101C300020A90020C96300200D4B30B51C68A4B159
:101C40000C4B1B688BB10C4D53182D68AB420CDC50
:101C500004EB820200238B4201DB012030BD50F8EF
:101C6000044B013342F8044BF5E70020F6E700BFD0
:101C7000F01C0120E81C0120CC0C01200A4B01467D
:101C80001B6810B573B1094A094C10682468C26812
:101C900051430A44A24205DC03EB8101FEF788FDB3
:101CA000012010BD0020FCE7F01C0120E81C0120F1
:101CB000CC0C0120084B1B685BB1084B1B6843B17F
:101CC0004E28D7BFDA6A00239B6B5043D8BF03EB83
:101CD00080031846704700BFF01C0120E81C01205B
:101CE000074B01461B6810B54BB1064C206830B15C
:101CF000FFF7F6FE2068BDE81040FEF751BD10BDAD
:101D0000F01C0120E81C0120F8B52DED088BF0EE49
:101D1000409A0446F7EE08AA00EB4007B6EE00AA88
:101D20000E4600259FED15BAAF4202DCBDEC088BD4
:101D3000F8BD07EE905A29EE8B9A0135B8EEE77A96
:101D400007EE904AF8EEE77AC7EE278A78EEEA8A3D
:101D500038EE8A0A78EECA8A20EE090A10F00CF8EA
:101D6000B0EE408A28EE890A10F006F838EE408A74
:101D700028EE0A8AA6EC018AD6E700BF2AC4AA4048
:101D8000000000002DE9F04F2DED068BB6EE00AA05
:101D900008EE902A85B01D46B8EEE87A8146F0EE4E
:101DA0004A7A8846F0EE40AACDED010AE7EE017AC4
:101DB0009FED749BFDEEE77AB8EEE76B17EE904A65
:101DC00001FB04FA630089EE067B03930AEB4403EC
:101DD00098000093B7EEC78B0AF0A6FB06460C20CE
:101DE0006043B3460AF0A0FB002C22469DED010A99
:101DF000B8BFE21D0746009B3146D2100192002277
:101E0000934237DC39462046FFF77EFF002204EB81
:101E1000440E134643453BDB4FEA840EBC4607EBBA
:101E2000840000224FEA8A04C84406EB8A01039B1F
:101E300093424DDCAB4606EB0E09A84600239FED0E
:101E4000538ADFED538A534564DB019BB7EE008A6A
:101E5000254400244FEA4308019B9C426EDB304638
:101E60000AF072FB384605B0BDEC068BBDE8F04FBA
:101E70000AF06ABBB7EEEA6A0132B8EEE85B26EE1A
:101E8000096B86EE057BB7EEC77BA1EC017AB7E75D
:101E900006EB820000210297009100998E4502DC3A
:101EA00001332244B6E719F803C0029907EE90CA3D
:101EB00090ED007AF1EC016AF8EEE77A0291009970
:101EC00067EE887A0131A7EEA67AA0EC017AE3E703
:101ED00099F800300132F0EC016A07EE103ADBEDC0
:101EE000007A66EE886AB8EEC77AE6EE877AEBEC9F
:101EF000017A18F8013CFCEC016A07EE103AD1EDCA
:101F0000007A66EE886AB8EEC77AE6EE877AE1EC88
:101F1000017A8CE7B0EE480A009310F077FFA8EC46
:101F2000010AB9EC010AF0EE680A30EE080A0FF077
:101F3000ADFE009BB0EE408A013384E707EE904A85
:101F400006EE908A0134B8EEE77BB8EEE66B27EE3A
:101F5000097B87EE060BB7EEC00B11F05BF838EE8D
:101F6000400ADBED007A20EE0A0A67EE807AEBEC9D
:101F7000017A75ED017A67EE807AC5ED007A6BE73C
:101F8000AFF30080182D4454FB21194000000000DD
:101F9000DB0FC940014B1868704700BFF41C0120DB
:101FA00000232DE9F0430B2BD4BFC25C0022CA549E
:101FB0000133162BF7D10B22174E4FF0000C1024D3
:101FC00000EB0208471EB646002517F8019F1EF8D1
:101FD000013BB84503EA0903A94683EA131383EAE0
:101FE000930383EA530303F0010385EA0305ECD16D
:101FF0004B450CF1010C06F10C061EBF8B5C234314
:102000008B54640802BF01328024D2B2BCF1530F5A
:10201000D8D1BDE8F08300BF676F0020F0B58BB06A
:102020000E46274D01A9FFF734F904A901A8FFF7CF
:10203000B7FF0020802323490246062807DC2C78BE
:102040003454013001354F28F7D10BB0F0BDA0F169
:102050002404062C02D815F8244CF1E7A0F148041A
:10206000062C02D815F8484CEAE702F128046C4423
:1020700014F8184C234214BF012400245B084FEAD3
:10208000840404BF0132802302F128076F4417F84B
:10209000187C3B4218BF44F002045B0804BF0132C5
:1020A000802302F128076F4417F8187C3B4218BFC1
:1020B00044F001045B080C5D04BF01328023BFE7DC
:1020C000B66A0020BD6A00200022DFF83CC0F0B5EF
:1020D00011460C4D00231CF801EB2F461C4606E070
:1020E00017F8016B0133064416F8016C74409E45E5
:1020F000F6DC04B1013101320735532AEAD1084632
:10210000F0BD00BFCF6C0020146F002020EE007ADD
:10211000DFED0C7A9FED0C6AA7EE276ADFED0B7AF4
:10212000F0EE676AE6EE076A9FED096A26EE800A1E
:10213000DFED086AE7EE066AE6EE877A80EE270AA8
:10214000704700BF0000804200C037C400406C44AC
:1021500000006143004083C4DFED167AB4EEE70A65
:10216000F1EE10FA1FD4DFED147AB4EEE70AF1EEC7
:1021700010FA1BDC60EE006A9FED107ADFED107A3A
:10218000F2EE0E5AB0EE476A76EEA77AA6EEA76A8E
:1021900060EE067A9FED0B6AA6EEA56AA6EE867A39
:1021A00087EE870A7047BFEE000A7047B7EE000A55
:1021B000704700BF3D0A9FC03D0A9F4000406C44ED
:1021C0000000D2420000D2432DE9F04FADF58A5D08
:1021D000044687B00491002102920022059307ABC8
:1021E000013299605960AE2A43F80C1BF8D1B6EE63
:1021F000005A4FF0000A5325049B9A4506DB059BC5
:102200001D600DF58A5D07B0BDE8F08F029B214689
:1022100004F52E7700225E1E07ABF1EC017A0C3339
:1022200013ED037A77EE877A13ED027A77EE877AE9
:1022300013ED017A77EE877AF5EEC07AF1EE10FAB7
:10224000CCBF01200020B942024406F8010FE4D1BE
:10225000002AD4D00298FFF737FF854202DD0546F9
:102260000028CCD0DFF804910DF644070022C2EB21
:10227000C2013C4B19F801BBB846CB1800260193AC
:102280002AE001994FF00C0C11F8013B013B019140
:10229000354904EB830090ED000A03EB430008444A
:1022A00007A90CFB03134FF0000C10F801EB0CF125
:1022B000010C04330EF1FF3E96451CBF53ED017A2D
:1022C00030EE270ABCF1030FEFD1013620EE450AAC
:1022D000FFF742FFA8EC010AB345D2DC01321C37FC
:1022E000532AC4D1F8EE005A1F4807AE00224FF01F
:1022F0001C0BB1468046002118F8013BB7EE000ADE
:102300001A4F013BFF5C03970DF644070BFB037C60
:10231000144FC3EBC3033B4400270193039BBB4211
:1023200010DC0131FFF7F2FE20EE250A0329A9ECAB
:10233000010AE1D1013203300C36AE2AD9D10AF1BB
:10234000010A59E7019B01370CF1040C13F801EB6A
:102350000EF1FF3E019396451CBF5CED017A20EE25
:10236000270ADBE7CF6C0020C56A0020146F00202D
:102370002DE9F04700240646851C00F10709274691
:10238000A0464FF01B0A15F8010F50B100F0CCFF2A
:1023900038B9287800F0BAFF60B108F101084D455E
:1023A000F1D1B8F1030F13D147B9F01CBDE8F047E4
:1023B00012F017BC287800F0AFFF18B94FF0FF30CB
:1023C000BDE8F0872B780137403B0AFB0434E6E791
:1023D000B8F1000FF2D1042FF0DC04F57A70EFE7CA
:1023E0007FB505461C46084611463DB900250F49F4
:1023F000204613F0FBFF284604B070BD2B6801AAED
:10240000984705460028F1D001A814F04BF83C236A
:102410000646204601A900F8013B32460AF02AF997
:1024200034443E2363700023A370E4E796730020D6
:102430002DE9F84F002507460E46904699462C4652
:10244000AA464FF0260B705DB8B926230B2D16D087
:1024500003FB0AF20135A4FB034A9244F6E701218B
:1024600001F032F8002824DBA4FB0B4301350BFB01
:102470000A33041943EBE07AE5E70B2DEFD10A2587
:102480000D4B654303FB0A55A4FB0343EC18A10A5B
:10249000B8F1000F01D0C8F80010B9F1000F02D058
:1024A0008B0AA9F8003017B17B68304698470120A5
:1024B00000E00020BDE8F88F7309BFF42DE9F74F65
:1024C0009046734A0446894690421F46DDE90C5601
:1024D00052D2022813D830B96E49284613F086FF2D
:1024E0000223337021E001284FF0020428460CBF7C
:1024F00069496A4913F07AFF3470002415E040F20C
:10250000EA3398420CD86649284613F06FFF03223D
:102510000023E11EA81800F084FF03233370ECE7CA
:10252000604B984205D94FF0FF34204603B0BDE818
:10253000F08F0023A0F2EB3003244FF01B088DF83E
:1025400004300321B0FBF8F708FB170000F090FF00
:102550000DF8040014B13846013CF2E75049284612
:1025600013F044FF2021684600F08EFE0146284605
:1025700013F0EAFD0323B4E7821AB2F5800F06D206
:102580002B4600213846FFF72BFF0423C6E74648B9
:102590000023032120441B248DF80630B0FBF4FAFD
:1025A00004FB1A0000F064FF03218DF80500BAFB5C
:1025B000F4FB04FB1BA000F05BFF03218DF804007B
:1025C000BBFBF4FA04FB1AB000F052FF8DF80300D5
:1025D0000A200521BAFBF0F400FB14A000F048FF2C
:1025E0008DF8020024200421B4FBF0FA00FB1A400D
:1025F00000F03EFF02218DF80100504600F038FF48
:102600002A498DF80000684600F09CFE20B39DF832
:10261000030000F089FEF8B9254B28460DF10301AF
:102620001B6840F8043B00F056FE284613F03AFFC2
:1026300002287FF678AFB9F1000F06D0B8F1010F8C
:102640001ED11C49284613F07FFD00232946384639
:102650001A46FFF7EDFE98E79DF80030512B0CD19C
:102660009DF8010000F058FE38B1134B28460DF1DB
:1026700001011B8820F8023BD5E769462846D2E7CE
:10268000B8F1020F01D10D49DCE76FF001044CE70E
:10269000E87C1F00388800204F8900209A8800209D
:1026A00053890020DB1F08001883A0FF57890020F2
:1026B0005B890020638900206089002066890020F2
:1026C000427AC2F3C203052B17D8DFE803F00514E2
:1026D0001403101207207047037A9B0003F00403D1
:1026E00043EA9213052B08D8054AD05C70470820AE
:1026F000704709207047062070470A20704700BFC6
:102700009D6200202DE9F04F89B0064689461046AB
:10271000594915461F46DDF848A000F039FEA0B91A
:102720005649284600F00EFE0446284613F0BAFE2D
:102730008046384613F0B6FE002C76D1B8F1020F71
:1027400077D8012009B0BDE8F08F0124EDE7A3465A
:102750007EE000239B46ADF8123083E002F8010BC7
:10276000012102930192039200F0AEFE00285EDB8D
:102770002623019AA5FB035103FB08114519029B6F
:1027800041EBE0780133F85C18B13C2801D00B2B09
:10279000E4D1203305A948460DEB0302002302F8DB
:1027A0000C3C1A46FFF744FE002840D074B9344967
:1027B000504600F0EDFD90BB3249504600F0E8FD78
:1027C00078BB3149504600F0E3FD60BB0022BDF804
:1027D0001210A40100200B0944EAC21433704FEA1E
:1027E000985344F0200443EA0113747273704FEA63
:1027F0009833B3704FEA9813F370AB0F43EA880332
:102800003371AB0D7371AB0BB371AB09F3714FEA5D
:102810004B0343EA850343EA5203337292E70122F2
:10282000D5E70222D3E70322D1E7022891D802207C
:1028300088E70228FBD93B783C2B88D1B84418F8AC
:10284000013C3E2B83D13B464FF0010B2F461D46EA
:102850000DF11203002229464846FFF7E9FD002842
:102860003FF46FAF3B783C2B00D10137002505AA20
:10287000A8462B4687E700BF9A880020538900208E
:102880009D880020936A0020956A002001F10902CA
:102890000930002310B512F8014DDB0943EA440367
:1028A0008A4200F8013D137803F08003F3D1002041
:1028B00010BD2DE9FF41054608460E4613F0F2FD16
:1028C000C7B20D2F03D9052004B0BDE8F081002464
:1028D0000DF104080194C8F8044088F80840A742A4
:1028E0004FF00001CCBF305D202000F0EDFD43B281
:1028F0005A1CE8D09BB20DF10D0111F8012D02EB2D
:1029000042024145C2EBC20203EB42039BB20B7091
:102910004FEA1323F1D101340D2CE0D12846FFF703
:10292000B5FF00236B72CFE72DE9F04F89460446CF
:1029300090460A272DED028B417808EE903A0378F5
:102940008DB04FEA111BC678A27989054BEA0313B3
:1029500090F808B0B60101F0707108EE103A837873
:1029600094F809A046EA833603794079189D8005DA
:1029700040EA837046EA930308AE40EA8230E27987
:102980001943CBF3400340EA8212CAF38014019347
:10299000002342EA9B008DF82B302622002311F001
:1029A0009FFF029003911046012100F061FDF05558
:1029B00027B1013FDDE902031946EEE7314604A8DD
:1029C00000F089FC04A813F06DFD022805D93B46F0
:1029D0003A4604A94846FFF72BFD334618EE102A65
:1029E00001214846FFF7FCFC019B2BBB314604AE9E
:1029F0007CBB4FEA4B07404613F0F8FC042307F07A
:102A00000207199A47EADA171370012F16D11649EF
:102A10000224284613F0EAFC199B314618EE900A6E
:102A20009C7013F0E3FC0423199A002053700DB03E
:102A3000BDEC028BBDE8F08F04A9D9E7022F01D1CC
:102A40000A49E5E7032F01D10949E1E72C70012488
:102A5000E2E70849404613F0C9FC0023199A2B709D
:102A600002231370D8E700BF9D880020936A0020DE
:102A7000956A00209A880020421E01390830002300
:102A800010B512F8014FDB0143EA5403824201F80A
:102A9000013F137803F00103F3D110BDF0B589B005
:102AA0000D460C242A2701A904AEFFF7E5FF0023F9
:102AB0008DF81D30002201A910460B78013243EA3F
:102AC0000023092A9BB2B3FBF7F007FB103301F890
:102AD000010B98B2F1D1002100F0CAFC3055013C45
:102AE000E8D2304600F0E8FB0146284613F07EFCB1
:102AF00009B0F0BD7FB50C4601A9FFF7BDFF01A8E5
:102B00000022661C10F8015B05F00F0329099F2DB8
:102B10008CBF37313031092B04F812108CBF37339A
:102B2000303306F812300132092AEBD10023A374A6
:102B300004B070BD02292DE9F34104460D467CDD49
:102B40003F4B404918689B8800902046ADF8043000
:102B500000F0F8FB002849D06B1F022B46D83A4BF7
:102B6000211D0DF103001A889B78ADF800202A1F63
:102B70008DF8023009F07EFD02219DF8000000F082
:102B8000A3FC042180469DF8010000F09DFC052176
:102B900007469DF8020000F097FC032106469DF8C9
:102BA000030000F091FC032105469DF8040000F0AD
:102BB0008BFC032104469DF8050000F085FC48EAE3
:102BC000070333432B432343034336D4242303FB1C
:102BD00008770A2303FB07661B2303FB065503FB49
:102BE000054403FB040002B0BDE8F081174920460C
:102BF00000F0A8FB68B1A07800F08EFB48B1072D6B
:102C000007DC5123AA1EA11C8DF800300DF1010034
:102C1000B0E7A07800F07AFB28B1062D03DC2A4645
:102C200021466846A6E7607800F070FB0028A3D034
:102C3000052DA1DC2A462146E8E74FF0FF30D2E718
:102C40009C7300205B890020578900206089002048
:102C50002DE9F34100240F4632490546147016460B
:102C600000F096FB002856D12F49284600F090FB33
:102C7000002852D12D49284600F08AFB00284ED169
:102C8000284613F00FFC2A4904468046284600F0E7
:102C900059FB68B1072C0BD82846FFF769FB0028C1
:102CA00002DA4FF0FF3000E0033002B0BDE8F081FF
:102CB0002049284600F056FBA8B10123A4F10208E0
:102CC000337041462846FFF735FFB0F1000811DBAD
:102CD0000023294638461A46FFF7AAFB0028E0D011
:102CE00015484044E1E71549284600F03BFB002821
:102CF000E3D1E6E7033C082CD3D8002301AA2946F8
:102D00003846FFF795FB0028CBD000230C483370E2
:102D1000019B1844C9E72046C7E70120C5E7022008
:102D2000C3E700BF388800204F8900209A88002020
:102D30005389002066890020E87C5F0063890020B9
:102D4000E87C1F002DE9F74F16469A460F460DF115
:102D50000602054630460C9CFFF77AFF81460DF1CE
:102D6000070239465046FFF773FFB9F1000F80465E
:102D7000C0F2EE80002803DA022003B0BDE8F08F35
:102D80007449304600F0EEFA30B17349304600F035
:102D9000E9FAE8B10320F0E76E49504600F0E2FAA4
:102DA0000028F2D101272F21504613F0DCF96B499E
:102DB0008346304600F0ECFA90B96949304600F09D
:102DC000C1FABBF1000F0DD1FCB947F6916462E086
:102DD0006149504600F0C6FA0028DBD10227E2E73D
:102DE0000120EEE7ABEB0A03012BEDDD0028EBD071
:102DF0005849584600F0CCFA0028E5D156495846C3
:102E000000F0C6FA0028DFD1B6E72378002BDCD02B
:102E10005449204600F0BCFA002840F08680524910
:102E2000204600F0B5FA002840F082804F49204645
:102E300000F0AEFA00287ED152224121207800F025
:102E400078FA00285AD052224121607800F071FAB5
:102E5000002853D0A07800F059FA00284ED0E0782E
:102E600000F054FA002849D023786278413B413A77
:102E700003EBC3035B009BB21344A278E47803EB3B
:102E80008303303A303C5B009BB2134403EB830373
:102E900004EB4304A4B29DF8063030462E4943EAC1
:102EA00049099DF8073043EA480800F05BFA00281A
:102EB00044D049F001094FEA59530020FF002B701C
:102EC0004FEA593347EA84176B704FEA59136F7210
:102ED000AB704FEA986343EAC903EB704FEA98433B
:102EE0002B714FEA98236B714FEA9803AB71A30AD9
:102EF00043EA8813EB71A3082B723EE72378032182
:102F0000522B0AD1601C00F06EFA00F5FD443334F8
:102F10006FEA44446FEA5444BCE7204600F063FA89
:102F200000F5FD40333084B2B5E747F69264B2E76E
:102F300047F69364AFE747F69464ACE7054930463B
:102F400000F010FA0028B6D049F001090227B2E7D4
:102F5000012012E766890020638900209A880020FA
:102F6000538900209D880020936A0020956A0020E4
:102F70002DE9F041064690B0884610463049154686
:102F800000F0E0F900283DD0EA1C00230C2108A83D
:102F900003920793CDE9053300F00AFA2846FFF7BC
:102FA000E7F90028039A08DB264B09210DF11700E9
:102FB000059300F0FDF9024606E0234B19889B7843
:102FC000ADF814108DF816300BAF0C2108A800F0E6
:102FD000EFF914210246384600F0EAF99DF81F3057
:102FE0003BBB9DF82B3033BB9DF83F302BBB0478A7
:102FF00064B129463046FFF75CFC0446204610B019
:10300000BDE8F0812A460C2105A8D2E708AB05AA45
:10301000414630460097FFF795FE0028EED008ABFA
:1030200005AA414630460097FFF76CFB0028E0D127
:10303000E4E70124E2E70224E0E70424DEE700BF3E
:103040005389002043512000926200202DE9F04F67
:1030500090F801C09946037887B04FEA4C3CC67897
:1030600090F809A088464CEA435C83781146CAF37D
:10307000C2024CEA431C437990F804B002934CEA34
:10308000D60C8379C4790393037A4FEA5C000592E6
:1030900004930023DDE910572B7089F800300B7082
:1030A0004346CDE90017C6F3C001FFF707FA002831
:1030B00075DBB106029B059A01F0E05141EA8B41B4
:1030C00041EA941141EA8321039B41EA83007B1C7E
:1030D00001F001014008CDE900934346FFF7EEF906
:1030E00000285EDBA102049AC4F3401301F4F84106
:1030F00041EA820147F6906241EA9A11914228D84A
:103100002BB1294B1A889B782A8005F8023F0A24A4
:103110000020B1FBF4F304FB13119BB22871303192
:10312000B3FBF4F204FB1233E97012213033AB70BD
:10313000B2FBF1F301FB132241326A70B3FBF1F2EF
:1031400001FB123341332B700523BB7007B0BDE880
:10315000F08FA1F5FD41A1F11102032A13D8DFE898
:1031600002F002060E10002001232870EDE70F493F
:10317000284613F03BF902230020BB70E6E70C4918
:10318000F6E70C49F4E713B1522305F8013B01239C
:1031900002223339284600F044F90623ECE70120E7
:1031A000D4E70220D2E700BF906A00209D8800206B
:1031B000936A0020956A00202DE9F0411E46904652
:1031C0004FF6FF7300228EB0074688F80020B380C8
:1031D000F3803280B27033810391FFF771FA039963
:1031E000054608284BD8DFE800F03B4A4A4A424AE5
:1031F000054A31000CAC0DF1220305AA38460196B0
:103200000094FFF723FF05460DF1220705A940466C
:1032100000F0C5F80023B380A7B11A4900F0BFF849
:10322000A0EB08033946F38000F0B9F854B12378D5
:1032300043B1144900F0B3F8A0EB080321463381F1
:1032400000F0ADF828460EB0BDE8F0810CAC0DF1F1
:10325000220305AA384601960094FFF765FBD2E7E2
:103260000024384605A92746FFF718FCCEE70024BE
:10327000384605A927462546FFF73CFCC6E7052545
:10328000E0E700BFA1730020034601301A788A42AC
:10329000FAD01846704738B504460D4613F002F9C7
:1032A00000212318A34203D013F8012CAA4200D016
:1032B00038BD03F8011DF5E7034607B5184601338D
:1032C0000278202AFAD020210190FFF7E4FF01982C
:1032D00003B05DF804FB70B505460E4611F8013BDE
:1032E000202BFAD0304613F0DDF8441E631C02D0C8
:1032F000335D202B08D02846621C3146254412F04D
:1033000064FF00236B7070BD013CEFE73038092883
:103310008CBF00200120704700F0DF0041381928E1
:103320008CBF002001207047A0F120035842584173
:103330007047884204D390428CBF00200120704720
:103340000020704713B504460846019113F0AAF80F
:1033500001990246204612F0CDFEB0FA80F04009F5
:1033600002B010BD70B50D46064613F09BF804463A
:10337000284613F097F8241A024607D42946301934
:1033800012F0B8FEB0FA80F0400970BD0020FCE7F2
:1033900008B513F021F8B0FA80F0400908BD0139F2
:1033A00011F8013F0BB90370704700F8013BF7E7D4
:1033B00038B50B461446254615F8012B12F0DF01EF
:1033C00009D123EAE37209F0EFF9204601340378CA
:1033D000202BFAD038BD012B2C46C4BF03F1FF339C
:1033E00000F8012BE7E7F0B503782D2B14D0A3F1FB
:1033F0002B0200255342534100220A2602E006FB1D
:10340000024201338B4204DAC45C303CE7B2092F3C
:10341000F5D925B91046F0BD01231D46ECE752420F
:10342000F8E7002930B500F1010417DA2D234942ED
:10343000037000200123013A0A25824214DC0A208D
:10344000B1FBF3F203FB121102F13005B3FBF0F311
:1034500004F8015B002BF3D1237030BD13B12B2393
:103460000370E6E70446E4E76B430130E5E700005C
:103470000B1F012B07D900B3032900F1FF300AD03D
:10348000092807DC01E0092802DC3030C0B27047AF
:10349000052914D00A38192801DC4130F6E71A381A
:1034A00021B904280BDC074B185C7047012906D1B1
:1034B000002814BF5F202F207047202070475F2016
:1034C000704700BF886A00200B1F012B10B50DD973
:1034D000202845D003294FF001020CD0A0F1300381
:1034E000DCB2092C04D81344184610BD0022F5E7BD
:1034F00005291FD00A32A0F14103DCB2192CF2D900
:1035000002F11A0329BB2F2812D82A2812D92B38E6
:1035100004280FD801A151F820F000BF35A8000001
:1035200081A8000087A800008DA8000093A80000D3
:103530003F280BD04FF0FF33D6E702F11B03D3E750
:1035400002F11C03D0E702F11D03CDE702F11E03D7
:10355000CAE70129EED12F2818BF4FF0FF33C3E788
:103560000023C1E74FF0FF30704700207047002074
:103570007047704770470000034B00221A60012219
:10358000024B1A60704700BF34E30120DCE10120E8
:1035900070470A2008F076BD2DE9F0413C2440F246
:1035A0006D184FF0640C4FF4C87EB0FBF4F3B3FB1E
:1035B000F4F104FB130004FB113310701820537056
:1035C000B1FBF0F300FB131107209170191DB1FB43
:1035D000F0F0C0EBC000091A002001310446D170A0
:1035E000C6B206F2B27111F0030741D191FBFCF5AE
:1035F0000CFB1515002D3ED191FBFEF50EFB1515AC
:10360000002D14BF45464FF4B7752C440130A3423A
:10361000E6D264209671B1FBF0F600FB16164FF46B
:10362000C870B1FBF0F500FB15113FBB4EBB002984
:1036300040F26D1008BF4FF4B7701B1BDFF858C085
:10364000034400200128C5B21ED107BB0EBB0029D0
:1036500014BF1C241D249C4204D801301B1B0C28C1
:10366000F0D105460135013355711371BDE8F08184
:1036700040F26D15C9E74FF4B775C6E740F26D101B
:10368000DBE74FF4B770D8E710F80C40E3E71C24F1
:10369000E1E71D24DFE700BF3D67002070B5074C60
:1036A00006460D46D4E900238B4208BF824204D06F
:1036B000034AFFF771FFC4E9006570BD38B7002009
:1036C00064F10120074B084A1860084B1B6803444B
:1036D00013600222064B1A70064B1A68064B1A60DA
:1036E000704700BFEC1C0120D80C012004A2002070
:1036F0008BF10120D0ED0120D00C0120F8B5184845
:103700000025184C03682268174F3968561CC91ADF
:10371000B1F57A7F13D20DB103602260134D236897
:103720002A689A4208D8124B1B682BB1984750EA76
:10373000010309D0FFF7C6FF20680021F8BD03F59B
:103740007A7332460125E0E70A4A23681268134477
:10375000094A2B601378003B18BF01231370EBE775
:10376000D00C0120EC1C0120D0ED0120D80C012050
:1037700064E1012004A200208BF1012008B5FFF7CD
:10378000BDFFFFF78BFF014B987808BD64F1012066
:1037900008B5FFF7B3FFFFF781FF014B587808BD6D
:1037A00064F1012008B5FFF7A9FFFFF777FF014B90
:1037B000187808BD64F10120034B1860034B1A68A8
:1037C000034B1A60FFF79ABF64E10120EC1C012053
:1037D000D80C012010B5044608F044F8204610BD6E
:1037E000024A0349034810F0B9BE00BF2CA20020D2
:1037F00021AB0000D81E012013B50446084659B17C
:10380000019112F04FFE23680246019920465B6841
:1038100002B0BDE81040184702B010BD002070474C
:10382000002070470368C9B21B68184700290CBF05
:103830000A232A2303727047F8B5037A0E461F4CF9
:1038400001275B000546090A204684F8A53084F864
:10385000307184F82F71FFF7E5FF31462046FFF7FE
:10386000E1FF0021204607F01FFC08B10020F8BD51
:103870003B460222297A204607F088FC0128F5D928
:1038800094F8A23094F8A32093423BBF591C1B1913
:103890004FF0FF3084F8A21038BF987E94F8A23021
:1038A0000002934237BF5A1C4FF0FF3384F8A22026
:1038B000E41838BFA37E1843D9E700BF449E002018
:1038C0002429034670B508BFC28001261B7A0D4625
:1038D0000F4814465B00090A80F8306180F8A53073
:1038E00080F82F61FFF79EFF29460948FFF79AFFEE
:1038F0000748210AFFF796FF21460548FFF792FF88
:103900003146034807F0D0FBB0FA80F0400970BDA3
:10391000449E00202DE9F04104465B480E461746C0
:1039200015F080FA052008F0ADFB06212046FFF7D0
:1039300083FF46B1B02806D10023012523716572AB
:103940002846BDE8F0814FF0010844F260023021C2
:10395000204684F80480FFF7B3FF05460028EFD027
:103960006C2226212046FFF7ABFF4FF4F972282185
:103970002046FFF7A5FF40F622722C212046FFF7D4
:103980009FFF44F246423C212046FFF799FF40F258
:10399000371224212046FFF793FF002E6AD03B4BBD
:1039A000342120469E428CBF42460022FFF788FF0A
:1039B00007EE907A32212046B8EE677A07EE906AD9
:1039C000F8EE676AB7FBF6F2C7EE267A02F01F023E
:1039D00007EE102AB8EEC77A77EEC77A9FED2C7AF9
:1039E00067EE877AFCEEE77A17EE903AC3F30A03A4
:1039F00043EAC222FFF764FF44F2FF52302120461F
:103A0000FFF75EFF732202212046FFF759FF4FF4B4
:103A1000C87008F037FB41F61D522E212046FFF7F3
:103A20004FFF56B3072204212046FFF749FFB0227B
:103A300006212046FFF744FF10220A212046FFF707
:103A40003FFF00220E212046FFF73AFF43F63C429B
:103A500010212046FFF734FF47F67F7222212046CF
:103A6000FFF72EFF362224212046FFF729FF0123EE
:103A7000637265E744F2FF02C0E704222046114664
:103A8000FFF71EFF3022D3E7449E0020406603016B
:103A900000000045014A0021FFF73CBF0040C40A76
:103AA00010B5044669B955222021FFF709FFD0B1AE
:103AB000E28842F0040220462421BDE81040FFF7CE
:103AC000FFBE01290FD140F273122A21FFF7F8FE41
:103AD00048B1882220212046FFF7F2FE18B1E28883
:103AE00022F00402E7E7002010BDF8B51F460546A6
:103AF0000E461446FFF7A0FE20EA0703314628468B
:103B00001C432246FFF7DCFE002814BF204600209D
:103B1000F8BD38B5044679B9012347F67F722221F2
:103B20000371FFF7CDFEE288242142F01002204607
:103B3000BDE83840FFF7C4BE8029037994BFC1F1C6
:103B4000800500253BB10023C288242122F0100209
:103B50000371FFF7B5FE45EA05222221E7E70000E1
:103B60009FED057ADFED057AE0EE077AFCEEE77A65
:103B700017EE901AFFF7CDBF00000143EE7CFF3E29
:103B8000272938B5054617D928390322490042F4B8
:103B9000B87228462F2996BF03230F24B1FBF3F4F4
:103BA0002A21FFF78DFE90B144EA04122846202115
:103BB000BDE83840FFF784BE1D2902D91E39022214
:103BC000E4E7132986BF143901220022DEE738BD5D
:103BD0000F2928BF0F210F2A28BF0F2242EA011206
:103BE0002021FFF76DBE0D2938BF0D211F2928BFE9
:103BF0001F2108B541EA012241F61F732E21FFF76C
:103C000074FF80B208BD08B5012203230E21FFF71F
:103C10006CFF80B208BD000037B502AB03E90600B7
:103C2000C27C0B46002A39D072B6C27CD10708D5B7
:103C30004FF0E0244569D4F8801129408162C4F82E
:103C40008011950708D54FF0E0248569D4F88411D8
:103C50002940C162C4F88411540708D54FF0E0240C
:103C6000C569D4F8881129400163C4F88811110787
:103C700008D54FF0E024056AD4F88C11294041633F
:103C8000C4F88C11D20608D54FF0E021446AD1F86F
:103C9000902122408263C1F8902162B682689342EB
:103CA00026D01C4A836092691B49C2F30114C2F3F7
:103CB000826251F824400132B4FBF2F12BB38B4203
:103CC0000BD8B1FBF3F2B1FBF2F18B4200D201321F
:103CD000B2F5817F03D2022A03D8002302E040F22A
:103CE0000112931E59080A0442EA01221343C360D9
:103CF000036800221A6103225A62C2681A64019A98
:103D00001A6601221A6103B030BD9442EAD30A4612
:103D1000DDE700BF00C00F40BC320020024A03496B
:103D2000034810F01BBC00BF2CA2002021AB0000F8
:103D3000201E0120024A0349034810F00FBC00BFB7
:103D40002CA2002021AB0000881D0120024A03495B
:103D5000034810F003BC00BF2CA2002021AB0000E0
:103D6000B01D0120024A0349034810F0F7BB00BF11
:103D70002CA2002021AB0000281E0120024A03498A
:103D8000034810F0EBBB00BF2CA2002021AB0000C9
:103D9000301E01202F4B70B51A6819792E4B12690D
:103DA000D9772E4B9A4251D22D4A127822B14FF038
:103DB000E0224021C2F808122A4C2268002A44D08E
:103DC000294D2A88402A40D81846BFF34F8F03F563
:103DD000007603F12001B1428CBF012110214FF088
:103DE000E02603EB4111C6F85C0F20308842FAD17F
:103DF000BFF34F8FBFF36F8F02F1400102320833E0
:103E000029801A4925680868194905EB420500EB25
:103E100042000C68174904EB4204096801EB4201B7
:103E2000002233F9086C083325F8126033F90E6C60
:103E300024F8126033F90C6C20F8126033F90A6C24
:103E400021F812600132402AEBD170BDA3F5007356
:103E5000B2E700BF481E012000800E40A0CB242006
:103E600092F10120501E012066F00120541E012015
:103E7000581E01205C1E01202DE9F341804607F009
:103E8000EDFA074607F0EAFA064607F0E7FA0546B4
:103E900007F0E4FA04462FB10EB105B190B93846E7
:103EA00007F024FB16B1304607F020FB15B1284679
:103EB00007F01CFB1CB12046002407F017FB254629
:103EC0002646274672B6294B1A887F2A31D9284AB6
:103ED00011681760274A17681660274A1668156028
:103EE000264A1568146000221A8062B64046019185
:103EF00007F024FB0199084607F0F8FA0122394639
:103F0000404607F01BFB384607F0F0FA0222314624
:103F1000404607F013FB304607F0E8FA404603221C
:103F2000294607F00BFB284602B0BDE8F04107F038
:103F3000DDBA57B10E490A685AB90F600D491A80A7
:103F40000E600D490D600D490C6062B602B0BDE80F
:103F5000F08162B6384607F0C9FA304607F0C6FA73
:103F6000284607F0C3FA2046DEE700BF66F00120CE
:103F7000501E0120541E0120581E01205C1E0120ED
:103F800070B52C4D012101242B4E284607F012FC60
:103F9000002000F067F9294A294B4FF440310320F3
:103FA000C2F89410C3F87C01C3F864010220C3F87E
:103FB0009405C3F898452B681E60224E98824FF4F2
:103FC00080705E6006F13F46A6F590369E606FF009
:103FD0000706DE601C4E1E61D8821C4ED883062068
:103FE0009E61988300202B79194E9B0003F180433A
:103FF00003F56C2318601E60164BC2F88800C2F8E7
:104000009410C2F8883007F0AFFB134B2A79187070
:10401000124B02F110011248DA76124B43F82100DC
:10402000531102F01F0203F13823944040339B00E8
:104030001C6070BD481E0120A2403840004038403E
:1040400000801F4004000101A0C9242000FCFFFFE4
:10405000130000800100009292F1012000800E40C8
:10406000E1B0000000B00020024A0349034810F00C
:1040700075BA00BF2CA2002021AB0000481E012011
:10408000024A0349034810F069BA00BF2CA200207D
:1040900021AB0000901D0120024A0349034810F0A3
:1040A0005DBA00BF2CA2002021AB0000B81D01208A
:1040B000024A0349034810F051BA00BF2CA2002065
:1040C00021AB0000381E0120024A0349034810F0CA
:1040D00045BA00BF2CA2002021AB0000981D012092
:1040E000024A0349034810F039BA00BF2CA200204D
:1040F00021AB0000C01D01202DE9F04F00F5807EAE
:10410000B1E8A00AB2E84015C5EA0643C6EA25446C
:10411000C7EA0845C8EA2746C9EA0A47CAEA294859
:10412000CBEA0C49CCEA2B4AA0E8F8078645E7D150
:10413000BDE8F04F70474FF000022DE9F00F00F599
:10414000807C00BFB1E8A00AC5EA0203C2EA2544A8
:10415000C7EA0205C2EA2746C9EA0207C2EA2948B5
:10416000CBEA0209C2EA2B4AA0E8F8078445E9D164
:10417000BDE8F00F70474FF000022DE9F00F00F599
:10418000807C00BFB1E8A00AC2EA0543C2EA050488
:10419000C2EA0745C2EA0706C2EA0947C2EA0908B5
:1041A000C2EA0B49C2EA0B0AA0E8F8078445E9D144
:1041B000BDE8F00F70472DE9F00F089C00F5007B7B
:1041C00051F8045B53F8046BC5EA0647C6EA254973
:1041D00052F8045B54F8046BC5EA0648C6EA254A5F
:1041E000A0E880078345EBD1BDE8F00F704700BF22
:1041F00010B500F58074036831FB03F231FB13F353
:1042000002F30F0203F30F03C2EA034340F8043B37
:104210008442F0D110BD70B5866905463EB931467D
:1042200007F0A0F9E0B1BDE8704007F05FB9B6F55E
:10423000803F4FF000010AD107F094F9044678B1AD
:1042400028460022214607F079F92046EBE707F0DF
:1042500095F9044620B131460430FFF7C9FFEFE776
:1042600070BD000038B52E4C0546E36F43F4402383
:10427000E3672C4B9A68002A49DBD3F88830002B7F
:1042800045DB002342F210724FF40C611C2014F045
:10429000B1FDE369244A23F4406343F40063E3611E
:1042A000A36A23F4FF7323F0010343F0CE03A36258
:1042B000536823F4002323F0070343F400235360DF
:1042C0001A4B25B90322C3F82021C3F82421032265
:1042D000012400254FF48030C3F82821114B144AE3
:1042E0001D661449DC601A61134A58619961DA61EC
:1042F000C3F8E050C3F88C4004F1E064C3F8904088
:10430000C3F89400C3F89810C3F89C2038BD002D62
:10431000FCD1064B0322C3F82021C3F82421F5E782
:1043200000C00F400040384000C00A4000801F40DD
:10433000010000471B1F0100001F1F1F024A034905
:10434000034810F00BB900BF2CA2002021AB0000E5
:10435000C81D0120024A0349034810F0FFB800BFFE
:104360002CA2002021AB0000101E0120024A0349AC
:10437000034810F0F3B800BF2CA2002021AB0000CE
:10438000601E0120024A0349034810F0E7B800BF4D
:104390002CA2002021AB0000681E0120524B1A689D
:1043A0002DE9F3411268514C1979A242504BD9774B
:1043B0006AD2504B1B7823B14FF0E0234022C3F860
:1043C0000822DFF86481D8F8001000295FD04A4B3A
:1043D00004311B8801EB4301484F3A68002A58D04A
:1043E000474B04321B8802EB4302464E3368002BD6
:1043F00051D045480433008803EB4003434D2868FF
:1044000000284AD0DFF808C10430BCF800C000EB37
:104410004C0000902046FFF7CEFEBFF34F8F04F113
:10442000200204F50073934234BF012310234FF0A0
:10443000E02204EB4313C2F8704F20349C42FAD1BF
:10444000BFF34F8FBFF36F8FD8F8000020B12A4B16
:104450001A8822BB40221A80386820B1284B1A885B
:104460003ABB40221A80306820B1274B1A884ABBD9
:1044700040221A80286820B1254B1A885ABB402256
:104480001A8002B0BDE8F081A4F5007499E72149D3
:10449000A2E7204AA9E71F4BB0E71E48B9E700246E
:1044A0001C8007F023F81C4B1A681C60C8F8002019
:1044B000D2E700241C8007F019F8184B1A681C601A
:1044C0003A60D0E700241C8007F010F8144B1A68FB
:1044D0001C603260CEE700241C8007F007F8114B07
:1044E0001A681C602A60CCE7A81E0120A0CF2420F7
:1044F00000800E4093F1012068F00120901E012001
:104500006AF00120981E01206CF00120A01E0120FD
:104510006EF00120D42E00208C1E0120941E01205C
:104520009C1E0120A41E0120881E012038B50021F8
:10453000044607F017F8034640B172B637490868D9
:10454000002830D10B60364B188062B6012120461E
:1045500007F008F8034640B172B6324908680028EF
:104560002FD10B60304B188062B60221204606F036
:10457000F9FF034640B172B62C49086800282ED1D5
:104580000B602B4B188062B60321204606F0EAFF31
:1045900040B172B627490B68002B2ED1264A08601D
:1045A000138062B638BD254A15680DB91360CCE793
:1045B000136000221A4B0D601A8062B606F096FF57
:1045C000C4E71F4A15680DB91360CDE713600022D8
:1045D000154B0D601A8062B606F088FFC5E7194AD0
:1045E00015680DB91360CEE713600022104B0D6003
:1045F0001A8062B606F07AFFC6E7134A14680CB94F
:104600001060CEE710600C6000210B4A118062B68A
:104610001846BDE8384006F069BF00BF881E01207B
:1046200068F00120901E01206AF00120981E0120F0
:104630006CF00120A01E01206EF001208C1E0120D4
:10464000941E01209C1E0120A41E012070B5314D36
:1046500001210024304E284607F0ACF82F4B2146AC
:104660004FF480621C6030462D4B1C602D4B1C604B
:104670002D4B1C6008F098F82046FFF7F3FD2B4AFD
:104680004FF440312A4B03205161C3F88001C3F835
:104690006C012B6827481E60274EC3E9016027483C
:1046A0006FF00706D86026489E6118610420988242
:1046B0004FF48070D882D8830620988328798300AD
:1046C00003F1804303F56C231C601E4C1C601E4BE1
:1046D000D876D2F8883043F01043C2F888301B4BAC
:1046E0009360516107F040F82A79194B02F11001EB
:1046F0001870184B184843F821005311012102F09B
:104700001F0203F1382301FA02F240339B001A60C2
:1047100070BD00BFA81E0120A0CD2420881E01204E
:10472000901E0120981E0120A01E0120004038404C
:1047300000801F4004E0FF7F0200010100FCFFFF3A
:10474000224038401400008000800E40010000909C
:1047500093F1012000B00020E9B60000024A0349AD
:1047600003480FF0FBBE00BF2CA2002021AB0000CD
:10477000A81E0120024A034903480FF0EFBE00BF04
:104780002CA2002021AB0000D01D0120024A0349C9
:1047900003480FF0E3BE00BF2CA2002021AB0000B5
:1047A000701E0120024A034903480FF0D7BE00BF24
:1047B0002CA2002021AB0000B01E012010B5054C3A
:1047C00004F1080007F04EF82046BDE8104007F05D
:1047D00049B800BFD81D012010B5084C0021204663
:1047E00006F0E8FF04F10800002106F0E3FF044AA8
:1047F00004490020BDE810400FF0B0BED81D0120D4
:104800002CA2002009BB0000024A034903480FF014
:10481000A5BE00BF2CA2002021AB0000401E01203D
:10482000024A034903480FF099BE00BF2CA20020A2
:1048300021AB0000781E0120024A034903480FF013
:104840008DBE00BF2CA2002021AB0000801E0120E5
:10485000024A034903480FF081BE00BF2CA200208A
:1048600021AB0000E81D0120024A034903480FF074
:1048700075BE00BF2CA2002021AB0000181E012035
:1048800038B590F8611190F86041CBB2A14214D0D4
:1048900090F8621101330022994298BF002300EB87
:1048A0008304DBB2A56980F86131294606F046FE33
:1048B000284606F01BFE0023A36138BDD0F858310E
:1048C00010B504467BB990F86331012B07D006F090
:1048D000C5FDC4F8580130B90AF0F4F8F7E706F05E
:1048E000BDFDC4F85801D4F8580100B1043010BD22
:1048F000D0F8581110B501B390F8603190F86221EA
:1049000001339A4298BF002390F86321012A0ED008
:1049100090F861219A42FBD09A1DDBB240F8221038
:1049200080F860310023C0F85831184610BD90F867
:1049300061419C42F0D11046F8E70846F6E72DE9C0
:10494000F04705460F461446FFF7B8FF0646D5F870
:104950005C91C9F18008A04528BFA0468EB1B9F18D
:104960007F0F0CD92846FFF7C3FF40B9C5F85C019B
:104970002846FFF7A3FF0646002CE8D100E01CB94B
:1049800000242046BDE8F0874FEA480A394606EB86
:104990004900A4EB08045246574407F06BFED5F8D3
:1049A0005C3143447F2BC5F85C31E5D92846FFF7DD
:1049B0009FFF0028E5D1C5F85C01002CE0D0284617
:1049C000C2E710B50021044606F0CCFDB8B194F85A
:1049D00066331BB9BDE8104006F088BD94F8643317
:1049E00094F865130133D12BA8BF00239942F1D06D
:1049F000991DDBB204EB8101486084F8643310BD7B
:104A000090F8641390F86523CBB29142D0B238BFCE
:104A1000D133181A704738B50546D0F8600320B175
:104A200006F064FD0023C5F8603395F86543E4B2F1
:104A300095F86433A34203D1E4B285F8654338BDE9
:104A40000134D12C28BF0024A31D05EB8303586833
:104A500006F04CFDECE7D0F8602310B5B2B990F841
:104A6000651390F86443CBB2A1420DD00133D12B32
:104A700028BF00239A1DDBB200EB8202526880F847
:104A80006533C0F860230432104610BD0022FBE7F6
:104A900010B50446D0F8600320B106F027FD0023CE
:104AA000C4F8603310BDC38B89B21B0406D4C1F3B4
:104AB0000E01C183C38B9BB2C3827047C38BC1F30A
:104AC000080103F47E430B43C383F3E743682DE9F6
:104AD000F047D3F80080B8275968D8F8002022EAB8
:104AE00001027B49C8F800208A6922F0E05222F0D6
:104AF000300242F0006242F010028A61057C754A81
:104B000003EB050C03EB85059CF8101002EB01117B
:104B100089680F60447C1E190A3496F8241002EB51
:104B2000011189680F6090F812A003EB0A0E9EF83D
:104B3000389002EB0919D9F80890C9F80070596843
:104B4000D8F800700F4303EB8A01C8F800706F6952
:104B50009CF8105002EB05156D682F6053F8245037
:104B600096F8244002EB041464682560C96B9EF833
:104B7000384002EB0412526811609A6C9EF844109F
:104B800011601A6A9CF81C105B6B116096F830205B
:104B90001A60022203681A610F229A65C37C002BF7
:104BA00039D072B6C37CDC0708D54FF0E0214469E8
:104BB000D1F8802122408262C1F88021990708D56E
:104BC0004FF0E0218469D1F884212240C262C1F80B
:104BD00084215A0708D54FF0E021C469D1F8882113
:104BE00022400263C1F888211F0708D54FF0E02159
:104BF000046AD1F88C2122404263C1F88C21DE0680
:104C000008D54FF0E022416AD2F890310B4083631F
:104C1000C2F8903162B6304983688B4226D02C4B63
:104C200081609B692D4AC3F30114C3F3826352F878
:104C300024200133B2FBF3F2294B9A420BD9B2FB89
:104C4000F1F3B2FBF3F28A4288BF0133B3F5817FFF
:104C500003D2022B03D8002302E040F20113023BEF
:104C600059080A0442EA01221343C3600368002280
:104C70001A6103225A62C2681A6407221A66012264
:104C80001A61C37C13B3DD0704D5816A4FF0E022BB
:104C9000C2F800119C0704D5C16A4FF0E022C2F8A7
:104CA0000411590704D5016B4FF0E022C2F8081136
:104CB0001A0704D5416B4FF0E022C2F80C11DB0655
:104CC00004D5826B4FF0E023C3F81021BDE8F087D4
:104CD00000C00F403C3A002000093D00BC320020DB
:104CE000FF083D0070B5D3B1046840F2012525618D
:104CF0001C46A9B111F8015B0668013B75660568A1
:104D00002E6FB60704D46D6F0AB102F8015B013C47
:104D100005686D69ED07F2D5002BEAD11CB970BDAD
:104D200090F83C50E8E70368196F8907F6D45B6F89
:104D30000AB102F8013B013CF0E743681A681168C8
:104D40005A68114210B504461AD002680021116158
:104D50000521027C1344187C07F0DCF9627C63684F
:104D60000521134493F8240007F0D4F96368A27C6A
:104D700005211344BDE8104093F8380007F0CAB984
:104D800010BD00002DE9F041876C0446194B3D79B8
:104D9000DD77406C06791E771D77226CAAB1B2F5DB
:104DA000004F08D3A2F5FF427F3A124B2264DD7612
:104DB000DE76BDE8F08111460068FFF774FE11460B
:104DC00038680022FFF76FFEEFE723680F21E06CE1
:104DD000996540F20131DA6119614FF47C515961F2
:104DE0000323114684F83D300368BDE8F0411B6899
:104DF000184700BF00800E40024808B5FFF7C2FF09
:104E000008BD00BFC89D002000207047704700000B
:104E100037B505460C4607F0C9FE1C4B984204D82E
:104E200000232B80238003B030BD694606F05CFF71
:104E30009DF806209DF80510503A9DF8043092B276
:104E40007F2A1ED80131C9B20C291AD81F2B18D8B5
:104E500043EA411343EA42239BB29DF802102B80A0
:104E600017299DF801309DF800200CD83B2B0AD85B
:104E70003B2A08D85B0143EAC12343EA52039BB2B1
:104E8000D0E70023E9E70023CCE700BFFFA5CE125F
:104E900010B5044640F2D44107F0AAFC204610BDEC
:104EA0000A46D0F8841400B58FB059B10023684683
:104EB000009302F022FC10B1684602F0B2FA0FB083
:104EC0005DF804FBD0F888040028F8D00B460C915C
:104ED0000146684600F08FFE08B90020EFE76846FB
:104EE00000F060FF0028F8D0E9E7D0F8843430B54E
:104EF0000D4691B014468BB1002203F5896102A8DA
:104F0000134602922A46019102F0A8FB019918B1BA
:104F1000224602A802F002FD11B030BDD0F888048C
:104F20000028F9D000F589612A4602A80E93019164
:104F300000F0FEFD019908B90020EDE7224602A825
:104F400001F0C6F80028F7D0E6E70A46D0F8841446
:104F500000B58FB061B1002368460093012302F0D1
:104F6000CCFB10B1684603F03FFA0FB05DF804FBCC
:104F7000D0F888040028F8D00C9101230146684637
:104F800000F039FE08B90020EFE7684600F0C4FEE3
:104F90000028F8D0E9E70A46D0F8841400B58FB0AD
:104FA00051B1002301F5896168460093012302F0A5
:104FB00063FC0FB05DF804FBD0F888040028F8D03B
:104FC0000C91012300F58961684601F022F8F0E7B1
:104FD0000A46D0F8841400B58FB039B10023684672
:104FE000009302F08AFB0FB05DF804FBD0F8880450
:104FF0000028F8D00B460C910146684600F0FBFDF6
:10500000F1E7D0F880342BB19B794FF400709840D1
:1050100080B27047D0F8840408B1D0F83C047047DF
:10502000034690F8D00410B588B1D3F88424181D35
:1050300032B1D469013CFFF7E4FFA4FB000110BDCD
:10504000D3F88844002CF6D0D4F83044F3E7014676
:10505000F5E770B50546D0F88C0488B90026D5F878
:10506000800440B303F0BAFE04463EB1D5F88C0488
:1050700088B1036800215B6C984760B1204670BD21
:105080000368DB6B98470028E8D0D5F88C0420B97A
:10509000D5F88C0438B90024F0E703681B6C9847F6
:1050A0000028DBD1F4E7036801215B6C98470646D2
:1050B0000028D4D1EFE7D5F884040028D4D001F03B
:1050C00015FFD1E738B590F8D044B4B1D0F88434A6
:1050D000051D5BB1DC69013C2846FFF7BAFF241AC5
:1050E0002846FFF78EFFA4FB000138BDD0F88844A6
:1050F000002CF1D0D4F83044EEE720462146F4E706
:1051000070B5FF2300F59265044680F8C81480F856
:10511000BC34284605F01AFA2846C4F88C5404F02A
:1051200093FD40B90123D4F88C1420461A46BDE8FB
:10513000704003F0E3BF002070BD70B58AB0044634
:1051400001A804AE07ADC4F8C43480E80E00BDF871
:105150000420A4F8BC24029AC4F8C02407C886E836
:105160000B0004F29C4685E80B00304695E80E00E3
:1051700004F05EFC94F8AD34C4F88C6443B90123A8
:10518000314620461A460AB0BDE8704003F0B6BF6B
:1051900000200AB070BD1FB590F8BC24FF2A06D1CC
:1051A00090F8C814FFF7ACFF05B05DF804FBD0F829
:1051B000C024D0F8C434B0F8BC14CDE9022304AB49
:1051C000ADF8041013E90E00FFF7B7FFECE7F0B5F8
:1051D000D0F890548FB007461DB9002420460FB078
:1051E000F0BD2A6828460193D2699047B0F5405F28
:1051F0000446F2D94FF400700FF046FD0646002831
:10520000EBD0B4F1806F0246294603A8019B0FD969
:1052100001F038FA044630460FF03EFD002CDCD099
:105220002B6828461B6A9847381DFFF7B4FFD5E75F
:1052300003F056FBEEE7000030B5D0F8905485B08F
:10524000044625B9002084F8D00405B030BD90F89C
:10525000D02490F8D13482B3FE2B09D094F8D20434
:1052600036280ED806F044FF003818BF0120EAE7C0
:105270002B6828465B6D9847421CEFD038B101205F
:10528000E1E72B68694628469B6C9847DBE794F872
:10529000D134FE2BD6D103212E2006F03BFF1A4934
:1052A0001A4B48681A4A1B68B3FBF2F303EB8303FB
:1052B0004A68121A9342FBD8C4E7FE2B1AD1154B49
:1052C0009B689B03BED5201DFFF765FF0028D6D144
:1052D00003212E2006F01EFF0B490C4B48680C4A98
:1052E0001B68B3FBF2F303EB83034A68121A934281
:1052F000FBD8A7E790F8D2043628E4D806F0F8FEE9
:105300000028E0D19EE700BF001000E0C09B002015
:1053100040420F000080004230B50D46044685B083
:105320001C4805F02DFCFE2D84F8D1541ED14FF001
:105330000001201DFFF7E4FE2E2384F8D00484F83A
:10534000D23488B91846032106F0E4FE1249134B03
:105350004868134A1B68B3FBF2F303EB83034A6804
:10536000121A9342FBD8002005B030BD362DFAD872
:1053700000230C4A8DF80450201D8DF80530CDE92E
:10538000022304AB13E90E00FFF7D7FE84F8D00424
:10539000EAE700BF5DC10000001000E0C09B0020F4
:1053A00040420F0040787D011548164A164BC0F860
:1053B0009424164A03600023C0F8A8240722C0F8EA
:1053C0008434C0F88834C0F89034A0F89C34C0F815
:1053D000AC24292280F8B53480F8BC3480F8CC3471
:1053E0004FF47F4380F8B124A0F8D034FF23084A5B
:1053F0000849C0F8A02480F8D234074A0FF0AEB8AC
:10540000E007012044320020E431002000093D0083
:105410004830002059C100002CA20020F0B500F156
:10542000240385B004460F4601AD164693E80700F5
:1054300085E807007A012946206A01F0EDFC012881
:1054400006D132462946206A01F099FC05B0F0BD2C
:105450000020FBE710B5044600F03EFD002384F871
:10546000313084F8333010BD38B50D46144600F1A4
:1054700024010022006A01F082FC20B143892B80C4
:1054800003890120238038BD38B50D46144600F14C
:1054900024010022006A01F072FC20B1C3892B8034
:1054A00083890120238038BD38B50D4690F831102E
:1054B000044651B9382207F077F9402301202562CC
:1054C00084F8313084F8330038BD0020FCE7000058
:1054D000F0B40D4611F8014B202CFAD01B4F15608B
:1054E00095602E4616F8014B0CB12F2C0BD12C4693
:1054F00015F8011B2029FAD02F29F8D01C6011467D
:10550000F0BC01F067BB3C2C12D8212C06D8611EE0
:105510001E290AD9202C11D13546E2E7A4F1220137
:10552000C9B227FA01F1C9070DD50020F0BC7047B8
:105530005C2CFAD004D83E3C012CF6D99660EBE7FF
:105540007C2CF2D0FAE72E2CE5E700BF0121000504
:105550002DE9F04F2DED028B90F8333083B00446E7
:105560008946DD07164663D5580603D494F83130D2
:1055700019070BD5D4E90023D4E90410B51843F179
:105580000003A94270EB030300D28E1A04F1180342
:10559000B04608EE103A71E0206AD4E90032D0F843
:1055A00038741F40C7F3080A4FB913432CD194F83D
:1055B00031305A064CBFD0F83434E369A361D4F8D3
:1055C00020B0780AA2699BF84514951EDBF82C24BC
:1055D0008D4005EB57251544BAF1000F31D1B8F5D0
:1055E000007F2ED3DBF81C2295422AD0B8F5806FBD
:1055F0004ED2DBF814024A46294603681B699847D5
:10560000B0B14FF400772FE094F83330A1695B0616
:1056100002D50131A161D2E718EE102A01F0C9FBD1
:10562000002805DBCBD194F8313013F0500F28D18E
:1056300094F832304FF0FF3043F0020384F83230F8
:1056400021E0CAF50077002229460BF50470474592
:1056500028BF474605F066FA0028E9D000EB0A01AA
:105660003A46484607F006F8B944A8EB0708D4E9DB
:105670000032DB1942F10002C4E90032B8F1000F38
:105680008AD1A6EB080003B0BDEC028BBDE8F08F19
:1056900001238B404FEA58211B1A8B4228BF0B462F
:1056A00095424FEA43270AD9DBF8140229460268DB
:1056B000D2F814B04A46D8470028D5D1B8E7E9183F
:1056C0008A42F1D20BF50470019305F004FA019BB4
:1056D0000028E9D1ACE7F7B501220DF10701044636
:1056E0008569D0E90067FFF733FF0128A5610CBF8A
:1056F0009DF807004FF0FF30C4E9006703B0F0BD2C
:105700002DE9F84F90F831C0044616461F46D0F8F0
:105710001880BCF1000F5BD0D0E90003BB4208BF8A
:10572000904206D056EA070205D10023A361C4E9DE
:10573000006701204FE01CF0080F04D0D4E90412E8
:10574000B142BA4144D3D4F820E0751E9EF8451406
:1057500047F1FF3A0931C9B2C1F12009A1F1200294
:10576000CD400AFA09F92AFA02F2A1F1200A45EA23
:105770000905C1F12009154394F8332012F0400FB8
:1057800002D0E3692B44D1E710F1FF3B43F1FF3234
:105790002BFA01F102FA09F922FA0AF241EA0901A7
:1057A00011438D4201D3034317D11CF0400F14BFA6
:1057B000DEF83434E369A36104F11809002DB6D092
:1057C0004A46A169206A013D01F0F3FA0028F5DCA0
:1057D0000020C4F81880BDE8F88F6D1AECE70000CF
:1057E0002DE9F04F9A4690F831308DB004460E46C0
:1057F0001546002B43D191F8313013F0500F3ED0B5
:105800000AF00309B9F1030F39D009F101090AF0CF
:10581000080349EA0309002A38D017690F23002238
:1058200008460E37B7FBF3F702370023FFB2FFF746
:1058300067FF4FF0000BD846202204A93046FFF73F
:1058400087FE002800F0C380202818D19DF9101091
:105850009DF8102000291EDBBBF1000F05D1316837
:10586000A1F120030193B3690093BB453CBF0BF149
:1058700001035FFA83FB5AB9002D40F0A8804FF076
:10588000000884F8318084F833806AE00327D0E789
:1058900000208046D0E7B8F1000F27D1BB4538BFC4
:1058A0004FF0000B852AF3D138224146204606F0FE
:1058B0007BFF9DF811209DF81410012084F8302002
:1058C00001F03702C90658BF42F0080284F83120BF
:1058D000326A2262B26962623268203AA26296F843
:1058E0003320C2F3801284F82C20D2E7C02A50D192
:1058F0009DF8112084F833909307DDE9060148BF35
:1059000049F04002C4E9040148BF84F83320099AF1
:10591000DDE90A01E261C4E9020135BB1AF4006F56
:10592000ADD11AF4884F03D194F83330980705D5D8
:1059300094F83130D906A2D4DA07A0D41AF4806FD3
:105940003CD094F833309B0799D5002200232046A1
:10595000FFF7D6FE002892D0204600F08BFC0028EE
:105960008DD040460DB0BDE8F08F2A684FF000039F
:1059700029696A609DF81320AB81914288D1A88A79
:10598000BDF81420A0EB020CDCF1000040EB0C0091
:105990007FE7C12A7FF47CAF2A4604A9204601F0A4
:1059A0009DF800283FF475AFAA89002A7FF471AFF3
:1059B000D5E9011291427FF46CAFAFE71AF4804F42
:1059C000CFD02046D4E90423FFF79AFEC7E71AF4A4
:1059D000007F3FF454AF19F0020F3FF450AF002D99
:1059E0003FF44DAFBB4526D338220021204696F820
:1059F000338006F0D9FE336AC8F3801807F1FF3A06
:105A00002362082384F82C805FFA8AFA84F8313004
:105A10004FF00008009B6362019BA3622B68A5F80E
:105A20000C806B605FFA88FB5F4526D8204600F04B
:105A300053FA804695E7202204A93046FFF788FDF7
:105A400050B93046D6F8188000F067FA00283FF4C5
:105A500016AFC6F81880C5E720287FF410AFBBF159
:105A6000000F05D13268A2F120030193B3690093BE
:105A70000BF101035FFA83FBB4E70122594620468C
:105A8000FFF7CCFC064600283FF4F9AE90F9002061
:105A9000002AFFF6F4AE2022002106F085FEBBF1BD
:105AA000000F20D185233370204B84F830A086F876
:105AB00001A01B688BB10DF10B020DF10E0103A8C3
:105AC0009847BDF80C307381BDF80E3033819DF8D6
:105AD0000B30337508F10108A4E745F621437381C3
:105AE000F3817382F6E7BBF1010F0CD169F07F03FC
:105AF000C02286F801B0327084F833302B69F3701D
:105B0000AB8AB380E6E7C12306F11E0B3370AA8986
:105B10001AB9D5E901129142DCD0284605F03CF8CB
:105B200026F8020FB345F2D1D4E700BF001D0120D3
:105B3000F0B51F4697B0002305460C46019214931A
:105B4000ADF8143090F8313013B1002017B0F0BD2B
:105B500091F8311011F0500FF7D011782F291CD186
:105B6000104612F8011B2F2908D003B10190246AB6
:105B700031B921462846FFF797FCE7E70123EFE715
:105B80003822002108A806F00FFE4023109408AC2C
:105B90008DF8513001238DF8533001AB02AA0199E1
:105BA0002846FFF795FC0028CFD0019B1B78DBB17E
:105BB000002302AA21462846FFF712FE0028C4D07F
:105BC00008AE2A4605F1300C34461068083252F807
:105BD000041C3346624503C31E46F6D110681860A4
:105BE0002846FFF737FCD8E73B4602AA214628465D
:105BF000FFF7F6FDAAE719B101F58961FFF798BF34
:105C000008467047134610B490F8312062B991F8F5
:105C1000312012F0500F07D00A6812F01F0203D192
:105C20005DF8044BFFF7DCBD00205DF8044B7047C6
:105C300010B500230478CA03012B42EA5102C15C6B
:105C400011FA82F291B208D1852C14BF01220322ED
:105C500013441F2BEFD9084610BD0122F8E710B5F9
:105C6000044604F038FF58B104F5047004F033FF23
:105C700030B1D4F840040368BDE810401B6A1847EF
:105C8000002010BDF8B50446006AA16901B10131D8
:105C9000012200F0D0FF0128054602D80026304638
:105CA000F8BD01230146206A1A4601F018F806469D
:105CB0000028F3D0A26994F833302AB943F04003A6
:105CC00084F83330A561EAE7590611D44FF0FF326A
:105CD0002946206A01F0C0F80028DFD0A169002918
:105CE000F0D02A46206A01F0B7F80028EAD1D5E7BB
:105CF0000132AA42E6D023F04003E16984F8333050
:105D0000A369206A8B42E1D94F1C3A4601F0A4F8FE
:105D10000028C3D03946F3E7F8B590F8333004468D
:105D20009A0701D40020F8BDC169D1B9002501222C
:105D3000E9B22046FFF772FB0028F3D00378013563
:105D400003F07F030370EBB294F830209A42EED256
:105D50000023206A84F8313084F83330FFF77FFF66
:105D6000E1E75B06006A1AD590F84534D4E90225CC
:105D70000933013ADBB245F1FF35C3F12007A3F146
:105D80002006DA40002305FA07F725FA06F63A431B
:105D90003243013200F0A3FF0028C7D1C2E701F06F
:105DA00078F8F9E710B590F8313088B00446DB0692
:105DB00002D4002008B010BD00220023FFF7A0FC91
:105DC000202269462046FFF7C3FB48B12028F0D1C6
:105DD0009DF900209DF80030002AEADB002BEFD16E
:105DE0000823204684F8313094F8333043F002031E
:105DF00084F83330FFF790FFDCE700002DE9F34132
:105E000000270446DFF8CC803E460022F9B2204647
:105E1000FFF704FB054600283DD00378C02B44D093
:105E2000C12B21D0852B36D194F8313003F03703C4
:105E30008380D8F8003083B10DF103020DF1060123
:105E400001A898479DF80330BDF806206B75BDF892
:105E50000430AA81EB812A826B82226A92F8103286
:105E600043F0010382F81032013731462846FFF72C
:105E7000DFFE94F83020FBB206469A42C5D20122DA
:105E800004F12401206A00F07AFF20B14680206AE4
:105E9000FFF7E5FE30B994F83230002043F00103FB
:105EA00084F8323002B0BDE8F08194F833204378B2
:105EB00052064CBF43F0020303F0FD034370D4E9E4
:105EC0000423C0E90223E3694361D4E90223C0E962
:105ED0000623C2E7001D012010B590F831300446BA
:105EE0000BB9012010BD90F9332090F83330002A0F
:105EF00007DA03F07F0380F83330BDE81040FFF786
:105F00007DBF006AFFF7ABFE0028EAD194F832307B
:105F100043F0010384F83230E4E7F8B590F831300B
:105F200004465A063FD5006A01F080F8236AD3F888
:105F30003C341844B0F1806F45D22046FFF7A2FEF2
:105F4000002840D0236A0026A569012793F845243C
:105F5000023DD3F82C3495401D44206A90F8453416
:105F600007FA03F39E4220D394F831305B0615D430
:105F700094F8333063F07F0384F83330D0F83C2456
:105F8000D4E902319B1841F10001C4E90231D4E99E
:105F900004319B1841F10001C4E904312046BDE8F9
:105FA000F840FFF799BF8068C0E70522A91900F5FE
:105FB000047004F0B7FD30B14FF4007200210136D7
:105FC00006F0F2FBC9E70020F8BD10B591F83130BA
:105FD000044613F0500F1AD040F60223FFF700FCDE
:105FE000A8B11023204684F83130FFF796FF70B136
:105FF000A36920460022E3610023FFF781FBC12350
:10600000204684F83330BDE81040FFF765BF00201C
:1060100010BD2DE9F041984696B0002305460C4688
:106020000192ADF81430149390F831301BB1002078
:1060300016B0BDE8F08191F8313013F0500FF6D072
:1060400013782F2B0AD1019A13782F2B2CD0216A89
:1060500008A8FFF729FA0028E9D008AC01AB02AA8A
:1060600001992846FFF734FA0028E0D0019B1B78FD
:1060700043B3002302AA21462846FFF7B1FBB0B183
:1060800008AE2A4605F1300334461068083252F84B
:10609000041C37469A4203C73E46F6D11068386062
:1060A0002846FFF7D7F9D9E701320192CBE7B8F1DB
:1060B000000FBCD002AA21462846FFF786FF002821
:1060C000DED1B4E702AA21462846FFF77EFFAFE7FC
:1060D000F0B504469DB000200C901A9094F8310061
:1060E00010F0180F02D100201DB0F0BD206A0B6A1D
:1060F0009842F8D140F601236846FFF719FD0028C1
:10610000F1D00EAA234604F130071646186808336A
:1061100053F8041C1546BB4203C52A46F6D118683D
:1061200009AA04F12403286007CA83E807009DF840
:106130003030204684F8303094F8333063F07F03F9
:1061400084F83330FFF7C8FE0028CCD00023304657
:10615000159302238DF86B3008238DF86930FFF713
:10616000DBFDC1E72DE9F84F1F4690F831300446BA
:1061700089461B079DF828509DF82CA09DF830B04B
:106180009DF8346001D4002054E0A2F2BC721FFAE2
:1061900082F8B8F17F0FF6D87B1E0B2BF3D86B1E5D
:1061A0001E2BF0D8BAF1170FEDD8BBF13B0FEAD890
:1061B0003B2EE8D8FFF790FE0028E4D045EA4713CD
:1061C000770816F0010643EA482547EA4B174FF0D7
:1061D000000BADB218BF642647EACA27D84609F0BB
:1061E000010ABFB200225FFA8BF12046FFF716F9D1
:1061F0000028C8D00378852B1ED04033DBB2012B9A
:10620000C1D80BF1010B4146FFF712FD94F8302085
:106210005FFA8BF380469A42E4D2012204F1240112
:10622000206A00F0ACFD0028ADD0A0F80280206A02
:10623000FFF715FDBDE8F88F94F83130226A03F0BE
:106240003703838092F8103243F0010382F8103252
:10625000BAF1000F01D00782458219F0020F1EBF6C
:1062600006750781458119F0040F1EBF46758781A9
:10627000C581C6E7F7B590F833200446930702D4EA
:10628000002003B0F0BDC369002B56D012F04002CD
:10629000816937D0006A90F84554D4E9022609355F
:1062A000013AEDB246F1FF36C5F1200CA5F1200709
:1062B000EA4006FA0CFC26FA07F742EA0C023A43D7
:1062C0000132A9B1013B4D1C5B1A01951A4492B9E8
:1062D0002046D4E90023C4E90223C4E9042394F846
:1062E000333063F07F0384F83330FFF7F5FDC8E700
:1062F0000193E161EBE70023019900F0F0FC002835
:10630000E6D1BDE7B1B1019201AA006A00F051FDEA
:106310000028B5DB07D04FF0FF32A169206A00F0FA
:106320009BFD0028ACD001990029D1D0206A00F053
:10633000B0FDE4E70193C161F5E70120A1E70000AA
:106340002DE9F74F90F83330884604469146990777
:106350001ED51A0716D44F4604F1180A4FF0010B48
:10636000D4E90053EFB9D4E90212A9429A4180F06E
:10637000E180C4E9025394F8333063F07F0384F87A
:106380003330DCE0D0E90423FFF7BAF90028E2D18A
:1063900094F832304FF0000943F0010384F83230B2
:1063A000CDE0206AA169D0F838341D40C5F3080655
:1063B00025BB002955D094F833305B064AD590F8B8
:1063C0004504D4E902320930013BC0B242F1FF3248
:1063D000C0F1200EA0F1200CC34002FA0EFE22FAFA
:1063E0000CFCE26943EA0E0343EA0C0313448B42BC
:1063F0002DD82046FFF746FC0028C9D0D4F820C08D
:106400006B0AA1699CF845240239DCF82C04914000
:1064100001EB5521014486BBB7F5007F2DD3B7F5BD
:10642000806FDCF81CE2DCF814026AD27145424647
:1064300002BF4FF0FF338CF81062CCF81C320368B7
:106440005B6A98470028A3D04FF400753FE0013104
:10645000A161D3E7524600F0ACFC002898DBC8D01D
:10646000CCE7E3693BB92046FFF70CFC00288FD04E
:10647000A369E361C2E7A361C0E7C6F50075BD4249
:1064800028BF3D46002E3AD16369206801932369F5
:1064900062689842019B72EB030330D305220CF52E
:1064A000047004F03FFB00283FF472AF30442E44E8
:1064B0002A46414606F0DEF8B6F5007F206A06D18E
:1064C00000F5047004F007FB00283FF461AFA84416
:1064D0007F1BD4E90032D4E90401EB1842F1000239
:1064E000984291413CBF94F8331061F07F01C4E9B8
:1064F00000323CBF84F83310C4E9043230E7012293
:10650000CDE70BFA02F2D31A7A0A934228BF134658
:1065100071454FEA432508D8CA18724582BF4FF02B
:10652000FF328CF81062CCF81C220268966A424650
:10653000B047C9E7044B1B68002B7FF41CAF4846EB
:1065400003B0BDE8F08F00BF001D012013B5044665
:1065500061B1084601910FF0A5FF23680246019939
:106560005B68204602B0BDE81040184702B010BD7D
:106570008368C3F3080310B483B100210269D154C6
:106580000133B3F5007FF9D1C36801681A68546A12
:106590000269184623465DF8044B184701205DF850
:1065A000044B7047826803460069C2F3080210B4C6
:1065B0008154586801EB7001596099680131996004
:1065C00040F2FF118A420AD1D86819680268546AF9
:1065D0004A1C1A601A6923465DF8044B18470120CB
:1065E0005DF8044B704738B50C46C9B20546FFF755
:1065F000D9FF28B1210A2846BDE83840FFF7D2BFAD
:1066000038BDF8B5002405460160C0E90144A0B2D8
:1066100004F0BAFBA04201460CD02846FFF7E3FF86
:1066200010B30134B4F5803FF1D12846BDE8F840FD
:10663000FFF79EBF661CB6F5803F06D0B0B204F0EF
:10664000A3FBB04201D10136F5E7371BB7F5007F58
:1066500013D34FF6FF712846FFF7C5FF20B1B9B23B
:106660002846FFF7C0FF58B90020F8BDA1B2284660
:106670000134FFF7B8FF0028F6D0A642F6D8D1E7DC
:106680003446CFE72DE9F04F1E4689B00B680D4622
:1066900002901446DB69C0E9031208469847B0F53A
:1066A000801F07460CD216B94FF0000A01E291494B
:1066B0003046FFF74BFF90493046FFF747FFF3E7BF
:1066C0000023012201335200DBB2202B04D0974279
:1066D000F8D81C2B40F2E380A3F10B02C2F347026F
:1066E0001A2B01924FF00001204686BF0133012290
:1066F0004FF4005A4FF0010984BFC3F3460302FA76
:1067000003FA019A4FEA8A034FEA4A0B0493A7EB74
:106710008A03D34003FA02F803934FF4007208EBA4
:106720004A034AF65528059306F03EF8072384F8F5
:10673000BF9184F8C091224684F8C231FE23002123
:10674000284684F8C331FF23C4F8C6B184F8C431A5
:1067500084F8C531059BA4F8FE81C4F8CA312B68C2
:106760005B6A9847002800F0A8814FF4007200216E
:10677000204606F019F8EB2384F86E904FF00009DC
:10678000237076234FF4C372F4216370902304F1D5
:106790007800C4F840B0A3704523C4F858B0E37043
:1067A00058232371462363714123A3715423E3715A
:1067B000202323726372A372059BA364039BE3658A
:1067C0000423C4E918374FF480734F46A4F86830A7
:1067D000092384F86C30019B84F86D308023C4E970
:1067E00014AA84F86F3005F0DFFFA4F8FE81A9F148
:1067F0006A03012B06D9B9F1700F1CBF14F80930D8
:1068000003EB770709F10109B9F5007FEFD12B6898
:106810002246594628465B6A9847002800F04D8179
:106820002B6822460BF10C0128465B6A984700282A
:1068300000F043814A46002120460BF1010805F093
:10684000B3FF4AF65523A4F8FE310BF10903079371
:10685000631E059304F2FF130693059B13F8012FA3
:1068600002EB7707069A9342F8D12B6822464146FD
:1068700028465B6A9847002800F01F812B68224653
:1068800008F10C0128465B6A9847002800F0158142
:1068900008F10109079B994503D0C846DDE70822A6
:1068A0001EE708F103084FF400720021204605F0AE
:1068B0007BFF059B13F8012F02EB7707069A9A429C
:1068C000F8D12B682246494628465B6A984700283B
:1068D00000F0F3802B68224609F10C0128465B6A20
:1068E0009847002800F0E98009F10101884505D0AA
:1068F0008946DEE79C670020F3670020231F04F52C
:10690000FE7243F8047F9A42FBD12B682246284648
:106910005B6A9847002800F0D0802B68224609F176
:106920000D0128465B6A9847002800F0C6801EB11A
:1069300064493046FFF70AFE039B4FF400720021C2
:1069400020464FEA8308DA4405F02EFF204608F27D
:106950000728F8230027DFF880B14FEA58291322CF
:106960004FEA9838FF2100F8013B05F01DFFB7FB07
:10697000F8F308FB137323B91EB159463046FFF7ED
:10698000E5FD2B6822460AEB070128465B6A98471B
:10699000002800F092802FB94FF40072394620464B
:1069A00005F002FF0137B945E1D11EB14649304635
:1069B000FFF7CCFD039F4FF00109019B073709FA50
:1069C00003F9FF0807F2FF13B9EB532F4FEA532ADD
:1069D00073D34FF40072002120464FF0000805F0F9
:1069E000E3FE072323702B682246049928465B6A3E
:1069F00041449847002860D0B8F1000F01D184F8D5
:106A0000008008F10108C245EDD11EB12F49304682
:106A1000FFF79CFD049B029803EB0901FFF7F1FDD2
:106A200000284AD0019A4FF400739340029A92686A
:106A30009A4242D81EB126493046FFF787FD019B96
:106A40004FF0020A4FF4007200210AFA03F8049B87
:106A50002046984405F0A8FE822103228123C4F831
:106A600034A084F840100299227084F8203000236A
:106A700049686265029AA7631F4661649268C4E927
:106A800016232B68224608EB070128465B6A9847C5
:106A9000824690B12FB94FF400723946204605F076
:106AA00083FE0137B945ECD11EB10A493046FFF7E4
:106AB0004DFD504609B0BDE8F08F002E7FF4FBADD0
:106AC000F2E500BFB267002067670020BF670020C3
:106AD000D6670020E5670020236300202DE9F04100
:106AE00016460D4601F11E08B38935F8024F43B929
:106AF000D6E901239A4204D1B4FA84F04009BDE8F2
:106B0000F081304604F048F804F03EF9074620468C
:106B100004F03AF9874203D14545E5D10120EEE77B
:106B20000020ECE72DE9F84F90F831308246884696
:106B3000002B48D0013A0C464FF0020900258F186F
:106B40009AF830304B4533D3002249465046FEF781
:106B500065FCC0B30378C12B35D1064600F11E0B8E
:106B60001B4B36F8020FDDB100F5105292B2B2F5B0
:106B7000806F28D203EA8525C0F30900284300F579
:106B8000803021463A4604F072F80446D8B1002518
:106B90000F4BB345E5D109F101095FFA89F9CFE758
:106BA00000F5205292B2B2F5006F07D30028E8D169
:106BB0000023A4EB08002370BDE8F88FB2F5806FC6
:106BC00001D20546E5E7002088F80000F4E700BFA1
:106BD00000FC0F0000200B6870B50C4606464FF60F
:106BE000FF754B608881A3892061EBB9D4E901234B
:106BF0009A4219D10138A682FE288CBF00200120BC
:106C000070BD04F0C1F8F30343EA560353FA80F36E
:106C1000000A9AB2C3F34E0343EAC23310FA83F375
:106C200020699EB20130DEE7204603F0B5FFA8429E
:106C3000E7D10020E4E72DE9F84F074693468A465E
:106C4000C9B18D1ED7F830340124AB4298BF00255E
:106C500005F00703C5F3C809A8462E469C40E4B2D8
:106C6000D7F82C140022384601EB163103F05AFFF6
:106C7000C0B9BDE8F88FD0F82054E3E7B046B5427C
:106C80002BD0D7F83024B24221D9640014F0FF048D
:106C90000AD109F1010301244FF00009B3F5007F87
:106CA000DED2994610F80930234206F10106E5D1FB
:106CB000A6EB08025A45E2D1BAF1000F04D1BBF1AC
:106CC000010F08BFC7F8208408F10200D1E74FF098
:106CD00000084FF400794646DBE70120C9E7023996
:106CE0002DE9F84305461F46D0F830048B181646A8
:106CF00083423FD8D5F82024BFB3914206D89342AF
:106D000004D9834228BF0023C5F8203401F00703CB
:106D10004FF00109C1F3C80409FA03F9D5F82C347E
:106D20005FFA89F903EB1138012241462846904465
:106D300003F0F8FEF0B10319494600F500701A7827
:106D40000A4214BF01240024BC4213D04A40013E31
:106D50001A7012D0490011F0FF01F0D101330C4636
:106D6000012198428946EAD1DEE7914238BFC5F851
:106D70002014CBE70020BDE8F8830120FBE738B5FD
:106D8000D0F838340C46496800F5047090F8355254
:106D900019402368023BAB4003EB5123D0F81C128F
:106DA000194403F0BFFE18B16368C3F30803184425
:106DB00038BD38B5D0F830340C46154601338B4217
:106DC00002D24FF0FF3038BDD0F82414002200F575
:106DD000047001EBD41103F0A5FE0028F1D0A4004B
:106DE000C4F3080403595A1C16BF012000202B606D
:106DF000E9E737B505460024019101AA0199284623
:106E0000FFF7D7FF002805DB04F10104F5D1204688
:106E100003B030BD0024FAE770B54B680646D0F8E1
:106E200038440D461C4014441A444A6090F84534D6
:106E30000933DBB2DC400CB901200CE02B7A296865
:106E40001BB101312960013CF5E72A463046FFF7C6
:106E5000B0FF0128F7D070BD012938B50C461546A2
:106E600001D8002038BDD0F8303401338B42F8D33C
:106E7000D0F82414012200F5047001EBD41103F0C2
:106E800051FE0028EDD0A400C4F3080405510120F0
:106E9000E8E72DE9F34107460C46884601AA21465A
:106EA0003846FFF786FF061E04DA0025284602B0A2
:106EB000BDE8F081002221463846FFF7CDFF0546A8
:106EC0000028F2D0621C16B1019B93420AD0002325
:106ED000A2EB080241463846FFF701FF0028E4D044
:106EE000DDF80480019C002ED8D1DFE72DE9F041C8
:106EF00000240646D0F82C7400F50478254639465F
:106F000000224046013703F00DFE68B1013805F557
:106F1000805C10F8011FFF2908D108340835D6F825
:106F20003034AB420FD8181BBDE8F0810029F5D0F2
:106F30000822012319424FEA430318BF0134013AE2
:106F4000DBB2F7D1EAE76545E3D1D8E7F8B54FF012
:106F5000FF33164600F504770022C0F840140446BB
:106F60004160C0F81412114680F844240270C360D6
:106F700080F81022C0F81C32384603F0D3FD042EEE
:106F8000054601D90020F8BD0028FBD0B6B1731E1C
:106F900000EB031393F8BE2112F07F02F2D193F8B5
:106FA000C231002BEED000EB06163846D6F8B6619B
:106FB000314603F0B7FD05460028E3D01A49052203
:106FC000E81C0FF0F0F801460028DBD195F86C3092
:106FD000092BD7D12B6D3344C4F824346B6DC4F81E
:106FE0002834AB6D3344C4F82C34EB6DC4F8303422
:106FF0002B6EC4F8343495F86D300125C4F82004A4
:10700000204684F8453409332A4605FA03F3C4F8C8
:107010003C34013BC4F83834FFF70DFE40232846CA
:1070200084F84434AFE700BF0368002010B504467D
:10703000D0F83414FFF7DDFE94F845340933DBB2A1
:10704000984010BD38B50D4604462422002105F0B5
:10705000ABFBA560EB79102B03D0202B06D00C2BBB
:1070600006D1202301202370A07038BD4023F9E70A
:107070000020FAE710B50446283003F02CFD50B18B
:1070800004F50E7003F027FD28B120680368BDE801
:1070900010401B6A1847002010BD024638B552F850
:1070A000105F04468068294601F034FE40B1A378A1
:1070B0003DB943F04003A370A37863F07F03A3704E
:1070C00038BD01352269AA42F6D023F04003F2E729
:1070D000F8B50578044615F0200502D000263046A4
:1070E000F8BD4269154B9A42F8D2FFF7D6FF064623
:1070F0000028F3D0A26823699179023B57698B403D
:107100001F44A068E9B203798B4208D882794FF412
:1071100000739340626912FA83F36361DFE705222B
:1071200039442830013503F0FDFC0028D6D04FF457
:107130000072002105F038FBE3E700BF00FE1F00EE
:1071400010B5044680680A462830A16903F0EAFCBD
:1071500020B1A38803F00F0300EB431010BD0378A8
:107160000BB9FFF76FBF0020704738B5CB680446F6
:107170000D4623B98968BDE83840FFF7F0BF2422E7
:10718000002105F011FB102301202370A070AB68D3
:10719000A360EB68236238BD2DE9F04F2DED028B23
:1071A0008378044683B08846D807154671D523787E
:1071B000190713D5E36962699B1A9D4228BF1D46D2
:1071C00004F110032E464FF0000908EE103A76B98C
:1071D000A81B03B0BDEC028BBDE8F08F9A06EFD57B
:1071E000A3685A896369C3EB42139BB2E5E722782F
:1071F00067699306A068C7F3080B4FEA57211BD5B0
:10720000026A1144D4F808A0BBF1000F48D1B6F5CA
:10721000007F45D3DAF83420914241D0B6F5806F33
:1072200056D2DAF82C00424603681B6998470028BA
:107230002FD04FF4007745E090F8059009EA010956
:10724000BBF1000F08D1B9F1000F05D16FB952069B
:107250004CBF026A226A2261A268216990790239D0
:107260005269814011444944CCE71307216905D58F
:10727000A278570602D501312161EDE718EE102AF8
:1072800001F081FC002804DBE6D1237813F0700FB5
:107290009ED163784FF0FF3043F00203637098E7AC
:1072A000CBF5007700220AF12800B74228BF374605
:1072B00003F038FC0028ECD000EB0B013A464046C6
:1072C00005F0D8F96369B844F61B3B4463617EE777
:1072D0002078730A800606D49AF80400A0EB09000F
:1072E000834228BF034691424FEA432709D9DAF87F
:1072F0002C000268D2F814A04246D0470028E1D101
:10730000C7E7C8188242F2D20AF12800CDE900137B
:1073100003F0E1FBDDE900130028E8D1B9E773B51C
:1073200001220DF107010446D0E90456FFF734FFAE
:1073300001280CBF9DF807004FF0FF30C4E9045648
:1073400002B070BD436913F4F07F37B50446C3F350
:10735000431500D099B901220DF107012046FFF72E
:107360001BFF40B2012802D0002003B030BD63698A
:107370001F33A0686361383000EB4510F5E7203318
:10738000F7E72DE9F0410D4601780446076981B120
:107390004069A84206D03DB92561A378656123F014
:1073A0002003A370012006E00B0706D5E369AB427A
:1073B0000BD200202761BDE8F0818E0605D5A368B9
:1073C0005B89B5EB431FF4D8E7E7D4F808C06E1E1D
:1073D000A2789CF80630520603F10903DBB226FAC4
:1073E00003F603D5236A33442361D6E7421E22FA0B
:1073F00003F39E4200D390B94B064CBFDCF820301B
:10740000236A236104F11008002EC6D04246216988
:10741000A068013E01F0B7FB0028F5DCC9E7F61AC9
:10742000F0E710B503780446DA0609D50021FFF726
:10743000A8FF01212046FFF785FF18B963785BB1EB
:10744000002010BD03783BB1E52BF2D02E2BF0D0FD
:10745000C37A1B07EDD4F3E7082320462370A378F3
:1074600043F00203A370BDE8104000F0BDBFF8B5C3
:107470000F4616460021242204461D4605F094F9C5
:10748000B8683B6AA68006F00F06E36000F1380397
:10749000A06003EB4613DA7A11073AD402F0170220
:1074A0002270D97A11F0180F04BF42F0080222703E
:1074B0009DF81820E27005F00302012A21D0022A6B
:1074C00021D032BB6A0524D40122970704D5217844
:1074D000CE061ED4C9071CD405F008010A43A270C9
:1074E000426B598BA2619A8A41EA02416A0514D51E
:1074F00059B9A37863F07F03A3706B0411D4012002
:10750000F8BD0222E1E70322DFE701F044FC002896
:10751000EFD100202070A070F2E72162DB69E36107
:10752000EBE7E1692046FFF72CFF0028E7D1F0E701
:107530002DE9F0431346027885B007460E46002A2F
:1075400042D10A7812F0700F3ED04C6914F01F043B
:107550003AD1A14600213046D6F814800393FFF7B4
:10756000F1FE88B3017879B32E29039B21D0E52958
:107570001FD0C27A12F0080C1DD184B1411E00F157
:107580000A054FEACC1211F8010F42EA5C02A94247
:1075900050FA82F25FFA82FCF3D1E14514D1C8F3CC
:1075A0004F12314638460094FFF761FF05B0BDE841
:1075B000F0830024CEE70F2AFBD14A06CAD501F09A
:1075C0001F0490F80D90C5E70020EFE737B503786A
:1075D0000446002B35D090F90230002B2BDA012124
:1075E000FFF7AEFD054630B96378002043F0010394
:1075F000637003B030BD0378E52BF5D023781B070B
:1076000044BFE369C361236A43831B0C83820E4B2F
:107610001B6863B10DF103020DF1060101A8984743
:10762000BDF804302B836B82BDF80630EB82A37863
:1076300003F07F03A370A068FFF71CFD0028D3D0E0
:10764000D7E70120D5E700BF001D012010B5044693
:10765000FFF7BCFF00232370A37010BDF0B51F46D9
:1076600095B0002306460C4601920293ADF83830DF
:10767000037813B1002015B0F0BD0B7813F0700F34
:10768000F8D013782F2B12D1019A13782F2B05D015
:10769000A16833B93046FFF762FDECE70132019291
:1076A000F2E702A8FFF7CEFC0028E3D002AC01AB62
:1076B0000BAA0199304600F041FE0028DAD0019B68
:1076C0001B789BB100230BAA2146304600F0F4FC46
:1076D0000028CFD0354602AC0FCD0FC40FCD0FC45C
:1076E0002B6830462360FFF7B1FFDFE73B460BAA6C
:1076F0002146304600F0E0FCBDE719B101F5896193
:10770000FFF7ACBF0846704770B506460C46FFF75A
:107710005DFF054610B90025284670BD00213046A2
:10772000FFF70EFD03460028F5D0214600F12002A8
:1077300053F8040B934241F8040BF9D1ECE730B550
:1077400089B00D4614466946FFF7DEFF28B1BDF843
:1077500010302B80BDF80E30238009B030BD30B51D
:1077600089B00D4614466946FFF7CEFF28B1BDF833
:1077700018302B80BDF81630238009B030BDF0B52D
:107780000B7889B004460E4613F0700F02D100202A
:1077900009B0F0BD40F6022300F08EFC0028F6D0C0
:1077A000012710252046A7702570FFF791FC0028BF
:1077B000EDD02369002120462362FFF7E2FD204639
:1077C000FFF704FF0028E2D039462046FFF7B8FC57
:1077D0000028DCD06A46C572034600F1200C15462D
:1077E0001868083353F8041C1746634503C73A4624
:1077F000F6D14FF02033A068216A0122CDF8013084
:107800002830CDF805300239ADF8093010F8223CA7
:10781000994050F8143C194403F084F903460028B9
:10782000B5D02E22AC4607460DF1200E8DF8002073
:107830006246083703CA724547F8080C47F8041C2B
:107840009446F5D12E2220338DF80120326A08AEFD
:10785000110CADF81A202A46ADF81410154608335D
:1078600003CDB54243F8080C43F8041C2A46F5D171
:10787000A068FFF7FFFB8BE7F0B51F4695B000232C
:1078800006460C460192ADF814300B93037813B101
:10789000002015B0F0BD0B7813F0700FF8D01378FE
:1078A0002F2B0AD1019A13782F2B24D0A1680BA873
:1078B000FFF7C8FB0028EBD00BAC01AB02AA019983
:1078C000304600F03BFD0028E2D0019B1B78FBB165
:1078D000002302AA2146304600F0EEFB70B1354687
:1078E0000BAC0FCD0FC40FCD0FC42B6830462360F7
:1078F000FFF7ACFEE0E701320192D3E7002FC7D0DB
:1079000002AA21463046FFF73AFF0028E7D1BFE739
:1079100002AA21463046FFF732FFBAE72DE9F043CD
:1079200003789BB04FF00009044613F0180F0F4680
:107930009046CDF82090CDF8449003D100201BB0A4
:10794000BDE8F08382688B689A42F7D12646FFF73C
:107950003DFE11AD0FCE0FC50FCE0FC533684946A2
:1079600020462B60FFF7ECFB0028E7D06A46034671
:1079700000F1200C15461868083353F8041C16460D
:10798000634503C63246F6D1237808AE13F00803E8
:107990000AD040F60123424639463046FFF75EFEE4
:1079A0000028CBD0002707E0424639463046FFF793
:1079B00063FF0028C2D0109F0E9B01212046A361C7
:1079C000BDF82430A3809DF82330E3700B9BE36067
:1079D00000238DF820308DF82230FFF7B1FB00280E
:1079E000ACD00DF10D0300F10D020DF11D0153F8A6
:1079F00004CB8B4242F804CBF9D1198811809B78D3
:107A000093709DF80B30C372002F3DD0A068BB1E51
:107A10008279283050F8141C93400022194403F056
:107A200081F800288AD000F12002AE4600F1400320
:107A30001068083252F8041CF4469A42ACE803007D
:107A4000E646F5D13946A06801F0A5F900283FF4D3
:107A500075AFA0680122216A8379283002399940E4
:107A600050F8143C194403F05DF800283FF466AF69
:107A700000F120032A46083303CAB24243F8080C37
:107A800043F8041C1546F5D1002311A819930223CD
:107A90008DF8463008238DF8443000F0A5FC00280E
:107AA0003FF44CAFA068FFF7E5FA48E72DE9F84F3F
:107AB0009B46037805460E461B079DF828409DF817
:107AC0002C709DF830809DF8349002D40020BDE8E1
:107AD000F88FA2F2BC721FFA82FABAF17F0FF5D8C2
:107AE0000BF1FF330B2BF1D8631E1E2BEED8172F93
:107AF000ECD8B8F13B0FE9D8B9F13B0FE6D8FFF766
:107B000065FD0028E2D001212846FFF719FB002877
:107B1000DCD044EA4B134FEA590243EA4A2342EAD3
:107B200048129BB242EAC722F70748BF4382B40714
:107B300092B208D519F001090382C28118BF4FF033
:107B4000640980F80D90710744BF0383C282A8685E
:107B5000FFF790FABBE713B5837804469B0702D47E
:107B6000002002B010BD036A3BB30169E1B10023FC
:107B700001AA8068019301F006F80028F0DB07D025
:107B80006FF070422169A06801F05CF80028E7D02E
:107B9000019961B963692046E361A37863F07F03CB
:107BA000A370FFF713FDDCE701930162F0E7A06823
:107BB00001F0F1F80028EDD1D2E70120D1E7000073
:107BC0002DE9F04783780446894617469D071AD564
:107BD000190713D46369DB1915D2B84604F1100AEA
:107BE0006369B8F1000F14D1E2699A4280F0AF8066
:107BF000E361A37863F07F03A370ADE0C169FFF791
:107C0000C0FB0028E6D16378002743F001036370CE
:107C1000A2E0A068C3F308052169467916EA532655
:107C20000AD14DB900293BD0A27852062CD5E26981
:107C30009A4229D901312161D4F808C021699CF800
:107C4000063002399940DCF8143019443144002DD3
:107C500032D1B8F5007F2FD3B8F5806FDCF834202F
:107C6000DCF82C0058D291424A4602BF4FF0FF3355
:107C70008CF82850CCF8343003685B6A98470028A9
:107C8000C1D04FF400763CE0524600F07CFF002863
:107C9000B9DBD1D12046FFF700FA0028CCD1B2E7FA
:107CA000236A3BB92046FFF7F8F90028ABD02369D7
:107CB0002362C1E72361BFE7C5F50076464528BFCB
:107CC00046462DBB6269E3699A4223D2A37813F03A
:107CD000200F0CBF012205220CF1280002F022FF28
:107CE000002890D0284435443246494604F0C2FC6E
:107CF000B5F5007FA06804D1283002F0ECFE002822
:107D000081D06369B144A8EB06083344636167E737
:107D10000122E1E70522DFE79CF804309B1B4FEAD4
:107D20005826B34228BF334691424FEA432609D82A
:107D300001EB030E964582BF4FF0FF328CF82850BE
:107D4000CCF834200268956A4A46A847D7E7044B26
:107D50001B68002B7FF44DAF3846BDE8F08700BFAD
:107D6000001D0120411E00F10A030020C20142EA69
:107D7000500211F8010F50FA82F29942D0B2F5D1B7
:107D8000704710B549010446FFF7FBFA28B12046B9
:107D90000021BDE81040FFF7D5BA10BD2DE9F04F26
:107DA00005468DB0164607468946984603AC0FCD6A
:107DB0000FC40FCD0FC42B68236001243368736098
:107DC0000023B381444501D9012008E0A9EB040157
:107DD00003A889B2FFF7D5FF824618B900200DB07D
:107DE000BDE8F08F0025EAB25146384600F0CAFDE2
:107DF000B38983463BB9D6E901239A4203D1B0FA4D
:107E000080F04009EBE7304602F0C6FE019058468C
:107E100002F0BAFF019B8346184602F0B5FF834586
:107E2000DCD101350D2DDED10134E4B2CAE72DE9F4
:107E3000F04F05468DB0144689461F4603AE4FF0FD
:107E40000F0A0FCD0FC60FCD0FC62B6804F1160019
:107E500001253360FFF786FF0026236880466360B4
:107E6000A681BD4203D901200DB0BDE8F08FA9EB7A
:107E7000050103A889B2FFF784FF0028F4D0059A12
:107E8000BD424FF0000100F1010B92F8283043F0A1
:107E9000010382F828300CBF45F040032B4680F8E0
:107EA0000BA00173037080F80D804183A089A8B9ED
:107EB000D4E901239A4211D1B6B101364FF6FF70D1
:107EC000F6B20429CBB211D8ABF8000001310BF1A6
:107ED000020B0D29EAD10135EDB2C2E7204601912E
:107EE00002F05AFE0199ECE70126EAE70A2B94BF5B
:107EF000ABF80300ABF80500E8E702464FF020318D
:107F000052F8163B2DE9F04386680546C0F8161076
:107F10005160C2F8071018782E3818BF01201F468C
:107F200013F8012B2E2AFAD0731EBB429E4603D9AA
:107F300013F801292E2AF8D100224FF0070C4FF038
:107F40000809114690460AE03B782E2B15D1BE4514
:107F500021D14FF00A0C08214FF010090137B74228
:107F6000F2D3AB7D202B58D000284CD018EA020F5A
:107F700018BF02226A75BDE8F083222B0BD07C2B40
:107F800009D0A3F15B04022C05D9A3F12A04052C26
:107F900006D82D2B12D0614512D800205F2320E097
:107FA000A3F13A04052C03D9A3F121045D2C05D9D2
:107FB00003F0C003802BEED10020CFE7614507D945
:107FC000BCF10A0F1DD0BE451BD30EF1FF37F3E7FE
:107FD000A3F16104192C0DD8203B49EA0202DBB25F
:107FE000D2B24C1C2944E4B28B75062C00D82C75F7
:107FF0002146B3E7A3F14104192C98BF49EA0808C8
:10800000EFE70020ADE72B7D01227E212B446A752E
:10801000104699753121D975ADE70020ABE7000016
:108020002DE9F04707460D460E7D62244FF0000A09
:10803000DFF8808001F11609D8F80030032E534490
:1080400028BF03261FFA83FA331DDBB20AF00F02A2
:10805000E918013B4FEA1A1A092ADBB294BF303201
:1080600037329E428A75F1D1AB197E220021384603
:108070009A75FFF786F901213846FFF763F9014643
:1080800028B97878B0FA80F04009BDE8F087037825
:1080900073B1C37A1B07EED40B2248460EF02AF8C0
:1080A0000028E8D1601E10F0FF04C5D12046ECE79F
:1080B0000120EAE7D0ED01202DE9F04F2DED028BF4
:1080C0008BB00D46174604938B68079005930B7889
:1080D00013F0700F05D100200BB0BDEC028BBDE892
:1080E000F08F079B1B78002BF5D113690D2200211F
:1080F00028460C334FF0000AB3FBF2F3DBB2D04654
:108100005446D34606937B7D9A0717BF069B0123EF
:1081100003F101095FFA89F3D1460293FFF731F9C0
:1081200007F11603CDF80CA008EE103A6E69002195
:108130002846C6F34F16FFF705F9002861D16B7882
:10814000002BC8D1049B9A05C5D503F00303013B5E
:10815000012BC0D8039B002C08BF33460393029B1E
:108160009C42C0F0C080BBF1000F40F0D780029B62
:108170003A4628465E1E039B5FFA86FB53FA86F654
:10818000B6B25B463146FFF752FE0028A3D0314617
:108190002846FFF7F6FD044600289CD02022002147
:1081A00004F002FBD7F816302360D7F81A3063606A
:1081B000FB8B238197F82030A3727B7D03F018039B
:1081C00023735D4B1B68002B00F0B0800DF1230280
:1081D0000DF1260109A89847BDF824302382BDF887
:1081E0002630E3819DF823306373059B059A93F84D
:1081F000283043F0010382F828306BE04FF0010B88
:1082000094E70278E52A00D082B9039B002C08BFCE
:1082100033460393029B9C423CBF0134E4B2002AE4
:1082200090D0E52A06D14FF000097FE7029B9C42DF
:1082300038BF00242E2AF6D0C17A0F2929D1B9F1EE
:10824000000F1CD102F01F08069B43457FF46EAF60
:1082500012F040093FF46AAF90F80DA09946B8F1CA
:10826000010F7FF463AF711C4B463A46284689B232
:10827000FFF794FD002808BF4FF0000956E708F10A
:10828000FF385FFA88F84245CDD1427B5245E6D0AF
:10829000C9E70B07C7D4B9F1000F0AD0B8F1010F35
:1082A0007FF419AFFFF75EFD50457FF414AFCB4666
:1082B0000CE00B2218EE101A0DF01CFF00287FF4C2
:1082C00035AF97F815B01BF0010B97D1049B19053A
:1082D0003FF501AF049B324629460798CDF800B020
:1082E000FFF7C5F8F8E600212846FFF72BF890B90C
:1082F0006B78002B7FF4EFAE2846FEF7E9FE0028EE
:108300003FF4E9AE059B1B7904EB0313DCB2029B3F
:10831000A342F1D827E70134E4B220E739462846E2
:10832000FFF77EFE00287FF422AFD4E645F6214316
:1083300023822383638258E7001D0120F7B514468A
:108340001E46084611F8013B202BFAD00025254F88
:108350002060037833BB2369013BFE2B13D8024610
:1083600010F8013B202BFAD02F2BF8D0204632609A
:1083700003B0BDE8F040FFF7C0BD2239C9B227FA0B
:1083800001F1CA072BD5002003B0F0BD5C29FAD05B
:1083900005D83E390129F6D92561A060D9E77C29A5
:1083A000F1D0F9E72F2BD6D001AA011D02F0A8FCCD
:1083B0000028E8D0019BB3F5803F34BF01220222A0
:1083C0007F2B1544E8D83C2BD9B2DFD82129D4D84B
:1083D0001F29D8D92E2BBCD0202BBAD0DCE72E2BCE
:1083E000FBE700BF012100052DE9F04100238AB021
:1083F0000446019383789A0703D400200AB0BDE8AD
:10840000F081016A002945D101212046FEF798FE3E
:1084100005460028F1D0FFF7A5FCE5270023064616
:108420002F702370A068A370FEF724FE0028E4D00C
:10843000E378002BE2D0214601A8FEF796FE002843
:10844000DBD001255FFA85F8E3784345D5D3A188D1
:1084500001A8491B89B2FFF794FC0028CDD0C37A4C
:108460000F2BCAD1027802F01F034345C5D1437BCD
:10847000B342C2D107700135A168ADB291F828307E
:1084800043F0010381F828305306DBD5A068FEF7DE
:10849000F1FDB3E7806800F07EFC0028B4D1ACE7C2
:1084A00013B5044661B1084601910DF0FBFF236846
:1084B000024601995B68204602B0BDE810401847AB
:1084C00002B010BD486810B50C4658B10B894A89F6
:1084D00001339BB29A420B8104D80349FFF7E0FFB6
:1084E00000232381206810BD23630020F0B50446DB
:1084F00087B00E46154600214FF40072406A04F022
:1085000053F9206A10B12049FFF7CAFF636A03AA32
:10851000E0690393236AE168049300230131ADF815
:1085200014306B09ADF81630036800926A1EDF6ADA
:10853000164BB84710B9002007B0F0BD206A10B143
:108540001349FFF7ADFFF822636A102E4FF0FF00CA
:108550001A704FF001030CBF04220C22616AC85448
:1085600001339A42FAD1E069626A0368E1685B6AA2
:1085700098470028DFD0E069626A0368D4E90215F1
:108580005B6A29449847D7E7B267002011F80000DA
:108590006767002038B5436A4FF400750446002130
:1085A0002A46184604F000F9EB22A0F80B5002709E
:1085B00076224270902282704FF02032C0F8032061
:1085C000C0F8072094F82B204273228DC28102222A
:1085D0000274F82242752269C261A26902624AF6F7
:1085E0005522A0F8FE2138BD70B504464FF4007244
:1085F0000021406A04F0D8F8656A2269216805F212
:10860000BF1002F0EDFAA369226905F2C3102168D8
:108610001A44013A02F0E4FA94F82A30002185F86D
:10862000C2312369E069C5F8C631A369626AC5F839
:10863000CA314AF65523A5F8FE310368BDE87040FB
:108640005B6A1847F8B5D0F814C04FF4807304463D
:10865000456A90F82B6043606368ACEB0301B1FBA3
:10866000F6F101F20110000A420002F1A107BB423B
:1086700010D3DB1BA06003F180002061A1F6F57030
:10868000B0F5704F09D3206A10B12B49FFF708FFEE
:108690000020F8BD80336360DEE781330120E360B2
:1086A00001FB0623208520462133B3F5803FA361DB
:1086B00034BF0423062384F82A30FFF795FF0028EF
:1086C000E6D02046FFF766FF4FF40073A5F811309F
:1086D000A368EB82802385F82430292385F826308F
:1086E000164BC5F827304FF02033C5F82F30C5F8AA
:1086F0002B30C5F83230462385F83630412385F8D3
:108700003730542385F83830312385F83930362313
:1087100085F83A30E069626A036821695B6A9847C4
:108720000028B5D062682046E3681021D21ABDE85F
:10873000F840FFF7DBBE00BF8867002087D6120035
:10874000F8B54FF400530446456A42F2090C036140
:108750004FF48043476990F82B6043606368F91ACF
:10876000B1FBF6F101F18102D2090CEB420E50008F
:10877000734503D203F500536360EFE7A2604FF641
:10878000F472914206D8206A10B14F49FFF788FE73
:108790000020F8BDA3F5005201FB0633121A204653
:1087A00092B2228502F50052E260A3F50052A26166
:1087B000464A934294BF0B230C2384F82A30FFF7D8
:1087C00013FF0028E4D02046FFF7E4FEA36802224E
:1087D0006B623F4BC5E90B23802385F8403029238A
:1087E00085F842303B4BC5F843304FF02033C5F895
:1087F0004B30C5F84730C5F84E30462385F8523027
:10880000412385F85330542385F85430332385F8B9
:108810005530322385F85630E069626A0368216971
:108820005B6A98470028B3D0E06921690368626AEF
:1088300006315B6A98470028AAD04FF400720021E5
:10884000606A03F0B1FF244BE069C5F8FC310368AE
:1088500021695B6A626A02319847002898D0E06912
:1088600021690368626A08315B6A984700288FD0E3
:108870001A4BE0692B6003F1FF53626A03F5005362
:108880002033C5F8E4314FF0FF33C5E97A3303688C
:1088900021695B6A0131984700283FF479AFE069AC
:1088A00021690368626A07315B6A984700283FF4D0
:1088B0006FAFA268204694F82B30202103EB4202D0
:1088C000BDE8F840FFF712BE886700200004FB00F7
:1088D0000100060087D61200000055AA52526141DD
:1088E00038B504460846C4E908320B68E161DB6923
:1088F000984700F2FF736061DB0A062B236008D8FB
:10890000206A10B90025284638BD1B49FFF7C8FD6D
:10891000F8E7102B1ED9202B1ED9402B1ED9802BF7
:108920001ED9B3F5806F1DD9B3F5004F8CBF8023DE
:108930004023B0F5800F84F82B30204614D2FFF787
:1089400081FE0546206A95B10028DCD00B49FFF76F
:10895000A7FDD8E70223ECE70423EAE70823E8E7CA
:108960001023E6E72023E4E7FFF7EAFEE9E7002823
:10897000C8D00349EBE700BF556700206A670020B5
:1089800078670020042A04D801EB4202B2F8010003
:1089900070470A2A03D801EB4202908870470C2ADC
:1089A0009ABF01EB4202D08800207047F8B50478E6
:1089B0000D461746BCB314F0600407D0012A32D923
:1089C0002F2301200B7000234B70F8BD2146FEF7CA
:1089D000B7FB40B3064621460822082933780BD15D
:1089E000202B1CD010222E23A4460134BC421AD2C4
:1089F000E4B205F80C300FE0A3F1410C0136BCF1F4
:108A0000190F07D890F80CC012EA0C0FECD02033E5
:108A1000DBB2E9E7202BE7D101310C29DDD10023BE
:108A200020462B55D1E700202870CEE72DE9F04FE6
:108A300000258BB00378064688461746019563B13A
:108A4000C37823B9FFF7B2FF0BB0BDE8F08F014642
:108A500001A8FEF78AFB002855D1002088F8000005
:108A6000F2E7B18801A8A1EB090189B2FFF789F902
:108A700082460028F1D0C37A0F2BEED1037803F0A1
:108A80001F039B45E9D14FF0000B5FFA8BF2514673
:108A90003046FFF777FF25B300F5105292B2B2F5DA
:108AA000806FDAD21B4BC0F3090003EA8525284307
:108AB00000F5803021463A4602F0D9F804460028F5
:108AC000CBD000250BF1010BBBF10D0FDDD109F16E
:108AD00001091FFA89F95FFA89FBF3785B45C0D277
:108AE00007E000F5205292B2B2F5006F06D30028DD
:108AF000E0D10023A4EB08002370A5E7B2F5806F56
:108B0000ABD20546DEE7013F44464FF0010947443A
:108B1000E1E700BF00FC0F00FFF788BF1368B3F563
:108B2000807F30B51C4628BF4FF4807401EB4405AC
:108B3000A94202D31B1B136030BD31F8020B002881
:108B4000F6D1506801305060F2E71368802B30B5E1
:108B50001C4628BF802401EB8405A94202D31B1BBD
:108B6000136030BD51F8040B0028F6D15068013075
:108B70005060F2E7037A00F50E70022B08BF42F056
:108B8000020201F0CFBF01292DE9F04106460C4653
:108B9000174603D84FF0FF30BDE8F081C3698B4220
:108BA000F8D3C379202B12D18169002201EBD411B3
:108BB000FFF7E0FF0028EDD0A40004F4FE74035991
:108BC000F2699A422ABF012000203B60E4E7102BA3
:108BD0000DD1C1F30721836900221944FFF7CAFFB1
:108BE0000028D7D0640004F4FF74035BE8E70C2B83
:108BF000D0D1C1F34E088369002218FA81F81FFA18
:108C000088F5C8F3462898444146FFF7B3FF00288B
:108C1000C0D0C5F30803C55C0133B3F5007F08D1AC
:108C2000002208F101013046FFF7A4FF0028B1D06F
:108C30000023C35CE20745EA03234CBF1B09C3F3CF
:108C40000B03BDE701292DE9F04180460C4615468E
:108C500002D80020BDE8F081C3698B42F9D3C37903
:108C6000202B0DD18169012201EBD411FFF782FF86
:108C70000028EED0A40004F4FE7405510120E9E7B9
:108C8000102B0DD1C1F30721836901221944FFF78D
:108C900071FF0028DDD0640004F4FF740553EDE794
:108CA0000C2BD6D1C1F34E078369012217FA81F745
:108CB000BEB2C7F346271F443946FFF75BFF0028C3
:108CC000C7D014F00104C6F308031CBF2A01C15C1D
:108CD00000EB030603F101031BBF02F0F00201F0F9
:108CE0000F01EAB20A43B3F5007F327007D10122C7
:108CF0004046B918FFF73EFF0028AAD00023C5F36D
:108D00000715C21824B9C35C23F00F0343EA1515F5
:108D10001570B3E72DE9F341C46805460E46904649
:108D20008C4201D3012701E00C4600270134EB6996
:108D3000A34202D2C7B9EC68F4E7A64214D001AA54
:108D400021462846FFF71FFF00280DDBEED0019BD0
:108D5000002BEBD107B1EC606FF070422146284642
:108D6000FFF770FF074620B90027384602B0BDE87C
:108D7000F0812EB96B6A002B0ADAC8F80040F4E7DC
:108D8000224631462846FFF75DFF0028F2D1EBE787
:108D9000013B6B62F1E773B505460C4601AA21461B
:108DA0002846FFF7F0FE061E15DB00222146284666
:108DB000FFF748FF78B16B6A002BA4BF01336B62E9
:108DC000EB68A34284BF04F1FF34EC60019C002EE9
:108DD000E4D102B070BD0020FBE70000F0B504460E
:108DE000406A87B0002838DAE3790025E6690C2B61
:108DF00006F1010633D094F838222369D207CDE971
:108E000004652ED40022E579206804AE84F8382267
:108E1000202D4FF0FF32A1690568C4F8442204F503
:108E2000127227D10196154E0096AD69A84748B138
:108E30000598606211E004AA39462046FFF7A3FEB8
:108E4000002802DA4FF0FF3007E002D0049B03B99C
:108E500001350137B742EED3284607B0F0BD0227EF
:108E6000F8E704F50E70039301F035FE039B00282C
:108E7000C8D1E7E70196024ED6E700BF97FE000093
:108E800069FE0000F8B50023044601601546C37171
:108E9000012004F12806E162E0604FF0FF3084F821
:108EA00028306063C4F83C1284F83832C4F84402B5
:108EB000CAB1042A01D90020F8BD05F180551A462F
:108EC00019463046013D01F02DFE00F5DF732A0101
:108ED00003EB05150028EED029790029EBD09B5C27
:108EE0005B06E8D1AD6800222946304601F01AFE43
:108EF0000028E0D0B0F80B30B3F5007FDBD1037C65
:108F00002372013B012BD6D8417B092600224B1E40
:108F1000217163710123994233D1A271C38A236104
:108F20000BB9436A2361C389B0F811102B44266939
:108F300061814901A361077C01F2FF1106FB073340
:108F4000236203EB5123B0F81310636101B9016A86
:108F5000ED1A0D44D5406B1CE3614FF0FF336362A3
:108F600040F6F4739D4215D94FF6F4739D4213D920
:108F7000C36A236220230120E3712663C4F84062A0
:108F80009AE7013E01D1A27195E701325B00D2B2AE
:108F9000DBB2C0E70C23EEE71023ECE7F8B50027BF
:108FA0008C6B06460D46C0E90E7784B1014624203D
:108FB00000F0A1F8078087700446AD6BB0630FCD59
:108FC0000FC40FCD0FC42B6823603046F8BDCB6BA8
:108FD000002BFAD00146382000F08DF880F831409F
:108FE0004486EB6BF06303F1340253F8041B9342A5
:108FF00040F8041BF9D1E8E710B50446806B28B1AE
:10900000FEF724FB10B10023A36310BDE06B08B989
:109010000020FAE7FCF71EFA0028F9D00023E363EA
:10902000F3E773B504460D4611B9002002B070BDD8
:10903000CDE90023FFF7E0FFD5F88064DDE90023E8
:1090400096B100262146242000F055F8068086704F
:10905000A063D5F88014DDE90023FEF74EFB08B1CC
:109060000120E3E7A063E1E7D5F88414CDE900230C
:109070000029DAD02146382000F03DF880F8316030
:109080004686E063D5F88414DDE90023FCF7B3FDE0
:109090000028E5D1E063C9E773B50D4601920446A7
:1090A000FFF7AAFFAE6B019A8EB12146242000F093
:1090B00022F80021019A01808170A063A96BFEF75C
:1090C00037FA10B1012002B070BDA063FBE7E86B76
:1090D00001920028F7D02146382000F00CF8019AC0
:1090E00080F831604686E063E96BFCF78BFD002871
:1090F000E8D1E063E7E70846704700002DE9F84350
:10910000002704461E46C0F88814C0F88074014643
:109110004FF490609146FFF7EEFF324680F84474BA
:10912000054680F87974A0F87A74C4F88404D4F8F9
:109130008814DFF89880FDF709FFB8B105F5896755
:109140003846FCF787F929463846FCF7ADF968B18F
:109150001C4B1A6802B91D60B9F1000F02D1D8F892
:1091600000300BB9C8F80040012028E00027214654
:1091700040F26C40C4F88474FFF7BDFF0223C7714E
:10918000324603720546A0F8487480F84A74C4F861
:109190008004D4F88814FFF775FE58B105F5896688
:1091A0003046FEF753FA29463046FDF7D8FF08B19E
:1091B000054BCEE70020C8F80000C4F88004BDE8E5
:1091C000F88300BF841D0120E41E0120E01E012061
:1091D00038B504464FF47A750020C4E901052073C0
:1091E000044DC4E91200204640F8105BFFF719FF58
:1091F000204638BD403100204FF0FF307047407CA2
:109200007047007D7047407D704701207047007FA8
:109210007047036810B45C690123A4465DF8044BF1
:10922000604738B5036804460D461B6A984700B18D
:10923000257738BD2DE9F0471F46C37C04460D460F
:10924000022B1646DDF8209002D183698B4209D0AB
:109250002368294620461B6E984710B90020BDE8B8
:10926000F087A56105EB060845450BD1A369207F72
:109270003344A3610028F2D1236820465B6EBDE829
:10928000F047184749462846B84723680146204614
:10929000DB6D013598470028E6D1DFE770470430E1
:1092A00001F0F1BB10B50446202103F0A1FA2046DD
:1092B00010BD1FB503686946DB6C984710B39DF875
:1092C000003013F0C00320D19DF806309DF8070050
:1092D00003F003039DF80A20800040EA83209DF8F4
:1092E000083040EA93109DF8093003F00303013081
:1092F0005B0043EAD2139DF8052002F00F021344ED
:10930000073B984005B05DF804FB402B0ED19DF85B
:1093100009009DF80730013003F03F0300EB0340E4
:109320009DF8083000EB03208002EBE70020E9E71E
:109330002DE9F0411E46C37C04460D46022B17461C
:1093400002D183698B4209D02368294620461B6ECF
:10935000984710B90020BDE8F081A5610025AE4214
:1093600007EB45210BD1A369207F3344A36100287B
:10937000F1D1236820465B6EBDE8F04118472368B1
:109380002046DB6D98470028E4D00135E7E770B54B
:10939000867C04466EB9051D284601F036FB314631
:1093A000207C01F030FBFF21284601F086FB0123E1
:1093B000A37470BD837C13B504466BB10121007C9E
:1093C00001F021FB201DFF21019001F076FB0198A7
:1093D00001F032FB0023A37402B010BD70B5C37C52
:1093E0000446012B10D0867C0EB9FFF7D0FF201D5C
:1093F00001F04CFBB0F1FF0518BF012516B920465E
:10940000FFF7D8FF284670BD0025FBE7F7B5184FDA
:109410000446061D3D6805F59675ADB23046CDE9AA
:10942000001201F033FBFF282075DDE900120FD098
:10943000FE2818D1304601F034FB2075A8B930461B
:1094400001F024FB304601F021FB012003B0F0BD08
:109450003B68EB1A1B04E1D51D2320466374FFF71C
:10946000A9FF0020F2E71823F7E72523F5E700BF5F
:10947000D0ED01204FF40072FFF7C8BF70B5094E60
:10948000051D336819448CB2284601F0FFFAFF2805
:1094900001D1012070BD3368E31A1B04F4D500200C
:1094A000F8E700BFD0ED012003682DE9F3411B6A06
:1094B000044601920D469847002838D0A37C13B982
:1094C0002046FFF764FF0C2D28D1261D03270DF140
:1094D000040845F04001304601F0EFFA18F8071093
:1094E000304601F0EAFA013FF8D2002D30464FF045
:1094F0000A050CBF9521872101F0DFFA304601F003
:10950000C5FA304601F0C2FA0306207503D5013DC5
:10951000ADB2002DF5D102B0BDE8F0814FF49671E7
:109520002046FFF7ABFF0028CFD1002DCDD0FF2084
:10953000F1E7F8B500220D463A210446FFF7B4FFE3
:1095400030B1122320466374FFF734FF0020F8BDCA
:109550002E1D271D384601F099FA06F8010DAE427E
:10956000F8D12046FFF726FF0120F0E738B5154671
:1095700000220446FFF798FF30B11B236374204696
:109580000025FFF717FF0AE0294610222046FFF7C3
:109590003DFF05460028F2D02046FFF70BFF284686
:1095A00038BD0A460921FFF7E1BF0A460A21FFF745
:1095B000DDBF38B503680D4604469B6D9847032808
:1095C0004FF01201204618BF6D022A46FFF76CFFCC
:1095D00030B10C2320466374FFF7ECFE002038BD49
:1095E0000120E074FBE738B500240C210546224633
:1095F000C474FFF759FF30B1092328466B74FFF795
:10960000D9FE204638BD2846FFF7D4FE0120F9E7F1
:10961000C27C022A02D103685B6E1847012A01D17D
:10962000FFF7E1BF01207047F8B51E46C37C044632
:109630000D46012B174602D183698B4207D029467C
:109640002046FFF7B6FF08B90020F8BDA561002548
:10965000B54207EB45210AD1A369207F2B44A361C2
:109660000028F2D12046BDE8F840FFF7BCBF2046F5
:10967000FFF700FF0028E7D00135E9E72DE9F047C3
:109680001E46C37C04460D46012B1746DDE9089AA9
:1096900002D183698B4208D029462046FFF789FF13
:1096A00010B90020BDE8F087A56105EB0608454527
:1096B0000AD1A369207F3344A3610028F2D1204658
:1096C000BDE8F047FFF78FBF39462046FFF7D2FECF
:1096D0000028E6D02846524639460135C847E6E715
:1096E00038B503680D4604469B6D984703284FF034
:1096F0001901204618BF6D022A46FFF7D5FE30B18A
:109700000E2320466374FFF755FE002038BD022368
:109710000120E374FAE700002DE9F04788B0044621
:109720000026174601ADA6746674667585E80E00BE
:109730009DF80400207401F063F90121207C01F000
:1097400062F94F480723C4E9020395E8070005AB17
:10975000251D83E8070028460ECB01F05DF9204661
:10976000E6740A26FFF713FE0121207C01F04BF975
:10977000013EFF21284601F0A0F916F0FF06F7D1BF
:1097800031460A26207C01F03EF90022204611468F
:10979000FFF78AFE012880460AD0013E16F0FF0638
:1097A000F3D1012320466374FFF704FE002055E047
:1097B00008214FF4D5722046FFF776FE410750D4BA
:1097C000022304266375013E284601F05FF92075E7
:1097D00016F0FF06F7D1AA284ED123682046DFF8FD
:1097E000A4A09B6D9847821EDAF80030504203F522
:1097F000FA6850411FFA88F8860700223721204670
:10980000FFF752FE324629212046FFF74DFE8146E2
:1098100050BB236820469B6D9847022817D14A46C3
:109820003A212046FFF740FE40BB284601F02EF9C2
:1098300000F0C000C028284604BF0323637501F070
:1098400025F9284601F022F9284601F01FF92046A3
:10985000FFF7B0FD07230120A760E36008B0BDE873
:10986000F08784F81580B8E7DAF80030A8EB030336
:109870001B04C2D5172395E7062393E7122391E72C
:10988000801A0600D0ED01207FB503680E466946B8
:109890000446DB6C1546984780B19DF80A305A069D
:1098A00011D403F03F039DF80B205B0043EAD21371
:1098B0006A1C3243134206D02723637420460025D6
:1098C000FFF778FD26E0637D20212046032B1CBF97
:1098D00076026D023246FFF7E7FD08B12623ECE77A
:1098E0002A4621212046FFF7DFFD02460028F5D158
:1098F00026212046FFF7D8FD0028EFD142F2107153
:109900002046FFF7BBFD054608B92823D5E72046CA
:10991000FFF750FD284604B070BD38B54FF41671FE
:109920000446FFF7ABFD054630B91E23204663749D
:10993000FFF740FD284638BDFD21201D01F0BDF890
:109940002046FFF737FD0023E374F3E737B51546EC
:1099500004460430019001F0B0F84FF4007229463B
:10996000019801F0B3F8FF21019801F0A6F8FF215A
:10997000019801F0A2F8019801F088F8207500F034
:109980001F00052807D0202320466374FFF712FD2F
:10999000002003B030BD0120FBE713B501914FF467
:1099A00016710446FFF76AFD019A30B924236374E7
:1099B0002046FFF7FFFC002005E0FC212046FFF7D2
:1099C000C5FF0028F4D002B010BD036870B59B6DD0
:1099D0000D4604461646984703284FF018012046C6
:1099E00018BF6D022A46FFF75FFD30B10D23637487
:1099F00020460025FFF7DEFC0AE03246FE21204625
:109A0000FFF7A4FF05460028F2D02046FFF7D2FC5E
:109A1000284670BD10B4047F34B103689C6A0123EA
:109A2000A4465DF8044B60475DF8044BFFF7CDBFDB
:109A300030B585B0054601AC84E80E0094E80E0010
:109A4000FFF76AFE20B19DF8053003F001032B7784
:109A500005B030BD2DE9F843089D06460C46174673
:109A600003EB0108444502D10120BDE8F8833368C7
:109A70003A46214630461B6904F1010998470028FF
:109A8000F3D02046099A39464C46A847EAE72DE923
:109A9000F04105460C461F465618B44201D101203C
:109AA0000CE02B6820460699D3F82480B84721465D
:109AB000024628460134C0470028EED1BDE8F081B7
:109AC000002070470020704700207047704700005A
:109AD000074B0021074A9963186B106012681A63DC
:109AE0009A6C22F081029A64034B1970704700BF90
:109AF00000002C40FC1C01208CF10120064BC3F817
:109B0000CC01C3F8D001C3F8BC01C3F8C001C3F84D
:109B1000C401C3F8C801704700801F40034B0448CC
:109B20001B6B1840B0FA80F04009704700002C40D1
:109B300001000F00024B586A00F00100704700BF9F
:109B400000002C40034B586A80F08070C0F3006026
:109B5000704700BF00002C40014B1878704700BFD1
:109B60008CF10120034B586A80F40060C0F3C020E0
:109B7000704700BF00002C40034B586A80F480609F
:109B8000C0F38020704700BF00002C40034B044806
:109B90001B6B1840B0FA80F04009704700002C4061
:109BA00002007F114FF47A735843234B5A6AA3F58E
:109BB0001033D3F800110623C2F3C22201F03F0193
:109BC0000132B1FBF3F11D4BB3FBF1F30921B3FB00
:109BD000F2F3012230B51401B3FBF4F4844201D94D
:109BE000013902D11446012103E05200F3E70131AB
:109BF0002C46B3FBF4F5854203D9102902EB04058A
:109C0000F5D14FF47A700139520844430C48B3FB44
:109C1000F4F303600B48C36A23F47F2323F47F63C8
:109C200043EA011343EA022343F46023C362436A15
:109C30001B07FCD530BD00BF00C00F4000EC695EC3
:109C4000C80C012000002C40014B1878704700BF61
:109C500086AE0020014B1868704700BFFC1C012035
:109C6000054B03F1100253F8040B934241F8040B27
:109C7000F9D10120704700BF6BF10120054B03F1C2
:109C8000100253F8040B934241F8040BF9D1012060
:109C9000704700BF7BF10120024B01201B680B6065
:109CA000704700BFE01C012070470000F8B5054672
:109CB000064F02F0C1F90646A847044620B102F05B
:109CC000BBF9801BB842F7D92046F8BD40420F00CF
:109CD0002DE9F0410B4F0546DFF82C80386002F08B
:109CE000ABF90646A847044620B9002320463B604E
:109CF000BDE8F08102F0A0F9801B4045F5D804F0E2
:109D0000E1FEEFE7F81C012040420F0010B50446C9
:109D10000C2102F06DFD204610BD000008B50020AA
:109D200047F2B802FFF7EAFE41F2B801064BC3F86A
:109D3000BC23C3F8C023C3F8AC23C3F8B013C3F8E3
:109D4000B423C3F8B82308BD00801F402E4B052064
:109D5000D3F8002142F0800210B5C3F80021D3F8F7
:109D600000212A4C22F03F02C3F80021D3F8002141
:109D700042F01802C3F80021D3F8002122F080023B
:109D8000C3F8002103F51033D3F8802042F00C0211
:109D9000C3F880205A6A22F460525A62DA6942F4A7
:109DA0008032DA615A6A42F400625A62FFF7A6FE14
:109DB000A36C43F00043A364E36A43F0807343F46D
:109DC0000043E362E36ADA01FCD44FF4C870FFF7A2
:109DD000E9FEFFF7A3FF0E4B0E4A63630E4BC3F879
:109DE000F8210E4B602283F86E204FF0E0234FF4F1
:109DF0008042C3F80C21E36A044A43F00063E36243
:109E0000D36A1B01FCD410BD00800D4000002C4023
:109E10000B007F111D0E010000B0002000E400E0E7
:109E2000044B1B7823B1044B18780230C0B2704742
:109E30000120704757F1012062F1012038B5044636
:109E400014480D46FFF732FFF8B9134BA1029D608D
:109E500007D59A6C22F0FF029A64E2B2996C0A4329
:109E60009A6424F0FF040C4D0C48EC60FFF71EFFD1
:109E700058B92A6B0A4B1A601A682A631A68D20703
:109E800003D51B6813F4702F01D0002038BD0120CA
:109E9000FCE700BF810E010000002C40690E0100AC
:109EA000FC1C012008B5044B04481968FFF7C6FFE5
:109EB00008B1034B186908BDE41C012000001A0D0D
:109EC00000002C4008B5FFF7EDFF80F48070C0F370
:109ED000002008BDFFF7E6BF134B30B50C4685B038
:109EE0001968FFF7ABFFE8B1104B04F10F051A69D1
:109EF00000925A6901929A690292DB6903930023E6
:109F000023F0030203F0030101331032C9000F2BC9
:109F10006A4452F8102C22FA01F205F8012DEFD113
:109F20000023E37305B030BDE41C012000002C4089
:109F300008B50848FFF7CCFE50B9074B1A689207DE
:109F400005D51A68054B1A420CBF0120002008BD38
:109F50000020FCE7A50E0100FC1C012000007F1181
:109F6000F8B51D46930707460C46164600D145B97D
:109F7000184B25221A7040F2F512174B1A60002078
:109F8000F8BD1648FFF7A4FE30B1124B0A221A7032
:109F90004FF4FC72104BF1E7114B012211491A707A
:109FA000114B1860114B0E6003EA054343F4007334
:109FB0004B600F4B8B630F4B1B7803B96402214638
:109FC0003846FFF73BFF0028D9D0BDE8F840FFF73F
:109FD000AFBF00BF86AE0020D40C012011120100DB
:109FE0008CF1012000002C40FC1C01200000FF1F10
:109FF00002007F1162F10120F8B50746007A0C4695
:10A000001546C0071E460ED40E44B44210D03B681D
:10A010002A46214638461B69013405F500759847E4
:10A020000028F2D10DE0900711D00E44B44201D1C6
:10A03000012007E03B682A46214638461B699847BD
:10A0400008B90020F8BD013405F50075EEE70648B3
:10A05000FFF786FF0028EBD1044B0C221A7040F268
:10A06000A132034B1A60EDE737003A1286AE0020AA
:10A07000D40C0120F8B50746007A0C461546C007F7
:10A080001E460ED40E44B44210D03B682A462146E8
:10A0900038465B6A013405F5007598470028F2D10F
:10A0A0000DE0900711D00E44B44201D1012007E029
:10A0B0003B682A46214638465B6A984708B9002023
:10A0C000F8BD013405F50075EEE70648FFF748FFD7
:10A0D0000028EBD1044B0E221A7040F23D42034B94
:10A0E0001A60EDE727003A1986AE0020D40C012053
:10A0F000164A137813F0C00318D19379D07903F07E
:10A100000303917A800040EA8320137A40EA931097
:10A11000537A527903F00303013002F00F025B001F
:10A1200043EAD1131344073B98407047402B0BD1AF
:10A13000507AD379013003F03F0300EB0340137AE8
:10A1400000EB032080027047002070477BF1012064
:10A15000037ADB0708D50A4B1B6803B11847094B84
:10A16000187860B1FFF7AEBE074B1B780BB1FFF755
:10A170000DBD064B586A80F08070C0F300607047D8
:10A18000F81C012056F1012063F1012000002C4051
:10A1900038B51546284A937A13F0400412D103F0DB
:10A1A0003F03D27A5B0043EAD2136A1C0A4313428C
:10A1B00008D0224B27221A7040F20232204B1A603C
:10A1C000204638BD1F4B1B780BB949026D021E4853
:10A1D000FFF734FE044630B9184B0F221A7040F2D4
:10A1E0000A32174BEBE729461848FFF727FE0446CB
:10A1F00030B9124B10221A7040F20D32104BDEE7CC
:10A2000000211348FFF71AFE044630B90B4B112208
:10A210001A704FF444720A4BD1E70E48FFF746FD1F
:10A220000028CDD0054B282200241A7040F21332AA
:10A23000034B1A60C4E700BF7BF1012086AE00200B
:10A24000D40C012062F1012000001A2000001A2124
:10A2500000001B261112010010B50F4C23780BB91A
:10A26000012010BD0D48FFF721FD00230C4A23708B
:10A27000116B0C4B19601968116318B91A680A4BF5
:10A280001A42EDD0094B1F2200201A7040F27A22A8
:10A29000074B1A60E5E700BF63F10120D90E01000A
:10A2A00000002C40FC1C012000007F1186AE002025
:10A2B000D40C0120F0B5057AADF5017D04460F46BA
:10A2C00015F0010516461BD0930706D031466E46A1
:10A2D0004FF40072684602F0CDF901233246394648
:10A2E0001A48FFF73DFE054630B9194B0D221A708A
:10A2F00040F21142174B1A6028460DF5017DF0BD62
:10A30000FFF7AAFF0028F7D0637A022B02D1636817
:10A31000BB420FD0236820461B6A98470028EBD029
:10A320002368394620461B6E98470028E4D0022354
:10A3300067606372236831462046DB6D98470028CA
:10A34000DAD06368054601336360D5E701003A1847
:10A3500086AE0020D40C012038B5174C00211748D8
:10A36000A36A23F48033A362FFF768FD054640B972
:10A37000134B09221A7040F23D22124B1A602846F4
:10A3800038BD1148FFF7A4FC40B10D4B0A2200254F
:10A390001A704FF410720B4B1A60F0E7636A9B0758
:10A3A000EDD5616BA36AE26A23F4803342F08062E8
:10A3B000E2626163A362E2E700002C400000DB0C74
:10A3C00086AE0020D40C0120910E010070B50C4621
:10A3D000FFF742FF0546D8B1194B5A6AD20507D498
:10A3E0009A6A22F480329A629A6A42F400329A623D
:10A3F0009A6A144842F480329A62FFF757FC48B1D7
:10A40000114B212200251A704FF47E720F4B1A60F7
:10A41000284670BD04F50071094A536A5B05FCD5F6
:10A42000231F04F13C0053F8046F83421662FAD1F3
:10A4300040348C42F1D1064B01221A70E8E700BF8C
:10A4400000002C40C50E010086AE0020D40C012077
:10A4500063F1012010B514480C46FFF739FC40B1F8
:10A46000124B0A2200201A7040F24B42104B1A6025
:10A4700010BD104B9A6A22F480329A624FF4007237
:10A480005A600D4B1B7803B9640221460B48FFF755
:10A49000D5FC0028ECD1054B0E221A7040F2574231
:10A4A000034B1A60E4E700BF1112010086AE0020E2
:10A4B000D40C012000002C4062F1012020003A1948
:10A4C00038B5044618480D46FFF7F0FB40B1174B6E
:10A4D0000A2200201A704FF4CC72154B1A6038BD56
:10A4E000144B012221461A70134B144A1860144B66
:10A4F00014481D605A60144A9A63FFF79FFC38B9EC
:10A500000A4B04221A7040F29F12094B1A60E6E7C8
:10A51000FFF70EFD0028E2D1044B25221A704FF4FC
:10A52000D172034BF2E700BF1112010086AE00208A
:10A53000D40C01208CF10120FC1C01204000010002
:10A5400000002C4011003A0602007F112DE9F04F67
:10A550000024834F834D91B0DFF84882824E017210
:10A5600044723C702C7088F800403470FFF7EEFBAA
:10A5700021462046FFF762FC044648B9012340F219
:10A580008E222B70794B1A60204611B0BDE8F08FF7
:10A590000324DFF814924FF4D5714846FFF74EFCC0
:10A5A00080B1734B1B69B3F5D57F07D006234FF4F9
:10A5B00025722B706D4B00241A60E5E70123337080
:10A5C0006C4E0FE0013CE6D13378002BF8D1FFF759
:10A5D000BDFB21462046FFF731FC3378002BEFD13D
:10A5E0004FF4401601F028FDDFF8AC910446DFF887
:10A5F000BCA1DFF8BCB100214846FFF71FFC28B919
:10A6000017234FF42A722B70584BD4E7314650462B
:10A61000FFF714FC0028F3D001F00EFD001B584595
:10A62000EED8534B1A69002AE5DA1969524A5348A1
:10A63000116000211B695A0044BF012388F80030D3
:10A64000FFF7FCFB044628B9022340F2B1222B702D
:10A65000464B98E700214A48FFF7F0FB044628B92B
:10A6600003234FF42D722B70404B8CE7404EDFF8E4
:10A670004481336943491B0C43481B04C8F800302C
:10A68000FFF72AFC044628B9072340F2B9222B70B1
:10A69000364B78E73D493E48FFF71EFC044628B993
:10A6A00008234FF42F722B70304B6CE7D8F8001052
:10A6B0003848FFF7C3FB044628B9052340F2BF2200
:10A6C0002B702A4B5FE7D8F800103348FFF7B6FB32
:10A6D00018B302213148FFF7B1FB0446E8B1B36A71
:10A6E00069466FF07F4023F00603B362B36A43F01C
:10A6F0000203B3624FF010137364FFF7E1FE90B9E9
:10A7000046F2A8120520FFF7F9F91046FFF74AFABA
:10A71000FFF704FB01233B7036E7142340F2C3220A
:10A720002B70124B47E79DF80D309B07E8D50F4E75
:10A7300069461B4895F80090D6F80080FFF7C0FEE8
:10A740009DF8103018B103F00F03012B04D085F8E9
:10A750000090C6F80080D3E74CF25032D2E700BF39
:10A7600056F1012086AE002057F10120D40C0120C3
:10A7700000002C4000003040E01C012000000902D5
:10A7800000001A037BF10120000009096BF1012090
:10A790000000090A00001B0700001A3700001A0613
:10A7A000F1FFFF8062F1012000001A080000022979
:10A7B00040420F00E41C012038B5254B0C465A6A74
:10A7C00090050DD49A6A22F480329A6272B69A6A1F
:10A7D00042F400329A629A6A42F480329A6262B615
:10A7E0001C48FFF763FA40B11B4B1A221A7040F263
:10A7F00056321A4B00201A6038BD04F50072144D11
:10A800006B6A1905FCD5231F04F13C01286A43F843
:10A81000040F8B42FAD140349442F1D11048FFF733
:10A8200045FA30B10C4B1D221A7040F261320B4BCD
:10A83000E0E72A6B0B4B1A601A682A631A689207C2
:10A84000DAD51A68084B1A420CBF01200020D3E762
:10A8500000002C40B10E010086AE0020D40C012077
:10A86000D90E0100FC1C012000007F1110B5144816
:10A870000C46FFF72DFA40B1124B0A2200201A7045
:10A8800040F2B132104B1A6010BD104B9A6A42F47C
:10A8900080329A624FF400725A600D4B1B7803B9F4
:10A8A000640221460B48FFF7C9FA0028ECD1054B9A
:10A8B0000C221A7040F2BD32034B1A60E4E700BF6D
:10A8C0001112010086AE0020D40C012000002C40A3
:10A8D00062F1012030003A12F0B5057AADF5017D44
:10A8E00004460F4615F0010516461FD09307214870
:10A8F0004FF001030CBF14466C462246FFF730FBB5
:10A90000054650B91C4B0B221A704FF45D721B4B5D
:10A910001A6028460DF5017DF0BDB442F9D04FF420
:10A9200000726946304601F0A5FEF2E7FFF794FC9D
:10A930000028EED0637A012B02D16368BB420ED0AF
:10A94000236820461B6A98470028E2D039462046F3
:10A95000FFF78CFF0028DCD001236760637231466B
:10A960002046FFF729FF0028D3D06368054601334E
:10A970006360CEE711003A1186AE0020D40C0120AE
:10A9800070B5134A00250E4645722946936A114850
:10A9900023F480339362FFF751FA044640B90E4B1B
:10A9A00009221A7040F2D3320C4B1A60204670BD57
:10A9B000002EFBD00A48FFF78BF90028F6D0064B93
:10A9C0000A222C461A7040F2D732044B1A60EDE787
:10A9D00000002C400000DB0C86AE0020D40C0120CF
:10A9E000910E010010B50446FFF736FC38B1637ACA
:10A9F0002BB120460121BDE81040FFF7C1BF10BDBB
:10AA0000012101F087BB01F053BBD0E9011208B569
:10AA10000068F9F701F908BD84B00DF1100C0CE9DC
:10AA20000E00044A002B08BF13460360184604B00A
:10AA3000FAF74CB8C89D00200368DA7C12B3D0073F
:10AA400004D5986A4FF0E021C1F80001910704D5C0
:10AA5000D86A4FF0E021C1F80401500704D5186B03
:10AA60004FF0E021C1F80801110704D5586B4FF0F1
:10AA7000E021C1F80C01D20604D59A6B4FF0E02317
:10AA8000C3F8102170470068FAF757B90368FF222E
:10AA90001B685A66DA6D12F4F81FFBD0586FC0B20B
:10AAA000704708B500681346FF2280F83C200A462C
:10AAB0000021FAF717F9002008BD03681B685966E2
:10AAC000DA6D12F4F81FFBD05B6F70471346006815
:10AAD0000022FAF707B973B503780446DA071FD5E1
:10AAE000406804F11002E168036801925B6A9847CC
:10AAF000019A054618B90025284602B070BD237892
:10AB00009B0704D4237823F001032370F4E7201D6E
:10AB100043C8036831445B6A98470028F2D1EAE7EA
:10AB20000125E9E7436870B504460E4615460BB9A2
:10AB3000002070BDC3688B4208D0FFF7CCFF00280F
:10AB4000F6D06B070AD50023E6602370237805F062
:10AB5000030520462B4300F8103BEAE7606804F148
:10AB60001002314603681B6998470028EBD1DFE7E4
:10AB700000231370014B1B68184700BF041D012000
:10AB8000024B034A1A60034B18607047001D0120F6
:10AB9000BD1E0100041D0120838913B5044623B1A5
:10ABA00000228281184602B010BDD0E9010188421E
:10ABB000F8D201AA00F0A4F810B94FF6FF73F1E73C
:10ABC000019A6060B2F5803F93B2EBD3C3F30903FF
:10ABD000920AA3F51053A2F52152A38193B2E1E7A3
:10ABE000B1F5807F30B52FD810294FF020042DD932
:10ABF00020292DD980292DD9B1F5FC7F2CD9B1F58B
:10AC00007C7F2BD9B1F5FC6F2AD9B1F57C6F94BF4D
:10AC10008023FF2313FB04F3B2FBF3F1B1F5806F44
:10AC200020D203FB1123B2FBF4F5B3FBF4F304FBD6
:10AC30001522DBB20132D2B203708B08817023F08F
:10AC40003F031A43427030BD3F24D3E70223E1E7BC
:10AC50000423DFE70823DDE71023DBE72023D9E720
:10AC60004023D7E73F22FE2340F2FF31E4E70346CB
:10AC7000501A7F2B05D8002841D0084600F8013B28
:10AC80007047B3F5006F0DD2012837D99A0903F048
:10AC90003F03084662F03F0263F07F0300F8022B97
:10ACA0004B707047B3F5803F11D2022826D91A0B9A
:10ACB000C81C62F01F020A70C3F3851203F03F0341
:10ACC00062F07F0263F07F034A708B707047032845
:10ACD00014D99A0C081D62F00F020A70C3F30532F2
:10ACE00062F07F024A70C3F3851203F03F0362F003
:10ACF0007F0263F07F038A70CB707047002070473B
:10AD0000884230B505463AD2037890F90000002811
:10AD100002DB681C136030BD03F0E000C0281ED1C8
:10AD200003F01F0302242819884228D8013515F89A
:10AD3000011B01F0C004802C21D101F03F018542AC
:10AD400041EA8313F3D1A3F180040E498C4216D853
:10AD5000A3F55841B1F5006F11D31360DBE703F0A1
:10AD6000F000E02803D103F00F030324DBE703F036
:10AD7000F800F02803D103F007030424D3E70020F0
:10AD8000C9E700BF7FFF10007E2830B527D8A0F1AB
:10AD90006103192B8CBF00230123A0EB431398B24E
:10ADA00030BD03EB520231F8225085428CBF14466D
:10ADB0001346E21A012AF4D89AB231F822309842A6
:10ADC0002DD301EB8201C31ACA78934227DA91F995
:10ADD0000220012A07D103F00103C31ADFE735245B
:10ADE00000231149E5E71AB192B2024490B2D7E7C5
:10ADF0004EF2A032F9E703EB520231F822508542BD
:10AE00008CBF14461346E21A012AF4D89BB231F8DB
:10AE10002320824204BF01EB83014888C0E74B2412
:10AE200000230249EFE700BFBE61002092600020CE
:10AE3000002281600270024A12684260704700BFBF
:10AE4000D0ED012010B5094CD0E901322168C91AB2
:10AE5000914208D30AB1017819B1236843600120F7
:10AE600010BD1344FAE70020FAE700BFD0ED01203F
:10AE700008B501F0ADF9044B044A196811601A686D
:10AE8000034B1A6008BD00BFD0ED0120E0E00120B7
:10AE9000DCE00120074A084BD2F86210C3F8061024
:10AEA000B2F866105981916EB2F86C20C3F8121096
:10AEB000DA827047246000203EF1012090F8A32040
:10AEC00090F8A200101A704790F8A23090F8A320D2
:10AED0009A4281BF5A1C80F8A220C018807E98BF79
:10AEE0004FF0FF30704790F8A23090F8A3209A42BC
:10AEF00086BFC018807E4FF0FF3070477047B0F8B3
:10AF000030312BB190F82F31882B03D901234360C6
:10AF1000002070475A1C80F82F21184480F8A51093
:10AF20000120704738B5B0F8303105461446ABB152
:10AF300090F82F31C3F18902944282BF0120144658
:10AF4000686005F1A5002246184401F093FB95F8CE
:10AF50002F31234485F82F31204638BD1C46FBE7AE
:10AF60002DE9F74F41690246037E4FF0150E3D4C27
:10AF700001EB0313DFF8F480187A537E060101EB2E
:10AF8000031304EB0010A65993F82830D0F80CC036
:10AF9000D0F804901F0104EB0313DD68C9F800E04A
:10AFA000C6F884C070685B6840EA0C00019370606A
:10AFB000E059C3F800E0C0F8845043682A4C2B43A2
:10AFC000DFF8ACE043606768DEF80030B3FBF8F30D
:10AFD0004FF00A0808FB03F3D4F80480A8EB070835
:10AFE0004345F9D80923204FDFF880A0B46814EA5C
:10AFF0000C0F02D084682C4231D1C0F88850D7F8A9
:10B0000004B0DEF80040B4FBFAF404EB8404D7F893
:10B010000480A8EB0B084445F9D8C0F88450D7F851
:10B0200004B0DEF80040B4FBFAF404EB8404D7F873
:10B030000480A8EB0B084445F9D8013BD6D118464B
:10B04000137E01EB0313DB68C9F80030537E019ACD
:10B0500001EB0311CB6A136003B0BDE8F08F012050
:10B06000EEE700BF3C3A0020001000E040420F0035
:10B07000C09B00200B4A10B511680469636913F086
:10B08000007F04D14FF4FE430120636110BDDB015A
:10B09000F8D413685B1A102BF0D9FFF761FF002872
:10B0A000F0D1F3E7D0ED01202DE9F84F90F82F8192
:10B0B00007460D460469B8F1000F2ED0FFF7DAFFFE
:10B0C00058B3DFF8C49000264FF4007BD9F800A0F5
:10B0D00046451BD8E36D03F00703032B16D846B98A
:10B0E00097F8A52042F480622266012201331646B9
:10B0F000F3E7464506F1010204D23E4496F8A51056
:10B100002166F3E70DB1C4F860B0164663691A050D
:10B1100005D5236943F440732361042506E0D80470
:10B1200007D52369052543F4407323612846BDE80C
:10B13000F88F590508D52369022543F4407323612C
:10B140004FF400732366F1E79A0405D4D9F8002080
:10B15000A2EB0A02322A07D9236943F44073236120
:10B160004FF400732366D8E7464507D9E26D12F025
:10B17000070203D19B0504D4002DD7D003F0A2FC15
:10B18000A6E71546D2E700BFD0ED01202DE9F84F24
:10B1900007460E46914698460569FFF76BFF002863
:10B1A0007AD07600B9F1010FDFF8F0A04FF000047B
:10B1B000F6B238BF4FF00109DAF800B046F4806605
:10B1C000A7F8A24046F00106022C0ED8EB6D09F15B
:10B1D000FF324FF4007103F0070342F480722344FE
:10B1E000181B032801D8032C16D197F8A330872BFE
:10B1F0001FD96B6919052DD52B6943F440732B6159
:10B20000EB6D13F4E02F03D02B6943F400732B6133
:10B2100097F8A300BDE8F88F14B92E660134DFE774
:10B22000012C01D12A66F9E7B8F1000FF6D02966A2
:10B23000F4E7EA6DC2F30242002ADAD097F8A330AD
:10B24000872BD6D8296F581C3B44013A87F8A300B6
:10B250009976F1E713F4105F05D1DAF80020A2EB3C
:10B260000B02322A07D92B6943F440732B614FF448
:10B2700000732B66C4E797F8A3204A4509D3022C34
:10B2800007D9EA6D520704D19B05B9D4B8F1000F74
:10B29000B6D003F017FC97E70420BBE7D0ED012000
:10B2A00070B506690446D6F8145115F4706301D0E0
:10B2B000C6F81431A8070FD5D6F87021110444BF81
:10B2C0000023A4F8A23094F8A330872B9FBF591C09
:10B2D0001B1984F8A3109A76EB071CD594F830312B
:10B2E0004BB9D4F8383103B19847002384F82E3194
:10B2F000012384F8303194F82E3194F82F219A42AA
:10B3000085BF5A1C1B19002384F82E2188BF93F88F
:10B31000A530C6F8603115F4407F0DD094F8A30035
:10B3200018B1D4F83C3103B198470023A4F8A230F7
:10B33000A4F82E3184F8303170BD00000148FFF7C9
:10B34000AFBF00BF449E00200148FFF7A9BF00BF68
:10B35000849F00200148FFF7A3BF00BFC4A00020C6
:10B360000369002213481A61814212D8124A9A6472
:10B3700001225A62114A9A624FF43032DA629A6CB0
:10B380001A6500221A624FF001129A6501221A61B1
:10B3900070470B4881420B4906D80B4898645A62A3
:10B3A0000A4A9A62D962EAE7094898645A62094AE5
:10B3B000F7E700BF7F1A06003B372819B80B0505D1
:10B3C0003F420F00007F05001C1A120C100E0202F3
:10B3D0000A090704600901014FF0E0234022C3F885
:10B3E00008227047F8B5144D144B6E681C687CB980
:10B3F000114B134A5B689B1BC3F38F111180114AD9
:10B400001088B0EB931F38BF1180BFF34F8FF8BD8A
:10B41000237A73B1236820466F681B6898476B686E
:10B42000E188DB1BC3F38F12B1EB931FA28038BFFF
:10B43000E2806469DBE700BF001000E00C1D012022
:10B440005CF001205EF001200B68036070470B6820
:10B4500003607047704703681847000070B572B604
:10B460001C4D1D4C2A8804F1700604EB8200B0428A
:10B47000034602D362B6002070BD50F8041B09B920
:10B480000132F4E7B1FA81F64FF00040F04021EAD2
:10B490000001196001B901322A80104A1188013176
:10B4A0008DB2158062B61B1B4FF4025001249A1016
:10B4B00041F67C7300FB0233094A02FB0633094A5A
:10B4C0001268D454D018084B1A888A4238BF1D809D
:10B4D000D2E700BF60F00120101D012058F00120CC
:10B4E000FCFEFFFF081D01205AF00120438872B6C0
:10B4F0000278012A03D9013A027062B670475909ED
:10B50000DB430B484FF0004203F01F0322FA03F322
:10B5100050F82120134340F82130064B1A888A4204
:10B52000054A88BF19801388013B1380E5E700BFF7
:10B53000101D012060F0012058F00120C36830B5D3
:10B5400003B930BD187A90420AD158685C7A006914
:10B5500050F8245025B940F82410087801300870BC
:10B56000DB68EDE7437A8B424FF0000385BF026949
:10B5700052F82100184642F82130704738B5437A16
:10B580008B4202D80024204638BD0369002253F8BC
:10B59000214043F82120002CF4D02378012BF2D94C
:10B5A000FFF75CFF054628B14FF48072211D04307F
:10B5B00001F060F82378013B23702C46E3E700009C
:10B5C0000022C0E9002202810274024A1168106060
:10B5D000C1607047801D0120037C10B5002B49D14C
:10B5E0000368002B48D04368002B45D0427A5B7A31
:10B5F0009A4243D272B6234B1A68DAB9224B1A68C0
:10B60000002A3DD0824226D10268D16861BBD06059
:10B61000C16819600023C360917A013191720121E0
:10B6200011724268947A11720C4494720174184633
:10B6300062B60DE0D3680BB95269DEE75C68416819
:10B640008C4206D15C7A417A8C4202D162B60420E7
:10B6500010BDDB68EFE702F10C03D268D0E784424B
:10B6600002D162B60620F3E70C46C9680029F6D17C
:10B67000E060CDE70120DBE70320D9E70220D7E730
:10B680000520D5E70C1D0120801D012070B4067C2B
:10B690009DF80C5036B902724572C0E9001370BCB7
:10B6A000FFF79ABF012070BC70470000037C10B503
:10B6B0000446002B3DD04368427A5B7A9A423AD2E4
:10B6C00072B60268D36813B962B6032010BD9842FF
:10B6D000D96827D1D1606368627A1B6953F8220068
:10B6E00040B1FFF703FF72B663680021627A1B69FD
:10B6F00043F822102268937A013BDBB2937203B9BC
:10B7000013726268937A013BDBB2937203B91372CE
:10B710000A4B00201A682074E2601C6062B6D5E70C
:10B72000002BD8D01A46DB689C42F9D1E368D3607D
:10B73000D1E70120CAE70220C8E700BF801D012031
:10B7400010B50446FFF7B2FF064B1A681AB1A242C1
:10B7500003D1E2681A60204610BD02F10C03D268E2
:10B76000F4E700BF801D01200A4B1A787AB90A4A13
:10B770000A49C2F858110A4AD021012082F846101D
:10B780004FF0E0224021C2F80811187070470020E5
:10B79000704700BF8DF1012000B00020312701006B
:10B7A00000E400E010B5044650F8083BDB68984719
:10B7B000204610BD30B572B6264C89B9016879B102
:10B7C00003790F2B0CD822881A41D20708D503F130
:10B7D000007303F5E943B1EB431F01D162B630BDFD
:10B7E0002388002243FA02F515F0010529D1012131
:10B7F00091400B43238062B6174CD1B20171E36FC5
:10B8000043F0C003E36740F28244144B1C60997616
:10B8100099771976D97702F10073114982F0030202
:10B8200003F5E9435B010360C3E90055C3E9025531
:10B83000C3E90455C3E90655535C43F0C0035354B0
:10B84000CDE70132102ACDD162B600230271036028
:10B85000C5E700BF74F0012000C00F4000800E401B
:10B8600000810E4003790F2B0FD8084A937672B6E9
:10B870000749012203799A400B8823EA02030B80CF
:10B8800062B61023037100230360704700800E40EE
:10B8900074F0012070B50B4D00240B4EEFF31082B5
:10B8A00072B6286858B143692B6033B19C6102B904
:10B8B00062B6836844779847F0E73360F7E702B9E8
:10B8C00062B670BD081E0120041E0120FFF7E2BF12
:10B8D000044B5A68044B1A60044A1368013313601E
:10B8E000704700BF001000E0CCED0120D0ED01203A
:10B8F000704770477047704770B503241826044D91
:10B9000006FB0450FFF74EFF013CF9D270BD00BFAB
:10B91000C0B2002003682DE9F041044688B0174604
:10B92000002B4AD000229A600122DA602368182591
:10B93000DFF8D88004A803F1BF2303F577031E11B5
:10B9400051F8083B754302935B68984705F108007E
:10B9500058F805304044DB6801909847029B04A9E1
:10B96000224A0198029248F805309B68984702A83D
:10B97000FFF718FF236803221F609A601C4A23798F
:10B980009355137851788B4228BF0B469178D27823
:10B990008B4228BF0B461749934228BF1346164ACD
:10B9A000C2F82812154A012082F87A304FF0E023BD
:10B9B0004FF08062C3F80C2115E0114AD36E43F4B6
:10B9C0004053D36601220F4B1A6003F580730E4A71
:10B9D0000360236898680028A8D01033934223603E
:10B9E000F7D90020206008B0BDE8F081542F002076
:10B9F00087AE0020652D010000B0002000E400E0CB
:10BA000000C00F40004008403F410840C0B2002045
:10BA100050F8083B1B68184738B5174C174D23687A
:10BA2000AB4207D0164BDA6822B101222046DA6019
:10BA3000FFF7EEFFA369AB4207D0114BDA6922B1E1
:10BA400001221048DA61FFF7E3FF236BAB4207D016
:10BA50000B4BDA6A22B101220B48DA62FFF7D8FFFA
:10BA6000A36CAB4207D0064BDA6B22B10122074828
:10BA7000DA63FFF7CDFF38BDC0B20020542F00209D
:10BA800000410840D8B20020F0B2002008B30020E6
:10BA9000054A0020054B06491A609A611A639A64A8
:10BAA000044A08F05BBD00BF542F0020C0B2002044
:10BAB000452C01002CA20020F8B507460C4669B1C0
:10BAC0008D180026AC4201D13046F8BD3B6838469F
:10BAD00014F8011B1B6898470644F3E70E46F3E78A
:10BAE000012AF0B508BF0A228BB0A9B9302221245F
:10BAF0008DF825203BB1631E0AAADCB252FA83F30B
:10BB00002D2203F8242C036801A9C4F122025B68EA
:10BB1000214498470BB0F0BD2124B1FBF2F602FBA3
:10BB20001617FDB2092F04F1280794BF30353735B9
:10BB30006F448A42EDB207F8245CDBD8013C314601
:10BB4000E4B2EAE700294FF00A02BABF49422D23C6
:10BB50000023FFF7C5BF40F60D2307B5ADF804304D
:10BB60000222036801A95B68984703B05DF804FBF3
:10BB7000054B022888BF0346186810B4446818466D
:10BB800023465DF8044B1847349E00200EB403B5DD
:10BB900003AA52F8041B01920AF0DCF902B05DF826
:10BBA00004EB03B0704730B422B90368C9B21B6814
:10BBB00030BC184730BCFFF793BF0000B4EE400B19
:10BBC000F0B5F1EE10FA06460D462DED048B87B068
:10BBD00008D74249F7F710FE0446204607B0BDECEF
:10BBE000048BF0BDB0EEC07B9FED346BB4EE467BB2
:10BBF000F1EE10FA01DD3A49ECE79FED327BB4EE4D
:10BC0000C70BF1EE10FA02DD36493046E2E79FED50
:10BC10002F7BB4EEC70BF1EE10FAF5D4B5EEC00BE6
:10BC20000022B6EE008BF1EE10FA9FED2A6B46BFB4
:10BC3000B1EE400B01230023D1B28D4226D830EE65
:10BC4000088B0A223046BCEEC89B19EE101AFFF78B
:10BC500047FF0446002DC0D0B8EE490B0F2D02A8B7
:10BC6000B2EE046B28BF0F252E2338EE400B0146A1
:10BC70002A468DF80830013AD2B2FF2A0AD101359E
:10BC8000336830465B68EAB29847A6E728EE068B31
:10BC90000132D1E720EE060BFCEEC07BCDED017A40
:10BCA0009DF8043007EE903A03F13007B8EEE77BD9
:10BCB00000F8017F30EE470BDDE700BFFFFFFFFF1D
:10BCC000FFFFEF7F000000E0FFFFEF41000000E01A
:10BCD000FFFFEFC19A9999999999B93F0968002096
:10BCE0000D680020116800202DE9F0413C2400255A
:10BCF00040F26D184FF0640C4FF4C87EB0FBF4F3C3
:10BD0000B3FBF4F204FB130004FB12332C4608705F
:10BD100018204B70B2FBF0F300FB1322181D8A7041
:10BD20000722B0FBF2F2C2EBC202801AC870E8B27E
:10BD300000F2B27212F0030641D192FBFCF70CFB49
:10BD40001727002F3ED192FBFEF70EFB1727002F7F
:10BD500014BF47464FF4B7773C440135A342E6D2BF
:10BD6000463088716420B2FBF0F500FB15254FF4D6
:10BD7000C870B2FBF0F700FB172236BB45BB002AA8
:10BD800040F26D1008BF4FF4B7701B1BDFF854C0B2
:10BD9000034400200128C7B21DD1FEB905BB002A0B
:10BDA00014BF1C241D249C4204D801301B1B0C28EA
:10BDB000F0D1074601334F710B71BDE8F08140F2BD
:10BDC0006D17C9E74FF4B777C6E740F26D10DCE7AF
:10BDD0004FF4B770D9E710F80C40E4E71C24E2E711
:10BDE0001D24E0E749670020804BF0B559699D6943
:10BDF000A3F5F823DC687E4B984240F2DF807D4B50
:10BE0000984240F2E4807C4AC31AB3FBF2F3192251
:10BE1000534340F2276203F2E243934228BF1346A2
:10BE2000724EA3F54873D6F8802042F0C002C6F8DF
:10BE300080201922B3FBF2F204F01F03934207D2D1
:10BE400024F01F046D4B1443DC601E68002EFCDAE6
:10BE500011F0007328D16A4E6A4F36693E40BE42E7
:10BE60000EBF032600260123F70681EAC66616F0F8
:10BE7000605F04D021F060515C4E394371611E0354
:10BE800085EA033313F4405F07D025F440552E4371
:10BE9000564DAE61AB6C1E07FCD441F00071534BA4
:10BEA00059619D6CAD06FCD40126574F354606FB03
:10BEB00005F34343BB4240F28D8003F5B70353487B
:10BEC00003F558638342524800F28E80B3FBF0F3CF
:10BED000362B38BF36234A4F5843DFF858E1D7F89E
:10BEE00000C00CEA0E0E43F0004CB0FBF5F04CF431
:10BEF000005CE645B0FBF6F009D04FF4805C43F4FB
:10BF00000053C7F800C03B603B68002BFCDA374B9E
:10BF1000013D1F6907F00707AF4203D01D619D6C0B
:10BF2000EF03FCD4731E9D0281EA832313F4E05FC8
:10BF300009D005F4E05321F4E05119432B4B59612A
:10BF40009D6CAD07FCD4334B334D0344AB4296BFDD
:10BF5000324D0423B3FBF5F35E1E350281EA06265B
:10BF600016F4407F214E05D021F4407105F4407550
:10BF70002943716171691D4D21F000717161A96CD6
:10BF80008906FCD42649B0FBF3F3086025490B6011
:10BF90004FF0FF332449B0FBF1F1B3FBF1F3234938
:10BFA0000B6004F01F039A4207D224F01F04134BC6
:10BFB0002243DA601A68002AFCDAF0BD1C4E40F217
:10BFC0007E4340F2B632B04298BF134628E740F2B3
:10BFD000E24325E7082D01D0013568E7042E3FF63E
:10BFE0006CAF0136012562E76C2374E700C00F4097
:10BFF00000A4781F0046C323003FAB0100000840A7
:10C0000000800D4040300080FFB19F26FF7EF64D3E
:10C01000001BB7007FD1F0087F17B42C80D1F00847
:10C02000C09B0020BC9B002040420F0088E50120FF
:10C0300000366E017F30018070B50D4B01240D4E2E
:10C040000D4D53E8002F3068296843E80042002A6C
:10C05000F7D10A4B5B680A4A5B1A1268A3FB0232EB
:10C060004FF47A7358439A4294BF8018C01870BD39
:10C07000D4ED0120D0ED0120CCED0120001000E036
:10C0800088E5012038B5044680B1FFF7D5FF0546A5
:10C09000FFF7D2FF401BB0F57A7F02D202F012FD0B
:10C0A000F6E7013C02D005F57A75F1E738BD0000EE
:10C0B000362810B50BD802010A4B03EB00109B5831
:10C0C000C2685C68144206D011B1C3F8842010BD68
:10C0D000C3F88820FBE7836811B1034A1A60F6E7CA
:10C0E000024AFBE73C3A002038F0010038300100FA
:10C0F00036280BD80201064B03EB00109B589A68B8
:10C10000C3681A4214BF0120002070470020704706
:10C110003C3A0020362830B517D8134B02010129CC
:10C120009A5803EB00105468D0E9023501D0042975
:10C130000CD12C430129546001D1382201E040F692
:10C1400038021A60152243681A6030BD24EA0504DB
:10C1500054600029F1D0022901D1044AF1E70329F2
:10C160000CBF034A034AECE73C3A002038F00100D8
:10C170003830010038000100114B0021114A30B560
:10C18000C3F8F0220122104D104CC3F8F412C3F88A
:10C19000B820C3F8A010C3F8A450C3F8B020586961
:10C1A000C007FCD55A612078C007F0D41A6842F065
:10C1B00001021A60024A1368DB07FCD462B630BD84
:10C1C00000802A400504012401000F0000812A405C
:10C1D00030B50D4B4FF6FF750C4CA3F58051002286
:10C1E00008880231A84203D00132994292B2F7D3B3
:10C1F00003F5805324F8022BB3F1C14FEDD1044B6A
:10C2000001221A7030BD00BF00107C60B2F0012026
:10C2100005F2012038B541F2BB030446984225D807
:10C22000134B1B780BB9FFF7D3FFA2083F2311482C
:10C2300004F00304B2FBF3F3C3EB831144EA830479
:10C24000521A02F5C02130F81220FF2001F5F861E2
:10C2500052000B0302EB0132934200D338BD33F896
:10C26000021BCDB2A54208BF080AF5E7FF20F5E79B
:10C2700005F20120B2F001202DE9F0410D461446EF
:10C2800072B6304B40F206412F4A9A610222DA61BF
:10C290000022C3F8A020C3F8F0120119C3F8F42259
:10C2A000C3F8F822C3F8FC224FF47022C3F8A4208C
:10C2B0000122C3F8B02020F01F02BFF34F8F4FF0D0
:10C2C000E026C6F85C2F20329142FAD8BFF34F8F98
:10C2D000BFF36F8F5A69D607FCD501221B4920F0A6
:10C2E0007F40184F5A61C3F8F01242F20121DFF883
:10C2F0006080C3F8F412A1B2C3F8BC2041F47021ED
:10C30000C3F8A000C3F8A410C3F8B0207B69DA0713
:10C3100005D541237B61BDE8F041FFF72DBF5906EC
:10C32000F4D5082C0BD83CB126462946A41B35442D
:10C330003246404600F09EF940237B61E6E708263E
:10C34000F3E700BF00802A40F05AF05A3204180880
:10C3500080812A4010B472B6274B284A9A61022283
:10C36000DA6140F20642C3F8F0220022C3F8F42258
:10C37000C3F8F822C3F8FC22C3F8A0204FF47022BF
:10C38000C3F8A4200122C3F8B02020F47F6222F079
:10C390000F02BFF34F8F02F1200402F58051A1423A
:10C3A00034BF012180214FF0E02402EB4111C4F899
:10C3B0005C2F20328A42FAD1BFF34F8FBFF36F8FC9
:10C3C0005A69D107FCD501210D4A5961C3F8F02201
:10C3D0000C4A0240C3F8A0204FF47022C3F8A420F6
:10C3E000C3F8B010044B5A69D207FCD501225DF89E
:10C3F000044B5A61FFF7C0BE00802A40F05AF05A41
:10C400002004180800F0FF0041F2BB0398422DE918
:10C41000F0470446C2B089462FD83A4B1B780BB977
:10C42000FFF7D6FEA6083F23374F04F00304B6FB00
:10C43000F3F3C3EB831244EA8304B61AFF2206F532
:10C44000C02537F816A005F5F8652D03A84605EBBD
:10C450004A002B46834213D34A450ED0BAF5006FEB
:10C4600016D244EA09240AF1010A022202A9ADF80F
:10C470000840FFF701FF27F816A042B0BDE8F0879B
:10C4800033F8021B5FFA81FCA44508BF0A0AE1E702
:10C490004FF48072FF2102A800F086F915F5805F45
:10C4A00040F6010328BF012305EB4303294602356B
:10C4B0009D4220D102AB0025404603F8049002AC17
:10C4C000A946FFF747FF14F8013BFF2B0CD045EAC4
:10C4D0000323022208EB490009F101090DF10601CD
:10C4E000ADF80630FFF7C8FE0135B5F5807FEAD11B
:10C4F00027F81690C1E70A8802A80978120A425460
:10C50000D4E700BF05F20120B2F0012070B5044667
:10C510000846A518AC4200D170BD461C14F8011B9A
:10C52000FFF772FF3046F5E710B5014604460548AF
:10C5300000F0AAFB20B92046BDE8104008F0A4BBDB
:10C5400010BD00BFF4E00120030F0146072B02D10C
:10C55000024800F05FBB08F09FBB00BFF4E0012081
:10C56000704700003628F0B50DD8344C0001344D2A
:10C570002358AB423FD007D8B3F1844F3DD0A5F547
:10C580008045AB423BD0F0BD2E4DAB42FBD12E4E91
:10C5900020442E4D2E4CD0E901C7C4F8B452C068D7
:10C5A0004FF0E0244FF00055042AC4F81051EAD8A7
:10C5B000284CA55C6FEA00045A6922EA00025A611D
:10C5C0004FF00502CCF800203A6842F480323A601D
:10C5D0005A6822EA00025A6090FAA0F2B2FA82F295
:10C5E00046F822100DD1DA690243DA6198615A697E
:10C5F00002435A61C7E7184ECAE7184EC8E7184EFB
:10C60000C6E7D9690F2A01EA0401D9614FF0030195
:10C6100009DC5200DC68914005FA02F224EA0101CB
:10C620000A43DA60E2E7103A1C69520091409540F3
:10C6300024EA010129431961D8E700BF3C3A0020F0
:10C640000080004200C00042A8AA00204904000067
:10C6500000B00020A362002028AA002028A9002002
:10C66000A8A9002008B50CF0F1FBECF7CDFB02F017
:10C6700029FAFAE7844641EA000313F003036DD177
:10C68000403A41D351F8043B40F8043B51F8043B95
:10C6900040F8043B51F8043B40F8043B51F8043B9C
:10C6A00040F8043B51F8043B40F8043B51F8043B8C
:10C6B00040F8043B51F8043B40F8043B51F8043B7C
:10C6C00040F8043B51F8043B40F8043B51F8043B6C
:10C6D00040F8043B51F8043B40F8043B51F8043B5C
:10C6E00040F8043B51F8043B40F8043B51F8043B4C
:10C6F00040F8043B51F8043B40F8043B51F8043B3C
:10C7000040F8043B403ABDD2303211D351F8043BDB
:10C7100040F8043B51F8043B40F8043B51F8043B1B
:10C7200040F8043B51F8043B40F8043B103AEDD28A
:10C730000C3205D351F8043B40F8043B043AF9D2DB
:10C74000043208D0D2071CBF11F8013B00F8013BAE
:10C7500001D30B8803806046704700BF082A13D3BB
:10C760008B078DD010F003038AD0C3F10403D21AD3
:10C77000DB071CBF11F8013B00F8013B80D331F807
:10C78000023B20F8023B7BE7043AD9D3013A11F887
:10C79000013B00F8013BF9D20B7803704B784370F2
:10C7A0008B7883706046704701B5EAB1102A17DBB9
:10C7B00000F0070333B1C3F10803D21A013B00F8BC
:10C7C000011BFBDCC9B241EA012141EA01418C466F
:10C7D000D308013BE0E8021CFBDC12F0070203D0A7
:10C7E000013A00F8011BFBDC01BD00BF08F04CBAA8
:10C7F00008F052BA70B50024B0FBF2F502FB150642
:10C80000F3B2092E94BF303337338242DBB20B557B
:10C8100002D801342846EFE70B190022481E5A704F
:10C82000A51AAA4201DB084670BD10F8015F01326B
:10C830001E78067003F80159F2E7031E10B50C4686
:10C8400003DBBDE81040FFF7D5BF2D2001F8010B39
:10C850005842FFF7CFFF204610BD0000B4EE400A5B
:10C860002DE9F04FF1EE10FA80EAE07507460E462A
:10C870001446A5EBE0752DED028BB0EE408A85B035
:10C880002ED7B5EEC00AF1EE10FA4CBF04230323F5
:10C89000AB42B4BFED1A0025002806DA2A4620462E
:10C8A0002C4400252021FFF77FFF18EE103A4E227E
:10C8B000002BBCBF2D2304F8013B41232270637081
:10C8C000E31C1846A27020212A46FFF76DFF0022C4
:10C8D000034628445A5505B0BDEC028BBDE8F08FE5
:10C8E000F0EEC07A9FED6C7AF4EE477AF1EE10FA32
:10C8F00022DDB5EEC00AF1EE10FA4CBF042303238B
:10C90000AB42B4BFED1A0025002806DA2A462046BD
:10C910002C4400252021FFF747FFB5EEC08A4622B0
:10C92000F1EE10FA44BF2D2304F8013B4923237094
:10C930004E236370E31CC4E702AA01A9304609F044
:10C940003EF9019B804656EA03024ED10178534BD3
:10C95000534A342994BF9046984601230193404698
:10C9600009F0A0FD019B05468342B8BF451C002B82
:10C9700043D10135DDF808B0BBF1000F00D001351F
:10C98000A7EB050A04EB0509BAF1000F59DD524681
:10C9900020212046D144FFF707FF04EB0A02BBF138
:10C9A000000F02D02D2302F8013B019900294AD142
:10C9B00036B11346302103F8021B2E2151701A465E
:10C9C0002E209145134659D8002F0ADAE819202164
:10C9D0004542184625EAE5752A46FFF7E5FE034677
:10C9E0002B44002220461A7075E75B429E42BEBF70
:10C9F0007342DFF8AC800193B1E7BBDA002EB9D007
:10CA00003344B51C9842B5D9F2EE047A334602E0BD
:10CA100028EE278A013B002BFADC002E02AA03A98C
:10CA2000B0EE480AACBFB01B304609F0C8F8019B15
:10CA3000039A711C8046D21A8A4204BF01330193C3
:10CA400098E72246ABE7BBDA002EB9D013462E207A
:10CA50004FF0300C002603F802CB5070C1F10200F9
:10CA600002441846904205D15A1A002EA8D000233D
:10CA70000193A5E7012600F801CBF3E718F8011BA5
:10CA800003F8011B99459FD001990139019109B91A
:10CA9000931C50701A4694E7FFFF7F7F8E6A002038
:10CAA000A48000204FF470430022A0F88C310F23A3
:10CAB0001146A0F88E31A0F89021B0F888319BB2D1
:10CAC000F0B543F0F00360274FF460464FF4806503
:10CAD00048F2B824A0F8883107FB02030132042A87
:10CAE0009E80DD805984198659805981DC81598264
:10CAF000D9825983D983EFD1B0F888319BB243F002
:10CB00000F03A0F88831B0F888319BB243F470630A
:10CB1000A0F88831F0BD00224FF00F0CF0B511469F
:10CB200041F2010745F6C05643F2260400EB4213DA
:10CB3000550101329981042A5981A3F80EC09F82C0
:10CB4000DE80415319829C81F0D1F0BD154A164810
:10CB500008B5936F43F47F039367D2F8803043F0B6
:10CB60007C4343F44033C2F88030FFF79BFF00F56D
:10CB70008040FFF797FF00F58040FFF793FF00F537
:10CB80008040FFF78FFFA0F50310FFF7C4FF00F50B
:10CB90008040FFF7C0FF00F58040BDE80840FFF788
:10CBA000BABF00BF00C00F4000C03D40074A506AF6
:10CBB000936A10B51C460146506A936A9C42F9D1AB
:10CBC0008142F7D1DB0B43EA404010BD00400D40ED
:10CBD0000F4B9A6822F001129A609A68D207FCD42F
:10CBE0009A6B22F001029A63094B9A6BD107FCD42D
:10CBF000C203400C5A6518659A6B42F001029A63B1
:10CC00009A6BD207FCD59A6842F001129A6070477D
:10CC100000400D4070B505460C4600F0AFF820B955
:10CC200009F0AEFB1623036070BD002CFCD0A4F10C
:10CC30000C062846314600F002F9E0B1AB682BB192
:10CC400054F80C2C00212046FFF7AEFD54F8083CA8
:10CC50000021E018E15041608160AB682BB10C30DD
:10CC600054E90323D21AFFF79FFD002344F80C3C3C
:10CC70007360B360D8E7034B214628461B68BDE8C4
:10CC800070401847D0AD00202DE9F84F05460F46FB
:10CC9000284600F073F828B909F072FB1623002724
:10CCA000036059E0012F6B6838BF01270C3BBB4282
:10CCB00006D2EB68002B54D109F062FB0C23EEE79F
:10CCC000D5F800A007F10C095446A4EB0A036A68E2
:10CCD0009342EED22146284600F0B1F800283ED01B
:10CCE0002668183626443446EFE70C36A6EB0A03CE
:10CCF0006A689342F7D23146284600F0A0F8A6EBC6
:10CD0000040883460028EED1C145EED8A8F10C03F3
:10CD10002046C4E9003701F02FFFAB68804604F1DC
:10CD20000C07A06023B1226859463846FFF73CFD46
:10CD3000656800260C352544404601F0FDFEA851EB
:10CD4000043680460C2EF7D1FF2105F10C00D4E902
:10CD50000023D21AFFF728FD3846BDE8F88F264693
:10CD6000C4E73946284698476B688342A4D2686076
:10CD7000284600F012F800288AD19DE7036853B1D5
:10CD8000406848B10C23B0FBF3F203FB1200B0FA89
:10CD900080F0400970471846704710B50146FFF70C
:10CDA000EDFF044610B10124204610BD4B680C2055
:10CDB000B3FBF0F200FB12320AB19B1A4B604B68D6
:10CDC000F02BF0D809F0DCFA1C230360ECE770B517
:10CDD0001E46044630B909F0D3FA254616230360EF
:10CDE000284670BD01B1BAB92046FFF7C7FF054616
:10CDF00068B1A36823B1626800212068FFF7D4FC02
:10CE0000102200212046FFF7CFFC0125E8E709F0BA
:10CE1000B7FA16230360E3E7049BC0E90012C3607E
:10CE2000FFF7BBFF05460028DAD0002EEDD0626880
:10CE300000212068A660E6E700231B70FFDE73B5C3
:10CE40000D46C8B10368994215D34268134499420C
:10CE500011D8086880B14B6898420CD30C23B0FB02
:10CE6000F3F203FB120434B9084601F085FEAB6807
:10CE70000190984202D0002002B070BD6E680C365E
:10CE80002E44019801F058FE0422019030190DEB58
:10CE9000020109F02FF90028EDD104340C2CF0D157
:10CEA0002B6806F10B0269680B335B1A33449A4214
:10CEB00001D10120E0E712F8011FFF29F7D0DAE7DE
:10CEC00072B6EFF305834F4CC4F884301EF0040FA4
:10CED0000CBFEFF30882EFF309824FF0E0234A4FD3
:10CEE0004A4ED3F8281DC4F88810D3F82C1DC4F876
:10CEF0008C10D3F8341DC4F89010D3F8383DC4F822
:10CF000094309369C4F89830D369C4F89C3000F029
:10CF1000C5F884ED280AFFF749FE0B233C4AC4F804
:10CF2000A400C4F8803010464FF0FF33116820256C
:10CF300004324B4003F00101013D07FB01F181EA9E
:10CF40005303F7D1B242F1D1C4F8A830BFF34F8FE9
:10CF50004FF0E0232F4AC3F8700FC3F8702FBFF3D0
:10CF60004F8FBFF36F8F2C4A2C4CD36E2C4843F459
:10CF70004053D36602232360D36923F07F0343F039
:10CF80004003D361274B1B68834201D9FEF72CFF76
:10CF9000002301264FF0FF322360C4F80831224BF2
:10CFA000C4F800314FF0E023C4F808611B4CC3F80B
:10CFB0008021C3F88421C3F88821C3F88C21C3F8E9
:10CFC0009021D4F80C3123B10135C4F80C614F2DF8
:10CFD00002D800F0C3F9F4E7144B02221449C3F855
:10CFE00040214FF00042134B13485A630B4AD2F8CA
:10CFF0000C312BB14FF0E023104AC3F80C2DFEE7A3
:10D000000863F4E700FF27202083B8EDA8FF27205E
:10D0100080FF2720A0FF272000C00F4000400840CD
:10D02000803DCD0BC09B0020009F240000002E40BF
:10D0300000800F4000900D40F100AD0B0400FA0598
:10D04000084A08B5034610684BB1034406498B42B1
:10D0500006D909F095F90C2303604FF0FF3008BDA5
:10D060001360FCE728A20020000028200020704761
:10D070004FF0FF3070474FF4005300204B60704773
:10D08000012070474FF0FF30704730BFFDE730BFE1
:10D09000FDE730BFFDE7FFF713BF0000124BD3F8E9
:10D0A00080205207FBD5D3F88030104AC3F30B23FE
:10D0B00092ED000A07EE903A0D4BB8EE400A93ED60
:10D0C000007AF8EEE77A0B4BB8EE477A77EEC77A3C
:10D0D00093ED007A084B67EE877AD3ED006A87EE0E
:10D0E000A67A30EE470A704700810D4074E50120B2
:10D0F00068E5012078E5012080E5012030B5224C6B
:10D1000001B30904214B012541F080019860A3601F
:10D11000596000F580511D60D96000F5005119611A
:10D1200000F5405100F58040596198610023E360AB
:10D13000174BD3F8B0112943C3F8B011D3F8B0118D
:10D140000029FBD1134B0121002A4FEA024219604A
:10D1500048F2800108BF802159600021C4E91231E2
:10D1600099604FF001110A4BC3F8BC11D3F8B0110C
:10D1700041F48031C3F8B01107490A60D3F8B021F7
:10D18000002AFBD130BD00BF0000002040B30020CA
:10D1900000002E4020B30020E8E00120836BF0B5B2
:10D1A0001BB1536843F40043536072B6446B184B91
:10D1B00024B32260D3F8B0410C421CD1154E7768DD
:10D1C000D3F8404144F48044C3F84041D3F8B84117
:10D1D000D3F840516D0404D47568ED1BB5F5166F96
:10D1E000EED30C4007D1C0E90224094CD4F8B03189
:10D1F0000B43C4F8B031426362B6F0BDC0E902240B
:10D20000D3F8B0412143C3F8B0110263F3E700BF84
:10D2100000002E40001000E070B50446006B38B1ED
:10D2200002460025536813F0800302D022633DB903
:10D2300070BD12680135012AF4D1C4E90C33F6E758
:10D240000668013DA36B98473046F0E770B5044689
:10D250000E46154600213C220430FFF7A5FA0123B3
:10D260002660A360A56370BD1F4A10B509B3090409
:10D270001E4B012441F0800198609364596000F5D1
:10D2800080511C60D96000F50051196100F54051D2
:10D2900000F58040596198610023D364144BD3F8A2
:10D2A000B01141F48031C3F8B011D3F8B0110029A6
:10D2B000FBD1104B01211960802159600021C2E986
:10D2C000023199604FF00112094BC3F8BC21D3F829
:10D2D000B02142F00102C3F8B021074A1160D3F82F
:10D2E000B021002AFBD110BD0000002040B3002077
:10D2F00000002E4020B30020E8E0012072B60A4A68
:10D30000012303FA00F0137818431070074AD2F88B
:10D310004831190605D480210B43C2F84411C2F8E4
:10D32000483162B6704700BF71F2012000002E4004
:10D330000123084A03FA00F0137823EA0000107072
:10D3400030B9054AD2F8483123F08003C2F8483199
:10D35000704700BF71F2012000002E402DE9F0431C
:10D36000A24C85B0D4F84461F007C4F8446132D4CB
:10D37000710600F15A82F40103D59D4B1B6803B17D
:10D380009847B00103D59B4B1B6803B198477107C1
:10D3900008D5964B984AD3F8843113F4007318BF1C
:10D3A00001231370914BD3F848311A0640F15A8289
:10D3B000330640F15782914A1378002B00F04D82DA
:10D3C000013BDBB21370002B40F047820620FFF7D1
:10D3D000AFFF0BF037FDD4F8AC31894F002B4DD1A6
:10D3E000D4F8BC51002DC3D0864AC4F8BC51116892
:10D3F0000D4224D0136042F22102834BD3E9004353
:10D40000A1B2914211D19BB27BB9804A804B106886
:10D41000918886289279186099809A7105D10620A2
:10D42000FFF76CFF754B50221A707A4B9C4202D06A
:10D43000794B9C4203D17549734800F049FE774B04
:10D440001B681D4094D02C0CDFF8D4814FF00109EB
:10D45000002C40F0DC81ADB2714F4FF00108002D7F
:10D4600086D095FAA5F4B4FA84F407EBC41008FA50
:10D4700004F4FFF7D1FE25EA0405F0E7C4F8AC3167
:10D48000674BD3E90A03D4F8402142F40052C4F8B0
:10D490004021D4F840219204F5D5D4F8402122F45B
:10D4A0000052C4F840214FF00112C4F8B421D4F85E
:10D4B000B45115F00115FAD181B2524AB1F5106F8D
:10D4C0001560CDE9020300F0B38040D840F202328B
:10D4D000914200F0EF801ED8822900F0D08007D85A
:10D4E000802900F0C5804FF00113C4F8C0317AE004
:10D4F000B1F5817F00F0F180F5D340F22112914225
:10D5000003D040F221229142EDD1B3F5102F4FEA22
:10D510001341E8D255E140F2816291420ED8B1F553
:10D52000D06F80F03881B1F5A06F50D0DBD840F2D9
:10D5300021329142E9D040F22142E4E7B1F5086F8F
:10D54000D1D1384B38481B780121037094E042F266
:10D550002122914200F0248115D840F601329142F7
:10D5600000F0358142F22102914200F0268140F61E
:10D5700081229142B7D19BB2042B40F036812348DF
:10D580002A4B1B78E0E748F2A212914200F0338167
:10D5900014D842F22132914264D048F2A112914251
:10D5A000A1D1B3F5102F9ED201AA184902A800F00C
:10D5B00063FD002897D0019914485DE048F2A1422C
:10D5C0009142EED021F4807148F2A122E7E72A4689
:10D5D00029462846FFF792FDBDF80A305B0643F066
:10D5E0008073C4F85431D4F8AC31F7E600002E4013
:10D5F00070EE012074EE01207FF2012080F2012004
:10D60000C0012E40E8E0012058B70020DBF10120E6
:10D6100064EE01202101010221010001ECE0012062
:10D62000000000207EF2012052F201207CF2012055
:10D63000C0F307408D4B18708D4BC4F8C8314FF0C4
:10D64000C813C4F8CC31C4F8D0314FF0C413C4F8B7
:10D65000D431C23BC4F8D83100F072FF00F0F4FDC1
:10D6600000F0AEFC002211461046FFF747FDBAE776
:10D670008048022105704570FFF7F6FDB3E798B2C8
:10D6800013F078037FF42FAF00F07F02050657F800
:10D690002210784A1370537009D511F4803F18BFD7
:10D6A00001234FF00201734818BF1370E4E711F033
:10D6B000010FF4E713F0780F9AB27FF414AF02F081
:10D6C0007F0312F0800F57F8232014BF42F48032FA
:10D6D00042F0010247F82320C4E713F0780F9AB212
:10D6E0007FF401AF02F07F0312F0800F57F8232080
:10D6F00014BF22F4803222F00102EBE7BCF5E06FA8
:10D700001FD15D4B42465D4918785D4B002818BF1C
:10D7100019462846FEF7AEFF07236B7025F01F035E
:10D720004544BFF34F8F4FF0E022C2F8703F2033E3
:10D730009D42FAD8BFF34F8FBFF36F8F51484146D8
:10D740009AE7424623E00C32516800293FF4CBAE01
:10D75000B2F800E084468645F5D1B2F802E0AE4565
:10D76000F1D1000A474D4FEA134803280CBF0A784D
:10D770001289904528BF9046BCF5007FBED13E4B34
:10D7800042463F4918783D4B002818BF19462846A5
:10D79000FEF770FFC2E73C4AC0F30F409DB2D3E7EB
:10D7A0009BB2002B7FF45EAF384BC0F307401A6882
:10D7B000374B1A60374B187054E7190C07297FF460
:10D7C00092AE354AC2E90003012234484DE79BB2CC
:10D7D000042B03D1C0F30F40314BECE7052B7FF452
:10D7E00082AEC0F30F402F4BE5E7052B7FF47BAEF5
:10D7F0002A482C4BC5E6B3F5403FFFF474AE2748EA
:10D80000442303210370AC238570437034E794FAFA
:10D81000A4F7B7FA87F708EBC71009FA07F7403003
:10D8200024EA0704FFF7F8FC12E61F4BD3F8AC21FB
:10D83000C3F8AC21D3F8BC21C3F8BC21D3F8B04164
:10D84000002CFBD14FF0FF32C3F8B421D3F8843160
:10D8500000F074FE154B1C608DE505B0BDE8F0438B
:10D8600000F052BD05B0BDE8F08300BF7EF201209C
:10D870000200CC0052F201207FF20120558B0060A3
:10D88000008A006040D32420B85F0020D0ED012042
:10D890006CEE01207DF2012058B70020DBF1012061
:10D8A0007CF2012079F2012000002E40ECE0012002
:10D8B00070B51E46831E0546042B13D8B2FA82F4B7
:10D8C000090409483246640900EBC51041EA447175
:10D8D000FFF7BCFC36B1054A012303FA05F01368D3
:10D8E0001843106070BD00BF00000020ECE0012074
:10D8F00070B51E46831E0446042B14D8B2FA82F576
:10D900000948090432466D0900EBC41041EA45712B
:10D910004030FFF79BFC36B1044A103401231168F4
:10D92000A3400B43136070BD00000020ECE0012019
:10D9300070B51E46531E0546022B13D8831E042BBA
:10D9400010D894070848324644EA014100EBC5105C
:10D95000FFF77CFC36B1054A012303FA05F0136892
:10D960001843106070BD00BF00000020ECE00120F3
:10D9700070B51E46531E0446022B14D8A31E042B5A
:10D9800011D809489507324600EBC41045EA014119
:10D990004030FFF75BFC36B1044A103401231168B4
:10D9A000A3400B43136070BD00000020ECE0012099
:10D9B0001204816042F08002426001F58052C26030
:10D9C00001F5005210B50261012401F5405201F544
:10D9D000804104604261C0E9061310BD831E0A46FF
:10D9E000042B0AD8054B00F1100103EBC0100123F2
:10D9F000403003FA01F1FFF7D1BB7047000000206F
:10DA0000831E0A46042B06D80121034B814003EBF9
:10DA1000C010FFF7C3BB704700000020406870478C
:10DA200000EB83032DE9F043984201D28C0707D421
:10DA300094460E460546A3F10807DFF8748017E008
:10DA400050F8044B21F8024B240C22F8024BEBE770
:10DA500055F8089B55F8044C1FFA89FE4EEA044E0F
:10DA600004EA080444EA194446F804EB4CF8044B71
:10DA7000AF42EDD8C61F5C1EB742A4EB00044FEACC
:10DA8000D40524F0070438BF002420444FEA85045D
:10DA900038BF002421442244984201D3BDE8F083DA
:10DAA00050F8044B21F8024B240C22F8024BF3E708
:10DAB0000000FFFF38B5114B114C1A78114B21466D
:10DAC000114D1B681148D3402A7823600023FFF7CB
:10DAD0006FFF2B782344BFF34F8F4FF0E022C2F843
:10DAE000684F2034A342FAD8BFF34F8FBFF36F8F34
:10DAF00006490620BDE83840FFF770BF7BF20120E1
:10DB0000A0D124200CE101207AF2012040B50020B0
:10DB100070B5054672B600231A4A1B481668136092
:10DB20001A4A017814681360194A0370128862B6A1
:10DB300029B11848C2F140020368134403609EB142
:10DB400094B1284600223146FDF7F8FC3046FDF737
:10DB5000CDFCB4B1284621460122FDF7EFFC20465A
:10DB6000BDE87040FDF7C2BC0B4A13680133136077
:10DB700021B1084A136803F6AC531360002EE8D0B5
:10DB8000DFE770BDA01D01208EF10120A41D012042
:10DB900062F001200CE1012060EE012070B5044626
:10DBA0000021FDF7EBFC012105462046FDF7E6FCD0
:10DBB000364B04461B783BBB15B12846FDF796FC57
:10DBC00014B12046FDF792FC314C206818B1FDF7E6
:10DBD0008DFC002323602F4C206818B1FDF786FCD4
:10DBE000002323602C4C206818B1FDF77FFC002334
:10DBF00023602A4C206818B1FDF778FC00232360CD
:10DC0000274B00221A8070BD85B9FDF727FC054619
:10DC100030B9002CF7D02046BDE87040FDF766BC57
:10DC20004FF4807200210430FEF7BEFD5CB9FDF7B1
:10DC300015FC044608B92846EEE74FF4807200212F
:10DC40000430FEF7B1FD72B61149086830B9124BC5
:10DC50000D601C60124B188062B6D4E70D4A0F4B62
:10DC6000166816B915601C60F6E715600E600A4A62
:10DC7000196815681C6011600022094B1A80FDF7B5
:10DC800035FC2846FDF732FCE6E700BF7CF20120B8
:10DC9000F01D0120F41D0120F81D0120FC1D0120B4
:10DCA00064F001200023074A1380074A1360074AE3
:10DCB0001360074A1360074A1360074A1370074A44
:10DCC0001370704762F00120A81D0120AC1D0120D7
:10DCD000A01D0120A41D01208EF101208FF1012043
:10DCE0002DE9F74F414B0122DFF8108187081A70A8
:10DCF0003F4BDFF80C911C68B8F80060D9F8005071
:10DD000034B9FDF7ABFB0446002841D0384B18600E
:10DD100035B9FDF7A3FB0546002839D0C9F8000046
:10DD2000DFF8E0A0DFF8E0B077B1C6F180039F42F2
:10DD30000DD22A1D211D3B46504602EB460201EB47
:10DD400046013E44FFF76CFEA8F8006020E0294A37
:10DD5000126800929BB32A1D211D5046019302EBCD
:10DD6000460201EB46013E44FFF75AFE019BA6F135
:10DD700080070AEB830A009B13B9DBF800302BB352
:10DD80008023A8F800301FB11B4A136801331360C9
:10DD900003B0BDE8F08FFDF761FB054648B92046AA
:10DDA000FDF7A4FB124BC9F800501D60A8F8005005
:10DDB000EEE70F4B0026C9F800001C60B4E7009B9B
:10DDC000002BE5D1DBF80030002BE1D1094BCBF87B
:10DDD00000501C60FDF742FB04460028DBD1044BD9
:10DDE000C9F800001860A8F80000D1E78EF1012002
:10DDF000A81D0120A01D01205CEE012062F0012081
:10DE0000AC1D0120C0D12420A41D012008B538B1CB
:10DE1000114B5868C0F30E40C0F1B400FFF760FF2B
:10DE20000023B4220D490C48FFF7C2FD0B4B03F150
:10DE3000B402BFF34F8F4FF0E021C1F85C3F2033B5
:10DE40009A42FAD8BFF34F8FBFF36F8F0249052074
:10DE5000BDE80840FFF7D4BD60B30020C0D1242046
:10DE60000023034A1370034A1360034A1360704788
:10DE700090F10120F01D0120F81D0120314A1368A6
:10DE80000133092B2DE9F04F85B057D900232D25FB
:10DE9000136000242C4FDFF8BC8039682B1B41B97C
:10DEA0009A0008EB4400FEF77FFCA80005B0BDE82F
:10DEB000F08FDFF8A4B00E1DDFF8A09008EB840E01
:10DEC000BBF80000D9F800A0C0F180029A4228BF38
:10DED0001A4606EB400301930AF1040303EB4003E7
:10DEE00003EB42060296029E9E4218D1144402445D
:10DEF0007F2A21D90846FDF7F9FA5046FDF7F6FAD0
:10DF0000124B13491A683A6000221A600B680A60C3
:10DF1000C9F80030AC42ABF80020BED3C5E733F9F6
:10DF2000026B0396019E36F802CB0196039E4CEAE3
:10DF3000064C4EF804CBD6E792B2EBE72C251360E3
:10DF4000A7E700BF24A20020F01D0120F41D01203E
:10DF5000FC1D012080B6002064F00120F81D012086
:10DF600038B5FFF78BFF114B114C05461A78114B52
:10DF7000214625441B68D3400F4A13600246002304
:10DF80000E48FFF715FDBFF34F8F4FF0E023C3F8A6
:10DF9000704F2034A542FAD8BFF34F8FBFF36F8F75
:10DFA00006490520BDE83840FFF718BD7BF2012087
:10DFB00080B600200CE10120A0D1242060B5002013
:10DFC00038B500241F4B204A1C6021461F4B204DB2
:10DFD0001C60204B20481A60204B1B78A3420BBFCB
:10DFE000032304230A2208222B701D4B1A702022BF
:10DFF000FEF7DAFB1B4B0122B4210520FFF798FC4A
:10E000002046FFF703FF214620221748FEF7CCFBEE
:10E01000164B297801220620FFF7AAFC2046FFF7BD
:10E0200049FD214620221248FEF7BEFB114B052078
:10E030000122B421FFF79CFC2046BDE83840FFF7E1
:10E040008FBF00BF60EE01209A99192C5CEE012071
:10E050007AF201200CE1012060B300207FF2012060
:10E060007BF201205951010040B50020014E010012
:10E0700060B50020AD5201000378A12B23D1437875
:10E08000C078012804D1114B5B680B701060704799
:10E09000022818D1813B032B15D8DFE803F0020BCF
:10E0A0000E120A4B986808705B7A4B7002230120AD
:10E0B0001360704700230B70F7E7FF230B700023FA
:10E0C000F3E70123FAE70020704700BF08A2002011
:10E0D00002780346212A12D1DB784078012B06D141
:10E0E00001280CD1074B0A785A6018607047022B40
:10E0F00005D1012803D1034B0A789A60F5E7002087
:10E10000704700BF08A20020114B0A22D3F820025A
:10E11000104B20F07F40984230B538BF0A2385B0BD
:10E1200038BF584301A9FEF765FB0B4801AA00213F
:10E13000054612F8014B0B46013124B10A2920F89B
:10E14000024FF6D10B4601335B002B7005B030BD9A
:10E1500000441F40809698006CAE002000F006BB83
:10E1600000F0D8BA00F032BB00F0F6BA00F036BCCE
:10E1700000F00EBC0846114600F038BB084600F01F
:10E18000FBBB0000F8B5144C4FF0E026134D4FF4E4
:10E19000003204EB4024124F05EB40150346C6F84D
:10E1A0008C2121463A882846FFF702FC3B8823440D
:10E1B000BFF34F8FC6F85C4F2034A342FAD8BFF3A9
:10E1C0004F8FBFF36F8F04202946FFF719FC4FF4E0
:10E1D0000033C6F80C31F8BDA0D4242080B3002051
:10E1E000AEF001204268124BC2F30E42C0691B8898
:10E1F0009B1A4FF6FC72134030B416D00D4900251F
:10E200000D4C0A7824F8103001320C4C072A24F8FF
:10E2100010500B4C28BF2A46A054D2B20A70094AAB
:10E2200011680B4430BC1360704730BCFFF7AABFC5
:10E23000AEF001205CF2012076F0012092F0012086
:10E240005EF201205CE50120204B80220021204865
:10E2500070B51B7800241F4E002B1F4B0CBF4025B0
:10E260004FF400751D803580FEF79EFA1B4BC022CF
:10E2700021461B481C701B4B1C80FEF795FA1A4B5D
:10E280002246294604201C605C609C60174B1C6081
:10E290005C609C60164B1C70164B1C70164B1C600F
:10E2A000164BFFF705FB2346224631880420FFF773
:10E2B0001FFB20460134FFF765FF062CF9D1002330
:10E2C0000F4A13700F4A137070BD00BF7FF2012018
:10E2D00080B5002034F10120AEF0012075F201205C
:10E2E00080B3002030F1012076F0012092F001206F
:10E2F0005CF201206EF201205CE501203155010045
:10E3000073F2012077F20120204B2DE9F0411B78B8
:10E31000002B39D11E4F3A88002A35D01D4E1E4998
:10E3200035781E4C01EB45181D4904EB452409883E
:10E3300040468A1A2146FFF73BFBBFF34F8F04F19B
:10E34000200204F50073934234BF012310234FF0E1
:10E35000E02204EB4313C2F8704F20349C42FAD100
:10E36000BFF34F8FBFF36F8F04204146FFF736FB9B
:10E370006B1C0220042B28BF0023337000233B803A
:10E38000BDE8F041FEF7D4BFBDE8F08177F201208F
:10E3900030F1012075F2012080B50020A0E024209A
:10E3A00034F10120F8B5144C4FF0E026134D4FF432
:10E3B000003204EB4024124F05EB40150346C6F82B
:10E3C0008C2121463A882846FFF7F2FA3B882344FD
:10E3D000BFF34F8FC6F85C4F2034A342FAD8BFF387
:10E3E0004F8FBFF36F8F03202946FFF709FB4FF4D0
:10E3F0000033C6F80C31F8BDA0E8242040B400205A
:10E40000B0F001204368224AC3F30E432DE9F047E0
:10E410001488C569E41A002C23DD1E4A1FFA84FA09
:10E420001D4811780078CBB2DFF8808081421B4F05
:10E430001B491BD011F8039038F81960C6F500701D
:10E44000844213D8174B06EB49202246564403EB6F
:10E4500045211844FEF70EF93B6828F8196023445B
:10E460003B602846BDE8F047FFF79CBF013300261C
:10E470000D48092B28F815A020F8156028BF334651
:10E48000CD54DBB213703B681C443C60BDE8F087A0
:10E49000B0F001205DF201206FF2012060E5012063
:10E4A00065F20120A0E824209EF0012082F00120E6
:10E4B0001C4B2DE9F0411A7802F0FF037ABB1A4A8F
:10E4C000127862B3194F3D884DB3194EC5F50065FA
:10E4D00018493278184C01EB421804EBC2242A4642
:10E4E000404621462544FFF763FABFF34F8F4FF0B4
:10E4F000E023C3F8704F2034A542FAD8BFF34F8F02
:10E50000BFF36F8F03204146FFF768FA337800228C
:10E5100001333A80DBB2032B94BF33703270BDE815
:10E52000F08100BF78F201207EF2012032F101205B
:10E5300076F2012000B60020A0F8242070470000E9
:10E540002D4B802200212D4870B51B7800242C4DC6
:10E55000002B2C4E0CBF40234FF400732B803380D4
:10E56000FEF722F9284B4FF48072214627481C7091
:10E57000274B1C80FEF718F9102221462548FEF78C
:10E5800013F9102221462448FEF70EF9234B2246A8
:10E5900010211C700220224B1C70224B1C60234651
:10E5A000FFF7A6F9204B224631880320FFF780F9B8
:10E5B0002346012229880320FFF79AF920460134D7
:10E5C000FFF7F0FE082CF9D1184B194A1A60002207
:10E5D000184BC3F884204A22C3F88020D3F848217E
:10E5E00042F08072C3F84821134B23B1134A1378C9
:10E5F00043F00103137070BD7FF2012000B60020CC
:10E6000036F10120B0F0012076F2012040B4002064
:10E6100032F1012082F001209EF001205DF2012004
:10E620006FF2012060E501205157010070EE0120DA
:10E63000FD57010000002E400000000082F2012082
:10E640002DE9F74F4FF0E0234FF40032074688469C
:10E65000C3F88C210025284BDFF8B0B01C78E4B259
:10E66000454503D2254B1A78A24209D14FF0E02349
:10E670004FF400322846C3F80C2103B0BDE8F08FF8
:10E6800001341F4B1F48A8EB0502092CDFF880A0BE
:10E6900028BF002413F804903BF8191030F81960D3
:10E6A0001948761A01EB4921B242014412D2384688
:10E6B0000192FDF7DFFFDAF80010019AA1EB0801E3
:10E6C00029444546CAF800103BF819100A442BF8B3
:10E6D0001920C5E732463846FDF7CCFFDAF80020AE
:10E6E000054B4846921B37443544CAF80020E2B235
:10E6F0001A70FFF757FEB3E76FF201205DF20120B9
:10E7000065F2012082F00120A0E824209EF0012083
:10E7100060E501200B4B0C491A780978D3B28A4284
:10E720000DD00133094A092B28BF0023D25C084BC6
:10E7300033F81210074B03EB4223585C70474FF03D
:10E74000FF3070476FF201205DF2012065F2012079
:10E750009EF00120A0E82420034B10B51C680CB9E2
:10E7600000F0B0F9204610BD60E501202DE9F04130
:10E77000104D114F2C78DFF85080E4B20F4E3B78EB
:10E78000A34201D1BDE8F08101340D4A0D49092CA5
:10E79000336828BF002418F8040032F8102031F83C
:10E7A0001010521A9B1A3360FFF7FCFDE3B22B7076
:10E7B000E5E700BF6FF201205DF2012060E5012076
:10E7C00082F001209EF0012065F2012007B50121B1
:10E7D0000DF10700FFF734FF20B19DF8070003B0EB
:10E7E0005DF804FB4FF0FF30F9E70000594B2DE9CD
:10E7F000F74F1B7806460D4603F0FF04002B00F090
:10E8000088800024DFF868B1002D00F082800123A9
:10E81000DFF86091504F99F800A08BF800304F4B13
:10E8200003EB4A1A00239846398871B95046CDE95E
:10E830000031FFF7F3F810F08000494ADDE90031BC
:10E8400055D14FF4006310703B80B7F8008099F801
:10E850000030C8F50060A8454FEAC32200EBC32092
:10E86000404B0092184465D842463146FDF702FFFE
:10E87000009A3C4B50461A44002390464FF40062E5
:10E880004146FFF795F84146BFF34F8F08F5006208
:10E8900008F1200393428CBF012340234FF0E02274
:10E8A00008EB4313C2F8701F20319942FAD1BFF32D
:10E8B0004F8FBFF36F8F03205146FFF78FF899F802
:10E8C0000030294A0133DBB2032B88BF002389F8CB
:10E8D00000303B88ED1A1C441E4400233B80C2F8E4
:10E8E0008430BFF34F8F00238BF800308CE7BFF3E9
:10E8F0004F8F8BF80010B8F1000F01D11B4B1B6834
:10E90000117831B919490968C91A782905D901233B
:10E910001370204603B0BDE8F08F0E490978002936
:10E92000F7D04FF00108009300F0CCF8009B8BF873
:10E93000008079E72A463146FDF79CFEA8EB0508E2
:10E94000094B4FF040422C44A7F800800025C3F843
:10E950008420C6E77EF2012032F1012000B60020BB
:10E9600074F20120A0F8242000002E40D0ED0120F8
:10E9700078F2012076F2012007B501218DF8070019
:10E980000DF10700FFF732FF03B05DF804FB000054
:10E990002DE9F04100240E4F01230E4E2546DFF8ED
:10E9A00038803B7098F80030A34206D03046FFF71D
:10E9B00035F8030658BF05F5006501342036042CF0
:10E9C000F0D1BFF34F8F002328463B70BDE8F081A4
:10E9D00078F2012000B6002076F201202DE9F843FC
:10E9E0001D4B1B78B3B3DFF88480B8F800508DB3AB
:10E9F0001A4F01231A4EC5F500653B70194A33784A
:10EA0000194C02EB43192A4604EBC3240023484661
:10EA100021462544FEF7CCFFBFF34F8F4FF0E02394
:10EA2000C3F8704F2034A542FAD8BFF34F8FBFF31D
:10EA30006F8F03204946FEF7D1FF33780022013360
:10EA4000A8F80020DBB2032B94BF33703270BFF301
:10EA50004F8F3A70BDE8F8837EF2012078F20120F2
:10EA600076F2012000B60020A0F8242032F1012027
:10EA7000114938B50B684BB1EFF3058333B9EFF3A8
:10EA8000108272B6086810B902B962B638BD0B4C74
:10EA90002578002DF8D10123237043690B6043B121
:10EAA0009D6102B962B60025836845779847257055
:10EAB000ECE703490B60F4E7001E012091F101200F
:10EAC0000C1E01202DE9F843174B1C789CB1174D03
:10EAD0002B7883B90123E1072B7004D5FFF73CFEA7
:10EAE00008B1AFF30080A20718D400232B7063078E
:10EAF00001D5FFF7BDFFBDE8F88359F823703B68E7
:10EB000038461B69984710B17B699B689847013666
:10EB100098F80020F3B29A42EFD8E6E70026DFF833
:10EB20001080DFF81090F3E782F20120BAF10120A3
:10EB300094F10120B81E0120C3B203EB832383EAC2
:10EB40009312C0F30723134403EB832383EA931246
:10EB5000C0F30743134403EB832383EA931303EBCC
:10EB6000106000EB802080EA901000EBC00080EA8B
:10EB7000D02000EBC0307047014608B5FFF7DCFF3E
:10EB80000B681844FFF7D8FF4B681844BDE80840ED
:10EB9000FFF7D2BF70B5960838D001F1100400F12C
:10EBA000080335469FED227A33F908EC013D03F165
:10EBB000080304F1100407EE90EAF8EEE77A67EE36
:10EBC000877A44ED087A33F90EEC07EE90EAF8EE16
:10EBD000E77A67EE877A44ED077A33F90CEC07EEB3
:10EBE00090EAF8EEE77A67EE877A44ED067A33F931
:10EBF0000AEC07EE90EAF8EEE77A67EE877A44EDE2
:10EC0000057AD1D101EB061100EBC60012F0030228
:10EC10000DD09FED077A30F9023B013A07EE903AAA
:10EC2000F8EEE77A67EE877AE1EC017AF3D170BD0E
:10EC300000000038F0B497086ED0F6EE005A00F1EC
:10EC40001005BEEE006A01F108043E46DFED446A9D
:10EC500055ED047A0834103527EEA67AB5EEC07A61
:10EC6000F1EE10FAD4BFF0EE467AF0EE657A77EE68
:10EC7000877AFDEEE77A17EE903A03F30F0324F854
:10EC8000103C55ED077A27EEA67AB5EEC07AF1EE84
:10EC900010FAD4BFF0EE467AF0EE657A77EE877A16
:10ECA000FDEEE77A17EE903A03F30F0324F80E3CDB
:10ECB00055ED067A27EEA67AB5EEC07AF1EE10FA97
:10ECC000D4BFF0EE467AF0EE657A77EE877AFDEE05
:10ECD000E77A17EE903A03F30F0324F80C3C55ED56
:10ECE000057A27EEA67AB5EEC07AF1EE10FAD4BF17
:10ECF000F0EE467AF0EE657A013E77EE877AFDEE29
:10ED0000E77A17EE903A03F30F0324F80A3C9FD1F9
:10ED100000EB071001EBC70112F003021ED0F6EE64
:10ED2000005A9FED0F6AFEEE006AF0EC017A27EEC2
:10ED3000867AB5EEC07AF1EE10FAD4BFF0EE667ABC
:10ED4000F0EE657A013A77EE877AFDEEE77A17EE14
:10ED5000903A03F30F0321F8023BE6D1F0BC704771
:10ED60000000004710B48C0810D000F110032246B8
:10ED7000013A03ED040A03ED030A03F1100303ED66
:10ED8000060A03ED050AF3D100EB041011F00301AC
:10ED900003D00139A0EC010AFBD15DF8044B7047A8
:10EDA0002DE9F0415FEA92081ED000F1100401F154
:10EDB0001003454654F810CC013D54F80CEC03F117
:10EDC000100354F8087C04F1100454F8146C43F850
:10EDD00020CC43F81CEC43F8187C43F8146CE9D1C0
:10EDE0004FEA08184044414412F0030205D050F89D
:10EDF000043B013A41F8043BF9D1BDE8F08100BF82
:10EE0000012971D9F0B48D0871D000F110032E469C
:10EE1000DFED3E7A1C4614ED047A013E14ED036AE0
:10EE200004F1100437EE877A54ED067A54ED056A42
:10EE300037EE067A77EE277A77EEA67AEBD12F01B6
:10EE400011F0030400EB070656D02346B6EC017A16
:10EE5000013B77EE877AF9D107EE101AB8EE474AF0
:10EE600087EE845A002D4ED000F110032F01294661
:10EE7000DFED264A13ED046A013913ED027A03F13E
:10EE8000100336EE456A53ED076A77EE457A53ED87
:10EE9000055A76EEC56A26EE066A27EEA77A66EE72
:10EEA000A66A76EE247A35EEC56A76EEA77A26EE65
:10EEB000066A77EE277A76EE274ADBD138444CB1E2
:10EEC000B0EC017A013C37EE457A27EE077A74EE12
:10EED000874AF5D1F7EE007AF0BC34EE674AC4EE0B
:10EEE000847AC2ED007A70470023136070470646AB
:10EEF0000C46DFED067AA8E707EE101AB8EE474A8F
:10EF000087EE845AB3E7DFED014AD9E7000000003D
:10EF100030B48D0831D000F110032C469FED185A03
:10EF200053ED046A013C13ED037A03F1100326EE5E
:10EF3000A66A53ED067A67EE076A53ED055A27EE87
:10EF4000A77A76EE057A65EEA55A76EEA77A77EE81
:10EF5000277A35EEA75AE3D100EB051011F0030133
:10EF600007D0B0EC016A013926EE066A35EE065A82
:10EF7000F7D182ED005A30BC70479FED015AEDE7A2
:10EF8000000000002DE9F0474D1E00F1040CD0ED0B
:10EF9000007A5FEA950956D01430C846042400264A
:10EFA00010ED046AA4F1030A50ED036AA4F1020E05
:10EFB000B4EEE76A10ED027A50ED015A671E103088
:10EFC000F1EE10FAC8BFF0EE467AC8BF5646F4EE2E
:10EFD000E67AF1EE10FA48BFF0EE667A48BF764660
:10EFE000F4EEC77AF1EE10FA48BFF0EE477A48BF68
:10EFF0003E46F4EEE57AF1EE10FA48BF264648BFE9
:10F00000F0EE657AB8F1010804F10404C8D10CEB04
:10F01000091C15F0030018D0081ABCEC017AB4EEF4
:10F02000E77AF1EE10FAC8BF064600F10100D8BF3A
:10F03000B0EE677A8142F0EE477AEED182ED007A47
:10F040001E60BDE8F0874E46E3E7B0EE677AF5E76D
:10F050002DE9F041074608462DED068BB7F800E094
:10F060007A684FEA5E0100EB8E085FEADE0E00F080
:10F07000B0808B00103200F1100608F1100510333B
:10F08000C418434455ED046ABEF1010E56ED044A1E
:10F0900004F1100415ED037A06F1100674EEA69A39
:10F0A00055ED027A55ED012A74EEE64A53ED040A55
:10F0B00002F1100213ED035A05F1100513ED023AA7
:10F0C00003F1100354ED063A14ED054A13ED056AF9
:10F0D00033EE838A56ED076A16ED052A34EE060AEA
:10F0E00054ED085A76EE87AA14ED071A36EEC77A61
:10F0F00056ED061A35EEA09A46ED089A71EE058A8D
:10F1000031EEA7AA46ED07AA72EE229A70EEE55AF2
:10F1100035EE415A06ED06AA46ED059A36EE446AEA
:10F1200004ED089A71EEE71A44ED078A72EE627AEE
:10F1300004ED068A73EE632A04ED050A12ED084A0F
:10F1400052ED076A24EE843A27EE262A64EEA64A98
:10F1500065EEA63A27EE047A65EE845A65EE266AD5
:10F1600025EE045A37EE647A76EEA56A33EE024A4B
:10F1700033EEC55A05ED077A05ED084A03ED085A46
:10F1800043ED076A52ED066A12ED057A61EEA64A72
:10F1900027EE874A61EE875A67EEA67A22EE875AF3
:10F1A00026EE077A26EE266A62EEA66A74EE844A96
:10F1B00077EEE57A35EE466A37EE267A45ED064A71
:10F1C00045ED057A03ED066A03ED057A7FF45AAF43
:10F1D0007A688CB20223214602F080F921467A68CF
:10F1E00040460223BDEC068BBDE8F04102F076B943
:10F1F0002DE9F04F2DED068B04888FB091ED006A5C
:10F200000A46640891ED017A0191A30041686408FF
:10F210000C90059201F1100625460B9401F10804AB
:10F2200002960794D418AA1E01F11805E018D4ED2F
:10F23000004A94ED014AA646D0ED006AC718D0ED09
:10F24000017AA04676EE265A97ED005A76EE666A67
:10F2500004460695054675EEA42A0A90019837EEF5
:10F26000276A77EE677A97ED013A72EE852ABC46F7
:10F2700076EE843A049736EE447ACDF80CE012EE3E
:10F28000909A75EEE45A76EEC46A3E1F40F8089BE9
:10F2900037EEE44ADEED012A77EEA47A73EEC33A44
:10F2A000DCED014A36EE226A019075EEC55A0598EA
:10F2B00013EE909A37EE437A36EE246AAEF10407E5
:10F2C00074EE054A76EE836A80ED016A77EEC57AC0
:10F2D00048F8089BCEED014A15EE90EA44F808EB99
:10F2E00016EE90EA08942C4685ED017A049D4CF8C0
:10F2F00008EBC5ED017A5508099500F030810598B5
:10F30000083BAB46A4F10C0200F1100501F1200905
:10F3100001F1300EDDF808A0334410346046414658
:10F32000CDF834C054ED026ABBF1010B55ED025A21
:10F330000AF1080AD1ED007A05F1080575EEA63A42
:10F34000D0ED002A14ED017A75EEE65A55ED036A08
:10F35000A2F1080273EEA74A90ED012A36EE875A11
:10F3600091ED016A36EEC77A09F1100974EEA26ACE
:10F3700004F1080473EEE73A0EF1180E37EE673A1F
:10F38000A3F1080345ED046A37EE277AD1ED016A4F
:10F3900075EE861AD0ED014A33EE223A75EE266AF2
:10F3A00035EE465A35EEC66A76EEA46A71EEC21A9A
:10F3B00035EE425A45ED036A36EE022AD6ED007A62
:10F3C00073EEE23A97ED001A77EE622A92ED048A24
:10F3D00071EE278A93ED04AA16ED017A71EE677A31
:10F3E00057ED010A38EE4A1A38EE886AD3ED039ACF
:10F3F00030EE870A92ED039A78EEC85A36EE0A6A22
:10F4000030EEC77A37EEC94A16EE10CA30EE496AB6
:10F4100077EE014A47F808C934EE294AD2ED038A4B
:10F4200039EEC99A93ED038A71EE470A30EE280A45
:10F4300039EE671A36EE696A30EE080A75EECA5A76
:10F4400087ED010A1AED040A5AED036A21EE808A5B
:10F4500023EE267A64EE267A61EEA61A24EE004A9E
:10F4600023EE003A64EEA66A24EE800A38EE077AAC
:10F4700076EE846A37EEC00A33EE613A17EE10CAB0
:10F4800041F808CB01ED013A82ED040AC2ED036AAE
:10F4900059ED086A59ED077A25EEE67A23EEA64A79
:10F4A00065EE274A65EEA75A63EEA73A66EE277A1D
:10F4B00025EE265A66EE266A77EE677A34EE246ADF
:10F4C00075EEE66A35EE635A17EE90CA04ED046AEB
:10F4D00004ED035A46F808C9C6ED016A5EED0C7AE0
:10F4E0001EED0B7A62EE275A22EE876A22EE072A79
:10F4F00062EEA72A61EE076A20EE877A60EEA70A1D
:10F5000061EE277A35EE866A72EEC22A76EEE00A5E
:10F5100077EE277A16EE10CA40F808CB40ED012AA4
:10F52000C3ED040AC3ED037A7FF4FCAE0999029897
:10F53000CB00DDF834C001EB410200EB011198442F
:10F540009C4402910199194401910799194407912A
:10F5500008991944069B03EBC20308910693019A8C
:10F560000423089ED2ED007A96ED007AD8ED002AA9
:10F5700077EE875A9CED003A92ED016A37EEC77A32
:10F58000D6ED016A75EEA24A9CED012A36EE265AA6
:10F59000D8ED017A76EE666A029D34EE836ABDF894
:10F5A0002C4037EE274A059876EEE24A214682ED56
:10F5B000006A35EEE26AD8ED013A75EE675ADCED85
:10F5C000011A34EE424A75EE233A74EE834A76EE1F
:10F5D000A26A33EEA15A37EE677A36EE436A82EDBD
:10F5E000015A75EEC25A079A77EE027A36EEC37A5E
:10F5F000D2ED002A92ED015A64EE223A24EE054A39
:10F6000024EE855A64EEA24A33EE855A74EEC44A5B
:10F6100088ED005AC8ED014AD5ED014AD5ED006AE2
:10F62000069D26EE265A26EE246A65EEA66A65EE4B
:10F63000A45A36EEC66A75EE255A86ED016AC6ED05
:10F64000005AD5ED015AD5ED006A0C9E27EEA66A48
:10F6500067EE266A67EEA57A27EE257A76EEE77AD8
:10F6600036EE077ACCED017A8CED007A726801F003
:10F6700035FF039821467268042301F02FFF0A9892
:10F6800021467268042301F029FF21467268042391
:10F6900004980FB0BDEC068BBDE8F04F01F01EBF23
:10F6A000012A2DE9F041064617460C469846058882
:10F6B00053D0B5F5807F4BD016D9B5F5806F1AD0F1
:10F6C0005AD9B5F5006F43D0B5F5805F05D1012358
:10F6D00072682946204601F001FFB8F1000F11D1F0
:10F6E000012F16D0BDE8F081202D31D048D9402D12
:10F6F000EDD0802DF1D121463046FFF7A9FCB8F1BD
:10F70000000FEDD0B2682046B18901F087FE012FCD
:10F71000E8D107EE905AB7EE007AF8EE677AC7EEB6
:10F72000276A002DDED004F10801002311ED027AD2
:10F73000013351ED017A08319D4227EE267A67EEBA
:10F74000E67A01ED047A41ED037AEFD1BDE8F0816C
:10F7500021463046FFF74CFDBFE7A5B101F10C0390
:10F76000002253ED027A01320833F1EE677A9542B6
:10F7700043ED047AF5D19CE7B5F5007FA7D0ACE75F
:10F78000102DB8D0A9E7B5F5807F96D8ACE700BFBB
:10F790002DE9F0472DED088B90F800E04FEA1318A3
:10F7A00086681436476808374FEA881902EB090A59
:10F7B00056ED057A16ED047A56ED036A16ED026AE7
:10F7C00056ED015ABC4657ED023A17ED015AB8F111
:10F7D000000F00F06D8101F1400402F14000454648
:10F7E00054ED104A54ED0F8A14ED0E9A27EEA44AF8
:10F7F00074EE233A14ED0D0A67EE24AA3AEE855A08
:10F8000014ED0C8A66EEA44A14ED0B1A54ED0A0AA4
:10F8100014ED092A26EE234A34EE055A67EEA8AA0B
:10F8200075EE2AAA54ED081A25EEA35A35EE245A8D
:10F8300067EE284A75EE244A14ED073A66EEA89A58
:10F8400054ED062A14ED055A14ED044A26EE2AAAB0
:10F850007AEE244A27EE89AA34EE8AAA54ED034AA6
:10F8600065EEAA8A78EEA98A67EE099A78EEA98AE7
:10F8700054ED02BA26EE899A14ED01BA66EE0A9AA0
:10F8800079EEA88A67EE809A78EEA99A65EE8A8A60
:10F8900038EE899A67EE008A39EE289A66EE808AF9
:10F8A00026EE290A30EE099A27EE880A39EE009AE8
:10F8B00025EEA90A30EE280A67EE088A30EE280AFB
:10F8C00026EE888A66EE098A38EE800A67EE818A1B
:10F8D00070EE288A25EE890A30EE088A27EE010AA2
:10F8E00038EE008A26EE810A26EE281A31EE088AC2
:10F8F00027EEA01A38EE018A25EEA81A31EE001A7A
:10F9000027EE200A31EE001A66EEA00A26EE080A5B
:10F9100030EE011A27EE820A31EE000A25EE881A2F
:10F9200071EE200A27EE021A70EE810A26EE821A84
:10F9300026EE002A72EE200A27EEA12A70EE820A35
:10F9400025EE802A32EE012A27EE211A32EE012A14
:10F9500066EEA11A26EE201A31EE022A27EE831A4D
:10F9600032EE011A25EEA02A72EE211A27EE032AA2
:10F9700071EE821A26EE832A26EE013A73EE211AE0
:10F9800027EEA23A71EE831A25EE813A33EE023A5F
:10F9900027EE222A33EE023A66EEA22A26EE212A2A
:10F9A00032EE033A27EE852A33EE022A25EEA13AFB
:10F9B00073EE222A27EE053A72EE832A26EE853A66
:10F9C00026EE025A75EE222A27EE845A72EE852A16
:10F9D00025EE825A35EE035A27EE043A35EE035AE5
:10F9E00026EE844A40ED103A40ED0FAA00ED0EAA33
:10F9F00026EE223A33EE055A27EEA43A35EE033AC4
:10FA000040ED0D9A25EEA25A35EE044A67EE243AEF
:10FA100074EE233A00ED0C9A66EEA44A40ED0B8A90
:10FA200000ED0A8A00ED090A40ED080A26EE034AB5
:10FA300034EE234A67EEAB3A74EE233A00ED071A30
:10FA400025EE835A75EE244A27EE2B5A74EE854A2A
:10FA500040ED061A66EEABBA00ED052A40ED042A29
:10FA600000ED033A26EE234A74EE244A27EE8B5A21
:10FA700074EE854A40ED023A65EEA33A73EEAB3A76
:10FA800027EE0B5A73EE853A40ED014A26EE8B5A6B
:10FA900026EE244A74EE233A65EEA44A34EE855AE3
:10FAA00040344030013D7FF49BAE4944544600E071
:10FAB000144613F00F0017D0F1EC014A27EEA44AC8
:10FAC00034EE234A67EE243A73EE853AA4EC014AF9
:10FAD00026EEA45A66EE044A74EEA33A25EE844A52
:10FAE00034EE055A0138E7D14CED023A0CED015ADB
:10FAF000143608371146BEF1010E7FF459AEBDEC45
:10FB0000088BBDE8F08700BFF8B52DED028B089E8D
:10FB10006FF040450F46826035440446B0EE408A9F
:10FB20000780EA19002118461E469200FCF73CFEA9
:10FB30000022666084ED038A22616261BDEC028B63
:10FB4000F8BD00BF70B592FBF1F601FB16248CB92D
:10FB500043606FF04042059B0546017021461A4400
:10FB60004680049832449200FCF71EFE049B204617
:10FB7000AB6070BD6FF0010070BD00BF2DE9F04FAC
:10FB800003F0030591B06FF040449B0805920E9579
:10FB90004288856814440D922E460B9515460891AF
:10FBA00006EB8402D0F804B00F930C9200F027818A
:10FBB000144605F003021F46AB0802921546224682
:10FBC0000193013B06F10C0810320A979BB2CDF865
:10FBD00000B006920A4601331032049306EB031379
:10FBE00007926A1E03F10C0992B20132920003924D
:10FBF000079A069D52F8103C114645F8103C52F801
:10FC00000C3C45F80C3C51F8083C45F8083C51F8D0
:10FC1000043C45F8043C03781D460993002B00F092
:10FC2000CA8103F1010BDDF814E04FF0010C08F17B
:10FC3000100A09F11006009BCCEB050458ED031ADD
:10FC400003EB8404019B58ED022A18ED012A002BD6
:10FC500000F0A580DFEDAF5A2FB252462346F0EEFA
:10FC6000653AB900B0EE651A3F01F0EE654A12ED53
:10FC7000045A103293ED006A0B4466EE217AD3EDFC
:10FC8000006A66EE220A52ED071A26EE023A0B448B
:10FC900025EE066A26EEA24A93ED007A77EEA44A94
:10FCA00052ED062A30EE811A0B4466EE820A73EE9C
:10FCB000233AD3ED007A25EE263A0B4476EE255A08
:10FCC00066EEA16A27EE026A12ED052A74EE244A56
:10FCD000B24225EE074A76EEA55A30EE811A61EE61
:10FCE000876A73EE233A27EE227A76EE244A25EECF
:10FCF000275A21EEA76A76EEA33A34EE011A62EE95
:10FD0000A76A37EE257A67EE827A75EE244A36EED8
:10FD1000011A76EEA33A77EE875AA8D1049B07FB27
:10FD200003444B46029AFAB1039AAD009A18D4EDF7
:10FD3000007A2C44B3EC017A27EEA15A27EEA26A8E
:10FD4000934267EE826A67EE277AF0EE621A74EEEB
:10FD5000854AF0EE422A31EE061AB0EE472A73EEDB
:10FD6000A63A75EEA75AE2D1CEED004A0CF1010C8D
:10FD70000378DC450EEB830383ED001A03780EEB6A
:10FD8000C303C3ED003A037803EB43030EEB830395
:10FD90000EF1040EC3ED005A0BD005784BE7DFEDF2
:10FDA0005D5A4346F0EE653AB0EE651AF0EE654AEC
:10FDB000B8E7059B099A03EB820305930378069A3B
:10FDC00003EB4303B146D04610320692079A103235
:10FDD0000792059A02EB830305930A9B013B0A9362
:10FDE0007FF406AF0F9B0C9A1B01DDF800B01A449C
:10FDF0000C92089A1A4408920B9A1A440B920E9B82
:10FE0000002B00F09C800D9904938A0801F00301F7
:10FE10000C9C00924B1E013A03949BB20B9C92B235
:10FE20000133A04602F1010A9B0004EB0A1CCDF845
:10FE300008A0824608460193089A52F8043B0892AB
:10FE4000039A42F8043B9AF8003003921D46069349
:10FE5000002B66D0012703F10109009B0CF110066D
:10FE6000EC1BDDF814E00BEB8404002B4DD0A90053
:10FE700008F110022346DFED277A12ED047A1032E2
:10FE8000D3ED006A0B4466EE875A93ED005A12EDEB
:10FE9000077A0B4475EEA76A93ED006A25EE075AC0
:10FEA00012ED067A0B4426EE076A12ED057A75EE1E
:10FEB000266AD3ED005AB2420B4425EE877A76EEDD
:10FEC000267A77EE277AD8D18900029A634602FB18
:10FED000014468B1019AAD009A18F3EC016A94EDFF
:10FEE000007A2C44934226EE877A77EE877AF4D113
:10FEF0000137EEEC017A4F450ED09AF80050009B86
:10FF0000EC1B0BEB8404002BB1D14346DFED017AEF
:10FF1000DFE700BF00000000059B069A03EB8203A9
:10FF20000593049B08F104080CF1040C013B0493B5
:10FF300082D10B9B50460E9A03EB82030B930D9BD1
:10FF400081685C1EC4F38F0313B35D1E0B9A01F12D
:10FF50001003ADB21032AE1C01EB061652F8100CB5
:10FF60001033103243F8200C52F81C0C43F81C0CD0
:10FF700052F8180C43F8180C52F8140C43F8140CEF
:10FF8000B342EBD16B1C0B9A1B011A4419440B9220
:10FF900014F003020CD0013A0B460B9992B20132D5
:10FFA00001EB820251F8040B914243F8040BF9D1A2
:10FFB00011B0BDE8F08F08F1100A09F11006FEE655
:10FFC000F8B5069E6FF040440F4682603444054603
:10FFD0001E460780E219002118469200FCF7E4FB58
:10FFE0006E60F8BD2DE9F04F06462DED108B89B0FF
:10FFF0003488D6F804C004906FF040400593DB08C5
:02000004600298
:1000000020440294D6F808800CEB80000393019002
:1000100000F0EB814FEAD4099E4604F0070A00F194
:1000200020074FEA491301F120060791114608EB1A
:100030000300043B0CF1200402F12005CDF818C0A8
:10004000524684468A464846994656F8203C211F27
:100050009FEDEF3A47F8203C56F81C3C47F81C3C13
:1000600056F8183C47F8183C56F8143C47F8143C2E
:1000700056F8103C47F8103C56F80C3C47F80C3C3E
:1000800056F8083C47F8083C56F8043C47F8043C4E
:1000900014ED088A54ED072A14ED062A54ED051ACA
:1000A00014ED041A54ED030A14ED020A002800F0BE
:1000B000F681B0EE439A08F12001B0EE43AA04F1B4
:1000C0001C03F0EE43AA8346B0EE43BAF0EE43BA07
:1000D000B0EE43CAB0EE434A51ED083ABBF1010B12
:1000E00053ED088A01F1200123EE88FA51ED0F4A01
:1000F00063EEA2EA13ED078A23EE82EA11ED0E5AAF
:1001000063EEA1DA51ED0D5A23EE81DA11ED0C6A9E
:1001100063EEA0CA51ED0B6A63EE809A11ED0A7A84
:1001200063EEA83A51ED097A3FEE044A03F1200349
:1001300024EEA2FA53ED0E2A3EEE8CCA7EEE2BBAC6
:1001400064EE82EA24EEA1EA3DEE8BBA7DEE2AAAA5
:1001500064EE81DA24EEA0DA3CEE8AAA39EE899ABE
:1001600064EE80CA68EEA49A33EE833A64EE884A5D
:100170003FEE044A3EEE8CCA25EE02FA13ED0D2A3C
:1001800065EE21EA74EE834A7EEE2BBA3DEE8BBA21
:1001900025EE01EA65EE20DA7DEE2AAA3CEE8AAA77
:1001A00025EE00DA68EE85CA39EE899A68EE059A7E
:1001B00025EE225A3FEE044A3EEE8CCA25EEA1FA05
:1001C00053ED0C1A65EE81EA35EE245A7EEE2BBA19
:1001D0003DEE8BBA25EEA0EA65EE80DA7DEE2AAA26
:1001E0003CEE8AAA28EEA5DA68EE25CA39EE899A8D
:1001F00062EEA59A65EE825A3CEE8AAA3FEE044A68
:1002000075EE855A26EE01FA13ED0B1A22EE065A08
:100210003EEE8CCA7EEE2BBA66EE20EA26EE00EAAF
:100220003DEE8BBA7DEE2AAA68EE86DA28EE06DA73
:1002300062EE86CA39EE899A26EE216A3FEE044ABA
:100240003EEE8CCA26EEA0FA53ED0A0A66EE80EA6C
:1002500036EE256A7EEE2BBA61EEA65A28EEA6EAA5
:100260003DEE8BBA7DEE2AAA68EE26DA22EEA6DAF9
:100270007CEE8ACA35EE099A22EE26AA66EE816ADB
:100280007DEE2AAA35EE899A3FEE044A3EEE8CCAEC
:1002900027EE00FA13ED090A68EE87EA7EEE2BBA24
:1002A0003DEE8BBA28EE07EA62EE87DA22EE07DA35
:1002B0007AEE2CCA76EE866A21EE87AA27EE203ADD
:1002C00021EE076A68EEA78A68EE275A22EEA75A3F
:1002D00062EE274A3DEE2ADA7AEE2CCA61EEA7AA30
:1002E00021EE27AA36EE097A3FEE044A20EEA79ABD
:1002F0003EEE8CCA7EEE2BBA3DEE8BBA33EE263A3A
:1003000067EE807A38EE844A35EE8CCA75EE2BBAE9
:1003100034EE8BBA7AEE8DAA3AEE2CAA39EE079A11
:1003200037EE833A7FF4D8AE09EB0401E346A2B37B
:100330001346BBEC016A013BF1EC015A66EE088AF8
:1003400066EE223A66EE024A26EE215A66EE016A0F
:1003500026EE207A66EE007A26EE256AB0EE628AF4
:1003600034EE284AF0EE422A3CEE23CAB0EE612A6F
:100370007BEEA4BAF0EE411A3BEE05BAB0EE601A7D
:100380007AEEA6AAF0EE400A3AEE07AAB0EE650AA7
:1003900039EE279A33EE063ACBD1BEF1010E05EDC8
:1003A000084A05ED07CA07F1200745ED06BA06F130
:1003B000200605ED05BA04F1200445ED04AA05F177
:1003C000200505ED0BAA05ED0A9A05ED093A7FF423
:1003D0003CAE039B524601985B01DDF818C00799BB
:1003E00018449C4419441A440190059B13F0070ECD
:1003F00022D0019F76466546DDF808A051F8049B9F
:1004000053464446DFED026A284647F8049B01E064
:1004100000000000B0EC017A013BF4EC017A67EED9
:10042000277A76EEA76AF5D1013EE2EC016A05F182
:100430000405E3D10CEB8E0C029B591E049B8E0825
:100440005C681DD004F110020CF11003304653F823
:10045000105C013803F1100302F1100242F8205C35
:1004600053F81C5C42F81C5C53F8185C42F8185CAA
:1004700053F8145C42F8145CE9D133011C449C44E9
:1004800011F0030306D022465CF8041B013B42F83E
:10049000041BF9D109B0BDEC108BBDE8F08FC34649
:1004A000B0EE439AB0EE43AAF0EE43AAB0EE43BAE0
:1004B000F0EE43BAB0EE43CAB0EE434A37E700BFAE
:1004C000F8B5079FB7FBF2F402FB147494B98E469B
:1004D00016466FF0404205467244698043602146EB
:1004E0003A4406989200FCF75FF9069B2E7020466E
:1004F000AB60F8BD6FF00100F8BD00BF2DE9F04F13
:10050000047883468DB04088DBF804506FF0404992
:100510009646089202952A46DBF8086081440990C5
:1005200006EB8909B3FBF4F39D08A3EB85030A9559
:100530000B93002D00F0F880830800F003002F4695
:10054000CDF810B005931B0106900EF1100A1A4465
:100550009B46484603970792CDF80490A4000A46AC
:10056000234652F8045B013B40F8045BF9D1049B3D
:10057000A400059F93F800802144019B4FEA88085E
:100580009FEDBB1A234406EB080E01930EEB080CFB
:100590000CEB0809002F00F06181029BF0EE415A3C
:1005A000B0EE415A06F11004F0EE414A03F1100595
:1005B0000EF110000CF1100209F1100355ED046A60
:1005C000013F13ED046A05F1100514ED044A00F132
:1005D000100050ED081A04F1100452ED042A26EE22
:1005E000844A66EEA11A15ED077A66EEA22A54ED4A
:1005F000073A66EE866A10ED072A13ED036A74EE79
:10060000244A12ED033A31EE855A72EEA55A55EDA1
:10061000067A67EE233A14ED064A27EE022A50EDD9
:10062000061A27EE033A52ED022A76EE816A10EDA1
:10063000050A27EE067A13ED026A73EEA43A15ED69
:10064000051A67EE844A52ED010A32EE052A14EDCE
:10065000054A27EEA15A53ED011A33EE253A02F16D
:10066000100267EEA25A03F1100367EE867A37EEA6
:10067000267A34EEA36A61EE044A75EE023A35EE4C
:10068000834A21EE005A61EE205A77EE877A21EEF6
:10069000211A74EE864A35EE235A75EE845A31EEED
:1006A000271A8BD15E44DE44DC4409EB0B00079A29
:1006B000069BDBB1B2EC016A013BF6EC016ABEECD1
:1006C000017AFCEC017A66EE266AB0EC014A26EE6D
:1006D000077A66EE277A26EE046A74EEA64A35EEAD
:1006E000075A75EEA75A31EE061AE3D1039B09EBC0
:1006F00008064AED044A0AF1100A013B0AED075ABE
:100700004AED065A0AED051A039303D0049B01989B
:100710001C7823E7089B0A9ADDF8049003EB021388
:10072000DDF810B008930B9B002B61D0099A984616
:10073000DDF820A0950802F00307029A4FEA051E93
:1007400002EB0E0C9BF8004048460A462346F2ECAA
:10075000017A013BE0EC017AF9D1A400A1442144E3
:10076000002D76D0029B2846DFED417A03F110027E
:1007700006F1100352ED046A013813ED047A02F118
:10078000100212ED075A03F1100366EE875A13EDBB
:10079000077A12ED066A25EE075A13ED067A75EE12
:1007A000A76A52ED055A26EE076A13ED057A75EE33
:1007B000266A25EE877A76EE267A77EE277AD9D1E1
:1007C00006EB0E02604657B13B46F0EC016A013B76
:1007D000B2EC017A26EE877A77EE877AF5D19BF82C
:1007E0000030B8F10108EAEC017A06EB8306A9D1E2
:1007F000099BDBF80840591E8F081DD004F1100238
:1008000006F11003384653F8105C013803F1100369
:1008100002F1100242F8205C53F81C5C42F81C5CA8
:1008200053F8185C42F8185C53F8145C42F8145CF6
:10083000E9D13B011C441E4411F0030306D02246BB
:1008400056F8041B013B42F8041BF9D10DB0BDE87A
:10085000F08F02983246DFED067AB4E74846029AF6
:10086000F0EE415AB0EE415AF0EE414A20E700BFA7
:10087000000000002DE9F04F994287B0109DC0F0B4
:100880003F82C3EB010E042705EB8E0E6FF0404450
:1008900001315E1E1C44A1EB030102EB84040091B4
:1008A00056D0A4F10408F14605464FF0010CDFEDE7
:1008B0006A7A1CF0030109D0F5EC016A0139B4EC45
:1008C000017A26EE877A77EE877AF5D10CF1010C62
:1008D000C9ED007A4446B944634537D05FEA9C0AC3
:1008E00000F0588200F1100408F110015546DFEDC8
:1008F0005A7A54ED046A013D11ED047A04F11004B2
:1009000014ED075A01F1100166EE875A11ED077ACE
:1009100014ED066A25EE075A11ED067A75EEA76A00
:1009200054ED055A26EE076A11ED057A75EE266A32
:1009300025EE877A76EE267A77EE277AD9D14FEAB6
:100940000A1405194444A8F10408B2E707FB06EEAF
:10095000032B00994CD8002900F08281002B00F075
:10096000E081002E00F00482022B4FEA810C00F09F
:10097000E2810446011D734600EB0C059FED365ADB
:10098000F4EC016A0431D2ED007A11ED016AA5425E
:1009900066EEA76AD2ED017AD1ED005A26EE276AFB
:1009A00092ED027A76EE856A25EE877A76EE267AE1
:1009B00077EE277AC3ED007A3B44E1D1009BB5087E
:1009C000604407FB03EE40F0548116F00303114628
:1009D0000446DFED217A40F08181013ECEED007AC0
:1009E00000F10400BE4440F0418107B0BDE8F08F43
:1009F0008908019100F09281090102F110044FEA87
:100A0000930A03F0030902910C314FEA0A1BF046E6
:100A10004118CDF810E002EB0B05059600F10C0C27
:100A20000E46A64603954D46DDF80C900390DFED8B
:100A30000A5A71465CED031A6046F0EE654A5CEDB9
:100A4000022AF0EE653A1CED012AB0EE651A544612
:100A50009CED005A05E000BF00000000103090ED52
:100A6000005A11ED046A013C51ED036A01F11001D5
:100A700061EE860AD0ED011A22EE863A11ED067A71
:100A800022EE064A51ED057A26EE056A30EE811A0D
:100A900073EE233A62EEA60AD0ED022A22EE263A3F
:100AA00074EE244A76EE255A25EE266A66EEA16A91
:100AB00030EE811A73EE233A62EE070A90ED032AB4
:100AC00025EE074A76EE244A76EEA55A61EE876A4D
:100AD00027EE227A25EE275A34EE236A76EEA46AB0
:100AE00061EEA73A62EEA74A30EE813A37EE257AF8
:100AF00067EE827A35EE031A73EE863A74EEA64AF2
:100B000077EE875AAAD10CEB0B00EDB129464C4683
:100B1000F4EC017A0139B0EC017A27EEA15A27EE04
:100B2000A26A67EE826A67EE877AF0EE621A31EEA9
:100B3000051AF0EE422A73EE863AB0EE472A74EEBA
:100B4000A64A75EEA75AE3D108EB07010CF1100C89
:100B500088ED001AC819B445C1ED003A00EB07084A
:100B6000C0ED004AC8ED005AB8447FF460AF039866
:100B7000B900029CDDF810E00444059E2546019C66
:100B80004FEA840904FB01EE009911F00301019181
:100B900066D04FEA930B013103F0030C02F110040D
:100BA00001EB09034FEA0B1A09F10108029402EB69
:100BB0000A0100EB8303F146CDF80CE0049664468D
:100BC00000EB88081E468C46DDF808E0059005F12C
:100BD0001001734658465FED607A51ED046A0138A2
:100BE00013ED047A01F1100111ED075A03F110031E
:100BF00066EE875A13ED077A11ED066A25EE075A5D
:100C000013ED067A75EEA76A51ED055A26EE076ACE
:100C100013ED057A75EE266A25EE877A76EE267A4A
:100C200077EE277AD9D155445CB123466146F5EC7D
:100C3000016A013BB1EC017A26EE877A77EE877A7A
:100C4000F5D1454608F10408C9ED007AB944B0452C
:100C5000BDD1DDF80CE0019B049E059807FB03EE77
:100C6000009B00EB8300002E3FF4BFAEB5083FF4BD
:100C7000ACAE00F1100102F110032C465FED8A7A50
:100C800051ED046A013C13ED047A01F1100111EDFC
:100C9000075A03F1100366EE875A13ED077A11ED38
:100CA000066A25EE075A13ED067A75EEA76A51ED2E
:100CB000055A26EE076A13ED057A75EE266A25EECB
:100CC000877A76EE267A77EE277AD9D1290116F03F
:100CD000030300EB010411443FF47FAEF4EC016A1E
:100CE000013BB1EC017A26EE877A77EE877AF5D16F
:100CF000013ECEED007A00F10400BE44B6D174E6A8
:100D0000264C07460E4610461C443A466FF0030731
:100D10000C441946334605EB840EB7E58946054673
:100D200032E77346002401391C603B44FBD1009B31
:100D300007FB03EE94E7034671469FED196A00EB4B
:100D40000C04D3ED007A043392ED007AD2ED016AFF
:100D5000A34267EE277A93ED007A26EE877A77EE44
:100D6000867A77EE277AC1ED007A3944E9D125E613
:100D700000EB8103DFED0A6AF0EC017A92ED007A74
:100D8000834267EE277A77EEA67ACEED007ABE44EC
:100D9000F2D12AE60546DFED027AD4E5FEFFFF3FF9
:100DA000000000004FEA930C2DE9F0439646866858
:100DB00045684FEA0C1803F0030214361035076833
:100DC0000EEB080956ED053A16ED043A56ED032AE6
:100DD00016ED022A56ED011A15ED041A55ED030A17
:100DE00055ED027A15ED016ABCF1000F00F0A38009
:100DF00001F110000EF11003644610ED044A23EED9
:100E0000017A62EEA00A013C23EE845A00F1100040
:100E100022EE270A03F1100321EE866A75EE074AD7
:100E200061EEA76A63EE045A34EEA07A22EE811ACC
:100E300022EE844A37EE007A37EE066A03ED086A3E
:100E400022EE067A50ED077A21EE866A23EEA75A43
:100E500023EE270A62EEA74A35EE255A75EE015AAF
:100E600075EE875A75EEA66A43ED076A62EE267A3A
:100E700050ED060A61EEA65A23EEA05A23EE207A20
:100E800035EE005A75EE046A76EEA76A36EE866A8B
:100E900003ED066A62EE067A10ED051A63EE816ACA
:100EA00036EE877A37EE247A77EE277A75EEA77AD0
:100EB00043ED057AA1D1414448469AB3134603E075
:100EC000F0EE457AB0EE471AB1EC017A63EE014AD2
:100ED00062EEA05A013B23EE874A22EE275A61EECA
:100EE000866A74EE244AF0EE410AB0EE676A74EE48
:100EF000A54A34EE855A35EE265AA0EC015ADFD1C8
:100F0000013F05ED047A05ED031A06F1140605ED1F
:100F1000025A714645ED017A05F110057FF452AF92
:100F2000BDE8F083B0EE675AB0EE417AF0EE467A53
:100F3000B0EE601AE4E77046BFE700BFF0B55FEAC5
:100F4000930E73D000F1200601F1200502F1200478
:100F5000774616ED087A013F55ED087A06F120062E
:100F600056ED0F5A05F1200555ED0F6A27EE273A89
:100F700067EEA54A16ED0E6A25EEA64A55ED0E7AE5
:100F800067EE266A15ED0D5A56ED0D2A66EE273AE4
:100F900066EE055A16ED0C7A76EEA46A15ED0C6A2B
:100FA00025EE225A04F1200433EE444A67EEA27A79
:100FB00073EEC53A04ED104A67EE064A16ED0B5A79
:100FC00077EEA57A44ED0F6A55ED0B6A66EE055A89
:100FD00044ED0E3A25EE265A44ED0D7A27EE267A98
:100FE00056ED0A7A55ED0A6A16ED096A34EEC55ACD
:100FF00015ED094A67EEA64A66EE866A67EE847AC0
:1010000004ED0C5A26EE046A37EE257A77EEA67ABE
:1010100034EEC66A04ED0B7A44ED097A04ED0A6AEF
:1010200097D14FEA4E1420442144224413F0030385
:1010300022D008300831083250ED027A013B11ED20
:10104000027A00F1080050ED036A01F1080151ED48
:10105000035A27EE876A26EE877A02F1080266EEC7
:10106000A56A67EEA57A76EE666A77EE877A42ED34
:10107000046A42ED037ADFD1F0BD00BFB5EEC00ACD
:10108000F1EE10FA2CD4DFED207A20EE270AFDEEE7
:10109000C07A32D4F8EEE77ADFED1C6A1C4AB7EE6C
:1010A000007A30EE670A20EE260AFCEEC07A17EED0
:1010B000903AC3F3080307EE903A02EB8301F8EE8F
:1010C000677AD1ED006A70EE677A91ED010A37EE2A
:1010D000677A67EE807A27EE260A30EE270A704795
:1010E000DFED0C7AB4EEE70AF1EE10FA0BDADFED81
:1010F000067A20EE270AFDEEC07A17EE903A013B01
:1011000007EE903AC6E7704783F9223E000000449C
:10111000AC3E0020CD024CB4DFED1C7AB5EE007A77
:1011200020EE270A30EE070AB5EEC00AFDEEC07ABF
:10113000F1EE10FA04D517EE903A013B07EE903A23
:10114000F8EEE77ADFED126A124AB7EE007A30EE77
:10115000670A20EE260AFCEEC07A17EE903AC3F337
:10116000080307EE903A02EB8301F8EE677AD1EDBF
:10117000006A70EE677A91ED010A37EE677A67EEE2
:10118000807A27EE260A30EE270A704783F9223E3E
:1011900000000044AC3E002070B4960825D000F159
:1011A000100401F11003354614ED046A013D54EDBD
:1011B000036A03F1100314ED027A26EE006A54ED7F
:1011C000017A66EE806A20EE077A04F1100460EE80
:1011D000277A03ED086A43ED076A03ED067A43EDCB
:1011E000057AE1D136013044314412F0030207D0D0
:1011F000F0EC017A013A67EE807AE1EC017AF7D1FE
:1012000070BC704770B4960825D000F1100401F14D
:101210001003354614ED046A013D54ED036A03F1F1
:10122000100314ED027AB1EE466A54ED017AF1EE44
:10123000666AB1EE477A04F11004F1EE677A03EDC5
:10124000086A43ED076A03ED067A43ED057AE1D1BA
:1012500036013044314412F0030207D0F0EC017A39
:10126000013AF1EE677AE1EC017AF7D170BC704790
:10127000F0B55FEA930E33D000F1100601F11005CE
:1012800002F11004774616ED047A013F15ED046A69
:1012900006F1100656ED067A05F1100527EE066AEE
:1012A00055ED066A16ED077A04F1100455ED075A5C
:1012B00067EEA66A56ED057A04ED086A27EE257AF0
:1012C00015ED056A44ED066A67EE867A04ED077A45
:1012D00044ED057AD7D14FEA0E142044214422442C
:1012E00013F0030309D0F0EC017A013BB1EC017A71
:1012F00067EE877AE2EC017AF5D1F0BDF0B4970899
:1013000040D000F1100501F110043E46DFED1F7AD8
:1013100055ED046A013E54ED045A05F1100515ED32
:10132000077A04F1100466EEA55A14ED076A55ED2C
:10133000066A27EE066A14ED065A75EEA77A15EDD1
:10134000057A66EE856A54ED055A76EE277A27EE21
:10135000257A76EEA77A77EE277AD9D13F013844FD
:10136000394412F0030209D0B0EC017A013AF1ECF1
:10137000016A27EE267A77EE877AF5D1C3ED007AF7
:10138000F0BC7047DFED017AEBE700BF0000000022
:10139000F0B55FEA930E33D000F1100601F11005AD
:1013A00002F11004774616ED037A013F56ED027AFA
:1013B00005F1100515ED076A06F1100655ED066AF0
:1013C00004F1100415ED055A37EE066A55ED085A7A
:1013D00077EEA66A16ED057A56ED087A37EE057AAD
:1013E00004ED076A77EEA57A44ED066A04ED057A06
:1013F00044ED087AD7D14FEA0E1420442144224408
:1014000013F0030309D0F0EC017A013BB1EC017A4F
:1014100077EE877AE2EC017AF5D1F0BD4B1C012B17
:1014200098BF70472DE9F003911C9B08B1F8048028
:10143000B1F802900A8831F802CC80448144024419
:101440008444D9F80070D8F800601568DCF80040D2
:10145000C9F80060C8F80070CCF800501460D9F8E2
:101460000470D8F804605568DCF80440C9F80460DA
:10147000C8F80470CCF8045054600831013BD5D151
:10148000BDE8F00370474B1C012B98BF70472DE956
:10149000F003911C9B08B1F80480B1F802900A880F
:1014A00031F802CC00EB580800EB590900EB52026E
:1014B00000EB5C0CD9F80070D8F800601568DCF817
:1014C0000040C9F80060C8F80070CCF80050146003
:1014D0000831013BDFD1BDE8F00370472DE9F04F43
:1014E0009E4603468A468B4604332DED108B9C4660
:1014F0009DB09FEDC39A19901A921B934FEADB039C
:101500004FF000081A4611934FEACB0311464FEAF9
:10151000C20900935300D51801931301199A4C196D
:1015200002EB0906029302EBC50513460A1906EB06
:10153000090703EBC404881803EBC2020144043218
:1015400003EBC00003EBC101009B04315CED017AA9
:10155000D84490ED007A94ED005AC245D7ED003A98
:1015600096ED006A37EE851A52ED016A73EE874AEE
:1015700037EEC55AD5ED007A73EEC73A11ED017A10
:1015800036EE262A37EE874A76EE666A71EE245AE0
:1015900032EE046A37EEC77A31EE641A75EE864A87
:1015A00076EEC77A75EEC65A4CED014A32EE442A01
:1015B00067EE897A94ED010AC4ED005A36EE877A17
:1015C000D6ED015AD5ED012A75EE271A92ED004AA3
:1015D00075EE677AD1ED004A27EE097A35EEC43A06
:1015E0009CED006A72EEE46AD0ED010A97ED015AB3
:1015F00035EE844A72EEA44A73EE265A76EE002A3D
:1016000073EE666A36EE406A35EE200A65EE895A58
:1016100035EE605A32EE803A74EE240A66EE896A3C
:1016200074EE644A32EEC04A75EE252A33EE200A83
:1016300075EE655A33EE603A36EE265A8CED000AA6
:1016400076EE666A9C4433EE876A84ED013A33EEA7
:10165000C77A1C4471EE243A71EE644A31EEA23A24
:10166000C7ED003A34EE421AC0ED004A77EEA53AD3
:1016700075EE464A77EEE57A87ED011A76EEC75A9F
:101680001F4432EE044A71EEE21A36EE056A37EE76
:10169000267A80ED014A86ED003A184441ED011AA0
:1016A00042ED013AC5ED007AC6ED014A1E4481EDD6
:1016B000006A1944C2ED005A1A4485ED017A1D44AE
:1016C0003FF644AF0093119B072B40F2F481019940
:1016D0000EEB4E04029D4FEACE02013104EB0E00E8
:1016E000E4000835194400EB0E0C1394C0005E189A
:1016F0001746189209F108099C19199B1A9A129019
:101700005D1911983A440C9598462044119DD719BB
:1017100003EBC404054403EBC00010970CEB0E0769
:101720004FEACC0C04340430C844CDF854C0199BA3
:101730000A94099003EBC1011A9C03EBC5051598A7
:10174000CDF8348007EB0E0804EB0009F8004FEAEF
:10175000C80C0435074617900B91184603EBC601D9
:10176000129BCDF850C0E3180895149D0E912146A8
:1017700004EB05080493E5194FEA0E13139C169326
:101780000B19109F0595039300F10803079738463E
:101790000F9301230693009B90ED00FAD0ED01BA60
:1017A0000398039990ED01BA0498D1ED00EAD0EDC9
:1017B00001AA05980599D0ED017A91ED00DA0D990D
:1017C000049CCDED017AD8ED017A0091D2ED00FABA
:1017D00094ED00EA92ED01CADDF820E0099F0A9E2F
:1017E0000B9DD9ED00DA0C9CD8ED00CA0E990F9A2A
:1017F000DDF818C099ED01AACDED027A009801E05C
:10180000F304353FD5ED003ADC4491ED007AD4ED98
:10181000008AE24557ED017A90ED005A56ED015AE3
:1018200038EEA76A92ED001A78EEE74A1EED014AFB
:1018300075EE259A31EE073A92ED018A73EE846ACD
:1018400075EE655A33EEC44A73EE061A39EEA65A9F
:1018500075EE847A31EE471A31EE857A67EE897A31
:1018600033EE463A82ED007A79EEE69A96ED006A1A
:1018700034EEA72AD5ED013A74EEE78A90ED017AAD
:1018800035EEC44ADEED004A31EEC55A77EE462AFF
:10189000D1ED016A73EEE47AD7ED000A77EE065ACD
:1018A00094ED017A33EEA46A32EEE70A78EE664AE6
:1018B00078EE263A72EEA72A77EE206A24EE094ADD
:1018C00037EE607A20EE098A75EE860A33EEA60AB4
:1018D00062EE892A35EEC66A73EEE63A77EE627AF0
:1018E00074EE885A34EEC88A77EE224A71EE042AE2
:1018F00031EE447A30EE601A73EE061A33EE466A21
:1019000033EEE93A79EEA36A38EE684A75EEC23AE8
:1019100072EE255A32EEA42A72EEE44A77EE272AB6
:1019200037EE677A78EE887A6EEE058A2AEE818A3B
:101930002AEE855A2EEE011A6FEE219A70EE200AD9
:101940006BEEA11A2BEE830A2FEE033AC2ED010AC9
:1019500038EE888A1A446CEE238A31EE455A6FEECF
:10196000A33A81ED008A39EE800A33EE613A81EDC7
:10197000015A6FEE820ACDED003A9DED025A2DEE2E
:10198000068ADDED013A6CEEA49A84ED000A65EE5C
:10199000244A84ED013A23EEA61A23EE866ADDED91
:1019A000003A25EE255A19442DEEA20A1C446AEE8F
:1019B000041A70EEA80A2EEE873A6BEE278A2CEEF8
:1019C000022A6DEE266A6CEEA55A6AEE222A2DEEE8
:1019D000844A2BEE077A6EEEA77A73EEC23A38EE9F
:1019E000018A36EEC66A39EE855A75EEE44A07ED8D
:1019F000018A30EE210A87ED006A74EE622AC0ED9A
:101A0000000A33EE283AC0ED013A37EEC77A0EED00
:101A1000015ACEED004A184406ED010A1F44C6EDF6
:101A2000002A9E4485ED003A1E4485ED017A1D444E
:101A30003FF6E8AE069A1698013211460692079ACA
:101A4000024413980792039A024412980392049A4C
:101A5000024417980492159A9144059A02440592FB
:101A6000149A90440F9A08320F920E9A08320E92EE
:101A70000D9A08320D920C9A08320C920B9A083289
:101A80000B920A9A08320A92099A08320992089A25
:101A900008320892109C11982246884205D0189866
:101AA000214601440798109176E68346BDF860E030
:101AB000DDF86CC022E51DB0BDEC108BBDE8F08FE9
:101AC0000000000008B52DED028BB0EE408B01F058
:101AD000C9FCB4EE488BF1EE10FA0FD6B5EEC08B10
:101AE000F1EE10FA0AD8B5EE408BF1EE10FA08D1FB
:101AF00004F046FC9FED090B22230360BDEC028B32
:101B000008BD04F03DFCBDEC028B034621221A60A7
:101B10000448BDE8084000F059BB00BF00000000C9
:101B20000000F0FFE43D00200000000008B52DEDAE
:101B3000048BB0EE408B01F09BFBB4EE488BF1EED2
:101B400010FA06D69FED099BB4EEC98BF1EE10FAA0
:101B500002D4BDEC048B08BD04F012FC89EE090B25
:101B6000BDEC048B2123036008BD00BF0000000012
:101B700000000000B0EE407B17EE903A1B4A23F0C5
:101B8000004393421BDD1A4A934202DD30EE400BC4
:101B9000704700B585B0684601F0ECFC00F003002A
:101BA00001289DED021B9DED000B0CD0022812D0E8
:101BB00070B1012001F0FEFB05B05DF804FB9FED64
:101BC000091B01F05FBB01F0F5FBB1EE400BF3E741
:101BD00001F058FBF0E701F055FBB1EE400BEBE7ED
:101BE000AFF300800000000000000000FB21E93F8F
:101BF000FFFFEF7F51EC100B10EE102A21F0004395
:101C000043EC102B704700BF00000000B0EE407B9B
:101C100017EE903A1B4A23F0004393421CDD1A4A08
:101C2000934202DD30EE400B704700B585B0684648
:101C300001F0A0FC00F0030001289DED021B9DEDCA
:101C4000000B0ED0022813D070B101F01BFBB1EED7
:101C5000400B05B05DF804FB9FED081B002001F070
:101C6000A9BB01F00FFBF4E7012001F0A3FBF0E7B3
:101C7000012001F09FFBB1EE400BEAE700000000FD
:101C800000000000FB21E93FFFFFEF7F08B52DEDCD
:101C9000028BF0EE408AB0EE608A01F0B5FDF4EE02
:101CA000488AF1EE10FA06D6DFED098AB4EE688AAA
:101CB000F1EE10FA02D0BDEC028B08BD04F060FB1F
:101CC00088EEA80ABDEC028B2123036008BD00BF8B
:101CD0000000000008B52DED028BB0EE408A01F047
:101CE00023FEB4EE488AF1EE10FA0FD6B5EEC08AA4
:101CF000F1EE10FA0AD8B5EE408AF1EE10FA08D1EA
:101D000004F03EFB22239FED090A0360BDEC028B29
:101D100008BD04F035FBBDEC028B034621221A609E
:101D20000348BDE8084000F067BE00BF000080FF28
:101D3000E43D002008B52DED028BB0EE408A01F0A5
:101D40009BFAB4EE488AF1EE10FA06D6DFED098A66
:101D5000B4EEE88AF1EE10FA02D4BDEC028B08BDB5
:101D600004F00EFB88EEA80ABDEC028B2123036071
:101D700008BD00BF0000000038B510EE104A24F086
:101D80000045B5F1FF4F2DED048BF0EE407A29DAD6
:101D9000B84B9D4215DCB5F1465F80F2AE8014F081
:101DA000F84F30D19FEDB47A20EE077AB2EE006A98
:101DB000BDEC048BA0EE067AF4EE006A27EE260A4C
:101DC00038BDAE4B9D4240F3CB80AD4B9D4223DDF1
:101DD000BDEC048BB7EE000AFFEE007A002C20FE6B
:101DE000270A38BDF7EE006A86EE807AE40F6400B9
:101DF000C4F1010407EE904AF8EEE77A37EE870A5D
:101E0000BDEC048B38BD9FED9F7ABDEC048BE0EEFA
:101E1000077AB0EE670A38BD00F0A4F99A4B60EE7D
:101E2000006AB7EE007A9D42C7EE267AF0EE408A4D
:101E300040F3D780DFED956ADFED955A9FED955A17
:101E40009FED956ADFED959AE7EEA65ADFED946A6D
:101E5000E5EEA76AA7EE856ADFED925A9FED925AEA
:101E6000E6EEA75AA6EE275ADFED906A9FED906A3C
:101E7000E5EEA76AA5EE276ADFED8E5A9FED8E5A32
:101E8000E6EEA75AA6EE275ADFED8C6A9FED8C6A24
:101E9000E5EEA76AA5EE276AA6EEA77AE6EE279AF0
:101EA000B0EE479A18EE903A23F47F6323F00F03C5
:101EB00008EE103ABEEE020AA8EE480A00F0A2FDB3
:101EC000C9EE897A38EE687A38EE888AB0EE409AA0
:101ED000E7EE087AB0EE670A00F094FD29EE000AFA
:101EE000002CABBF80EE287AC0EE287AF7EE007A9D
:101EF000B7EE007A37EEC70A82E720EE007ADFED10
:101F0000715ADFED716A9FED716A9FED715AE7EECC
:101F1000256ABDEC048BDFED6F5AA7EE065AE6EE9C
:101F2000875A9FED6D6ADFED6D6AA5EE076AE5EEF3
:101F3000876A9FED6B5ADFED6B5AA6EE075AE6EE05
:101F4000875A9FED506AF7EE006AA5EE076AE5EE44
:101F5000876A86EE267AE0EE077AB0EE670A38BD29
:101F600000F000F9F7EE007A30EE670ADFED5E5A16
:101F70009FED5E7A9FED5E6ADFED5E6AA0EE256AF8
:101F8000002CE0EE076ADFED5C5A9FED5C7AE6EE2E
:101F9000005AA6EE807A9FED5A6ADFED5A6AA5EEE6
:101FA000806AE7EE006ADFED585A9FED587AE6EE58
:101FB000005AA6EE807A9FED566ADFED566AA5EECE
:101FC000806AE7EE006A9FED547AE6EE807AA6EE2C
:101FD000007A47DB87EE270ADFED507A30EE270ADA
:101FE0000EE7DFED4F5ADFED4F6A9FED4F6A9FED31
:101FF0004F5ADFED4F9AE7EEA56ADFED4E5AE6EE57
:10200000A75ADFED4D6AA7EE865AE5EEA76A9FED67
:102010004B6ADFED4B5AA5EE276AE6EEA75A9FED15
:10202000495ADFED496AA6EE275AE5EEA76A9FED09
:10203000476ADFED475AA5EE276AE6EEA75A9FEDFD
:10204000455ADFED456AA6EE275AE5EEA76A9FEDF1
:10205000436AA6EEA77AA5EE276AB0EE479AE6EEA7
:10206000279A1FE7C7EE276ADFED3D7A37EEE60ACB
:10207000C6E600BFFFFF573FD475833FFFFF9F3F7A
:10208000FFFFBF40D475033E6DDB36401287B3C1FE
:10209000A743ED4375C2F1C30B2380C492A021BCBA
:1020A000CE901F45BBFD474541641FC45917C0442E
:1020B000EAA220C371E5A2434B108EC159B4F2418C
:1020C000D49D4CBF1AE284B649EE0A39B156C7B75F
:1020D0008914BDBB1681A63B8F52E9BC632A853D9E
:1020E000EB6BA6BECEBBCB3EC0F90DBBA35A443CA6
:1020F000B351113D136E5F3CC21CE3BD0733013E7B
:1021000054FEA23EE71A933D0892BEBE85570A3F91
:102110000568D43E31F3D93DC6CD1ABB0B56583FA6
:10212000977F77BD7C3FD2407E071DC12B93A2C213
:1021300093A021BC1F45D9420B81D643E79A38C3EF
:10214000C95821448C6522C36F48D943578079C24E
:1021500063A8094322F028C1CE359D41B7A031BF05
:102160000B5658BF10EE103A23F0004300EE103A21
:10217000704700BF10EE102A22F0004310B4B3F1F4
:10218000FF4F4FF00004046017DAB3B112F0FF4FB5
:1021900010EE101A09D1DFED0B7A60EE277A6FF09E
:1021A000180417EE901A21F00043DB157E3B234400
:1021B00021F0FF41036041F07C5200EE102A5DF8EF
:1021C000044B70470000004C000000009FED010B25
:1021D000704700BF000000000000F87F70B410EEF0
:1021E000902A6FF47273C2F30A55EB183E2B85B038
:1021F00044D8664B93ED026B93ED007BB0EE461B2B
:10220000A7EE001B11EE100A31EE461B00F07F0214
:1022100093ED064B921893ED043B02F10F0103EB93
:10222000C20292ED1C7BA3EE010BA4EE010B03EBAB
:10223000C10293ED0A5B20EE001B30EE077B93EDAD
:10224000082B93ED0E6BA5EE002B21EE015B93EDB9
:102250000C4BA2EE017B53F831405668A6EE004BC2
:1022600000210A1906EB4033A5EE047BEDB143ECE7
:10227000102BA7EE000B05B070BC7047002B56DB8F
:10228000B5F5816F2DD910EE101A002012F5801FC0
:1022900008BF814268D040F2FF74A54247D0824215
:1022A0005EDB05B070BC00F099B8884244DAB7EE46
:1022B000004B03F17F5101F50011104641EC160B64
:1022C00027EE067B36EE070BB4EEC40BF1EE10FAE8
:1022D00009D49FED287B20EE070B05B070BC00F001
:1022E000ADB8002585E730EE043B36EE406B34EEAA
:1022F000435B36EE076B35EE007B37EE067B37EE41
:10230000037B37EE447BB5EE407BF1EE10FA24D030
:102310009FED180B27EE000B9FED166B8DED006BFC
:102320009DED007B27EE067B8DED027BD5E7B7EEBA
:10233000007B30EE070B9EE703F140419FED0F6BF2
:1023400001F57001104641EC100BA7EE000B20EEDA
:10235000060B05B070BC00F07DB89FED0A0BDBE703
:1023600005B070BC00F032B89FED060B83E700BFEC
:10237000AFF300800000000000001000000000002B
:102380000000007F000000000000000008050020A1
:1023900010B582B08DED000B044603F0F1FF9DED0A
:1023A000000B046002B010BD82B058B1B1EE407BAA
:1023B0008DED007B9DED007B222020EE070B02B00F
:1023C000FFF7E6BFB0EE407BF2E700BF9FED010BE9
:1023D000FFF7EABF00000000000000109FED010BB6
:1023E000FFF7E2BF000000000000007082B000288C
:1023F000B7EE006BBFEE007B06FE077B8DED007B2A
:102400009DED000B9FED037B222080EE070B02B0B9
:10241000FFF7BEBF0000000000000000B4EE400B5C
:10242000F1EE10FA30EE407B87EE076BB0EE460B14
:1024300002D62120FFF7ACBF704700BFB5EE400BBE
:10244000F1EE10FA00D070472220FFF7A1BF00BFC5
:10245000000000009FED076BB0EEC07BB4EE467B42
:10246000F1EE10FA00DC70472220FFF791BF00BFA9
:10247000AFF30080FFFFFFFFFFFFEF7F2DE9F04F7D
:102480005BEC10AB2DED0A8B4FEA1B5C11EE90EA72
:102490000CF1FF3640F2FD70864210EE101A11EE7C
:1024A000103A89B05A4665464FEA1E5400F2C6807B
:1024B000C4F30A06A6F2BE367F2E98BF002000F2B3
:1024C000BD80BFEE000BE14CE14B1444C4F3463534
:1024D00003EB451693ED006B93ED027B96ED128BAB
:1024E00096ED189B96ED162B260D241505EE904AB9
:1024F000360593ED0C4BB8EEE55B951BA5EE062B70
:10250000A5EE079B93ED04AB93ED105B93ED08BB39
:1025100093ED067B93ED0A6B93ED0E3B0C1E45ECA1
:102520001C4BACEE080BA0EE053BA0EE046B20EEBE
:102530000A5B30EE024B20EE058BA0EE0B7BA8EE83
:10254000036B32EE442BA8EE067B32EE002BB0EE8E
:10255000483B39EE022B95EE003B34EE085B20EE53
:10256000080B34EE454B32EE036B34EE084B36EE7F
:10257000046BA0EE076B35EE064B21EE048B18EED4
:10258000902AB0EE487BC2F30A556FF47273EB18D1
:102590003E2B91EE047B35EE445B35EE065BA1EEFF
:1025A000057B00F29380AB4B93ED024B93ED005B08
:1025B000B0EE441B93ED042BA8EE051B93ED066BC8
:1025C00011EE101A31EE441B01F07F0293ED0E4B19
:1025D000A1EE028BA1EE068B93ED0C6B37EE087B20
:1025E00027EE072B921802F10F0403EBC202A7EEAD
:1025F000046B92ED1C4B03EBC40293ED0A3B93ED8D
:10260000085B53F834605768A7EE035B401800245A
:1026100022EE023B37EE047BA219A2EE057B07EB0C
:102620004033A3EE067B002D5FD043EC102BA7EECA
:10263000000B09B0BDEC0A8BBDE8F08FD8184EEB4B
:102640000E09461E37466FF0010849F1FF36B845BE
:102650006FF4001777EB0606C0F02081481842EBB4
:102660000209461E374669F10006B8456FF40017A7
:1026700077EB0606C0F03981002A6ADB0020C4F33C
:102680000A06A6F2BE337F2B40F2FF774FD9724B7A
:1026900000209A4208BF814200F0FD8040F2BD3523
:1026A000AE4240F29180012972EB030334BF012353
:1026B0000023BC428CBF00240124A3420ED109B0E8
:1026C000BDEC0A8BBDE8F04FFFF780BE002BC0F2D7
:1026D000CE80B5F5816F75D9002AF0DB09B0BDEC6D
:1026E0000A8BBDE8F04FFFF779BEA14280F213815B
:1026F000B7EE003B03F17F5101F50011104641ECAC
:10270000150B27EE057B35EE076BB0EEC64BB4EE2E
:10271000C34BF1EE10FA61D49FED480B26EE000B8F
:1027200009B0BDEC0A8BBDE8F04FFFF787BE002D66
:102730007FF4C7AE9FED437B4BEC16AB26EE077BD9
:1027400053EC172B23F0004217EE101AA2F150722F
:10275000B7E6C4F30A0640F2FE3086427EDD40F260
:102760003340864200F3FA80801BA0F120054FF031
:10277000FF374FF0FF39874009FA05F9C0F120080B
:10278000019547EA09054FF0FF3727FA08F945EAAE
:102790000905874023EA07072EEA05053D435DD179
:1027A000019DC3400EFA08F843EA08032EFA05FE1D
:1027B00043EA0E0303F00103980422F00042CCF335
:1027C0000A055EE70025EEE688429341B7EE000B6E
:1027D00034BF31EE000B30EE410B2AE7B5EEC06B93
:1027E000F1EE10FA35EE465BBFEE004B35EE075BBF
:1027F00058BFB0EE434B36EE043B34EE437B37EE2E
:10280000067B37EE057B37EE037B37EE446BB5EE88
:10281000406BF1EE10FA04D12A4601F0004343EC7C
:10282000162B9FED065B8DED045B9DED047B27EE83
:10283000057B8DED067B6FE7AFF3008000000000A5
:10284000000010000000000000003043AB6A19C017
:1028500018180020080500200000F03F4BEC10ABDA
:1028600009B0BDEC0A8BBDE8F04FFFF7D7BDB7EE5E
:10287000000B38EE000B00283FF4DBAEB1EE400B4E
:10288000D7E64918594B82F400224FF0000052411C
:10289000884293415DD3B7EE000BCAE650EA0904C3
:1028A000EFD0534C0025A24208BFA94247D0491897
:1028B000504B52418D4273EB02044AD3994508BFF5
:1028C000A84246D103F100439A4208BFA942E2D090
:1028D0009A426FEA0E0E34BF002201224FEADE7EDA
:1028E000724577D09FED3D0BA3E64BEC17AB002A6A
:1028F00027EE070B34DB002250EA09095DD1BEF157
:10290000000FBFF696AE104609B0BDEC0A8BBDE8CD
:10291000F04FFFF76BBD03F140419FED326B01F5C6
:102920007001104641EC100BA7EE000B20EE060BD9
:1029300009B0BDEC0A8BBDE8F04FFFF78BBDDB188B
:102940002A4A8EF4002E4EEB0E0E9D4272EB0E02C2
:10295000A1D24BEC17AB37EE010B6AE600202CE757
:10296000C4F30A02A2F2FF313429C4D8C2F5866248
:102970004FF0FF31A2F11D05033201FA05F701FA0C
:1029800002F4C2F120063C4321FA06F73C43914091
:1029900023EA01012EEA04042143ACD123FA02F216
:1029A0000EFA06F632432EFA05F52A4312F001021A
:1029B000A2D0B1EE400B01229EE7BEF1000FBFF6A0
:1029C00038AEB7EE006B86EE007B8DED027B9DEDA1
:1029D000020B2EE621EE010B2BE600BF00000000EB
:1029E00000000000000000000000007F0000F0FF79
:1029F0000000F03F0000E0FF9FED010A704700BFBC
:102A00000000C07F10EE103A40F22A41C3F30A5290
:102A10008A42B7EEC03A32D8B7EE000B2D4B93ED99
:102A20004A2B93ED481BB0EE417BA2EE037B17EEE1
:102A3000100A37EE417B00F01F0203EBC20130B4F5
:102A400092EE037B93ED4C4B53F832404D6893ED7F
:102A50004E6B93ED505BA4EE076B27EE074B002106
:102A60000A1905EBC033A5EE070B43EC172BA6EEB6
:102A7000040B30BC20EE070BB7EEC00B704713F50C
:102A8000000F20D0B2F5FF6F1AD2DFED137AB4EE4B
:102A9000E70AF1EE10FA10DCDFED107AB4EEE70A87
:102AA000F1EE10FA12D4DFED0E7AB4EEE70AF1EE91
:102AB00010FAB1D5002000F0ADBB002000F0B0BB93
:102AC00030EE000A70479FED070A7047002000F0C3
:102AD0009BBB00BFC00300201772B142B4F1CFC24C
:102AE000CF8ECEC2000000000000000030B410EE17
:102AF000103A2DED028BA3F5000110EE902AB1F1F2
:102B0000FE4F10EE104A82B04FEA42017CD201F132
:102B1000FF3C6FF08070844580F0F780002004F166
:102B2000404303F54D03C3F3C342DB0DDB05E11A5C
:102B3000DB1507EE903AB14B03EB021292ED003B2E
:102B400004EE101AB7EEE06AB7EEC44ABFEE000B0F
:102B5000A3EE040B93ED443B20EE001B93ED464B9C
:102B600093ED402BA0EE034B93ED425B93ED483B7E
:102B7000A0EE025B21EE012B92ED028BB8EEE77B1B
:102B800037EE087BA0EE037BA1EE047BA5EE027B73
:102B900026EE077B17EE903A48F2BF01C3F3CF331E
:102BA0008B4250D2B7EE000B954B93ED402B37EE96
:102BB000023B13EE102A33EE423B02F01F01821853
:102BC00003EBC10093ED424B37EE437B53F83140AA
:102BD000456893ED446B93ED465BA7EE046B27EEDF
:102BE000074B0023181905EBC231A7EE050B41EC8A
:102BF000170BA6EE040B20EE070BB7EEC00B02B0CE
:102C0000BDEC028B30BC70474D1E6FF0807085426A
:102C100080F0CE8059004D1E854280F09280002BBE
:102C200055DB0020B4F5000FBFF479AFDFED757A06
:102C300007EE103A67EE277A17EE904A24F0004428
:102C4000A4F138646BE79FED656BB4EEC67BF1EEE3
:102C500010FA15DC9FED636BB4EEC67BF1EE10FA53
:102C600020DD4FF04C5388B10193DDED016ABFEEDA
:102C7000006A76EE666AF4EE466AF1EE10FA11D05A
:102C800002B0BDEC028B30BC00F0CABA0093DDED9F
:102C9000006AB7EE006A76EE866AF4EE466AF1EEF6
:102CA00010FAEDD19FED516BB4EEC67BF1EE10FA48
:102CB00057D99FED506BB4EEC67BF1EE10FA7FF55D
:102CC00071AF02B0BDEC028B30BC00F0A3BAC2F30E
:102CD000C7517E2911DD962954DC0120C1F19601EE
:102CE00000FA01F1481E104207D1114214BF012021
:102CF0000020000424F0004494E700EE103A02B0F3
:102D0000BDEC028B30BC00F0A3BA002952D0B3F165
:102D10007E5F2CD06400B4F17F4F2ED8B1F17F4F8D
:102D20002BD1B4F1FE4F4BD0B4F1FE4F6FEA02024B
:102D300034BF00240124D20F94424CD09FED320ABC
:102D40005DE7002B20EE000A1EDB002000293AD1AF
:102D5000002ABFF654AF02B0BDEC028B30BC00F0CD
:102D600065BA02B0BDEC028B30BC00F04DBA82F403
:102D70008002520012F5000F22D907EE903A37EE8A
:102D8000A00A3CE70020B5E7C2F3C753A3F17F00D8
:102D90001728DAD8C3F19600012303FA00F0441E85
:102DA0001442D2D11040D1D0B1EE400A1846CDE73E
:102DB0000029AFD184F48002520012F5000FDCD854
:102DC000B7EE000A1BE7002ABFF619AFF7EE007A4C
:102DD00087EE800A13E720EEA00A10E771D5D1FF35
:102DE000FFFF5F40E2AAA3FFFFFF5F40000000007B
:102DF00000C062C00000000000A062C06028002087
:102E0000C00300200000004B0000000030B510EEB1
:102E1000104AC4F30A53B3F57D7FB7EEC06A83B09E
:102E20001BD226EE065BB3F5667F6ED326EE052B2E
:102E300025EE021B734B93ED1A3B93ED187B93ED3C
:102E4000164BA5EE037BA2EE046BB0EE460BA7EE8D
:102E5000010BB7EEC00B03B030BD40F22E429342DF
:102E60005ED8684991ED087B26EE077BFDEEC77BB7
:102E700091ED0A5B17EE903A03F500031B1613F071
:102E8000020F07EE903A01F1700208BF0A46D80718
:102E9000B8EEE77BA7EE456B26EE067B1BD403F06E
:102EA000030301EBC30192ED1A4B91ED002B92ED60
:102EB000185B26EE026B92ED163BA7EE045B26EE46
:102EC000074B27EE047BA4EE036BA5EE076BB7EE72
:102ED000C60B03B030BD92ED142B27EE075B92EDCD
:102EE000126B92ED0E3BA7EE026B92ED0C0B92ED86
:102EF000104BA7EE030B27EE057BA5EE040BA6EE09
:102F0000070BB7EEC00B03B030BD220D12F4FF6FFC
:102F1000DFD1B7EEC55B00EE104A8DED015AD8E760
:102F2000B3F5FF6F4BD2384BC4F3836203EB8200DF
:102F300053F822200569C4F31603C4F3C25143F4C5
:102F400000038B40016A03FB02F2A3FB0110E3FBC9
:102F5000050202F100518D0F01F04041511A01F0BC
:102F600091FC2A4B9FED257B05EBD47441EC160BAD
:102F700014F0020FA3F1700208BF1346E90726EE12
:102F8000077B27EE076B1FD404F0030402EBC40297
:102F900093ED1A4B92ED002B93ED185B27EE027B1D
:102FA00093ED163BA6EE045B27EE064B26EE046B74
:102FB000A4EE037BA5EE067BB7EEC70B89E703B053
:102FC000BDE8304000F044B993ED142B26EE065BCB
:102FD00093ED127B93ED0E3BA6EE027B93ED0C0B73
:102FE00093ED104BA6EE030B26EE056BA5EE040B3E
:102FF000A7EE060BB7EEC00B6BE700BF182D4454CD
:10300000FB21193C88290020CC320020F82900201F
:103010000000000038B510EE104AC4F30A53B3F5AF
:103020007D7FB7EEC07A1ED227EE077BB3F5667FB1
:103030006FD327EE071B634B93ED142B93ED125BBD
:1030400093ED0E3BA7EE025B93ED0C0B93ED104B53
:10305000A7EE030B27EE017BA1EE040BA5EE070BF9
:10306000B7EEC00B38BD40F22E42934254D85549BA
:1030700091ED086B27EE066BFDEEC66B91ED0A5BDA
:1030800016EE903A03F500031B1613F0020F06EE3E
:10309000903A01F1700208BF0A46D807B8EEE66B15
:1030A000A6EE457B27EE076B1AD503F0030301EB71
:1030B000C30191ED002B92ED1A4B92ED185B92ED4E
:1030C000163BA6EE045B27EE027B27EE064B26EEB0
:1030D000046BA4EE037BA5EE067BB7EEC70B38BDF1
:1030E00092ED142B92ED127B92ED0E3B92ED0C0BB8
:1030F00092ED104B26EE065BA6EE027BA6EE030BCE
:1031000026EE056BA5EE040BA7EE060BB7EEC00B83
:1031100038BDB7EE000A38BDB3F5FF6F3DD22A4B7C
:10312000C4F3836203EB820053F822200569C4F3E1
:103130001603C4F3C25143F400038B40016A03FB3E
:1031400002F2A3FB0110E3FB050202F100518D0F17
:1031500001F04041511A01F095FB1C4B9FED177B8C
:1031600005EBD47441EC160B14F0020FA3F17002BE
:1031700008BF1346E90726EE077B27EE076B10D53D
:1031800004F0030402EBC40292ED002B93ED1A4B02
:1031900093ED185B93ED163B93E7BDE8384000F0E4
:1031A00057B893ED142B93ED127B93ED0E3B93EDFB
:1031B0000C0B93ED104B9DE7AFF30080182D44549A
:1031C000FB21193C88290020CC320020F82900205E
:1031D00010B582B08DED010A044603F0D1F89DEDE3
:1031E000010A046002B010BD30B1F1EE407A27EE62
:1031F000800A2220FFF7ECBFF0EE407A27EE800A2B
:103200002220FFF7E5BF00BF9FED010AFFF7ECBFEB
:10321000000000109FED010AFFF7E6BF0000201A32
:103220009FED010AFFF7E0BF000000709FED070A65
:10323000FFEE007AB7EE007A00284FF0220047FE3A
:10324000277A87EE800AFFF7C3BF00BF00000000A7
:1032500070EE407AB4EE400A87EEA77AF1EE10FAEB
:10326000B0EE470A02D62120FFF7B2BF704700BF79
:10327000B1EEC00B704700BFB1EEC00A704700BF8F
:103280000000000010EE903A23F00043B3F1795FA4
:103290002DED028B2EDAFDEEC07B17EE903A002B5F
:1032A00065D020EE004B9FED358B9FED362B9FEDCB
:1032B000373BA4EE082B9FED375BA4EE023B9FED5E
:1032C000376BA4EE035B9FED377BA4EE056BA4EE9A
:1032D000067B24EE077B21EE401BB6EE006BA4EECE
:1032E000071BB7EE000B94EE061BBDEC028B30EE15
:1032F000410B70479FED218B20EE004B9FED212B62
:103300009FED223BA4EE082B9FED225BA2EE043B37
:103310009FED226BA3EE045B9FED227BA5EE046B79
:10332000224AA6EE047B934227EE047BD3DD204A9B
:10333000934217DCB7EE006B0020A3F5001141ECBF
:10334000150B36EE456B21EE401BB6EE003BA4EEAE
:10335000071B94EE035BBDEC028B35EE410B36EEA2
:10336000400B7047B6EE076BB5EE025BEBE7B7EECE
:10337000000BBDEC028B7047AFF30080D43888BEE1
:10338000E9FAA8BDC4B1B4BD9EEE213EAD529C8009
:103390004F7E92BE9015CB19A001FA3E7751C1160F
:1033A0006CC156BF4C5555555555A53F3233D33F8B
:1033B0000000E93F10EE903A23F00043B3F1795F4B
:1033C00004DAFDEEC07B17EE903A5BB320EE007B93
:1033D0009FED162B9FED173B9FED184BA7EE023B81
:1033E0009FED185BA3EE074B9FED186BA4EE075BF8
:1033F000A5EE076B20EE075B30B99FED164BA7EEED
:10340000064BA4EE050B70479FED144B26EE456B63
:10341000B6EE003BA1EE036B96EE071BA5EE041B78
:1034200030EE410B704700BFAFF300807CD5CF5A20
:103430003AD9E53DEB9C2B8AE6E55ABE7DFEB157B5
:10344000E31DC73ED561C119A0012ABFA6F810111E
:103450001111813F495555555555C5BF49555555CC
:103460005555C53F00B52DED028B83B08DED000B9A
:10347000019BB3F5801F1DDA009923F000420A4337
:1034800046D0002B4FDB9DED006B9FED2C7B26EE95
:10349000077B8DED007B019B344A93426FF0350131
:1034A0000DDD9DED007B37EE070B03B0BDEC028B0D
:1034B0005DF804FB2D4A93424FF00001F1DC181532
:1034C000A0F2FF30084440F2FF3CC3F31301DDE9F2
:1034D0000023ACEBD07C00EBD07007EE900A41EA01
:1034E0000C5343EC102BB8EEE78B00F07FFA9FED06
:1034F000155B9FED166B20EE050B9FED167BA8EE7E
:10350000060BA8EE070B03B0BDEC028B5DF804FBC5
:103510009FED126B9FED137B86EE070B03B0BDECA6
:10352000028B5DF804FB9FED0F7B9DED006B36EE8B
:10353000466B86EE070BB8E7AFF300800000000093
:10354000000050430EE526157BCBDB3F362BF111F7
:10355000F3FE593D00609F501344D33F000000002C
:10356000000050C30000000000000000FFFFEF7FDC
:103570000000000070B553EC102B9C4923F000456F
:103580008D4288B004466ADD99498D421E461BDC97
:10359000002B9FED867B40F3EB8030EE477BA1F55F
:1035A0001B21A1F5F0618D426AD09FED826B012055
:1035B00037EE465B37EE457B84ED005B37EE467BAE
:1035C00084ED027B08B070BD8A498D4260DD8A4976
:1035D0008D424DDC2A1510EE100AA2F21642A5EB20
:1035E000025141EC170B9FED755BBDEEC76BB8EE5A
:1035F000C66B37EE467B27EE057BFDEEC74B8DEDA8
:10360000026BB8EEE46B37EE467B27EE057BB5EE3A
:10361000407BF1EE10FA8DED046B8DED067B40F0F2
:10362000968014EE903A002B0CBF012302237349BD
:1036300001910221009102A8214600F037FB002EE3
:10364000C0DA94ED006B94ED027BB1EE466BB1EE07
:10365000477B84ED006B84ED027B4042B2E70020A3
:103660000021C4E90201002084ED000B08B070BD08
:1036700030EE407B002084ED027B84ED007BA1E7EF
:103680009FED505B9FED516B37EE457B01208FE73F
:10369000FEF7B0FAB6EE007B9FED4E5BA0EE057B29
:1036A000FDEEC77B9FED413B17EE900A9FED416B0E
:1036B0001F28B8EEE75BB1EE454BA5EE430B25EEB8
:1036C000067B1CDC4E4B421E53F82230AB4216D018
:1036D00030EE476B84ED006B30EE460B30EE470B5F
:1036E000002E84ED020BBFF66DAFB1EE466BB1EE6E
:1036F000400B84ED006B84ED020B404262E730EE3C
:10370000476B16EE903AC3F30A53C3EB1553102BD5
:103710004FEA2552DEDDB0EE403B9FED2A6B9FED78
:103720002B2BA4EE063B30EE437BA4EE067B95EEFE
:10373000027B33EE476B16EE903AC3F30A53D21A6C
:10374000312A06DCB0EE430B84ED006BC4E70323A3
:103750006DE79FED226BB0EE430B9FED222BA4EEA5
:10376000060B33EE407BA4EE067B95EE027BAFE7C3
:10377000244930EE077B8D420ED09FED0E6B4FF04B
:10378000FF3037EE065B37EE457B84ED005B37EEAE
:10379000067B84ED027B15E79FED0A5B9FED0B6BCB
:1037A00037EE057B4FF0FF30EBE700BF00004054E1
:1037B000FB21F93F3163621A61B4D03D0000000083
:1037C000000070410000601A61B4D03D7370032E98
:1037D0008A19A33B83C8C96D305FE43F0000002E07
:1037E0008A19A33BC14920259A837B39FB21E93FF4
:1037F0007BD90240FB213941FFFFEF7FB05E002003
:10380000E83D0020FB21F93F30B583B0CDED010A42
:10381000019D35F0004041D010EE10EA2EF000413D
:10382000B1F1FF4F3ADAB0F1FF4F37DC81423BDBB9
:103830000EF000443AD01EF0FF4F56D10B02002B81
:103840006FF07D0204DD5B00002B02F1FF32FADC39
:1038500015F0FF4F58D103026FF07D0C03D45B00CD
:103860000CF1FF3CFBD512F17E0F47DBCEF3160EB9
:103870004EF400031CF17E0F3ADBC5F3160141F450
:103880000000B2EB0C0204D117E00FD04B00013A5C
:1038900013D0191A0029F8DA5B00F8E7DDED017A98
:1038A00060EE277A87EEA70A03B030BD1D4B03EB0D
:1038B000547393ED000A03B030BD181A58BF034685
:1038C0001BB9F3E75B000CF1FF3CB3F5000FF9DB2C
:1038D0001CF17E0F1DDBA3F500030CF17F0C2343CD
:1038E00043EACC5300EE103ADEE7CA157F3AAFE761
:1038F0006FF07D01A1EB0C018840C2E76FF07D0302
:103900009B1A01FA03F3B5E74FEAE05CACF17F0CD8
:10391000A9E76FF07D02A2EB0C021341234300EEF6
:10392000103AC1E7C02A002008B510EE103A33F073
:1039300000422DED028B2BD0002B32DBB3F1FF4F79
:1039400041DAB3F5000F35DB0021DA157F3A0A447E
:10395000D10FC1F17F0102EBD272C3F3160307EE60
:10396000902A43EAC15300EE103AB8EEE78A00F01D
:1039700039F9DFED177A9FED177A20EE270ADFED90
:10398000167AA8EE070AA8EE270ABDEC028B08BD3E
:10399000BDEC028B9FED117ADFED117A87EE270ADD
:1039A00008BDBDEC028B70EE407A9FED0D7A87EE7C
:1039B000870A08BDDFED0B7A60EE277A6FF01801F9
:1039C00017EE903AC1E7BDEC028B30EE000A08BD5D
:1039D000D95BDE3EDB27543580209A3E000000CCC8
:1039E000000000000000004C0000000070B553EC27
:1039F000102B784C03F1404C4FF0FF350CF5901C28
:103A0000954274EB0C042DED068B10EE100A1E4649
:103A100052D24FEA134EAEF1100547F6DF74A542BD
:103A200000F29F80BFEE008B06F1404303F5D013F8
:103A3000C3F346324FEA135C1B1507EE903A664B10
:103A400003EB021493ED006B94ED261B4FEA0C5C24
:103A500093ED0C4BB8EEE79B93ED025BA6EE091BD2
:103A600093ED042B93ED083B93ED067B94ED240B33
:103A700093ED0A6B021EA6EB0C0343EC1A2BAAEE85
:103A8000008BA4EE086BA3EE087B28EE084BA6EE95
:103A9000047B38EE016B31EE460B30EE080B28EE5E
:103AA000048BA5EE090BA2EE040BA8EE070B30EE7B
:103AB000060BBDEC068B70BD484CA34208BF002A24
:103AC00079D0B7EE001B30EE411B434921EE01AB2C
:103AD00091ED123B91ED184B91ED107B91ED166B32
:103AE000A3EE017BA4EE016B91ED1E3B91ED1C4B0F
:103AF00091ED0E8BA3EE014B9FED309B91ED145B8E
:103B000091ED200BA5EE0A7BB0EE415B91ED1A2BF7
:103B1000A0EE0A4BA1EE095B91ED223BA1EE495BC1
:103B2000A2EE0A6BB0EE410B21EE0AABA3EE0A4BFC
:103B3000A4EE0A6B25EE054BA6EE0A7BA4EE080B5D
:103B400031EE456B31EE055B28EE066B31EE401B26
:103B5000A4EE081BA6EE051BA7EE0A1B30EE010B18
:103B6000A7E7941843EB03052C431DD01C4CA3423C
:103B700008BF002A9DD01EF4004F0DD147F6F0710A
:103B800031EA0E0108D09FED0F7B20EE077B51EC50
:103B9000170BA1F1507645E7BDEC068B43EC102BDB
:103BA000BDE87040FEF73ABCBDEC068B0120BDE8D5
:103BB0007040FEF71BBC9FED050B7AE7000000008C
:103BC0000000A041000000000000304300000000A1
:103BD00000000000FF080300780D00200000F03F07
:103BE0000000F07F10EE103AB3F17E5F10EE102A65
:103BF00038D0A3F50001B1F1FE4F36D2BFEE000B75
:103C000002F14043264903F54D03C3F3C34001EBE2
:103C1000001091ED404B91ED445B91ED467B91EDB1
:103C2000426BD90DC90590ED002B521A03EE902A74
:103C300090ED021BDB15B7EEE33AA2EE030B03EEA9
:103C4000903A20EE002BA5EE007BB8EEE33BA6EE0B
:103C5000027BA3EE041B30EE010BA2EE070BB7EEC6
:103C6000C00B70479FED0F0A7047590014D0B3F195
:103C7000FF4F14D0002B0BDBB1F17F4F08D2DFEDEB
:103C80000A7A60EE277A17EE903AA3F13862B5E728
:103C900000EE103AFFF7DCBA0120FFF7C7BA704711
:103CA00008160020000000000000004B2DE9F04F36
:103CB0002DED088BADF5157D1C4604930791AB4B9C
:103CC000A69912F1140F53F82150824604F1FF38DF
:103CD000C0F29982A649D31E81FB0301DB17C3EB17
:103CE000A10303930133A3EB8303DB00D3180693F3
:103CF000039B15EB0801A3EB08031AD401319FEDD8
:103D0000956BA79819441CAA0AE050F8234007EEC7
:103D1000904A0133B8EEE77B8B42A2EC027B08D0DD
:103D2000002BF2DAB0EE467B01338B42A2EC027B31
:103D3000F6D1002DC0F2C982049B1CAA02EBC30479
:103D40006CAE4FEAC30C4046EF180AEBC301B8F162
:103D5000000F9FED807B09DB22465346B3EC025BEC
:103D600032ED026B8B42A5EE067BF7D10130B842F3
:103D7000A6EC027B04F10804E9D108AF07EB850348
:103D80009FED769B9FED778B043BDDF818B0059394
:103D90000AEB0C0407EB85096CAE2946019594AB40
:103DA00003EBC103002913ED280B16DD06EBC1035D
:103DB0003A4620EE097B33ED025BB0EE406BBDEE80
:103DC000C77BB342B8EEC77BA7EE486BBDEEC66BB0
:103DD00037EE050BA2EC016AEBD15846029100F0D8
:103DE000ADFAB0EE40ABB4EE000B2AEE000B00F0E3
:103DF0002DFBB2EE007BA0EE47ABBDEECABBBBF124
:103E0000000FB8EECB7B02993AEE47AB74DD01F1BF
:103E1000FF3ECBF1180357F82E2042FA03FC0CFAB0
:103E200003F3D21ACBF117001BEE103A42FA00F559
:103E30006344002D47F82E200BEE103A64DCB5EEFB
:103E400040ABF1EE10FA40F0C480019B01F1FF3E5F
:103E500073450DDC4FEA810C07EB8103002053F81A
:103E6000042D4B4540EA0200F9D1002840F0F280D1
:103E7000019B013B57F82330002B40F0E680059B67
:103E8000012553F8042D0135002AFAD001F1010E65
:103E90000D447046049B1944039B03EB0E0C0CF17C
:103EA000804CA79B0CF1FF3C03EB8C0C1CAB06EB8E
:103EB000CE0E03EBC1019CED017AB8EEC77BB8F1E1
:103EC000000F81ED007B0CF1040C0A469FED216B85
:103ED00001F1080109DB534601E032ED027BB3EC4E
:103EE000025BA342A5EE076BF7D10130A842AEEC0E
:103EF000026BE0DD294652E740F09D804B1E57F8EB
:103F00002350ED15002D9ADD1BEE103A002903F128
:103F100001030BEE103A40F38C813A68002A40F01E
:103F2000828001292DD03B46012053F8042F002A1E
:103F30007CD0431CC2F18072994247F820201FDDDB
:103F400057F8232007EB810C07EB83036FF07F40CA
:103F500011E000BF000000000000000000000000B1
:103F60000000703E0000000000007041D43D0020C1
:103F7000ABAAAA2A1A68821A43F8042B6345F9D11E
:103F80000122BBF1000F0DDDBBF1010F00F0338109
:103F9000BBF1020F06D1481E57F82030C3F31503BA
:103FA00047F82030022D7FF44AAFB7EE000B30EE19
:103FB0004AAB002A3FF443AF5846029100F0BEF9E5
:103FC0003AEE40ABB5EE40ABF1EE10FA02993FF499
:103FD0003CAF069CB0EE4A0B6042A8468B46019D62
:103FE00000F0ACF99FEDC16BB4EEC60BF1EE10FA28
:103FF000C0F247819FEDBF7B20EE077BBDEEC77B04
:104000000BF10102B8EEC75BA5EE460BBDEEC00B8F
:10401000183410EE103A47F82B3017EE103A069489
:1040200047F822302AE00123002083E7013088424C
:104030007FF47BAFA5E7B6EE007BB4EEC7ABF1EE45
:1040400010FA80F2E5800025F9E601F1010E7046D4
:1040500075461FE7069BA3F1180157F82E3006910D
:10406000A8467246019D4BB9ACF104033B4453F89A
:10407000040D013A18390028F9D006910698B7EED8
:10408000000B019200F05AF9019A002AC0F2218136
:104090009FED986B02F1010C6CA907EB8C034FEAC2
:1040A000CC0E01EBCC0133ED017ABB42B8EEC77BFD
:1040B00027EE007B20EE060B21ED027BF3D19FED76
:1040C0008F4BAEF108036CA9CE18002444AF002D2D
:1040D0009FED8C7B10DBB0EE446B8C4831460023A7
:1040E00003E09C4208DBB0EC026BB1EC025B0133F5
:1040F0009D42A5EE067BF4DA07EBC403944283ED00
:10410000007B4FEAC40104F10103A6F1080601D0C7
:104110001C46DCE7A69B022B1DDC002B00F38B80EA
:104120000FD19FED787BBE443EED026B774537EEB5
:10413000067BF9D143460BB1B1EE477B079B83ED7C
:10414000007B1BEE103A03F007000DF5157DBDEC6A
:10415000088BBDE8F08FA69B032BF2D1002A00F05C
:10416000E38002F1005307EBC20030ED026BB0EECA
:10417000475B874237EE067B36EE476B80ED007B70
:1041800036EE056B80ED026BEFD1012A40F3CC8057
:10419000394491ED006BDA0046A907EBC30333ED18
:1041A000027BB0EE465B994236EE076B37EE467BFC
:1041B00083ED006B37EE057B83ED027BEFD19FED46
:1041C000517B02F108033B4407F1100233ED026B0F
:1041D0009A4237EE067BF9D14346002B59D1D7E9F5
:1041E0000001D7E90223079C84ED047BC4E90001A8
:1041F000C4E90223A5E7481E57F82030C3F316038D
:1042000047F82030CEE600216FF0170303916DE5EB
:104210001BEE103A002903F101030BEE103AC8BF60
:1042200002253FF77AAEB7EE007B37EE4AAB0225A8
:1042300005E60022A5E69FED337B07EBCC0C3CEDB9
:10424000026B674537EE067BF9D1434697ED006B6D
:104250008BBB079B002A83ED007B36EE477B0CDD92
:1042600046A90123B1EC026B01339A4237EE067B7B
:10427000F8DA43460BB1B1EE477B079B83ED027B37
:104280005FE7BDEEC00B5A4610EE103A47F82B30F0
:10429000F4E697ED005BB1EE477B97ED026BB1EE74
:1042A000455B079BB1EE466B83ED005B83ED026BD4
:1042B00083ED047B45E7079BB1EE475B002A83ED66
:1042C000005B36EE477BCBDCD5E7049B4FEAC30CA3
:1042D00053E5A69B022B1BDC002B21DC7FF431AFC6
:1042E0009FED087B26E700BFAFF3008000000000D1
:1042F00000007041000000000000703E000000401F
:10430000FB21F93F000000000000000088030020AE
:10431000A69B032B7FF415AF9FED067B44AF5BE7B5
:104320009FED047B44AF90E79FED027B54E700BF15
:10433000AFF30080000000000000000053EC102BE1
:1043400010B4C3F30A54194674BB23F0004111435F
:1043500027D09FED307B3B4920EE077B884253EC12
:10436000172B43DBC3F30A541946363C4CF2503C3E
:10437000604522DC204440F2FE74A0421DDC00288F
:1043800029DC10F1350F38DB21F0FF41363021F404
:10439000E0019FED227B41EA005343EC102B20EE1D
:1043A000070B5DF8044B704740F2FF7C6445DDD19C
:1043B00030EE000B5DF8044B70479FED1A7B9FEDCC
:1043C0001B5BB0EE470B002B5DF8044B27FE057B13
:1043D00027EE000B704721F0FF4121F4E00141EA94
:1043E000005343EC102B5DF8044B70479FED110B0D
:1043F0005DF8044B27EE000B70479FED0E7B9FEDA1
:104400000F5BB0EE470B002B27FE057B27EE000B62
:10441000C7E700BF0000000000005043000000009C
:104420000000903C9C7500883CE4377E9C750088B9
:104430003CE437FE59F3F8C21F6EA50159F3F8C2E8
:104440001F6EA581B03CFFFF0000000010B582B0D8
:104450008DED000B01990098C1F30A52A2F2FF33CF
:10446000132B844631DC002B21DB3A4A1A4101EA46
:10447000020404438E462DD09FED347B9DED006BEE
:1044800036EE077BB5EEC07BF1EE10FA09DD0029B0
:1044900004DA4FF4801141FA03F39E442EEA02013C
:1044A00000200B46024643EC102B02B010BD9FEDDE
:1044B000277B30EE077BB5EEC07BF1EE10FAF0DD26
:1044C000002928DB00200146EBE7332B06DDB3F59E
:1044D000806F1BD09DED000B02B010BDA2F2134205
:1044E0004FF0FF3E2EFA02F21042F3D09FED177B01
:1044F0009DED006B36EE077BB5EEC07BF1EE10FA5A
:10450000CFDD002913DB2CEA0200CAE79DED007B1A
:1045100037EE070BE0E721F0004101430E4B002985
:104520004FF000000CBF4FF000411946B9E7142BC3
:1045300009D00124C3F1340304FA03F39C44604519
:1045400088BF0919DFE70131DDE700BF9C750088EE
:104550003CE4377EFFFF0F000000F0BF0B46014632
:10456000184601F01BBB000081F0004102E000BFD3
:1045700083F0004330B54FEA41044FEA430594EA23
:10458000050F08BF90EA020F1FBF54EA000C55EA5E
:10459000020C7FEA645C7FEA655C00F0E2804FEA2F
:1045A0005454D4EB5555B8BF6D420CDD2C4480EA11
:1045B000020281EA030382EA000083EA010180EA41
:1045C000020281EA0303362D88BF30BD11F0004F8F
:1045D0004FEA01314FF4801C4CEA113102D04042C5
:1045E00061EB410113F0004F4FEA03334CEA133300
:1045F00002D0524263EB430394EA050F00F0A78018
:10460000A4F10104D5F1200E0DDB02FA0EFC22FA12
:1046100005F2801841F1000103FA0EF2801843FA06
:1046200005F359410EE0A5F120050EF1200E012AF7
:1046300003FA0EFC28BF4CF0020C43FA05F3C01835
:1046400051EBE37101F0004507D54FF0000EDCF1AE
:10465000000C7EEB00006EEB0101B1F5801F1BD357
:10466000B1F5001F0CD349085FEA30004FEA3C0C5B
:1046700004F101044FEA445212F5800F80F09A8051
:10468000BCF1004F08BF5FEA500C50F1000041EB55
:10469000045141EA050130BD5FEA4C0C404141EB59
:1046A0000101013C28BFB1F5801FE9D291F0000F54
:1046B00004BF01460020B1FA81F308BF2033A3F103
:1046C0000B03B3F120020CDA0C3208DD02F1140CFA
:1046D000C2F10C0201FA0CF021FA02F10CE002F135
:1046E0001402D8BFC2F1200C01FA02F120FA0CFC2E
:1046F000DCBF41EA0C019040E41AA2BF01EB045177
:10470000294330BD6FEA04041F3C1CDA0C340EDC74
:1047100004F11404C4F1200220FA04F001FA02F3B7
:1047200040EA030021FA04F345EA030130BDC4F175
:104730000C04C4F1200220FA02F001FA04F340EA6A
:104740000300294630BD21FA04F0294630BD94F01B
:10475000000F83F4801306BF81F480110134013D02
:104760004EE77FEA645C18BF7FEA655C29D094EA73
:10477000050F08BF90EA020F05D054EA000C04BFF1
:104780001946104630BD91EA030F1EBF00210020DC
:1047900030BD5FEA545C05D14000494128BF41F07B
:1047A000004130BD14F580043CBF01F5801130BDDF
:1047B00001F0004545F0FE4141F470014FF000006A
:1047C00030BD7FEA645C1ABF194610467FEA655C1B
:1047D0001CBF0B46024650EA013406BF52EA0335BD
:1047E00091EA030F41F4002130BD00BF90F0000FAB
:1047F00004BF0021704730B54FF4806404F13204E7
:104800004FF000054FF0000150E700BF90F0000F9F
:1048100004BF0021704730B54FF4806404F13204C6
:1048200010F0004548BF40424FF000013EE700BF96
:1048300042004FEAE2014FEA31014FEA02701FBF26
:1048400012F07F4393F07F4F81F06051704732F058
:104850007F4208BF704793F07F4F04BF41F40021AF
:10486000704730B54FF4607401F0004521F000410D
:104870001CE700BF50EA010208BF704730B54FF097
:1048800000050AE050EA010208BF704730B511F098
:10489000004502D5404261EB41014FF4806404F1D0
:1048A00032045FEA915C3FF4D8AE4FF003025FEA56
:1048B000DC0C18BF03325FEADC0C18BF033202EBDA
:1048C000DC02C2F1200300FA03FC20FA02F001FA34
:1048D00003FE40EA0E0021FA02F11444BDE600BFD7
:1048E00053B94AB9002908BF00281CBF4FF0FF3157
:1048F0004FF0FF3000F070B9ADF1080C6DE904CE57
:1049000000F006F8DDF804E0DDE9022304B07047AA
:104910002DE9F047089E0D4604460F46002B4AD16C
:104920008A42944665D9B2FA82F343B102FA03FC93
:10493000C3F120029F4020FA02F217439C404FEA45
:104940001C4E1FFA8CF5B7FBFEF1220C0EFB117703
:1049500042EA074201FB05F090420AD91CEB020231
:1049600001F1FF3780F01C81904240F21981023939
:104970006244121AA4B2B2FBFEF00EFB102244EA0B
:10498000024400FB05F5A5420AD91CEB040400F122
:10499000FF3280F00781A54240F20481644402386E
:1049A00040EA0140641B00211EB1DC400023C6E93F
:1049B0000043BDE8F0878B4208D9002E00F0ED805F
:1049C0000021C6E900050846BDE8F087B3FA83F187
:1049D000002949D1AB4202D3824200F2F880841A06
:1049E00065EB030201201746002EE2D0C6E900471E
:1049F000DFE702B9FFDEB2FA82F3002B40F09080CD
:104A00008A1A4FEA1C471FFA8CFE0121B2FBF7F508
:104A100007FB1520220C42EA00420EFB05F09042F3
:104A200008D91CEB020205F1FF3802D2904200F2D5
:104A3000CB804546121AA4B2B2FBF7F007FB102256
:104A400044EA02440EFB00FEA64508D91CEB040410
:104A500000F1FF3202D2A64500F2BB801046A4EB63
:104A60000E0440EA05409FE7C1F120078B4022FA7F
:104A700007FC4CEA030C05FA01F420FA07F3FD40A9
:104A80004FEA1C492343B5FBF9F81FFA8CFE09FBDA
:104A900018551C0C44EA054408FB0EF5A54202FA21
:104AA00001F200FA01F00BD91CEB040408F1FF3A03
:104AB00080F08880A54240F28580A8F10208644415
:104AC000641B9DB2B4FBF9F309FB134445EA0444AB
:104AD00003FB0EFEA64508D91CEB040403F1FF35C9
:104AE0006CD2A6456AD9023B644443EA0843A3FB5F
:104AF0000295A4EB0E04AC42C846AE4656D353D042
:104B000056B1B0EB080264EB0E0404FA07F7CA4092
:104B1000CC401743C6E9007418460021BDE8F08771
:104B2000C3F1200102FA03FC20FA01F225FA01F197
:104B30009D402A434FEA1C471FFA8CFEB1FBF7F059
:104B400007FB1015110C41EA054100FB0EF58D42E3
:104B500004FA03F408D91CEB010100F1FF382FD24D
:104B60008D422DD902386144491B92B2B1FBF7F551
:104B700007FB151142EA014205FB0EF1914208D9EB
:104B80001CEB020205F1FF3816D2914214D9023D06
:104B90006244521A45EA004138E73146304608E798
:104BA0003946E6E61046FBE64845A9D2B9EB0208CD
:104BB00065EB0C0E013BA3E74546EAE72B4694E77D
:104BC0004046D1E7D0467BE7023D624432E70846E3
:104BD0000AE76444023842E7704700BF002100F052
:104BE00003BF0A22002100F08DBF0A22002100F03D
:104BF00089BF0000024B0A460146186800F002B85F
:104C0000F4A3002037B5A1FB02244CB91146019250
:104C100000F06AF8019A054630B9284603B030BD65
:104C20000C2202600025F8E72146F7F7BDFDF4E706
:104C300008B5064B044613B10021AFF30080044BC6
:104C40001B6803B198472046F8F71FFA00000000E0
:104C5000E4C70120931E222B10B50C4604D9002373
:104C60000B701C46204610BD0A2A09D1002807DA1D
:104C70002D230B7040420121214400F04DFFF1E74C
:104C80000021F9E7FFF7E6BF024B0146186800F084
:104C90002BB800BFF4A30020024B0146186801F0B6
:104CA00027BC00BFF4A3002070B50E4E0C4631683F
:104CB000054611B901F042FB30602146284601F05B
:104CC0003DFB431C0AD0C41C24F00304A04207D0BF
:104CD000211A284601F032FB013001D14FF0FF3498
:104CE000204670BDA8C601202DE9F041CD1C25F05D
:104CF000030508350C2D38BF0C25002D074601DBB8
:104D0000A94205D90C233B6000263046BDE8F0815E
:104D10002F4E00F05FF833681C4644BB29463846E6
:104D2000FFF7C2FF431C04464FD134682646002ECD
:104D300042D1002C43D023683146384604EB0308A7
:104D400001F0FCFA80453AD123680335ED1A25F0CD
:104D5000030508350C2D38BF0C2529463846FFF7CA
:104D6000A3FF01302BD023682B4423600EE0226880
:104D7000521B1ED40B2A16D96119A342256018BFF5
:104D80005960636808BF316062514B60384604F176
:104D90000B0600F025F826F00706231DF21AB4D002
:104DA0009B1BA350B1E76268A3420CBF32605A60FC
:104DB000ECE723466468B0E734467668B7E70C232F
:104DC0003B60384600F00CF89FE72560DEE700BF47
:104DD000A4C60120014801F0FDBA00BFBCF10120CA
:104DE000014801F0F8BA00BFBCF101202DE9F04103
:104DF000804614460E4621B9BDE8F0411146FFF742
:104E000073BF2AB901F074FB25462846BDE8F0813E
:104E100002F0CEFB8442074602D8B4EB500F12D802
:104E200021464046FFF760FF05460028EDD0BC4212
:104E30002246314628BF3A46F7F71CFC3146404629
:104E400001F056FBE1E73546DFE770B504460D4655
:104E5000164645EC104B02F06DFA7EB1C5F30A53CD
:104E6000C3F16B03002B09DD1B0503F17F5100200B
:104E700001F5401141EC170B20EE070B70BD00004F
:104E8000000000002DE9F04F2DED0E8B97B0044689
:104E90000D92002212928A464FF000084FF000094E
:104EA0000A46119211782B294CD039D80D2933D8C4
:104EB000082933D800293CD000220892119E32786C
:104EC000302A40F0B880727802F0DF02582A70D1A0
:104ED0000293089B019312AB0093914A13AB11A963
:104EE000204601F0B9FB10F00F07054605D0062F4C
:104EF0002AD101360023119608930D9B002B40F018
:104F00005585089B49EC108BCBB1B1EE400B17B027
:104F1000BDEC0E8BBDE8F08F2029CDD10132C0E76A
:104F20002D29C9D101210891511C11915278002AD3
:104F3000C4D10D9BCDF844A0002B40F0358549EC41
:104F4000108BE4E70021EEE7129A3AB1352114A85C
:104F500002F0EAFA1299204601F0C0FE7B1E139A75
:104F6000042B06D8DFE803F014031D201400DDE94C
:104F70001489EB0548BF49F0004929F000431B0D97
:104F80001B05002BB9D101F0FBF922230360B4E724
:104F9000DDE9148302F2334223F4801343EA025919
:104FA000E7E7DFF88491E4E76FF000494FF0FF385E
:104FB000DFE7119B5A1C11925B78302BF9D0002B44
:104FC0009BD001230693119B09930023059307931C
:104FD0001E460A2211980578A5F13003D9B2092995
:104FE0002BD95049012201F0DEF8002835D00020ED
:104FF0002A46334683460146652A01D0452A18D100
:105000001BB9069B034394D00023DDF844A00AF1AA
:10501000010211929AF801202B2A75D02D2A7BD0FB
:105020004FF0000EA2F13005092D40F28380CDF83B
:1050300044A000259EE00023C4E7082ED5BF0799B1
:10504000059902FB013302FB013300F10100D4BFDB
:105050000793059301361190BCE7119B5A1C1192DE
:105060005A78AEB383463346A2F13001092912D9EA
:105070000121C1E7119B5A1C11925A780130302A44
:10508000F8D0A2F13103082B00F29584119B09930B
:10509000834600200346303A00F1010112D08B44D0
:1050A00000EB030C19460A25614513D1191808298C
:1050B00003F1010303441BDC07980A2101FB0022D2
:1050C00007920021119A501C119052780846CBE7A4
:1050D0003046D4E7082901F1010103DC079F6F4343
:1050E0000797E1E71029DEBF059F6F430597DBE7D0
:1050F000102BDFBF05980A2101FB00220592E0E793
:105100004FF0000B01217CE74FF0000E0AF1020284
:1051100011929AF8022085E74FF0010EF6E700BFE2
:10512000AC3D0020236300200000F07F119A551C45
:1051300011955278302AF9D0A2F13105082D3FF6A9
:1051400078AFA2F1300C119A0A92119A551C119560
:105150005278A2F13007092F37D90A9FED1B082D8D
:1051600044F61F6502DC6545A8BF6546BEF1000F29
:1051700000D06D42002B4DD1069B03437FF4BDAEA2
:1051800000297FF4D6AE692A27D024DC492A24D00E
:105190004E2A7FF4CEAE954911A801F09DFC00285F
:1051A0003FF4C7AE119B1B78282B2DD1904914AA30
:1051B00011A801F0A5FC052826D1159BDDF850802B
:1051C00043F0FF4949F4E00997E60A2505FB0C2C5A
:1051D000ACF1300CB9E76E2ADBE7864911A801F083
:1051E0007BFC00283FF4A5AE119B8349013B11A82D
:1051F000119301F071FC10B9119B01331193DFF889
:105200000C924FF0000878E67C48FCF7DFFF59EC81
:10521000108B72E6DDED077AA5EB0B02B8EE677B2B
:10522000002E08BF1E46102B06921A46A8BF102259
:10523000092B59EC178B0CDD7149DDED056A01EB8B
:10524000C20111ED125BB8EE666BA7EE056B59EC6F
:10525000168B0F2B37DC069900293FF44EAE23DD69
:1052600016290BDC664B03EBC10393ED007B49EC85
:10527000168B27EE067B59EC178B3EE60698C3F19A
:10528000250181421FDB5E4AC3F10F0302EBC3011C
:1052900091ED007B49EC168BC31A02EBC30227EE9B
:1052A000067B92ED006BE4E7069916310BDB544B5D
:1052B000ABEB050503EBC50595ED007B49EC168BC3
:1052C00086EE077BD7E706999A1A0A44002A6EDD14
:1052D00012F00F000AD04A4901EBC00191ED007BAA
:1052E00049EC168B27EE067B59EC178B32F00F0238
:1052F0004ED0B2F59A7F22DD00252E4607952F4627
:105300002223DFF8089123604FF00008079B002B51
:105310003FF4F3AD1299204601F0E0FC39462046F7
:1053200001F0DCFC3146204601F0D8FC079920460C
:1053300001F0D4FC2946204601F0D0FCDDE5002038
:1053400049EC178B2F4F12110146012A23DC08B1BB
:1053500059EC178B2B4A2C4802EBC10292ED007BD3
:10536000A9F1547949EC168B284A27EE067B17EEF3
:10537000901A0A40824259EC178BBDD8A0F58010D4
:10538000824286BFDFF888904FF0FF3801F15479F0
:105390000022059276E012F0010F04D097ED006B29
:1053A000012027EE067B013152100837CDE7EFD000
:1053B000524212F00F000AD0114901EBC00191EDE9
:1053C000007B49EC168B86EE077B59EC178B12118C
:1053D000DED01F2A1EDD00252E4607952F462223EC
:1053E0004FF000084FF0000923608FE70A680020A3
:1053F000C03D00200E680020EC690020646600209B
:1054000050170020281700200000A07C0000F07F2B
:10541000FFFFEF7F12F0100118BF6A21059149ECE0
:10542000178BBE490020D70704D591ED006B0120F2
:1054300027EE067B521001F10801F4D108B159ECB6
:10544000178B059ABAB1C9F30A51C1F16B02002A50
:10545000484610DD1F2A40F32C81342ADEBF4FF06E
:10546000FF32C1F14B018A404FF00008CCBF4FF032
:105470005C7902EA000949EC178BB5EE407BF1EE4E
:1054800010FAA8D0079A009209993246204601F0F6
:105490008DFC079000283FF42FAF069A002AABEB53
:1054A00005039FED969BA8BF00239FED96AB9FED54
:1054B00097BB0993002522EAE2730C932E46079BC3
:1054C0002046596801F0CAFB074600283FF418AF90
:1054D000079B1A69023203F10C0192000C30F7F7B6
:1054E000C9F849EC108B14AA13A9204601F092FFC9
:1054F00049EC188B129000283FF402AF012120469E
:1055000001F0ECFC064600283FF4FAAE139B149918
:10551000002BABBF099A0C9ADDF830A0DDF824B05F
:10552000ACBF03EB020BA2EB030A059A9B1A0B44D8
:105530007B4A013B9342C1F1360180F2CD80D21A01
:105540001F2AA1EB02014FF0010000F3B98000FA1D
:1055500002F30B9300230A930BEB0103059A9B457F
:105560008A4492445A46A8BF1A465245A8BF52469A
:10557000002AC2BF9B1AAAEB020AABEB020B099AE4
:10558000002A18DD314620460F9301F067FD0646DC
:1055900000283FF4B5AE0146129A204601F0B4FC53
:1055A0000E9000283FF4ACAE1299204601F096FB15
:1055B0000E9A0F9B1292002B00F39380069B002BF8
:1055C00008DD39460C9A204601F048FD07460028C0
:1055D0003FF496AEBAF1000F08DD39465246204638
:1055E00001F096FD074600283FF48AAEBBF1000F9C
:1055F00008DD31465A46204601F08AFD064600285D
:105600003FF47EAE12993A46204601F009FE054667
:1056100000283FF475AE0023D0F80CA0C3603146DB
:1056200001F0E2FD00287FDA5AEA080A40F0A5807E
:10563000C9F31303002B40F0A08029F000431B0D99
:105640001B05B3F1D66F40F298806B691BB92B69CB
:10565000012B40F3928029460122204601F058FD9B
:105660003146054601F0C0FD002840F386800599CB
:105670002C4A4B46002900F09F8002EA0901B1F153
:10568000D66F00F39980B1F15C7F7FF7A8AE9FEDF4
:10569000217B49EC168B234B26EE077B17EE902AD5
:1056A000134059EC178B002B7FF434AE2223236078
:1056B00030E64FF0FF3101FA02F202EA0808DAE6BA
:1056C000C3F17F4303F57F0303F57B43E23300FA25
:1056D00003F3CDE90A303FE700220123CDE90A2395
:1056E0003AE712991A46204601F012FD129000285E
:1056F0007FF464AF04E600BFAFF300809535A0945B
:10570000FFFFCF3F9535A094FFFFDF3F35E5AF3575
:105710000000E03F0000000000005039682A00202F
:1057200002FCFFFF0000F07FCB465FD1C9F31303FB
:10573000BAF1000F2AD0A74A93422BD1059B4246CB
:10574000FBB1A54B09EA0303B3F1D46F4FF0FF316E
:105750001AD81B0DC3F16B0301FA03F39A4219D156
:105760009E4B9B4502D101323FF4CAAD9A4B0BEAE6
:10577000030303F580194FF00008059B002B86D129
:10578000C8E54FF0FF33E9E70B46E7E753EA0803C4
:105790003FF46DAF0A9BCBB113EA0B0FEDD0059A26
:1057A00040464946BAF1000F14D0FFF74EFB38EEE1
:1057B000007B59EC178BE0E71340A3F580136FEAE9
:1057C00013596FEA09594FF0FF38D6E70B9B13EADC
:1057D000080FE3E7FFF739FB38EE400BB5EE400B5F
:1057E000F1EE10FA59EC108BC7D1F8E53146284696
:1057F00001F06AFEB0EE007BB4EEC70BF1EE10FADA
:105800005FD8BAF1000F66D1B8F1000F4DD1C9F3DE
:105810001303B7EE00DB002B62D1B4EECD0BB6EE76
:1058200000DBF1EE10FA01D420EE0DDBB1EE4DCB32
:105830006948DFF8B0C10BEA0001614553EC1C2B4D
:105840007AD1ABF1547949EC108B0A9101F072FDD9
:1058500049EC1E8B6048A0EE0CEB1EEE903A604ABD
:105860000A991840904259EC1E8B3CD918EE902AA8
:105870005A4B9A4204D118EE103A01333FF440AD2E
:10588000DFF858914FF0FF381299204601F026FAC0
:105890003946204601F022FA3146204601F01EFA30
:1058A0002946204601F01AFA09E6B8F1010F03D1A2
:1058B000B9F1000F3FF493ADBFEE00CBB7EE00DBC4
:1058C000B6E7B6EE00DB20EE0DDBBAF1000FADD08F
:1058D000B0EE4DCBACE7B7EE00CBB0EE4CDBA7E7BC
:1058E000BFEE00CBA4E703F15479059BCB46002B18
:1058F000CAD129F000431B0D1B059942C4D151ECBC
:105900001D0B03F01BFAFEF7BDFFC9F3130B41ECAF
:10591000170B4BEA080B5BEA0A0B3DEE47DB3CD06A
:10592000B4EECADBF1EE10FA3FF5F4ACB4EECBDB2B
:10593000F1EE10FAA8DDEDE40598F0B1B1F1D46F05
:105940001BD89FED227BB4EEC7DBF1EE10FA11D825
:10595000BCEECDDB1DEE103A012B38BF01230DEE5E
:10596000103AB8EE4DDBBAF1000F13D1B1EE4D7B1A
:1059700053EC172B03F1D660431AB0EE480B43ECFF
:105980001C2B0A9101F0D6FC0A99ACEE008B59EC65
:10599000188BAAE7B0EE4D7BEAE7B4EEC9DBF1EE77
:1059A00010FA7FF571AFB5E4002308930D9A119BAF
:1059B0001360FFF7A6BA652A3FF4A2AB452A3FF46D
:1059C0009FAB0121FFF7D8BBAFF300800000C0FF01
:1059D000FFFFDF41FFFF0F000000F07FFFFFEF7FC1
:1059E000FFFF9F7C0000E07F0A4601460248034B10
:1059F0000068FFF747BA00BFF4A3002030A20020E0
:105A0000012B2DE9F04701D0242B06D900F0B8FC7A
:105A1000162303600020BDE8F087DFF8E4C00D46E0
:105A20002E4615F8014B1CF8047017F00807F7D143
:105A30002D2C32D12C780127B51C002B5BD0102BDC
:105A400009D1302C07D12C7804F0DF04582C4DD12B
:105A50006C781023023507F1004808F1FF384FF049
:105A6000000EB8FBF3F9764603FB198AA4F1300C5B
:105A7000BCF1090F16D86446A34224DDBEF1FF3FF6
:105A800008D0B1451CD301D1A24519DB06FB034662
:105A90004FF0010E15F8014BE8E72B2C04BF2C78D2
:105AA000B51CCAE7A4F1410CBCF1190F01D8373C71
:105AB000E2E7A4F1610CBCF1190F04D8573CDBE715
:105AC0004FF0FF3EE6E7BEF1FF3F05D12223036022
:105AD000464642B930469EE707B17642002AF9D0E1
:105AE000BEF1000F00D0691E1160F3E73024002BD7
:105AF000B1D10823AFE7302CA5D00A23ABE700BF14
:105B0000E968002013460A46014602480068FFF78C
:105B100077BF00BFF4A30020F0B51F4C8BB0054643
:105B20000B466E4604F1200C20686168374603C7B7
:105B3000083464453E46F7D121793971911E2068B9
:105B4000386022294FF0000104D919700B4618461D
:105B50000BB0F0BD581E8446B5FBF2F702FB17569A
:105B600028366E440C4616F8286C0CF8016F2E4649
:105B7000B24201F101013D46EED900225A541919F1
:105B8000A51AAA42E3DA10F8015F0E780670013216
:105B900001F80159F4E700BFC368002010B5054CB7
:105BA00013462CB10A4601460220AFF3008010BD17
:105BB0002046FCE700000000002301F00FBDB7EE17
:105BC000C00AFFF7F9BF0000002310B50446C0E982
:105BD0000033C0E90433836081814366C2818361FD
:105BE000194608225C30F6F7DFFD054B6362054B72
:105BF000A362054BE362054B2462236310BD00BF23
:105C0000D1D10100F3D101002BD201004FD201000C
:105C1000024A0349034800F0C3B800BF9CA3002018
:105C200099F00100A8A3002041680C4B994210B5DF
:105C3000044601D002F08AF8A168094B994202D0CB
:105C4000204602F083F8E168064B994204D02046D2
:105C5000BDE8104002F07AB810BD00BFACC601200C
:105C600014C701207CC7012010B50B4B0B4C0C4A0C
:105C70001A60204600220421FFF7A6FF04F1680005
:105C800001220921FFF7A0FF04F1D0000222BDE8A4
:105C900010401221FFF798BFE4C70120ACC60120D5
:105CA0005DCF0100014800F095BB00BFBDF10120B0
:105CB000014800F090BB00BFBDF1012010B50446C3
:105CC000FFF7F0FF236A1BB1BDE81040FFF7F0BFFC
:105CD000044B2362044B1B68002BF5D1FFF7C4FF74
:105CE000F2E700BF75CF0100E4C7012070B50D4693
:105CF0001446064618B1036A0BB9FFF7DFFF636E5F
:105D0000DA0705D4A3899B0502D4A06D00F062FBDD
:105D1000A389180711D523697BB1013D15F8011F2F
:105D2000E9B9656E15F001052FD1A389990502D453
:105D3000A06D00F050FB284670BD2146304600F0B3
:105D400051F90028E9D0636EDA0705D4A3899B05D1
:105D500002D4A06D00F03FFB4FF0FF35EBE7A368E6
:105D6000013B002BA36004DAA269934206DB0A29F7
:105D700004D023685A1C22601970CFE722463046AF
:105D800000F0F2F80130C9D1DDE70D46D3E700009D
:105D9000024B0A4601461868FFF7A8BFF4A300208B
:105DA0002DE9F8430746884614460026D4E90195B4
:105DB000B9F1010905D52468002CF7D13046BDE8BA
:105DC000F883AB89012B07D9B5F90E30013303D025
:105DD00029463846C04706436835E9E70CB430B574
:105DE000174B0C1E1D689DB008DA8B232B604FF0FB
:105DF000FF301DB0BDE8304002B070474FF4027371
:105E0000ADF8143014BF04F1FF3323460493079315
:105E10004FF6FF7302900690ADF81630209A21AB32
:105E200002A92846019301F07DFC431CBCBF8B23D3
:105E30002B60002CDDD0029B00221A70D9E700BF36
:105E4000F4A300200EB400B59CB01DAB02900690E8
:105E50006FF00041094807910491094953F8042B58
:105E600005910068019302A901F05CFC029B0022ED
:105E70001A701CB05DF804EB03B07047F4A3002067
:105E80000802FFFF10B50C46B1F90E1000F044FAFD
:105E90000028ABBF636DA3891B1823F48053ACBFEC
:105EA0006365A38110BD2DE9F0411F468B89DB0599
:105EB00005460C46164605D5B1F90E100223002200
:105EC00000F018FAA389B4F90E1023F48053A381CB
:105ED00032463B462846BDE8F04100F03FBA10B5D7
:105EE0000C46B1F90E1000F005FA431CA38915BF4A
:105EF000606523F4805343F48053A38118BFA381CA
:105F000010BDB1F90E1000F0E5B9F0B5ADF5057DA5
:105F10000E4604AF4FF400710391009339461346C7
:105F200003AA054600F0B6F8044680B10246039B7A
:105F30003146284600F012FABC42039003D02146B5
:105F4000284600F0D5FA03980DF5057DF0BD4FF019
:105F5000FF30F9E713460A46014602480068FFF79A
:105F6000D4BF00BFF4A30020F8B50E461446054682
:105F700018B1036A0BB9FFF7A1FEA369A360A38957
:105F80001A0725D523691BB323682269981A636908
:105F9000F6B28342374604DC2146284601F0D6FE9D
:105FA000E0B9A368013BA36023685A1C22601E70FD
:105FB0006269431C9A4204D0A389DB0706D50A2EE6
:105FC00004D12146284601F0C1FE38B93846F8BD53
:105FD0002146284600F006F80028D5D04FF0FF37BC
:105FE000F4E7000038B52A4B054618680C4618B18E
:105FF000036A0BB9FFF762FEA389B4F90C201807F6
:1060000022D4D90607D409232B6042F04003A38190
:106010004FF0FF3034E0580712D5616B41B104F105
:106020004403994202D0284600F062FA00236363D9
:10603000A38923F02403A3810023636023692360E1
:10604000A38943F00803A38123694BB9A38903F40F
:106050002073B3F5007F03D02146284601F0D6FE19
:10606000A089B4F90C2010F001030AD00023A3602A
:1060700063695B42A361236943B910F08000C4D116
:1060800038BD810758BF6369A360F4E70020F7E7D4
:10609000F4A3002030B515469BB02C681A4689B190
:1060A000002C12BF4FF4C1634FF422730021002C67
:1060B000ADF80C300091049108DA8B2303600020C6
:1060C0001BB030BD4FF422730C46F0E74FF6FF7360
:1060D000ADF80E3069461E9B0294059401F022FB38
:1060E000031EA4BF2B60009B4FF00000A4BF1870DC
:1060F0000498E5E710B501390244904201D100202F
:1061000005E0037811F8014FA34201D0181B10BD20
:106110000130F2E7884210B501EB020402D9844253
:10612000234607D8431EA14208D011F8012B03F8DB
:10613000012FF8E7024401468A4200D110BD13F84E
:10614000014D02F8014DF7E710B5024614781346E9
:106150000132002CFAD1013B11F8012B03F8012F79
:10616000002AF9D110BDC9B2034610F8012B1AB1AB
:106170008A42F9D118467047002918BF0023F9E771
:1061800030B50446257823460134002DFAD1013A72
:1061900004D311F8014B03F8014B04B930BD002AB8
:1061A000F5D11A70F3E710B56AB10139841810F807
:1061B000012B11F8013F9A4203D1A04201D0002ADD
:1061C000F5D1D01A10BD1046FCE710B501390346D1
:1061D00032B111F8014F03F8014B013A002CF7D10D
:1061E0001A440021934200D110BD03F8011BF9E7C6
:1061F000164B73B51E68746C0546FCB950200191AE
:10620000FEF742FD01997064024620B9104B114817
:106210005B2100F04FF9C0E90044C0E90244C0E945
:106220000444C0E90A44C0E90C44C0E90E44C0E992
:106230001044C0E91244846104774462726C012303
:10624000284602B0BDE8704000F006B8F4A3002074
:10625000DD880020F4880020F0B508B9106888B106
:106260000446204614F8015B0F4617F8016B1EB96F
:1062700065B91560284605E0B542F6D1002BF0D18E
:1062800014600370F0BD1C460CE015B914F8013B16
:106290000E4616F8015BAB42F7D1002BF3D000237A
:1062A00004F8013C1460EDE70A7870B56AB970BD76
:1062B0009A4209D10C46054614F8013F002BF6D04E
:1062C00015F8016F9E42F7D001300378002BEFD113
:1062D0001846ECE738B5064D0023044608462B6007
:1062E000F6F7C6FE431C02D12B6803B1236038BD0C
:1062F000F0E0012038B5074D04460846114600225B
:106300002A601A46F6F7BEFE431C02D12B6803B181
:10631000236038BDF0E0012038B5074D044608463B
:10632000114600222A601A46F6F7A0FE431C02D14D
:106330002B6803B1236038BDF0E0012038B5064D6D
:106340000023044608462B60F6F77AFE431C02D170
:106350002B6803B1236038BDF0E0012038B5074D4C
:1063600004460846114600222A601A46F5F700FC4A
:10637000431C02D12B6803B1236038BDF0E001203B
:10638000014B1868704700BFF4A3002070B50D4D95
:106390000D4C641BA4100026A64209D10B4D0C4CD9
:1063A00002F034FD641BA4100026A64205D170BD86
:1063B00055F8043B98470136EEE755F8043B9847FB
:1063C0000136F2E73888006038880060388800605D
:1063D000D08800607047704710F8012B11F8013B1E
:1063E000012A28BF9A42F7D0D01A7047034611F805
:1063F000012B03F8012B002AF9D17047000000009F
:106400000000000001F0FF01102A2BDB10F0070F45
:1064100008D010F8013B013A8B422DD010F0070F45
:1064200042B3F6D1F0B441EA012141EA014122F040
:1064300007047FF000070023F0E80256083C85EAD5
:10644000010586EA010685FA47F5A3FA87F586FA7B
:1064500047F6A5FA87F68EB9EED1F0BC01F0FF0140
:1064600002F0070232B110F8013B013A83EA01035E
:1064700013B1F8D10020704701387047002D06BFD6
:1064800035460338073815F0010F07D1013015F4F0
:10649000807F02BF013015F4C03F0130F0BC0138ED
:1064A000704700BF034613F8012B002AFBD1181ACE
:1064B000013870471FB514461A46094B1B6805463C
:1064C000D8684CB1074B0091CDE9013406492B4601
:1064D00001F064FCF6F7DDFD044B1C46F3E700BF5A
:1064E000F4A30020156800202268002064660020C4
:1064F00037B5002944D051F8043C0190002BA1F19C
:106500000404B8BFE418FEF765FC1E4A019813683E
:1065100033B96360146003B0BDE83040FEF760BC7F
:10652000A34208D9256861198B4201BF19685B68CD
:1065300049192160EDE71A465B680BB1A342FAD90D
:1065400011685518A5420BD1246821445418A34260
:106550001160E0D11C685B6853600C441460DAE79A
:1065600002D90C230360D6E7256861198B4204BF6A
:1065700019685B68636004BF491921605460CAE709
:1065800003B030BDA4C601200369B3EB611F2DE940
:10659000F0434FEA611200F1140445DD11F01F01D0
:1065A00004EB830604EB82050CD100F110072946A9
:1065B000B14234D39B1A9B00EA1E964238BF002397
:1065C000234415E054F82270C1F12008CF4005F1B2
:1065D000040EA1467645F44615D89A1A9200043A5C
:1065E0000135AE4238BF0022A318A75007B10433CB
:1065F0001A1BA3424FEAA20208BF0023026108BF90
:106600004361BDE8F083DCF800C00CFA08FC4CEAFA
:10661000070749F8047B5EF8047BCF40DAE751F8BE
:1066200004CB47F804CFC3E72346E1E7A0F13003EA
:10663000092B02D82038C0B27047A0F16103052BA6
:1066400001D84738F7E7A0F14103052B01D82738D7
:10665000F1E70020704700002DE9F04F17460A6867
:1066600085B002F1020BC2F1FF2202F57F028146E2
:106670008A460293FE3202EB0B03D8461BF8010B4D
:1066800001933028F7D0FFF7D1FF0446002838D116
:10669000A74901224046FFF786FD0646002869D13A
:1066A00098F801005D46FFF7C1FF002864D05A4604
:1066B00010783028904602F10102F9D0FFF7B6FFBA
:1066C0000123B0FA80F464095E4601934246154600
:1066D00001322878FFF7AAFF0028F8D19449012257
:1066E0002846FFF760FD78B946B96E1C324615465C
:1066F00001322878FFF79AFF0028F8D1731B9E001B
:1067000004E000242646E1E7002EF7D12B7803F0C1
:10671000DF03502B3DD16B782B2B2FD02D2B31D07D
:10672000691C4FF0000B0878FFF780FF421ED2B2C1
:10673000182A2ED8A0F1100211F8010FFFF776FFEA
:1067400000F1FF3C5FFA8CFCBCF1180F1DD9BBF1C6
:10675000000F00D052421644CAF80010DCB1019B71
:10676000002B14BF4FF000084FF00608404605B05C
:10677000BDE8F08F454626460124C7E74FF0000BE1
:10678000A91CD0E74FF0010BFAE70A2303FB020034
:10679000D0E72946E0E7A5EB0803013B2146072B9C
:1067A0000ADC484600F05AFA044640B9614B0246FA
:1067B000E4216148FFF77EFE01315B10EFE700F155
:1067C000140A00235A49CDF804A09B46A84542D399
:1067D000019840F804BBA0EB0A00801020614FEA4A
:1067E0004018584600F02CFB3D68A8EB0000A8427A
:1067F00059DDA0EB05084146204600F0B8FE83466F
:10680000B8B108F1FF33591103F01F025AF82110F3
:106810004FF0010B0BFA02F20A420AD05B4506DD8B
:10682000A8F10201204600F0A2FE002838D14FF066
:10683000020B41462046FFF7A7FE4644BB68B34221
:1068400041DA2146484600F049FA0E9A00231360C7
:106850004FF0A3088AE715F8012D2E2A14D0202B1B
:1068600006D1019B43F804BB4FF0000B01935B463C
:1068700028780393FFF7DAFE039B00F00F0098409F
:106880004BEA000B0433A1E7A845E8D801222846CB
:106890000393FFF788FC2649039B0028DFD195E787
:1068A0004FF0030BC5E70BDAA5EB00082146424683
:1068B000484600F02DFCA6EB0806044600F1140A39
:1068C0004FF0000BBAE77B68B34273DD9E1BB54205
:1068D00034DCFB68022B23D0032B25D0012B15D1F0
:1068E000B54213D1012D0BD1029A7B6813600123AD
:1068F0002361CAF800300E9B4FF062081C6035E738
:10690000691E204600F033FE0028EDD1214648469E
:1069100000F0E4F90E9A002313604FF0500825E7C9
:106920000F9B002BF2D1DFE70F9B002BDCD1EDE7B3
:1069300023630020516800206268002006F1FF38C0
:10694000BBF1000F33D1B8F1000F04D0414620460F
:1069500000F00DFE83464FEA681201235AF8222008
:1069600008F01F0803FA08F313423146204618BF07
:106970004BF0020BAD1BFFF707FE7E684FF00208DD
:10698000BBF1000F4AD0FB68022B16D0032B18D0A6
:10699000012B09D11BF0020F06D0DAF800304BEAC8
:1069A000030B1BF0010F0FD148F0100836E04FF039
:1069B000010BD0E74FF00108E2E70F9BC3F10103A1
:1069C0000F930F9B002BEFD0D4F810B004F11402FA
:1069D0004FEA8B03019302EB8B000023944652F89D
:1069E000041BB1F1FF3F1ED00131CCF80010B8F10B
:1069F000020F04F114023DD13B68013BAB420BD1C5
:106A00006911012305F01F0503FA05F552F821303D
:106A10001D4218BF4FF0010848F020080E9B1C6073
:106A2000029B1E60A2E6904242F8043CD6D8A268BF
:106A3000934517DB61684846013100F00FF9824643
:106A400018B91B4B02468421B3E62269023204F1D5
:106A50000C0192000C30F5F70DFE2146484600F07F
:106A60003DF954462269511C04EB82022161012147
:106A70005161BCE7216959450BDD01212046FFF733
:106A800083FDBB680136B342FFF6DBAE4FF0010871
:106A9000C2E715F01F05F9D0019B1A44C5F1200586
:106AA00052F8040C00F0CCF9A842E6DBEEE700BF98
:106AB00051680020C2F10802920070B5C2F12006B0
:106AC0004368046803FA06F52C43D340046040F899
:106AD000043F8842F4D370BD30B50368013311F828
:106AE000014B14B90360012030BD13F8012BA2F152
:106AF0004105192D98BF2032A242F0D00020F3E7C3
:106B00002DE9F04F0B6801685E1102EB860613F069
:106B10001F0387B018BF04360025371F82469046F2
:106B2000019346F8045CB9463C460295AB464A7868
:106B30004B1C039342B3104605910492FFF776FD78
:106B400000284FD1049A0599202A18D8029B9B450A
:106B500013DD4C4506D2072D04DC2A464946204663
:106B6000FFF7A8FF444550D90023A4F1040944F8D5
:106B7000043CCDF808B04C461D460399D7E7292AB6
:106B800055D10231CAF80010BBF1000F4FD04C456F
:106B900006D2072D04DC2A4649462046FFF78AFF25
:106BA000444534D9A8F10402234653F8041B42F8A3
:106BB000041F9F42F9D23B1B23F003030433033E1F
:106BC0000134A64238BF04234344002243F8042B77
:106BD0009F42FBD23B681BB9474526D101233B604E
:106BE000052025E00135082D0BF1010B06DD44459C
:106BF000C3D9002344F8043C0125043C226800F07A
:106C00000F0040EA02102060B7E70825B5E7019BB6
:106C1000002BDFD0C3F120034FF0FF32DA4056F8EB
:106C2000043C134046F8043CD4E7043FD2E7042078
:106C300007B0BDE8F08F82B001B901A942B14BB1F4
:106C400013780B601278101E18BF012002B0704735
:106C50001046FBE76FF00100F8E7000070B5C66969
:106C600004460D4676B91020FEF70EF80246E061A4
:106C700020B9184B18486B21FFF71CFCC0E90166CE
:106C80000660C660E669F36883B1E369DB6853F8C0
:106C90002500B8B9012101FA05F6721D92002046BF
:106CA000FDF7B0FF60B1C0E901560EE021220421DA
:106CB0002046FDF7A7FFE369F060DB68002BE4D115
:106CC000002070BD026843F825200023C0E903338B
:106CD000F7E700BFDD880020A862002070B5C66914
:106CE00005460C4676B91020FDF7CEFF0246E86156
:106CF00020B9094B09488F21FFF7DCFBC0E9016689
:106D00000660C6603CB1EB696268DB6853F822102C
:106D1000216043F8224070BDDD880020A862002079
:106D20002DE9F0410D6907460C461E4601F1140C91
:106D30000020DCF8003099B202FB01611E0C0B0C44
:106D400002FB063389B2013001EB034185424CF866
:106D5000041B4FEA1346ECDC0EB3A368AB4219DC0C
:106D6000616838460131FFF779FF804628B902464D
:106D70000C4B0D48BA21FFF79DFB2269023204F14A
:106D80000C0192000C30F5F775FC21463846FFF7F0
:106D9000A5FF444604EB850301355E61256120466D
:106DA000BDE8F08151680020A86200202DE9F84379
:106DB0000C4615461F4609220833064693FBF2F39C
:106DC000002101229A4209DB3046FFF747FF40B914
:106DD0000246194B1948D321FFF76CFB52000131D1
:106DE000F0E7089B4361092D4FF00103036116DDB5
:106DF00004F10909C8462C4418F8013B0146303B10
:106E00000A223046FFF78CFFA045F5D1A5F1080412
:106E10004C442D1B6319BB4204DBBDE8F8830A34E4
:106E20000925F6E714F8013B0146303B0A223046BB
:106E3000FFF776FFEEE700BF51680020A862002050
:106E4000030C1B04D3B90004102310F07F4F04BFC0
:106E50000002083310F0704F04BF0001043310F03B
:106E6000404F04BF80000233002805DB10F0804F44
:106E700003F1010308BF2023184670470023E4E70D
:106E8000036813F007020CD0D90722D49A0749BF30
:106E90005B089B08036001225CBF0360022210466E
:106EA000704799B209B91B0C1022D9B209B908323E
:106EB0001B0A190704BF1B090432990704BF9B086A
:106EC0000232D90703D45B0802F1010203D0036048
:106ED000E5E70022E3E72022E1E7000010B50C46D9
:106EE0000121FFF7BBFE024628B9054B054840F2D9
:106EF0004511FFF7DFFA01234461036110BD00BFB4
:106F000051680020A86200202DE9F04F91460A69DF
:106F1000D9F810309A42B8BF0B460C46BCBF4C465D
:106F200099462769D9F810A0A368616807EB0A069B
:106F3000B34285B0B8BF0131FFF790FE30B90246C9
:106F4000444B45484FF4B171FFF7B4FA00F1140512
:106F500005EB86082B460022434521D304F1140398
:106F600003EB870709F1140303EB8A0202923A1B31
:106F7000153A22F00302043204F115018F4238BFA2
:106F800004220192029A03939A420CD8002E03DD48
:106F900058F8043D002B5BD0066105B0BDE8F08FCA
:106FA00043F8042BD8E7B3F800A0BAF1000F24D0BF
:106FB00004F1140EA9464FF0000C5EF8042BD9F82A
:106FC00000101FFA82FB89B20AFB0B114FEA124B29
:106FD000D9F8002061444FEA124C0AFB0BC202EBC5
:106FE000114289B241EA0241774549F8041B4FEA50
:106FF000124CE2D8019A45F802C0039AB2F8029006
:107000000433B9F1000F21D0296804F1140CAE4605
:107010004FF0000ABCF800B0BEF8022009FB0B22BA
:10702000524489B241EA02414EF8041B5CF8041B49
:107030004FEA114ABEF8001009FB0A1101EB124198
:1070400067454FEA114AE5D8019AA950043599E7F6
:10705000013E9BE751680020A86200202DE9F8431B
:10706000154612F0030206460F4607D0254C013A9A
:10707000002354F82220FFF753FE0746AD103DD001
:10708000F4697CB91020FDF7FFFD0246F06128B9D4
:107090001D4B1E4840F2B311FFF70CFAC0E9014442
:1070A0000460C460D6F81C80D8F808404CB940F29F
:1070B00071213046FFF712FF0023C8F8080004468C
:1070C00003604FF00009EB070AD5394622463046E7
:1070D000FFF71AFF394680463046FFF7FFFD474667
:1070E0006D100BD0206838B9224621463046FFF794
:1070F0000BFF2060C0F800900446E4E73846BDE886
:10710000F88300BF683E0020DD880020A8620020D0
:107110002DE9F0470C464968236903EB6218A36820
:10712000074691464FEA621A08F10106B3420BDBAB
:107130003846FFF793FD054648B90246284B2948D3
:107140004FF4EF71FFF7B6F901315B00EEE7002372
:1071500000F1140100F110021846534533DB206999
:107160002AEAEA7A04F1140319F01F0901EB8A01F3
:1071700003EB800C2BD0C9F1200E8A460022186840
:1071800000FA09F010434AF8040B53F8042B9C450D
:1071900022FA0EF2F3D8ACEB0403153B23F0030301
:1071A000043304F11500844538BF0423CA500AB1E2
:1071B00008F10206013E38462E612146FFF78EFD9A
:1071C0002846BDE8F08742F8040F0133C5E70439CB
:1071D00053F8042B41F8042F9C45F9D8EAE700BF87
:1071E00051680020A862002030B502690C69121BAA
:1071F0000ED100F11403143103EB840001EB840180
:1072000050F8045D51F8044DA54203D005D3012286
:10721000104630BD8342F3D3FAE74FF0FF32F7E771
:107220002DE9F84F0C460646114620469046FFF7DA
:10723000DBFF051E10D129463046FFF70FFD30B9A0
:107240003A4B024640F237213948FFF733F9012320
:10725000C0E90435BDE8F88FA4BF4346A0463046D8
:10726000D8F80410A6BF1C4600250125FFF7F6FC40
:1072700020B92E4B024640F24521E5E7D8F81070C0
:107280002669C56004F1140908F1140500F1140E13
:1072900005EB870C09EB860608F11002F246002187
:1072A00059F8043B52F804BF11FA8BF899B21B0C41
:1072B000A8EB0108C3EB1B4303EB28431FFA88F834
:1072C00019144E4548EA03434AF8043BE8D8331BF7
:1072D000153B23F0030304331534A64238BF0423BF
:1072E0001D4473449E462E4666450ED30CF10302A0
:1072F000521B22F00302033DAC4538BF0022134469
:1073000053F8042D7AB10761A4E756F8048B11FAFB
:1073100088F2141404EB184492B242EA04424EF884
:10732000042B2114E0E7013FEAE700BF5168002089
:10733000A862002082B08DED000B019A0F4B134024
:10734000A3F15073002B08DC5B42B3F1A07F4FEA3E
:10735000235204DA4FF400231341002208E0A2F183
:1073600014031E2BDABF4FF00042DA400122002343
:107370001946104641EC100B02B070470000F07F38
:107380002DE9F041066900F1140808EB8606371F65
:1073900056F8042C1046FFF753FDC0F120030A28CD
:1073A0000B601B4915DCC0F10B0C22FA0CF3B8453D
:1073B00043EA010534BF56F8083C0023153002FAB1
:1073C00000F023FA0CF303431C4645EC104BBDE8D8
:1073D000F081B8453ABF56F8083CA6F108070023EB
:1073E0000B3812D0C0F1200123FA01F4824022436D
:1073F000474542F07F558CBF57F8042C002283404C
:10740000CA4045F440151343DEE742EA0105DBE7D5
:107410000000F03F2DE9F7430F46012159EC108B96
:107420001646FFF71BFC044630B90246244B25489C
:1074300040F20F31FFF73EF8C9F30A55C9F31303C1
:107440002DBB0193B8F1000326D068460093FFF7E7
:1074500017FDDDE90012E8B1C0F1200302FA03F3E1
:107460000B43C24063610192019BA361002B14BFD7
:10747000022201222261BDB1A5F2334505443D60DF
:10748000C0F135003060204603B0BDE8F08343F41E
:107490008013D6E76161E7E701A8FFF7F1FC019BE4
:1074A000636120300122E5E704EB8203A0F2324061
:1074B00038601869FFF7C4FCC0EB4210E2E700BF78
:1074C00051680020A86200202DE9F74F88466946E0
:1074D0008146FFF755FF01A9404655EC104B10EED1
:1074E00010AAFFF74DFFD8F81030D9F81020D21AA3
:1074F000DDE900315B1A03EB421357EC106B002BF4
:10750000D6BFC3EB03332A463A46AB46D6BF02EB9F
:10751000035302EB035B00EE903A4BEC17AB87EEA4
:10752000000B03B0BDE8F08F013970B54911146943
:10753000013102F1140300EB810103EB8404051F08
:10754000A3420CD3A31A113B23F003031132A2422E
:1075500088BF002318440023884205D370BD53F828
:10756000046B45F8046FEBE740F8043BF4E700F1E7
:10757000140200694B11984210B511DB0ADD11F0BD
:107580001F0107D052F8234024FA01F000FA01F15C
:107590008C420BD102EB8303934203D8002010BD31
:1075A0000346F7E753F8041D0029F5D00120F6E75C
:1075B00051F8043C181F002BBCBF0B58C018704773
:1075C00049B1FF2A85BF8A2303600A704FF0FF305C
:1075D00098BF012070470846704700002DE9F0432E
:1075E0009046224A87B0166805460F461C46A3B946
:1075F000B26AF16A00F123039A420DDC00F124091A
:107600004A4630468DED020BFDF7F0FB044608B309
:10761000C6E90A909DED020BF46A05ABCDE9008343
:107620002A463B460321304600F0D8FC3B685B42CB
:1076300022461B1B0599814202EB03060ED8114618
:107640003027C81885420EDCAB1BB542B8BF0023FB
:107650000021D154204607B0BDE8F08310F8011B8B
:1076600002F8011BE6E701F8017BEAE7F4A300203A
:107670002DE9F0478E681F46BE420B6882460C46D5
:1076800090462CD88A8912F4906F26D065690969D2
:1076900005EB4505A3EB010905EBD5757B1C4B44B8
:1076A0006D109D4238BF1D46530527D52946FDF76D
:1076B0001BFB064660B321694A46F4F7DBFFA3894A
:1076C00023F4906343F08003A381266165614E44F7
:1076D000A5EB09052660A5603E46BE4200D93E46A0
:1076E000206832464146FEF715FDA3689B1BA36048
:1076F0002368334423600020BDE8F0872A46FDF765
:1077000075FB06460028E0D121695046FEF7F0FEE1
:107710000C23CAF80030A38943F04003A3814FF043
:10772000FF30E9E72DE9F04F98468B891B069DB0A5
:1077300007460D4614460ED50B6963B94021FDF787
:10774000D3FA2860286120B90C233B604FF0FF304A
:10775000D0E040236B610023099320238DF829306A
:10776000CDF80C803023DFF8A4818DF82A304FF05B
:10777000010923469A4613F8012B0AB1252AF9D1AB
:10778000BAEB040B0BD05B46224629463846FFF77E
:107790006FFF013000F0A980099A5A4409929AF8C3
:1077A0000030002B00F0A18000234FF0FF32CDE924
:1077B00005230AF1010A049307938DF853301A93B5
:1077C0005446052214F8011B5048FEF71BFE049A8C
:1077D000D8B9D00644BF20238DF85330110744BFD9
:1077E0002B238DF853309AF800302A2B15D0079AA6
:1077F000544600204FF00A0C214611F8013B303B63
:10780000092B4DD9B0B1079214E0A0EB080309FA97
:1078100003F313430493A246D2E7039B191D1B688D
:107820000391002BBBBF5B4242F002020793079318
:10783000B8BF049223782E2B0CD163782A2B34D135
:10784000039B1A1D1B680392002BB8BF4FF0FF3338
:1078500002340593DFF8C4A0217803225046FEF7D6
:10786000D1FD38B1049BA0EB0A00402282401343B3
:107870000134049314F8011B25488DF828100622C2
:10788000FEF7C0FD002838D0224B1BBB039B0733FB
:1078900023F0070308330393099B3344099368E7F4
:1078A0000CFB02320C460120A6E7002301340593AD
:1078B00019464FF00A0C204610F8012B303A092ADD
:1078C00003D9002BC6D00591C4E70CFB0121044667
:1078D0000123F0E703AB00932A460F4B04A9384677
:1078E000AFF30080421C0646D6D1AB895B063FF55C
:1078F0002DAF09981DB0BDE8F08F03AB00932A4669
:10790000054B04A9384600F079F8EBE7776A0020C8
:10791000816A002000000000BDE901007D6A0020AE
:107920002DE9F047164699468A680B69DDF82080F4
:107930009342B8BF1346336091F8432007460C4684
:107940000AB1013333602368990642BF33680233BA
:107950003360256815F0060506D104F1190AE368BD
:1079600032689B1AAB4226DC94F84320131E22682F
:1079700018BF012392062BD404F14302494638462E
:10798000C04701301ED02368226903F00603042B90
:1079900002BFE5683368ED1AA3680CBF25EAE575F8
:1079A00000259342C4BF9B1AED1800261A34B54235
:1079B0001AD1002008E00123524649463846C04704
:1079C000013003D14FF0FF30BDE8F0870135C6E745
:1079D000E1185A1C302081F84300224494F84510E5
:1079E00082F843100233C7E701232246494638464E
:1079F000C0470130E6D00136D9E700002DE9FF4746
:107A00000F7E0C9D782F914680460C469A4601F1D8
:107A1000430207D8622F0AD8002F00F0D480582FD5
:107A200000F0C08004F1420584F842703AE0A7F10A
:107A30006303152BF6D801A151F823F0E1ED010005
:107A4000F5ED010071ED010071ED010071ED010036
:107A500071ED0100F5ED010071ED010071ED010026
:107A600071ED010071ED0100F9EE010021EE010060
:107A7000B3EE010071ED010071ED01001BEF01009B
:107A800071ED010021EE010071ED010071ED0100C9
:107A9000BBEE01002B681A1D1B682A6004F1420529
:107AA00084F8423001239FE020682B68070603F129
:107AB0000401296001D51E6803E04606FBD5B3F931
:107AC0000060002E03DA2D23764284F843305A48B2
:107AD0000A2312E02B682068191D2960050601D5CC
:107AE0001E6802E04106FBD51E8853486F2F0CBF6D
:107AF00008230A23002184F843106568A560002D3F
:107B0000A2BF216821F0040121600EB9002D4BD0E5
:107B10001546B6FBF3F103FB1167C75D05F8017D60
:107B20003746BB420E46F4D9082B0BD12368DE073B
:107B300008D5236961689942DEBF302305F8013C0E
:107B400005F1FF35521B2261CDF800A04B4603AA78
:107B500021464046FFF7E4FE01304AD14FF0FF30A6
:107B600004B0BDE8F087236843F020032360334866
:107B7000782784F84570236829681F0651F8046B3C
:107B800002D45F0648BFB6B2DF0748BF43F0200308
:107B9000296048BF23601EB9236823F020032360B7
:107BA0001023A7E72448E4E71546BDE72B682668BD
:107BB0006169181D286035061B6801D5196002E04F
:107BC0007006FBD51980002323611546BCE72B689E
:107BD0001A1D2A601D68626800212846FEF712FC03
:107BE00008B1401B606063682361002384F8433060
:107BF000AAE723692A4649464046D0470130ADD01E
:107C000023689B0713D4E068039B9842B8BF1846CB
:107C1000A6E70123324649464046D04701309DD071
:107C20000135E36803995B1AAB42F2DCEBE7002510
:107C300004F11906F5E700BF4F6A0020606A0020D2
:107C40008A892DE9F041054610070C4658D44B6847
:107C5000002B05DC0B6C002B02DC0020BDE8F08162
:107C6000E66A002EF9D0002312F480522F68216AB0
:107C70002B6032D0606DA3895A0705D56368C01A9E
:107C8000636B0BB1236CC01A00230246E66A216ABB
:107C90002846B047431CA38906D129681D292BD843
:107CA000294A0A41D60727D400226260D9042269F2
:107CB000226004D5421C01D12B6803B96065616B59
:107CC0002F600029C9D004F14403994202D028460C
:107CD000FEF70EFC00206063C0E701232846B04792
:107CE000411CC8D12B68002BC5D01D2B01D0162BF1
:107CF00001D12F60B1E7A38943F04003A381ADE731
:107D00000F69002FA9D093070E6808BF4B690F6059
:107D100018BF0023A6EB07088B60B8F1000F9CDDAD
:107D2000216AA66A43463A462846B047002806DC40
:107D3000A38943F04003A3814FF0FF308EE707444F
:107D4000A8EB0008E9E700BFFEFFBFDF38B50B690D
:107D500005460C4613B90025284638BD18B1036AFC
:107D60000BB9FDF7ABFFB4F90C30002BF3D0626E0A
:107D7000D00704D4990502D4A06DFEF72BFB28464A
:107D80002146FFF75DFF636EDA070546E4D4A38959
:107D90009B05E1D4A06DFEF71EFBDDE70EB403B535
:107DA000014603AB054853F8042B0068019300F02B
:107DB000ABFE02B05DF804EB03B07047F4A3002003
:107DC00070B50C46B1F90E10002996B015461E4646
:107DD0000DDAA38913F0800F4FF000010CBF4FF4B0
:107DE00080634023002031602B6016B070BD6A466E
:107DF00000F048F80028ECDB019901F47041A1F58E
:107E00000053594259414FF48063EBE78B8973B5B6
:107E10009D0706460C4607D504F1470323602361FE
:107E20000123636102B070BD01AB6A46FFF7C8FF72
:107E3000009905463046FCF757FF48B9B4F90C30B5
:107E40009A05EFD423F0030343F00203A381E3E791
:107E5000A389206043F08003A381009B6361019BA1
:107E600020615BB1B4F90E10304600F01DF828B166
:107E7000A38923F0030343F00103A381A3891D43D6
:107E8000A581CFE738B5074D0023044608461146C3
:107E90002B60F5F7F0F8431C02D12B6803B1236087
:107EA00038BD00BFF0E0012038B5064D0023044680
:107EB00008462B60F5F7E4F8431C02D12B6803B1A8
:107EC000236038BDF0E001202DE9F74F03690C690C
:107ED000A34207467EDB013C01F1140800F11405C2
:107EE00005EB8403019358F8243055F8242001331E
:107EF0009A424FEA840B08EB8409B2FBF3F631D3C4
:107F00004FF0000E4046AC46F24650F8042B93B2B8
:107F100006FB03E34FEA124E1A0C9BB2AAEB0303D3
:107F2000DCF800A013FA8AF306FB0E220093009BF4
:107F30004FEA124E92B2C2EB1A4202EB2342BDF854
:107F40000030814543EA02434CF8043B4FEA224AA1
:107F5000DBD255F80B302BB9019B043B9D421A46EE
:107F60002CD33C613846FFF73FF9002822DB01366D
:107F70002946002058F8042BD1F800C093B2C31A48
:107F8000120C13FA8CF3C2EB1C4202EB23429BB29D
:107F900043EA0243C14541F8043B4FEA2240E9D29B
:107FA00055F8242005EB840322B9043B9D421A4670
:107FB0000AD33C61304603B0BDE8F08F1268043B41
:107FC000002ACED1013CC9E71268043B002AF0D157
:107FD000013CEBE70020EEE7000000002DE9F04F48
:107FE0002DED028BC56991B08DED020B59EC108B14
:107FF0001C9C0691064608920C9375B91020FCF75C
:1080000043FE0246F06120B9A64BEF21A648FEF7D9
:1080100051FAC0E901550560C560F369196851B1AD
:108020005A684A60012393408B603046FEF756FE43
:10803000F36900221A60B9F10003BBBF23F00043CB
:10804000039300230122ACBF23602260974B039C63
:10805000A3431CD10C9A42F20F731360C4F31303B1
:1080600053EA080300F0FB841D9B63B9904B20E0AA
:10807000904B019308331D9A1360019811B0BDEC29
:10808000028BBDE8F08F8A4B01930333F3E79DED3C
:10809000028BB5EE408BF1EE10FA0CD10C9A012355
:1080A00013601D9B002B00F0D784834B1D9A136037
:1080B000013B0193E1E70EAA0FA93046B0EE480B51
:1080C000FFF7A8F9C4F30A530E9A0546002B46D0D1
:1080D000B0EE487B18EE901AC1F3130141F07F51C6
:1080E00041F44011A3F2FF33002007EE901AB7EEDF
:1080F000086B9FED665B37EE467B9FED666BA7EEE8
:10810000056B9FED665B07EE903AB8EEE74BB0EE7D
:10811000467BA4EE057BFDEEC76BB5EEC07BF1EEB2
:1081200010FA16EE90BA099008D5B8EEE66BB4EEE8
:10813000476BF1EE10FA18BF0BF1FF3BBBF1160FC6
:108140002BD85E4901EBCB0191ED007BB4EEC78BE0
:10815000F1EE10FA01D50BF1FF3B00211EE00F9B61
:10816000134403F232412029C1BFC1F140018C40C8
:1081700003F2124128FA01F1D6BFC1F120012143D7
:1081800008FA01F107EE901AB8EE677B013B17EE93
:10819000901A0120A1F1F871A7E70121D21A531E0C
:1081A000059345BFC2F101030493002300234CBF94
:1081B00005930493BBF1000F0B9118DB059BCDF8E1
:1081C00028B05B4405930023069A092A48D8052A5B
:1081D000C4BF043A0692069AA2F10202CCBF002460
:1081E0000124032A47D8DFE802F00B2D2B39049B2A
:1081F0000022A3EB0B0304930A92CBF10003E3E705
:1082000000220792089A002A38DC4FF0010AD14672
:108210005246CDF820A0F7690021042000F1140C8B
:10822000944530D9796030460D93FEF717FD0D9BCC
:1082300001900246002845D1214B40F2AF11E5E6FE
:108240000122DEE700220792089A0BEB020A0AF1EC
:1082500001094A46012AB8BF0122DCE70122F2E700
:1082600001240022CDE906244FF0FF3A0021D14637
:1082700012220891CFE701220792F5E7DDF820A04E
:10828000D1465246C7E701314000C7E761436F63FB
:10829000A787D23FB3C8608B288AC63FFB799F501F
:1082A0001344D33FDD880020F66900200000F07FF2
:1082B000F2690020E9690020A58000205017002005
:1082C00051680020F26901991160B9F10E0F6CD864
:1082D000002C6AD0BBF1000F40F3A080C14A0BF024
:1082E0000F0102EBC1021BF4807F92ED007B4FEA8D
:1082F0002B1200F08780BC4991ED086B88EE066B6D
:108300008DED026B02F00F020321B748002A7BD1EA
:108310009DED026B86EE077B8DED027B0B9A9DED4A
:10832000027B002A00F0A080B7EE006BB4EEC67BA3
:10833000F1EE10FA40F19880B9F1000F00F094804E
:10834000BAF1000F2FDDB2EE046B27EE067B8DED48
:10835000027B0BF1FF32013154469DED026BB1EE11
:108360000C5B07EE901AB8EEE77BA7EE065B15EE06
:10837000907A51EC150BA7F15071002C77D1B1EE2A
:10838000047B36EE476B41EC170BB4EEC76BF1EE96
:1083900010FA00F36A82B1EE477BB4EEC76BF1EEE0
:1083A00010FA00F160828DED028B0F9A002AC0F264
:1083B0001D81BBF10E0F00F319818A4B03EBCB0338
:1083C00093ED006B089B002B80F2B780B9F1000F92
:1083D00000F3B38040F04682B1EE047B26EE076BDB
:1083E0009DED027BB4EEC76BF1EE10FA4C464F46A2
:1083F00080F21C82DDF80480312308F8013B0BF188
:10840000010B18E2022180E7D40704D590ED006B40
:10841000013127EE067B5210083077E722D0CBF1EE
:108420000002704902F00F0001EBC00191ED007BEA
:1084300028EE077B8DED027B6B4812110024022190
:108440002AB9002C3FF46AAF8DED027B66E7D707AF
:1084500005D590ED006B0131012427EE067B52100B
:108460000830EDE7022159E75A464C4675E741ECE2
:10847000170B5C4901EBC40111ED024B01990C444F
:10848000079951B3B6EE003BB7EE002BDDF8048040
:1084900083EE045BB2EE043B35EE477BFDEEC64B4C
:1084A00014EE901AB8EEE45B303136EE456BB4EE64
:1084B000C76BF1EE10FA08F8011B39D432EE465BB7
:1084C000B4EEC75BF1EE10FA72D4A0453FF46BAF87
:1084D00027EE037B26EE036BE0E7DDF8048027EE52
:1084E000047B2046B2EE043BFDEEC64B14EE901A20
:1084F000303108F8011BA045B8EEE45B36EE456B61
:1085000018D1B6EE005B37EE054BB4EEC46BF1EE5E
:1085100010FA4DDC35EE475BB4EEC56BF1EE10FAA8
:108520007FF541AF8046013818F8013C302BF9D077
:1085300093462AE026EE036BD6E79DED027BB2EE72
:10854000044BDDF8048087EE065BBDEEC55B15EEDF
:10855000103A303308F8013B019BA8EB030399451F
:10856000B8EEC53BA3EE467B33D137EE077BB4EEC6
:10857000C67BF1EE10FA1ADCB4EE467BF1EE10FA8F
:1085800003D115EE103AD90711D429463046FEF72B
:10859000A5FB00230C9A88F800300BF1010313604F
:1085A0001D9B002B3FF469ADC3F8008065E55A467A
:1085B0004346984613F8011D392906D1019999427D
:1085C000F7D1019830210132017019780131197009
:1085D000AEE727EE047BB5EE407BF1EE10FAB2D1A8
:1085E000D3E700BF50170020281700200799002963
:1085F00000F0D0800699012900F3B4800999002980
:1086000000F0AC8002F23342DDF810801C46099382
:10861000049B13440493059B0121134430460593A6
:10862000FEF75CFC099B0746B8F1000F0DD0059AD8
:10863000002A0ADD42450499A8BF4246891A0491DE
:108640000599A8EB02088A1A059203B3079A002A33
:1086500000F0A580002C13DD3946224630460D93EC
:10866000FEF7FCFC2A46014607463046FEF74CFC66
:10867000294609903046FEF731FB099A0D9B1546B5
:108680001A1B04D029463046FEF7E8FC05460121B6
:108690003046FEF723FC0A9B002B044640F3818002
:1086A0001A4601463046FEF7D9FC069B012B0446CC
:1086B0007ADD00230993226904EB82021069FEF738
:1086C000BFFBC0F12000059B184410F01F0000F014
:1086D0009380C0F12002042A40F38580049BC0F1FE
:1086E0001C0003440493059B804403440593049BAE
:1086F000002B05DD29461A463046FEF709FD0546E2
:10870000059B002B05DD21461A463046FEF700FD8D
:1087100004460B9B002B71D021462846FEF764FDD2
:1087200000286BDA002329460A223046FEF7F8FAC1
:10873000079B0BF1FF3B0546002B00F09781394664
:1087400000230A223046FEF7EBFABAF1000F074683
:1087500000F39380069B022B57DC8EE00E9AC2F149
:10876000360251E709F1FF34A342BFBFE21A0A9B68
:108770009B180A93AEBF1C1B23460024B9F1000FBF
:10878000B5BF049ADDF81080A2EB09084A46B8BFCD
:1087900000223CE7DDF81080079F1C4644E71A469C
:1087A00070E7069B012B18DC029BB3B9039BC3F354
:1087B0001302A2B923F00042120D12058AB1049BE4
:1087C00001330493059B01330593012309930A9B0D
:1087D000002B7FF470AF012075E70023F6E7029BC2
:1087E000F4E70992F3E782D0049B1C32134404930C
:1087F000059B9044134479E70246F5E7B9F1000F71
:1088000036DC069B022B33DDCA46BAF1000F0DD1D0
:108810002146534605223046FEF782FA01460446B9
:108820002846FEF7E1FC00283FF7E4AD089BDDF8A1
:1088300004806FEA030B4FF0000921463046FEF733
:108840004DFA002F3FF4A1AEB9F1000F05D0B945A4
:1088500003D049463046FEF741FA39463046FEF726
:108860003DFA92E600242746E0E793462746C1E515
:10887000079BCA46002B00F00081B8F1000F05DD10
:10888000394642463046FEF743FC0746099B002B1B
:108890005DD079683046FEF7E1F9804628B9824B11
:1088A000024640F2EF21FFF7B1BB3A690232920073
:1088B00007F10C010C30F3F7DDFE01224146304692
:1088C000FEF726FC019B01330493019B534408935C
:1088D000029B03F00103B94607930746049B214618
:1088E000013B28460293FFF7EFFA03463033059029
:1088F000494628460993FEF777FC3A4682462146C8
:108900003046FEF78DFCC268099B80460ABB0146D3
:108910002846FEF769FC099B024641463046CDE9F0
:108920000932FEF7DBF9069B0A9ADDF8108043EA6C
:108930000201079B1943099B0DD1392B29D0BAF1AC
:10894000000F01DD059B3133029A137075E738463D
:10895000B8E70122E1E7BAF1000F06DB069941EA28
:108960000A0A07995AEA010A20D1002AECDD2946B1
:10897000012230460493FEF7CBFB21460546FEF765
:1089800033FC0028049B02DCDED1DA07DCD5392B6E
:10899000D8D1029A3923137043469846013B18F800
:1089A000012C392A51D001321A7046E7002A03DD22
:1089B000392BEED00133C7E7049A089902F8013C3D
:1089C0008A422BD0294600230A223046FEF7A8F916
:1089D000B94505464FF000034FF00A0249463046BC
:1089E00007D1FEF79DF981460746049B01330493A6
:1089F00074E7FEF795F93946814600230A2230468E
:108A0000FEF78EF90746F0E7BAF1000F019ACCBFE6
:108A1000D0464FF0010890444FF00009294601224A
:108A200030460293FEF774FB21460546FEF7DCFB59
:108A30000028B1DC02D1029BDB07ADD44346984647
:108A400013F8012D302AFAD0F7E6019A9A42A4D100
:108A50000BF1010B312378E7144BFFF72ABB1D9B69
:108A6000002B7FF405AB124BFFF723BBBAF1000FCD
:108A700003DC069B022B3FF7C8AEDDF804802146DD
:108A80002846FFF721FA00F1300308F8013B019A6C
:108A9000A8EB02029245B7DD294600230A223046A0
:108AA000FEF73EF90546EAE751680020A480002061
:108AB000E96900209368013B002B10B4936008DA49
:108AC0009469A34201DB0A2903D15DF8044BFDF749
:108AD0004BBA1368581C1060197008465DF8044BB7
:108AE0007047F8B506460F461446D518AC4201D17A
:108AF000002007E014F8011B3A463046FFF7DAFF82
:108B0000431CF3D1F8BD00002DE9F04F0D469DB098
:108B100014469846064618B1036A0BB9FDF7CEF81D
:108B20006B6ED90705D4AB899A0502D4A86DFDF701
:108B300051FCAB891B0701D52B699BB929463046EF
:108B4000FDF750FA70B16B6EDC0704D54FF0FF30C3
:108B50001DB0BDE8F08FAB899805F7D4A86DFDF77F
:108B60003AFCF3E70023099320238DF82930CDF850
:108B70000C803023DFF8B0818DF82A304FF00109E6
:108B800023469A4613F8012B0AB1252AF9D1BAEBEC
:108B9000040B0BD05B46224629463046FFF7A1FF67
:108BA000013000F0A980099A5A4409929AF80030DD
:108BB000002B00F0A18000234FF0FF32CDE9052308
:108BC0000AF1010A049307938DF853301A9354461F
:108BD000052214F8011B5448FDF714FC049AD8B977
:108BE000D10644BF20238DF85330130744BF2B23F5
:108BF0008DF853309AF800302A2B15D0079A544636
:108C000000204FF00A0C214611F8013B303B092BA4
:108C10004DD9B0B1079214E0A0EB080309FA03F3B1
:108C200013430493A246D2E7039B191D1B680391CB
:108C3000002BBBBF5B4242F0020207930793B8BF11
:108C4000049223782E2B0CD163782A2B34D1039BEA
:108C50001A1D1B680392002BB8BF4FF0FF3302347C
:108C60000593DFF8D4A0217803225046FDF7CAFB14
:108C700038B1049BA0EB0A00402282401343013428
:108C8000049314F8011B29488DF828100622FDF7DB
:108C9000B9FB00283FD0264B1BBB039B073323F0B7
:108CA000070308330393099B3B44099368E70CFBD4
:108CB00002320C460120A6E7002301340593194631
:108CC0004FF00A0C204610F8012B303A092A03D93C
:108CD000002BC6D00591C4E70CFB012104460123FB
:108CE000F0E703AB00932A46124B04A93046AFF3DA
:108CF00000800746781CD6D16B6ED90705D4AB89A6
:108D00009A0502D4A86DFDF766FBAB895B063FF5BB
:108D10001DAF09981CE703AB00932A46054B04A935
:108D20003046FEF76BFEE4E7776A0020816A002098
:108D3000000000002FFE01007D6A002008B50246F9
:108D40000B4643EC172BB5EEC07BF1EE10FA03D4C3
:108D5000BDE8084000F00AB8B1EE477B51EC170BB4
:108D600000F004F8404261EB410108BD9FED0B6B40
:108D700041EC170B9FED0B5B27EE066BBCEEC66B51
:108D8000B8EE464BA4EE457BFCEEC77B16EE101A00
:108D900017EE900A704700BFAFF30080000000009C
:108DA0000000F03D000000000000F0415FF800F01E
:108DB000017300605FF800F0752500605FF800F057
:108DC000F91E00605FF800F0612900605FF800F0B4
:108DD0009D1800605FF800F0895700605FF800F0B0
:108DE0009D5200605FF800F0497B00605FF800F082
:108DF0002D6C00605FF800F09D7900605FF800F076
:108E0000416C00605FF800F05D1A00605FF800F0F0
:108E1000118300605FF800F0111600605FF800F049
:108E2000791C00605FF800F0017B00605FF800F0E3
:108E3000311A00605FF800F0F11600605FF800F092
:108E4000B76600605FF800F0718200605FF800F0C4
:108E5000755F00605FF800F0CD1C0060000000004E
:048E6000000000000E
:048E6400F8B500BF9E
:088E6800A8BAFF7F0100000021
:108E700000000000000000000000000000000000F2
:108E800000000000000000000000000000000000E2
:108E900000000000000000000000000000000000D2
:108EA00000000000000000000000000000000000C2
:108EB00000000000000000000000000000000000B2
:108EC00000000000000000000000000000000000A2
:108ED0000000000000000000000000000000000092
:108EE0000000000000000000000000000000000082
:108EF0000000000000000000000000000000000072
:108F00000000000000000000000000000000000061
:108F10000000000000000000000000000000000051
:108F20000000000000000000000000000000000041
:108F30000000000000000000000000000000000031
:108F40000000000000000000000000000000000021
:108F50000000000000000000000000000000000011
:108F60000000000000000000000000000000000001
:108F700000000000000000000000000000000000F1
:108F800000000000000000000000000000000000E1
:108F900000000000000000000000000000000000D1
:108FA00000000000000000000000000000000000C1
:108FB00000000000000000000000000000000000B1
:108FC00000000000000000000000000000000000A1
:108FD0000000000000000000000000000000000091
:108FE0000000000000000000000000000000000081
:108FF0000000000000000000000000000000000071
:109000000000000000000000000000000000000060
:109010000000000000000000000000000000000050
:109020000000000000000000000000000000000040
:109030000000000000000000000000000000000030
:109040000000000000000000000000000000000020
:109050000000000000000000000000000000000010
:109060000000000000000000000000000000000000
:1090700000000000000000000000000000000000F0
:1090800000000000000000000000000000000000E0
:1090900000000000000000000000000000000000D0
:1090A00000000000000000000000000000000000C0
:1090B00000000000000000000000000000000000B0
:1090C00000000000000000000000000000000000A0
:1090D0000000000000000000000000000000000090
:1090E0000000000000000000000000000000000080
:1090F0000000000000000000000000000000000070
:10910000000000000000000000000000000000005F
:10911000000000000000000000000000000000004F
:10912000000000000000000000000000000000003F
:10913000000000000000000000000000000000002F
:10914000000000000000000000000000000000001F
:10915000000000000000000000000000000000000F
:1091600000000000000000000000000000000000FF
:1091700000000000000000000000000000000000EF
:1091800000000000000000000000000000000000DF
:1091900000000000000000000000000000000000CF
:1091A00000000000000000000000000000000000BF
:1091B00000000000000000000000000000000000AF
:1091C000000000000000000000000000000000009F
:1091D000000000000000000000000000000000008F
:1091E000000000000000000000000000000000007F
:1091F00000000040FB21F93F000000002D44743EB8
:10920000000000809846F83C0000006051CC783B9C
:1092100000000080831BF0390000004020257A38D0
:10922000000000802282E336000000001DF3693553
:10923000000000000000F03F748515D3B0D9EF3F67
:109240000F89F96C58B5EF3F515B12D00193EF3F96
:109250007B517D3CB872EF3FAAB968318754EF3F2C
:109260003862756E7A38EF3FE1DE1FF59D1EEF3FE5
:1092700015B7310AFE06EF3FCBA93A37A7F1EE3F0B
:109280002234124CA6DEEE3F2D89616008CEEE3FFF
:10929000272A36D5DABFEE3F824F9D562BB4EE3FDC
:1092A000295448DD07ABEE3F85553AB07EA4EE3F2A
:1092B000CD3B7F669EA0EE3F745FECE8759FEE3F6E
:1092C0008701EB7314A1EE3F13CE4C9989A5EE3FB5
:1092D000DBA02A42E5ACEE3FE5C5CDB037B7EE3FA7
:1092E00090F0A38291C4EE3F5D253EB203D5EE3FE0
:1092F000ADD35A999FE8EE3F475EFBF276FFEE3F13
:109300009C5285DD9B19EF3F6990EFDC2037EF3FE2
:1093100087A4FBDC1858EF3F5F9B7B33977CEF3FC4
:10932000DA90A4A2AFA4EF3F40456E5B76D0EF3F4A
:10933000000000000000E8429423914BF86AAC3F23
:10934000F3C4FA50CEBFCE3FD6520CFF422EE63FBA
:109350000000000000003843FE822B65471547409F
:109360009423914BF86ABC3EF3C4FA50CEBF2E3F13
:10937000D6520CFF422E963FFE822B654715674062
:1093800000000000000038430000FAFE422E76BFC5
:109390003A3B9EBC9AF70CBDBDFDFFFFFFFFDF3FD0
:1093A0003C5455555555C53F912B17CF5555A53FA5
:1093B00017D0A4671111813F000000000000C842CF
:1093C000EF39FAFE422EE63F24C482FFBDBFCE3FF6
:1093D000B5F40CD7086BAC3FCC5046D2ABB2833F50
:1093E000843A4E9BE0D7553F00000000000000008B
:1093F000000000000000F03F6EBF881A4F3B9B3C0E
:109400003533FBA93DF6EF3F5DDCD89C136071BCA2
:109410006180773E9AECEF3FD16687107A5E90BC10
:10942000857F6EE815E3EF3F13F6673552D28C3C2B
:10943000748515D3B0D9EF3FFA8EF92380CE8BBC5B
:10944000DEF6DD296BD0EF3F61C8E6614EF7603C88
:10945000C89B751845C7EF3F99D3335BE4A3903C95
:1094600083F3C6CA3EBEEF3F6D7B835DA69A973CF1
:109470000F89F96C58B5EF3FFCEFFD921AB58E3CA1
:10948000F747722B92ACEF3FD19C2F703DBE3E3C14
:10949000A2D1D332ECA3EF3F0B6E908934036ABCA8
:1094A0001BD3FEAF669BEF3F0EBD2F2A525695BCD5
:1094B000515B12D00193EF3F55EA4E8CEF8050BCC8
:1094C000CC316CC0BD8AEF3F16F4D5B923C991BC2D
:1094D000E02DA9AE9A82EF3FAF555CE9E3D3803C23
:1094E000518EA5C8987AEF3F4893A5EA151B80BC1A
:1094F0007B517D3CB872EF3F3D32DE55F01F8FBC93
:10950000EA8D8C38F96AEF3FBF53133F8C898B3C4F
:1095100075CB6FEB5B63EF3F26EB11769CD996BC66
:10952000D45C0484E05BEF3F602F3A3EF7EC9A3C5A
:10953000AAB968318754EF3F9D3886CB82E78FBC4C
:109540001DD9FC22504DEF3F8DC3A644416F8A3C8C
:10955000D68C62883B46EF3F7D04E4B0057A803CC0
:1095600096DC7D91493FEF3F94A8A8E3FD8E963CA1
:109570003862756E7A38EF3F7D4874F2185E873C2A
:109580003FA6B24FCE31EF3FF2E71F982B47803C0A
:10959000DD7CE265452BEF3F5E08713F7BB896BCF2
:1095A0008163F5E1DF24EF3F31AB096DE1F7823CE8
:1095B000E1DE1FF59D1EEF3FFABF6F1A9B213DBCF8
:1095C00090D9DAD07F18EF3FB40A0C7282378B3C07
:1095D0000B03E4A68512EF3F8FCBCE8992146E3C2D
:1095E000562F3EA9AF0CEF3FB6ABB04D754D833C47
:1095F00015B7310AFE06EF3F4C74ACE20142863CDF
:1096000031D84CFC7001EF3F4AF8D35D39DD8F3C17
:10961000FF1664B208FCEE3F045B8E3B80A386BC61
:10962000F19F925FC5F6EE3F68504BCCED4A92BC7D
:10963000CBA93A37A7F1EE3F8E2D511BF80799BC05
:1096400066D8056DAEECEE3FD236943EE8D171BCE3
:10965000F79FE534DBE7EE3F151BCEB3191999BC34
:10966000E5A813C32DE3EE3F6D4C2AA7489F853C28
:109670002234124CA6DEEE3F8A69287A601293BC2F
:109680001C80AC0445DAEE3F5B8917488FA758BCB5
:109690002A2EF7210AD6EE3F1B9A49679B2C7CBCE9
:1096A00097A850D9F5D1EE3F11ACC260ED63433CB1
:1096B0002D89616008CEEE3FEF64063B0966963C5B
:1096C00057001DED41CAEE3F7903A1DAE1CC6E3CB3
:1096D000D03CC1B5A2C6EE3F30120F3F8EFF933C87
:1096E000DED3D7F02AC3EE3FB0AF7ABBCE90763C44
:1096F000272A36D5DABFEE3F77E054EBBD1D933C09
:109700000DDDFD99B2BCEE3F8EA3710034948FBC89
:10971000A72C9D76B2B9EE3F49A393DCCCDE87BC83
:109720004266CFA2DAB6EE3F5F380FBDC6DE78BC28
:10973000824F9D562BB4EE3FF65C7BEC461286BC06
:109740000F925DCAA4B1EE3F8ED7FD180535933C4C
:10975000DA27B53647AFEE3F059B8A2FB7987B3C9B
:10976000FDC797D412ADEE3F09541CE2E163903C73
:10977000295448DD07ABEE3FEAC6195085C7343C93
:10978000B746598A26A9EE3F35C0642BE632943C91
:109790004821AD156FA7EE3F9F7699614AE48CBCD6
:1097A00009DC76B9E1A5EE3FA84DEF3BC5338CBC93
:1097B00085553AB07EA4EE3FAEE92B89785384BC40
:1097C00020C3CC3446A3EE3F58585678DDCE93BC28
:1097D0002522558238A2EE3F64197E80AA10573C9C
:1097E00073A94CD455A1EE3F28225EBFEFB393BCC2
:1097F000CD3B7F669EA0EE3F82B93487AD126ABC36
:10980000BFDA0B7512A0EE3FEEA96DB8EF6763BC2F
:109810002F1A653CB29FEE3F5188E0543DDC80BC7E
:10982000849451F97D9FEE3FCF3E5A7E641F78BCF1
:10983000745FECE8759FEE3FB07D8BC04AEE86BC4E
:109840007481A5489A9FEE3F8AE6551E321986BC60
:10985000C9674256EB9FEE3FD3D4095ECB9C903C48
:109860003F5DDE4F69A0EE3F1DA54DB9DC327BBCEC
:109870008701EB7314A1EE3F6BC06754FDEC943C81
:1098800032C13001EDA1EE3F556CD6ABE1EB653C4A
:10989000624ECF36F3A2EE3F42CFB32FC5A188BCB4
:1098A000121A3E5427A4EE3F34373BF1B66993BCFD
:1098B00013CE4C9989A5EE3F1EFF193A845E80BCF9
:1098C000ADC723461AA7EE3F6E5772D850D494BC4A
:1098D000ED92449BD9A8EE3F008A0E5B67AD903CA9
:1098E00099668AD9C7AAEE3FB4EAF0C12FB78D3C7A
:1098F000DBA02A42E5ACEE3FFFE7C59C60B665BC45
:109900008C44B51632AFEE3F445FF35983F67B3C8F
:1099100036771599AEB1EE3F833D1EA71F0993BC64
:10992000C6FF910B5BB4EE3F291E6C8BB8A95DBCE2
:10993000E5C5CDB037B7EE3F59B9907CF9236CBC83
:109940000F52C8CB44BAEE3FAAF9F422434392BC6B
:10995000504EDE9F82BDEE3F4B8E66D76CCA85BCF3
:10996000BA07CA70F1C0EE3F27CE912BFCAF713C15
:1099700090F0A38291C4EE3FBB730AE135D26D3CF7
:109980002323E31963C8EE3F6322622204C587BC28
:1099900065E55D7B66CCEE3FD531E2E3861C8B3C12
:1099A000332D4AEC9BD0EE3F15BBBCD3D1BB91BC51
:1099B0005D253EB203D5EE3FD231EE9C31CC903CDA
:1099C00058B330139ED9EE3FB35A736E8469843C0A
:1099D000BFFD79556BDEEE3FB49D8E97CDDF82BC27
:1099E0007AF3D3BF6BE3EE3F8733CB92771A8C3C8D
:1099F000ADD35A999FE8EE3FFAD9D14A8F7B90BCFC
:109A000066B68D2907EEEE3FBAAEDC56D9C355BC1B
:109A1000FB154FB8A2F3EE3F40F6A63D0EA490BC56
:109A20003A59E58D72F9EE3F3493AD38F4D668BCFF
:109A3000475EFBF276FFEE3F358A586BE2EE91BC53
:109A40004A06A130B005EF3FCDDD5F0AD7FF743C79
:109A5000D2C14B901E0CEF3FAC9892FAFBBD91BC6B
:109A6000091ED75BC212EF3FB30CAF30AE6E733C32
:109A70009C5285DD9B19EF3F94FD9F5C32E38E3C49
:109A80007AD0FF5FAB20EF3FAC5909D18FE0843C27
:109A90004BD1572EF127EF3F671A4E38AFCD633CBD
:109AA000B5E706946D2FEF3F6819926C2C6B673CFD
:109AB0006990EFDC2037EF3FD2B5CC83188A80BCA9
:109AC000FAC35D550B3FEF3F6FFAFF3F5DAD8FBCB3
:109AD0007C89074A2D47EF3F49A97538AE0D90BCE8
:109AE000F2890D08874FEF3FA7073DA685A3743C79
:109AF00087A4FBDC1858EF3F0F2240209E9182BCC8
:109B00009883C916E360EF3FAC92C1D5505A8E3CA2
:109B10008532DB03E669EF3F4B6B01AC593A843C7D
:109B200060B401F32173EF3F1F3EB40721D582BC1F
:109B30005F9B7B33977CEF3FC90D473BB92A89BCBC
:109B400029A1F5144686EF3FD3883A6004B6743CE9
:109B5000F63F8BE72E90EF3F71729D51ECC5833C31
:109B6000834CC7FB519AEF3FF091D38F12F78FBC14
:109B7000DA90A4A2AFA4EF3F7D7423E298AE8DBC2F
:109B8000F1678E2D48AFEF3F0820AA41BCC38E3C41
:109B9000275A61EE1BBAEF3F32EBA9C3942B843CEA
:109BA00097BA6B372BC5EF3FEE85D131A9648A3C5C
:109BB00040456E5B76D0EF3FEDE33BE4BA378EBCB9
:109BC00014BE9CADFDDBEF3F9DCD914D3B89773CB5
:109BD000D8909E81C1E7EF3F89CC6041C105533CDD
:109BE000F1718F2BC2F3EF3F0038FAFE422EE63FB1
:109BF0003067C79357F32E3D010000000000E0BF1F
:109C00005B3051555555D53F9045EBFFFFFFCFBF1A
:109C10001101F124B399C93F9FC806E57555C5BF29
:109C2000000000000000E0BF775555555555D53F61
:109C3000CBFDFFFFFFFFCFBF0CDD95999999C93F81
:109C4000A74567555555C5BF30DE44A32449C23FDB
:109C5000653D42A4FFFFBFBFCAD62A288471BC3F1E
:109C6000FF68B043EB99B9BF85D0AFF78281B73FAA
:109C7000CD45D1751352B5BF9FDEE0C3F034F73F39
:109C80000090E6797FCCD7BF1FE92C6A7813F73FA5
:109C900000000DC2EE6FD7BFA0B5FA0860F2F63F24
:109CA00000E05113E313D7BF7D8C131FA6D1F63FFD
:109CB000007828385BB8D6BFD1B4C50B49B1F63FA0
:109CC00000788090555DD6BFBA0C2F334791F63F90
:109CD00000001876D002D6BF234222189F71F63FAB
:109CE00000909086CAA8D5BFD91EA5994F52F63FBD
:109CF00000500356434FD5BFC4248FAA5633F63FB6
:109D000000406BC337F6D4BF14DC9D6BB314F63F31
:109D10000050A8FDA79DD4BF4C5CC65264F6F53F29
:109D200000A889399245D4BF4F2C91B567D8F53F2B
:109D300000B8B039F4EDD3BFDE905BCBBCBAF53FD1
:109D400000708F44CE96D3BF781AD9F2619DF53F4B
:109D500000A0BD171E40D3BF875646125680F53F60
:109D6000008046EFE2E9D2BFD36BE7CE9763F53FC1
:109D700000E030381B94D2BF937FA7E22547F53F20
:109D80000088DA8CC53ED2BF83450642FF2AF53FE4
:109D900000902729E1E9D1BFDFBDB2DB220FF53FFB
:109DA00000F8482B6D95D1BFD7DE34478FF3F43FD1
:109DB00000F8B99A6741D1BF4028DECF43D8F43FBD
:109DC0000098EF94D0EDD0BFC8A378C03EBDF43F5B
:109DD0000010DB18A59AD0BF8A25E0C37FA2F43F0C
:109DE00000B86352E647D0BF3484D4240588F43FDA
:109DF00000F0864522EBCFBF0B2D191BCE6DF43F33
:109E000000B017754A47CFBF541839D3D953F43F20
:109E10000030103D44A4CEBF5A84B444273AF43FE6
:109E200000B0E9440D02CEBFFBF81541B520F43F68
:109E300000F07729A260CDBFB1F43EDA8207F43F8B
:109E40000090950401C0CCBF8FFE575D8FEEF33FAD
:109E5000001089562920CCBFE94C0BA0D9D5F33F7F
:109E60000010818D1781CBBF2BC110C060BDF33FA7
:109E700000D0D3CCC9E2CABFB8DA752B24A5F33F12
:109E80000090122E4045CABF02D09FCD228DF33FD5
:109E900000F01D6877A8C9BF1C7A84C55B75F33FC5
:109EA000003048696D0CC9BFE236AD49CE5DF33F65
:109EB00000C045A62071C8BF40D44D987946F33FF5
:109EC000003014B48FD6C7BF24CBFFCE5C2FF33F36
:109ED0000070623CB83CC7BF490DA1757718F33FCD
:109EE0000060379B9AA3C6BF90393E37C801F33F45
:109EF00000A0B754310BC6BF41F895BB4EEBF23F03
:109F0000003024767D73C5BFD1A919020AD5F23F6E
:109F10000030C28F7BDCC4BF2AFDB7A8F9BEF23F78
:109F20000000D2512C46C4BFAB1B0C7A1CA9F23FD7
:109F3000000083BC8AB0C3BF30B514607293F23F97
:109F40000000496B991BC3BFF5A15757FA7DF23F3B
:109F50000040A4905487C2BFBF3B1D9BB368F23F33
:109F600000A079F8B9F3C1BFBDF58F839D53F23FCF
:109F700000A02C25C860C1BF3B08C9AAB73EF23F6C
:109F80000020F7577FCEC0BFB640A92B012AF23F71
:109F900000A0FE49DC3CC0BF3241CC967915F23FAF
:109FA00000804BBCBD57BFBF9BFCD21D2001F23FC0
:109FB000004040960837BEBF0B484D49F4ECF13FD6
:109FC0000040F93E9817BDBF69658F52F5D8F13F43
:109FD00000A0D84E67F9BBBF7C7E571123C5F13F67
:109FE00000602F2079DCBABFE926CB747CB1F13F49
:109FF000008028E7C3C0B9BFB61A2C0C019EF13F00
:10A0000000C072B346A6B8BFBD70B67BB08AF13F40
:10A010000000ACB3018DB7BFB6BCEF258A77F13F26
:10A0200000003845F174B6BFDA314C358D64F13F2C
:10A030000080876D0E5EB5BFDD5F2790B951F13F9F
:10A0400000E0A1DE5C48B4BF4CD232A40E3FF13F29
:10A0500000A06A4DD933B3BFDAF910728B2CF13FEF
:10A060000060C5F87920B2BF31B5EC28301AF13F55
:10A0700000206298460EB1BFAF3484DAFB07F13F8F
:10A080000000D26A6CFAAFBFB36B4E0FEEF5F03F33
:10A090000040774A8DDAADBFCE9F2A5D06E4F03FDF
:10A0A000000085E4ECBCABBF21A52C6344D2F03F9B
:10A0B00000C0124089A1A9BF1A98E27CA7C0F03F56
:10A0C00000C002335888A7BFD136C6832FAFF03FF8
:10A0D0000080D6675E71A5BF3913A098DB9DF03F65
:10A0E000008065498A5CA3BFDFE752AFAB8CF03FCD
:10A0F00000401564E349A1BFFB284E2F9F7BF03F32
:10A100000080EB82C0729EBF198F358CB56AF03F1C
:10A1100000805252F1559ABF2CF9ECA5EE59F03F50
:10A12000008081CF623D96BF902CD1CD4949F03F50
:10A130000000AA8CFB2892BFA9ADF0C6C638F03F3C
:10A140000000F9207B318CBFA93279136528F03FDC
:10A150000000AA5D351984BF4873EA272418F03F30
:10A160000000ECC2031278BF95B114060408F03F5A
:10A1700000002479090460BF1AFA26F71FE0EF3FB8
:10A1800000009084F3EF6F3F74EA61C21CA1EF3FBF
:10A1900000003D3541DC873F2E9981B01063EF3FD1
:10A1A0000080C2C4A3CE933FCDADEE3CF625EF3F79
:10A1B00000008914C19F9B3FE7139103C8E9EE3F5C
:10A1C000000011CED8B0A13FABB1CB7880AEEE3F4E
:10A1D00000C001D05B8AA53F9B0C9DA21A74EE3F84
:10A1E0000080D840835CA93FB5990A83913AEE3F3D
:10A1F000008057EF6A27AD3F569A6009E001EE3FB5
:10A2000000C098E59875B03F98BB77E501CAED3F6F
:10A2100000200DE3F553B23F03917C0BF292ED3F2A
:10A220000000388BDD2EB43FCE5CFB66AC5CED3FAE
:10A2300000C057875906B63F9DDE5EAA2C27ED3F2A
:10A2400000006A3576DAB73FCD2C6B3E6EF2EC3FFC
:10A2500000601C4E43ABB93F0279A7A26DBEEC3F34
:10A2600000600DBBC778BB3F6D08376D268BEC3F98
:10A270000020E7321343BD3F04585DBD9458EC3FC6
:10A280000060DE71310ABF3F8C9FBB33B526EC3FC7
:10A290000040912B1567C03F3FE7ECEE83F5EB3FA5
:10A2A00000B092828547C13FC196DB75FDC4EB3F8C
:10A2B0000030CACD6E26C23F284A860C1E95EB3F61
:10A2C0000050C5A6D703C33F2C3EEFC5E265EB3F68
:10A2D0000010333CC3DFC33F8B88C9674837EB3F6F
:10A2E00000807A6B36BAC43F4A301D214B09EB3FE0
:10A2F00000F0D1283993C53F7EEFF285E8DBEA3FD5
:10A3000000F01824CD6AC63FA23D60311DAFEA3F80
:10A31000009066ECF840C73FA758D33FE682EA3F7B
:10A3200000F01AF5C015C83F8B7309EF4057EA3F9C
:10A330000080F65429E9C83F274BAB902A2CEA3F0E
:10A340000040F80236BBC93FD1F29313A001EA3FA7
:10A3500000002C1CED8BCA3F1B3CDB249FD7E93F40
:10A3600000D0015C515BCB3F90B1C70525AEE93F02
:10A3700000C0BCCC6729CC3F2FCE97F22E85E93F99
:10A38000006048D535F6CC3F754BA4EEBA5CE93F8A
:10A3900000C04634BDC1CD3F3848E79DC634E93FD3
:10A3A00000E0CFB8018CCE3FE652672F4F0DE93F5A
:10A3B000009017C00955CF3F9DD7FF8E52E6E83F6A
:10A3C00000B81F126C0ED03F7C00CC9FCEBFE83F80
:10A3D00000D0930EB871D03F0EC3BEDAC099E83FEB
:10A3E0000070869E6BD4D03FFB1723AA2774E83FEA
:10A3F00000D04B338736D13F089AB3AC004FE83FCB
:10A40000004823670D98D13F553E65E8492AE83F4B
:10A410000080CCE0FFF8D13F6002F4950106E83FF0
:10A42000006863D75F59D23F29A3E06325E2E73F85
:10A4300000A8140930B9D23FADB5DC77B3BEE73F11
:10A44000006043107218D33FC2259767AA9BE73F6D
:10A450000018EC6D2677D33F570617F20779E73FD0
:10A460000030AFFB4FD5D33F0C13D6DBCA56E73FC6
:10A4700000E02FE3EE32D43FBEF3F879EC61F63F13
:10A48000DEAA8C80F77BD5BF3D88AF4AED71F53FE2
:10A49000DB6DC0A7F0BED2BFB010F0F03995F43F2D
:10A4A000673A517FAE1ED0BF8503B8B095C9F33F60
:10A4B000E92482A6D831CBBFA564880C190DF33FDF
:10A4C0005877C00A4F57C6BFA08E0B7B225EF23F63
:10A4D00000819CC72BAAC1BF3F341A4A4ABBF13F37
:10A4E0005E0E8CCE764EBABFBAE58AF05823F13FA5
:10A4F000CC1C615A3C97B1BFA70099413F95F03FF2
:10A500001E0CE138F452A2BF000000000000F03F32
:10A510000000000000000000AC479AFD8C60EE3F98
:10A520008459F25DAAA5AA3FA06A021FB3A4EC3F1A
:10A53000B42E36AA535EBC3FE6FC6A573620EB3F8A
:10A5400008DB2077E526C53F2DAAA163D1C2E93FEC
:10A550007047220D86C2CB3FED417803E686E83F87
:10A56000E17EA0C88B05D13F624853F5DC67E73F29
:10A5700009EEB6573004D43FEF39FAFE422EE63FDB
:10A580003483B848A30ED0BF6A0BE00B5B57D53FAE
:10A5900023410AF2FEFFDFBF0080E03779C3414369
:10A5A000176E05B5B5B89346F5F93FE9034F384D39
:10A5B000321D30F94877825A3CBF737FDD4F1575E5
:10A5C000000000000000F03F0000000000002440F8
:10A5D00000000000000059400000000000408F40D3
:10A5E000000000000088C34000000000006AF8403E
:10A5F0000000000080842E4100000000D012634162
:10A600000000000084D797410000000065CDCD41D7
:10A61000000000205FA00242000000E876483742B8
:10A62000000000A2941A6D42000040E59C30A24256
:10A630000000901EC4BCD64200003426F56B0C43CB
:10A640000080E03779C3414300A0D8855734764372
:10A6500000C84E676DC1AB43003D9160E458E143D3
:10A66000408CB5781DAF154450EFE2D6E41A4B4448
:10A6700092D54D06CFF08044F64AE1C7022DB5448D
:10A68000B49DD9794378EA440038FAFE422EE63F79
:10A690003067C79357F32E3D000000000000E0BF75
:10A6A000605555555555E5BF060000000000E03FD8
:10A6B0004E5559999999E93F7AA429555555E5BFC1
:10A6C000E945489B5B49F2BFC33F268B2B00F03F17
:10A6D0000000000000A0F63F0000000000000000A5
:10A6E00000C8B9F2822CD6BF8056372824B4FA3C71
:10A6F000000000000080F63F0000000000000000A5
:10A70000000858BFBDD1D5BF20F7E0D808A51CBDB3
:10A71000000000000060F63F0000000000000000A4
:10A72000005845177776D5BF6D50B6D5A46223BDC6
:10A73000000000000040F63F0000000000000000A4
:10A7400000F82D87AD1AD5BFD567B09EE484E6BC6E
:10A75000000000000020F63F0000000000000000A4
:10A76000007877955FBED4BFE03E2993691B04BD96
:10A77000000000000000F63F0000000000000000A4
:10A7800000601CC28B61D4BFCC844C482FD8133DD1
:10A790000000000000E0F53F0000000000000000A5
:10A7A00000A886863004D4BF3A0B82EDF342DC3C2D
:10A7B0000000000000C0F53F0000000000000000A5
:10A7C000004869554CA6D3BF60945186C6B1203D60
:10A7D0000000000000A0F53F0000000000000000A5
:10A7E0000080989ADD47D3BF9280C5D44D59253D4E
:10A7F000000000000080F53F0000000000000000A5
:10A800000020E1BAE2E8D2BFD82BB7991E7B263DE3
:10A81000000000000060F53F0000000000000000A4
:10A820000088DE135A89D2BF3FB0CFB614CA153D97
:10A83000000000000060F53F000000000000000084
:10A840000088DE135A89D2BF3FB0CFB614CA153D77
:10A85000000000000040F53F000000000000000084
:10A860000078CFFB4129D2BF76DA5328245A16BD8F
:10A87000000000000020F53F000000000000000084
:10A88000009869C198C8D1BF0454E768BCAF1FBD28
:10A89000000000000000F53F000000000000000084
:10A8A00000A8ABAB5C67D1BFF0A88233C61F1F3DC9
:10A8B0000000000000E0F43F000000000000000085
:10A8C0000048AEF98B05D1BF665A05FDC4A826BD68
:10A8D0000000000000C0F43F000000000000000085
:10A8E000009073E224A3D0BF0E03F47EEE6B0CBD88
:10A8F0000000000000A0F43F000000000000000085
:10A9000000D0B4942540D0BF7F2DF49EB836F0BC63
:10A910000000000000A0F43F000000000000000064
:10A9200000D0B4942540D0BF7F2DF49EB836F0BC43
:10A93000000000000080F43F000000000000000064
:10A9400000405E6D18B9CFBF873C99AB2A570D3DCB
:10A95000000000000060F43F000000000000000064
:10A960000060DCCBADF0CEBF24AF869CB7262B3D7C
:10A97000000000000040F43F000000000000000064
:10A9800000F02A6E0727CEBF10FF3F544F2F17BD90
:10A99000000000000020F43F000000000000000064
:10A9A00000C04F6B215CCDBF1B68CABB91BA213D73
:10A9B000000000000000F43F000000000000000064
:10A9C00000A09AC7F78FCCBF34849F684F79273D8A
:10A9D000000000000000F43F000000000000000044
:10A9E00000A09AC7F78FCCBF34849F684F79273D6A
:10A9F0000000000000E0F33F000000000000000045
:10AA000000902D7486C2CBBF8FB78B31B04E193DED
:10AA10000000000000C0F33F000000000000000044
:10AA200000C0804EC9F3CABF6690CD3F634EBA3CAA
:10AA30000000000000A0F33F000000000000000044
:10AA400000B0E21FBC23CABFEAC146DC648C25BD4E
:10AA50000000000000A0F33F000000000000000024
:10AA600000B0E21FBC23CABFEAC146DC648C25BD2E
:10AA7000000000000080F33F000000000000000024
:10AA80000050F49C5A52C9BFE3D4C104D9D12ABDA5
:10AA9000000000000060F33F000000000000000024
:10AAA00000D02065A07FC8BF09FADB7FBFBD2B3D6A
:10AAB000000000000040F33F000000000000000024
:10AAC00000E0100289ABC7BF584A537290DB2B3DA0
:10AAD000000000000040F33F000000000000000004
:10AAE00000E0100289ABC7BF584A537290DB2B3D80
:10AAF000000000000020F33F000000000000000004
:10AB000000D019E70FD6C6BF66E2B2A36AE410BD53
:10AB1000000000000000F33F000000000000000003
:10AB20000090A77030FFC5BF3950109F439E1EBDD7
:10AB3000000000000000F33F0000000000000000E3
:10AB40000090A77030FFC5BF3950109F439E1EBDB7
:10AB50000000000000E0F23F0000000000000000E4
:10AB600000B0A1E3E526C5BF8F5B07908BDE20BD5B
:10AB70000000000000C0F23F0000000000000000E4
:10AB80000080CB6C2B4DC4BF3C783561C10C173DA8
:10AB90000000000000C0F23F0000000000000000C4
:10ABA0000080CB6C2B4DC4BF3C783561C10C173D88
:10ABB0000000000000A0F23F0000000000000000C4
:10ABC00000901E20FC71C3BF3A54274D8678F13C9B
:10ABD000000000000080F23F0000000000000000C4
:10ABE00000F01FF85295C2BF08C47117308D24BD04
:10ABF000000000000060F23F0000000000000000C4
:10AC000000602FD52AB7C1BF96A31118A4802EBD0E
:10AC1000000000000060F23F0000000000000000A3
:10AC200000602FD52AB7C1BF96A31118A4802EBDEE
:10AC3000000000000040F23F0000000000000000A3
:10AC40000090D07C7ED7C0BFF45BE88896690A3D4F
:10AC5000000000000040F23F000000000000000083
:10AC60000090D07C7ED7C0BFF45BE88896690A3D2F
:10AC7000000000000020F23F000000000000000083
:10AC800000E0DB3191ECBFBFF233A35C547525BD0E
:10AC9000000000000000F23F000000000000000083
:10ACA00000002B6E0727BEBF3C00F02A2C342A3D43
:10ACB000000000000000F23F000000000000000063
:10ACC00000002B6E0727BEBF3C00F02A2C342A3D23
:10ACD0000000000000E0F13F000000000000000064
:10ACE00000C05B8F545EBCBF06BE5F58570C1DBDD5
:10ACF0000000000000C0F13F000000000000000064
:10AD000000E04A3A6D92BABFC8AA5BE83539253DE2
:10AD10000000000000C0F13F000000000000000043
:10AD200000E04A3A6D92BABFC8AA5BE83539253DC2
:10AD30000000000000A0F13F000000000000000043
:10AD400000A031D645C3B8BF68562F4D297C133DAE
:10AD50000000000000A0F13F000000000000000023
:10AD600000A031D645C3B8BF68562F4D297C133D8E
:10AD7000000000000080F13F000000000000000023
:10AD80000060E58AD2F0B6BFDA7333C9379726BDC3
:10AD9000000000000060F13F000000000000000023
:10ADA0000020063F071BB5BF575EC6615B021F3D13
:10ADB000000000000060F13F000000000000000003
:10ADC0000020063F071BB5BF575EC6615B021F3DF3
:10ADD000000000000040F13F000000000000000003
:10ADE00000E01B96D741B3BFDF13F9CCDA5E2C3DF0
:10ADF000000000000040F13F0000000000000000E3
:10AE000000E01B96D741B3BFDF13F9CCDA5E2C3DCF
:10AE1000000000000020F13F0000000000000000E2
:10AE20000080A3EE3665B1BF09A38F765E7C143D2A
:10AE3000000000000000F13F0000000000000000E2
:10AE4000008011C0300AAFBF918E36839E592D3DD0
:10AE5000000000000000F13F0000000000000000C2
:10AE6000008011C0300AAFBF918E36839E592D3DB0
:10AE70000000000000E0F03F0000000000000000C3
:10AE800000801971DD42ABBF4C70D6E57A821C3D63
:10AE90000000000000E0F03F0000000000000000A3
:10AEA00000801971DD42ABBF4C70D6E57A821C3D43
:10AEB0000000000000C0F03F0000000000000000A3
:10AEC00000C032F65874A7BFEEA1F23446FC2CBD88
:10AED0000000000000C0F03F000000000000000083
:10AEE00000C032F65874A7BFEEA1F23446FC2CBD68
:10AEF0000000000000A0F03F000000000000000083
:10AF000000C0FEB9879EA3BFAAFE26F5B702F53C96
:10AF10000000000000A0F03F000000000000000062
:10AF200000C0FEB9879EA3BFAAFE26F5B702F53C76
:10AF3000000000000080F03F000000000000000062
:10AF40000000780E9B829FBFE4097E7C268029BD8D
:10AF5000000000000080F03F000000000000000042
:10AF60000000780E9B829FBFE4097E7C268029BD6D
:10AF7000000000000060F03F000000000000000042
:10AF80000080D5071BB997BF39A6FA93548D28BD09
:10AF9000000000000040F03F000000000000000042
:10AFA0000000FCB0A8C08FBF9CA6D3F67C1EDFBCFF
:10AFB000000000000040F03F000000000000000022
:10AFC0000000FCB0A8C08FBF9CA6D3F67C1EDFBCDF
:10AFD000000000000020F03F000000000000000022
:10AFE0000000106B2AE07FBFE440DA0D3FE219BD9C
:10AFF000000000000020F03F000000000000000002
:10B000000000106B2AE07FBFE440DA0D3FE219BD7B
:10B01000000000000000F03F000000000000000001
:10B020000000000000000000000000000000000020
:10B03000000000000000F03F0000000000000000E1
:10B040000000000000000000000000000000000000
:10B050000000000000C0EF3F000000000000000002
:10B06000000089751510803FE82B9D996BC710BDB6
:10B07000000000000080EF3F000000000000000022
:10B08000008093585620903FD2F7E2065BDC23BD48
:10B09000000000000040EF3F000000000000000042
:10B0A0000000C9282549983F340C5A32BAA02ABD5D
:10B0B000000000000000EF3F000000000000000062
:10B0C0000040E7895D41A03F53D7F15CC011013DCD
:10B0D0000000000000C0EE3F000000000000000083
:10B0E00000002ED4AE66A43F28FDBD7573162CBD9E
:10B0F000000000000080EE3F0000000000000000A3
:10B1000000C09F14AA94A83F7D265AD0957919BDF6
:10B11000000000000040EE3F0000000000000000C2
:10B1200000C0DDCD73CBAC3F0728D847F2681ABD0D
:10B13000000000000020EE3F0000000000000000C2
:10B1400000C006C031EAAE3F7B3BC94F3E110EBD89
:10B150000000000000E0ED3F0000000000000000E3
:10B16000006046D13B97B13F9B9E0D565D3225BD99
:10B170000000000000A0ED3F000000000000000003
:10B1800000E0D1A7F5BDB33FD74EDBA55EC82C3D8F
:10B19000000000000060ED3F000000000000000023
:10B1A00000A0974D5AE9B53F1E1D5D3C06692CBDB8
:10B1B000000000000040ED3F000000000000000023
:10B1C00000C0EA0AD300B73F32ED9DA98D1EEC3CCA
:10B1D000000000000000ED3F000000000000000043
:10B1E0000040595D5E33B93FDA47BD3A5C11233DFB
:10B1F0000000000000C0EC3F000000000000000064
:10B200000060AD8DC86ABB3FE568F72B809013BD29
:10B210000000000000A0EC3F000000000000000063
:10B220000040BC015888BC3FD3AC5AC6D146263D2D
:10B23000000000000060EC3F000000000000000083
:10B2400000200A8339C7BE3FE045E6AF68C02DBD88
:10B25000000000000040EC3F000000000000000083
:10B2600000E0DB3991E8BF3FFD0AA14FD63425BD90
:10B27000000000000000EC3F0000000000000000A3
:10B2800000E027828E17C13FF2072DCE78EF213DD7
:10B290000000000000E0EB3F0000000000000000A4
:10B2A00000F0237E2BAAC13F349938448EA72C3D51
:10B2B0000000000000A0EB3F0000000000000000C4
:10B2C0000080860C61D1C23FA1B481CB6C9D033D4F
:10B2D000000000000080EB3F0000000000000000C4
:10B2E000009015B0FC65C33F89724B23A82FC63C64
:10B2F000000000000040EB3F0000000000000000E4
:10B3000000B033833D91C43F78B6FD547983253D29
:10B31000000000000020EB3F0000000000000000E3
:10B3200000B0A1E4E527C53FC77D69E5E833263DC8
:10B330000000000000E0EA3F000000000000000004
:10B3400000108CBE4E57C63F782E3C2C8BCF193D3B
:10B350000000000000C0EA3F000000000000000004
:10B360000070758B12F0C63FE1219CE58D1125BD63
:10B370000000000000A0EA3F000000000000000004
:10B38000005044858D89C73F0543917010661CBDF0
:10B39000000000000060EA3F000000000000000024
:10B3A000000039EBAFBEC83FD12CE9AA543D07BD20
:10B3B000000000000040EA3F000000000000000024
:10B3C0000000F7DC5A5AC93F6FFFA05828F2073D2A
:10B3D000000000000000EA3F000000000000000044
:10B3E00000E08A3CED93CA3F69215650437228BD64
:10B3F0000000000000E0E93F000000000000000045
:10B4000000D05B57D831CB3FAAE1AC4E8D350CBD97
:10B410000000000000C0E93F000000000000000044
:10B4200000E03B3887D0CB3FB6125459C44B2DBDFA
:10B430000000000000A0E93F000000000000000044
:10B440000010F0C6FB6FCC3FD22B96C572ECF1BC5E
:10B45000000000000060E93F000000000000000064
:10B460000090D4B03DB1CD3F35B015F72AFF2ABDCD
:10B47000000000000040E93F000000000000000064
:10B480000010E7FF0E53CE3F30F441602712C23C5C
:10B49000000000000020E93F000000000000000064
:10B4A0000000DDE4ADF5CE3F118EBB651521CABCB1
:10B4B000000000000000E93F000000000000000064
:10B4C00000B0B36C1C99CF3F30DF0CCAECCB1B3DF6
:10B4D0000000000000C0E83F000000000000000085
:10B4E00000584D603871D03F914EED16DB9CF83C12
:10B4F0000000000000A0E83F000000000000000085
:10B50000006061672DC4D03FE9EA3C168B18273DE7
:10B51000000000000080E83F000000000000000084
:10B5200000E827828E17D13F1CF0A5630E212CBDA9
:10B53000000000000060E83F000000000000000084
:10B5400000F8ACCB5C6BD13F8116A5F7CD9A2B3DB3
:10B55000000000000040E83F000000000000000084
:10B5600000685A6399BFD13FB7BD4751EDA62C3D46
:10B57000000000000020E83F000000000000000084
:10B5800000B80E6D4514D23FEABA46BADE870A3DCE
:10B590000000000000E0E73F0000000000000000A5
:10B5A0000090DC7CF0BED23FF404504AFA9C2A3D65
:10B5B0000000000000C0E73F0000000000000000A5
:10B5C0000060D3E1F114D33FB83C21D37AE228BD27
:10B5D0000000000000A0E73F0000000000000000A5
:10B5E0000010BE76676BD33FC877F1B0CD6E113DCA
:10B5F000000000000080E73F0000000000000000A5
:10B600000030337752C2D33F5CBD06B6543B183D81
:10B61000000000000060E73F0000000000000000A4
:10B6200000E8D523B419D43F9DE090EC36E4083D02
:10B63000000000000040E73F0000000000000000A4
:10B6400000C871C28D71D43F75D66709CE272FBD52
:10B65000000000000020E73F0000000000000000A4
:10B660000030179EE0C9D43FA4D80A1B89202EBD04
:10B67000000000000000E73F0000000000000000A4
:10B6800000A03807AE22D53F59C7648170BE2E3D59
:10B690000000000000E0E63F0000000000000000A5
:10B6A00000D0C853F77BD53FEF405DEEEDAD1F3DB9
:10B6B0000000000000C0E63F0000000000000000A5
:10B6C000006059DFBDD5D53FDC65A4082A0B0ABD53
:10B6D000BEF3F879EC61F63F1930965BC6FEDEBF2B
:10B6E0003D88AF4AED71F53FA4FCD432680BDBBF57
:10B6F000B010F0F03995F43F7BB71F0A8B41D7BFEC
:10B700008503B8B095C9F33F7BCF6D1AE99DD3BFD0
:10B71000A564880C190DF33F31B6F2F39B1DD0BF21
:10B72000A08E0B7B225EF23FF07A3B1B1D7CC9BFD3
:10B730003F341A4A4ABBF13F9F3CAF93E3F9C2BF83
:10B74000BAE58AF05823F13F5C8D78BFCB60B9BF72
:10B75000A70099413F95F03FCE5F47B69D6FAABFC6
:10B76000000000000000F03F0000000000000000AA
:10B77000AC479AFD8C60EE3F3DF5249FCA38B33F3D
:10B78000A06A021FB3A4EC3FBA913854A976C43F13
:10B79000E6FC6A573620EB3FD2E4C44A0B84CE3F26
:10B7A0002DAAA163D1C2E93F1C65C6F04506D43F6E
:10B7B000ED417803E686E83FF89F1B2C9C8ED83F2E
:10B7C000624853F5DC67E73FCC7BB14EA4E0DC3F39
:10B7D0000B6E49C91676D23F7AC675A06919D7BFD4
:10B7E000DDBAA76C0AC7DE3FC8F6BE484715E7BFFB
:10B7F0002BB82A654715F73F000000000000F03F16
:10B80000000000000000F0BF000000000000F0BFDA
:10B81000000000000000F03F83C8C96D305F644144
:10B82000182D4454FB21F93F000000000000F03FB8
:10B830001C620CFDFFFFDFBF198F06E15355A53FCA
:10B840009D359AE887C056BFC3F87B024393F93E03
:10B8500003A695595455C5BFC40B23057610813FE7
:10B8600024CF7437EB9429BF000000000000F03FA4
:10B87000000000000000F0BF000000000000F0BF6A
:10B88000000000000000F03F83C8C96D305F6441D4
:10B89000182D4454FB21F93F000000000000F0BFC8
:10B8A0001C620CFDFFFFDF3F198F06E15355A5BF5A
:10B8B0009D359AE887C0563FC3F87B024393F9BE93
:10B8C00003A695595455C5BFC40B23057610813F77
:10B8D00024CF7437EB9429BFBC89D897B2D29C3C53
:10B8E00033A7A8D523F649393DA7F444FD0FA53267
:10B8F0009D978CCF08BA5B25436FAC64280668110E
:10B900000A0000003200000064000000FA0000009D
:10B91000E803000010270000A086010040420F004D
:10B920000A00000032000000FA000000F4010000EC
:10B93000000000000000008002000000060000007F
:10B94000020000000000000066D8493C7AD4C93CDF
:10B95000745A173DCBC4493D4A277C3DFE3F973D75
:10B960007766B03D1686C93DE09DE23DDBACFB3D10
:10B9700008590A3E42D6163E9F4D233EA4BE2F3E96
:10B98000D5283C3EB78B483ECDE6543E9E39613EBD
:10B99000AF836D3E85C4793ED3FD823E4D14893E12
:10B9A00073258F3E0931953ED4369B3E9636A13E97
:10B9B0001530A73E1523AD3E5A0FB33EABF4B83E4B
:10B9C000CCD2BE3E82A9C43E9578CA3EC93FD03E85
:10B9D000E6FED53EB2B5DB3EF563E13E7609E73ED5
:10B9E000FDA5EC3E5239F23E3DC3F73E8843FD3E95
:10B9F000FE5C013F3113043F42C4063F1770093F0C
:10BA000095160C3FA1B70E3F2153113FFCE8133FA1
:10BA10001879163F5B03193FAC871B3FF2051E3FA9
:10BA2000147E203FFAEF223F8B5B253FAFC0273FBC
:10BA30004E1F2A3F51772C3FA1C82E3F2613313F7E
:10BA4000CA56333F7693353F13C9373F8DF7393F99
:10BA5000CD1E3C3FBD3E3E3F4957403F5C68423FA4
:10BA6000E171443FC573463FF26D483F55604A3F20
:10BA7000DB4A4C3F722D4E3F0508503F83DA513F61
:10BA8000DAA4533FF766553FCA20573F41D2583F8B
:10BA90004B7B5A3FD81B5C3FD7B35D3F39435F3F79
:10BAA000EFC9603FE847623F17BD633F6C29653FC0
:10BAB000DA8C663F52E7673FC838693F2E816A3F9C
:10BAC00077C06B3F97F66C3F82236E3F2C476F3FEA
:10BAD0008B61703F9272713F377A723F7178733F1A
:10BAE000346D743F7958753F353A763F5F12773F32
:10BAF000F0E0773FE0A5783F2661793FBB127A3FBF
:10BB000099BA7A3FB9587B3F15ED7B3FA7777C3FC9
:10BB10006AF87C3F586F7D3F6DDC7D3FA53F7E3FDF
:10BB2000FD987E3F6FE87E3FFA2D7F3F9B697F3F08
:10BB3000509B7F3F15C37F3FEBE07F3FCFF47F3FBC
:10BB4000C2FE7F3FC2FE7F3FCFF47F3FEBE07F3FEF
:10BB500015C37F3F509B7F3F9B697F3FFA2D7F3FFF
:10BB60006FE87E3FFD987E3FA53F7E3F6DDC7D3FC9
:10BB7000586F7D3F6AF87C3FA7777C3F15ED7B3F90
:10BB8000B9587B3F99BA7A3FBB127A3F2661793F19
:10BB9000E0A5783FF0E0773F5F12773F353A763F98
:10BBA0007958753F346D743F7178733F377A723FBF
:10BBB0009272713F8B61703F2C476F3F82236E3FC3
:10BBC00097F66C3F77C06B3F2E816A3FC838693F5C
:10BBD00052E7673FDA8C663F6C29653F17BD633FCC
:10BBE000E847623FEFC9603F39435F3FD7B35D3FEE
:10BBF000D81B5C3F4B7B5A3F41D2583FCA20573F2E
:10BC0000F766553FDAA4533F83DA513F0508503FAA
:10BC1000722D4E3FDB4A4C3F55604A3FF26D483F24
:10BC2000C573463FE171443F5C68423F4957403F1E
:10BC3000BD3E3E3FCD1E3C3F8DF7393F13C9373FD8
:10BC40007693353FCA56333F2613313FA1C82E3F66
:10BC500051772C3F4E1F2A3FAFC0273F8B5B253FBC
:10BC6000FAEF223F147E203FF2051E3FAC871B3FB8
:10BC70005B03193F1879163FFCE8133F2153113F2E
:10BC8000A1B70E3F95160C3F1770093F42C4063FFF
:10BC90003113043FFE5C013F8843FD3E3DC3F73E48
:10BCA0005239F23EFDA5EC3E7609E73EF563E13EF2
:10BCB000B2B5DB3EE6FED53EC93FD03E9578CA3EE2
:10BCC00082A9C43ECCD2BE3EABF4B83E5A0FB33EBE
:10BCD0001523AD3E1530A73E9636A13ED4369B3E89
:10BCE0000931953E73258F3E4D14893ED3FD823E2A
:10BCF00085C4793EAF836D3E9E39613ECDE6543EAC
:10BD0000B78B483ED5283C3EA4BE2F3E9F4D233ED8
:10BD100042D6163E08590A3EDBACFB3DE09DE23DB3
:10BD20001686C93D7766B03DFE3F973D4A277C3D6C
:10BD3000CBC4493D745A173D7AD4C93C66D8493CB6
:10BD400000000000000000000000000000000000F3
:10BD500000000000000000000000000000000000E3
:10BD600000000000000000000000000000000000D3
:10BD700000000000000000000000000000000000C3
:10BD800000000000000000000000000000000000B3
:10BD900000000000000000000000000000000000A3
:10BDA0000000000000000000000000000000000093
:10BDB0000000000000000000000000000000000083
:10BDC000000000003D2C01003F2C0100412C01002F
:10BDD000432C01006CC00F40C0000000504F000019
:10BDE00045C100000CFF000013000000000000002F
:10BDF0000000000024851F400BFF0000130000001E
:10BE0000000000000000000028851F400DFF00001A
:10BE100013000000000000000000000020851F400B
:10BE20000A25240013000000120000001200000088
:10BE300001020300000000001C851F4000000000FC
:10BE40000000000000000000000000007727000054
:10BE50008F270000B521000097260000B7240000BE
:10BE6000DD250000B12500000000000000000000FA
:10BE7000DB43010000000000000000005D4E0100F7
:10BE8000000000000000000063B50000000000009A
:10BE900000000000E94E010000000000000000006A
:10BEA000CDBB000000000000000000000FBD00003E
:10BEB0000000000000000000E9050100F10501009C
:10BEC000EB050100290701005F050100750901006C
:10BED000C9090100FF0501005D090100610D0100B4
:10BEE0007D06010081050100D50B01004B05010015
:10BEF0004F050100570501005B0501006F050100BA
:10BF0000F7080100EF0801007F0801004505010066
:10BF100053050100E70C01002D0A0100670C010028
:10BF20000000000000000000C9540100C1540100DD
:10BF3000BD540100B9540100B5540100B1540100D1
:10BF4000AD540100A95401000000000000000000F1
:10BF5000C5B10000000000000000000079B800003A
:10BF60000000000000000000E1AD000069AB00002F
:10BF7000ADAE00006DAB0000EDAD000000000000B4
:10BF80000000000015220000BB210000B5210000C8
:10BF9000E3210000C7210000EF210000D3210000B1
:10BFA000BD270000D52700000000000000000000B1
:10BFB000772700008F270000B5210000972600009A
:10BFC000B7240000DD250000B125000000000000BE
:10BFD000000000006125000085250000FD2500000F
:10BFE0006D270000C1240000BB250000A126000031
:10BFF000B122000029260000B72300004F240000D2
:10C000003B250000312500006D220000ED240000DA
:10C010004D280000F72400004F230000E722000015
:10C0200023270000ED2600000000000000000000B3
:10C03000DB430100052E0100B5210000B9210000FD
:10C04000DB430100DB430100DB4301000000000093
:10C050000000000059C10000DDC10000CD28000033
:10C060001DC30000E3C2000037C2000097C20000F9
:10C07000EDC1000011C400006DC300001BC500002D
:10C0800085C5000055C10000000000000000000050
:10C090004B22010071220100B5210000492201005C
:10C0A00009220100152201003322010000000000D6
:10C0B00000000000F50F010059100100190E0100E9
:10C0C0009D140100251C010045130100A10D010074
:10C0D0003D140100311D010001160100C1130100D2
:10C0E000DB0D0100DD140100950F0100A10F01001F
:10C0F0000D0E0100110E0100150E0100AD0F010023
:10C10000C90F0100E50F0100211201006D110100AE
:10C1100019170100A1170100A5160100A3270100AE
:10C12000952701009B270100A1270100D8399D27F1
:10C130000054EA2A00A4781F007B9A17A20000008E
:10C14000F9A2000083F9A2006E83F9A24E6E83F972
:10C15000444E6E8315444E6E2915444EFC291544F9
:10C1600027FC29155727FC29D15727FCF5D157273C
:10C1700034F5D157DD34F5D1C0DD34F5DBC0DD3425
:10C1800062DBC0DD9562DBC0999562DB3C9995620C
:10C19000433C999590433C994190433C08000002F0
:10C1A0001000000418000006200040002800400293
:10C1B0003000400438004006400080004800800203
:10C1C00050008004580080066000C0006800C00273
:10C1D0007000C0047800C0068000000188000003E1
:10C1E0009000000598000007A0004001A80040034F
:10C1F000B0004005B8004007C0008001C8008003BF
:10C20000D0008005D8008007E000C001E800C0032E
:10C21000F000C005F800C007000100020801080294
:10C2200010010804180108062001800228014802B4
:10C2300030014804380148064001000348018802E3
:10C240005001880458018806600180036801C80213
:10C250007001C8047801C80680010802880108033B
:10C260009001080598010807A0018802A801480369
:10C27000B0014805B8014807C0010803C801880398
:10C28000D0018805D8018807E0018803E801C803C8
:10C29000F001C805F801C8070802100200020004F6
:10C2A0001002100418021006200280042802500216
:10C2B0003002500438025006400200054802900245
:10C2C0005002900458029006600280056802D00275
:10C2D0007002D0047802D00680020804880210039D
:10C2E0009002100598021007A0028804A8025003CB
:10C2F000B0025005B8025007C0020805C8029003FA
:10C30000D0029005D8029007E0028805E802D00329
:10C31000F002D005F802D00700030006080310065B
:10C32000100318041803180620038006280390063B
:10C330003003580438035806400300074803100729
:10C340005003980458039806600380076803900719
:10C350007003D8047803D8068003080688031806FB
:10C360009003180598031807A0038806A8039806E9
:10C37000B0035805B8035807C0030807C8031807D7
:10C38000D0039805D8039807E0038807E8039807C7
:10C39000F003D805F803D80708048004100420042B
:10C3A0001804200628048005300460043804600660
:10C3B00040040006480488045004A0045804A00661
:10C3C00060041006680488057004E0047804E00640
:10C3D000880480069004200598042007A00408061D
:10C3E000A8048007B0046005B8046007C0042006F4
:10C3F000C8048806D004A005D804A007E0041806E5
:10C40000E8048807F004E005F804E00708052005C3
:10C4100010058005180528062805900530058805B3
:10C4200038056806400500074805200750058007C5
:10C430005805A8066005080768059805700588076F
:10C440007805E8068805900698052807A0052806BF
:10C45000A8059007B0052807B8056807C0051007AC
:10C46000C8059806D0059007D805A807E005180765
:10C47000E8059807F0059807F805E807180630065C
:10C480003806700640060007480680075006080771
:10C490005806B00660061007680690077006180771
:10C4A0007806F0068806A00698063007A806A007BA
:10C4B000B0068807B8067007C0062007C806A007A0
:10C4C000D0062807D806B007E0063007E806A80718
:10C4D000F0069807F806F00748075007380798074E
:10C4E00050076007580770076007C0076807D00744
:10C4F0007807F0077007E007B807F007A807B0074C
:10C50000D807F007C807E007E807F00708000002AF
:10C510001000000418000006200000082800000A8F
:10C520003000000C3800000E48004002500040046B
:10C5300058004006600040086800400A7000400C47
:10C540007800400E880080029000800498008006E9
:10C55000A0008008A800800AB000800CB800800EFF
:10C56000C800C002D000C004D800C006E000C00867
:10C57000E800C00AF000C00CF800C00E080100037B
:10C580001001000518010007200100092801000B17
:10C590003001000D3801000F4801400350014005F3
:10C5A00058014007600140096801400B7001400DCF
:10C5B0007801400F88018003900180059801800771
:10C5C000A0018009A801800BB001800DB801800F87
:10C5D000C801C003D001C005D801C007E001C009EF
:10C5E000E801C00BF001C00DF801C00F10020804F3
:10C5F00018020806200208082802080A3002080C5F
:10C600003802080E500248045802480660024808E2
:10C610006802480A7002480C7802480E90028804AA
:10C6200098028806A0028808A802880AB002880C2E
:10C63000B802880ED002C804D802C806E002C808B2
:10C64000E802C80AF002C80CF802C80E1003080578
:10C6500018030807200308092803080B3003080DF6
:10C660003803080F5003480558034807600348097A
:10C670006803480B7003480D7803480F9003880542
:10C6800098038807A0038809A803880BB003880DC6
:10C69000B803880FD003C805D803C807E003C8094A
:10C6A000E803C80BF003C80DF803C80F1804100600
:10C6B000200410082804100A3004100C3804100E4E
:10C6C00058045006600450086804500A7004500C66
:10C6D0007804500E98049006A0049008A804900ACC
:10C6E000B004900CB804900ED804D006E004D00832
:10C6F000E804D00AF004D00CF804D00E1805100796
:10C70000200510092805100B3005100D3805100FF5
:10C7100058055007600550096805500B7005500D0D
:10C720007805500F98059007A0059009A805900B73
:10C73000B005900DB805900FD805D007E005D009D9
:10C74000E805D00BF005D00DF805D00F200618082D
:10C750002806180A3006180C3806180E6006580805
:10C760006806580A7006580C7806580EA0069808F5
:10C77000A806980AB006980CB806980EE006D808E5
:10C78000E806D80AF006D80CF806D80E20071809D3
:10C790002807180B3007180D3807180F60075809BD
:10C7A0006807580B7007580D7807580FA0079809AD
:10C7B000A807980BB007980DB807980FE007D8099D
:10C7C000E807D80BF007D80DF807D80F2808200A7B
:10C7D0003008200C3808200E6808600A7008600CC9
:10C7E0007808600EA808A00AB008A00CB808A00E2F
:10C7F000E808E00AF008E00CF808E00E2809200B31
:10C800003009200D3809200F6809600B7009600D90
:10C810007809600FA809A00BB009A00DB809A00FF6
:10C82000E809E00BF009E00DF809E00F300A280CE8
:10C83000380A280E700A680C780A680EB00AA80C2C
:10C84000B80AA80EF00AE80CF80AE80E300B280D1A
:10C85000380B280F700B680D780B680FB00BA80D04
:10C86000B80BA80FF00BE80DF80BE80F380C300EE2
:10C87000780C700EB80CB00EF80CF00E380D300FAE
:10C88000780D700FB80DB00FF80DF00F000100001B
:10C89000B04600202C330020B80100000002000048
:10C8A000B04E00209C360020C00100000000004275
:10C8B000C8801F40B8821F400800000000000042EE
:10C8C000C4801F40B4821F400400000000C000422A
:10C8D00024801F4014821F401000000000C000424E
:10C8E00028801F4018821F402000000000C0004226
:10C8F0002C801F401C821F404000000000C00042EE
:10C9000034801F4024821F4000010000004000428C
:10C9100064811F4054831F40000400000040004217
:10C9200080811F4070831F400000020000400042D1
:10C930007C811F406C831F400000010000400042CA
:10C9400068811F4058831F400008000000400042DB
:10C950003C811F402C831F4001000000004000422A
:10C9600044811F4034831F40040000000040004207
:10C9700040811F4030831F40020000000040004201
:10C9800048811F4038831F4008000000000000421B
:10C9900004811F40F4821F40000004000000004298
:10C9A00008811F40F8821F4000000800000000427C
:10C9B00018811F4008831F400000800000000042D3
:10C9C00014811F4004831F4000004000000000420B
:10C9D00000811F40F0821F40000002000000004262
:10C9E000FC801F40EC821F4000000100000000425C
:10C9F00024811F4014831F400000000400000042F7
:10CA000028811F4018831F400000000800000042DA
:10CA10001C811F400C831F400000000100000042E9
:10CA200020811F4010831F400000000200000042D0
:10CA3000EC801F40DC821F4000100000000000421C
:10CA4000F0801F40E0821F400020000000000042F4
:10CA500034811F4024831F4000000040000000423A
:10CA600038811F4028831F40000000800080004262
:10CA700094801F4084821F400000040000C00042D8
:10CA800090801F4080821F40000000800080004294
:10CA9000A8801F4098821F40000080000080004254
:10CAA000A4801F4094821F400000400000400042CC
:10CAB0006C811F405C831F400010000000C00042DA
:10CAC00030801F4020821F40800000000040004254
:10CAD000B0811F40A0831F400000002000400042A2
:10CAE000AC811F409C831F400000001000400042AA
:10CAF00084811F4074831F400000040000400042F6
:10CB000088811F4078831F40000008000000004219
:10CB10002C811F401C831F400000001000000042B9
:10CB200030811F4020831F40000000200000004291
:10CB30000C811F40FC821F400000100000000042DA
:10CB400010811F4000831F40000020000080004231
:10CB5000C8811F40B8831F40008000000080004251
:10CB6000C4811F40B4831F40004000000080004289
:10CB7000C0811F40B0831F400020000000800042A1
:10CB8000BC811F40AC831F400010000000800042A9
:10CB9000D0811F40C0831F4000000200008000427F
:10CBA000CC811F40BC831F400000010000C0004238
:10CBB00074801F4064821F400000000100C00042DA
:10CBC00080801F4070821F400000000800C00042AB
:10CBD00084801F4074821F400000001000C000428B
:10CBE0006C801F405C821F400000400000C000427B
:10CBF0007C801F406C821F400000000400C0004287
:10CC000078801F4068821F400000000200C0004280
:10CC100088801F4078821F400000002035000000FF
:10CC2000CEFBFFFFCB03000001000000000000006E
:10CC300034000000CEFBFFFFCB030000010000002A
:10CC400000000000020000000300000004000000DB
:10CC50000600000000000000FB21F93FFB21094015
:10CC60007CD91240FB2119407A6A1F407CD92240AE
:10CC7000BBFD2540FB2129403A462C407A6A2F40D3
:10CC80005C4731407CD932409C6B3440BBFD354021
:10CC9000DB8F3740FB2139401BB43A403A463C40D9
:10CCA0005AD83D407A6A3F404C7E40405C47414004
:10CCB0006C1042407CD942408CA243409C6B444063
:10CCC000AC344540BBFD4540CBC64640DB8F4740BA
:10CCD000EB584840FB2149400500000019000000C6
:10CCE0007D000000070000000300000004000000B9
:10CCF000080000000600000006000000020000001E
:10CD0000070000000400000004000000060000000E
:10CD1000020000000300000001000000000000000D
:10CD2000920E493CB10AC93C2BC3163D2EFB483D2F
:10CD3000752B7B3D04A9963D80B6AF3D36BDC83D01
:10CD40002FBCE13D73B2FA3D87CF093E8340163ECA
:10CD5000B5AB223EA2102F3ECF6E3B3EC2C5473E32
:10CD60000115543E135C603E7F9A6C3ECCCF783EFA
:10CD7000C07D823E938E883E229A8E3E32A0943EA3
:10CD800086A09A3EE59AA03E128FA63ED47CAC3E89
:10CD9000EF63B23E2A44B83E491DBE3E15EFC33E86
:10CDA00053B9C93ECA7BCF3E4136D53E80E8DA3E14
:10CDB0004F92E03E7533E63EBBCBEB3EEA5AF13E86
:10CDC000CBE0F63E275DFC3EE4E7003F3D9C033FA1
:10CDD000824B063F9BF5083F6B9A0B3FDA390E3FBB
:10CDE000CDD3103F2A68133FD9F6153FC07F183FB7
:10CDF000C6021B3FD17F1D3FCBF61F3F9967223FE5
:10CE000025D2243F5636273F1594293F4AEB2B3F26
:10CE1000DE3B2E3FBB85303FC9C8323FF304353F70
:10CE2000233A373F4268393F3B8F3B3FF9AE3D3FA6
:10CE300067C73F3F70D8413F01E2433F03E4453FAE
:10CE400065DE473F12D1493FF8BB4B3F029F4D3F44
:10CE5000207A4F3F3D4D513F4918533F31DB543FFE
:10CE6000E595563F5348583F6AF2593F1A945B3F45
:10CE7000532D5D3F05BE5E3F2146603F97C5613F34
:10CE80005A3C633F59AA643F880F663FD86B673F9F
:10CE90003CBF683FA7096A3F0C4B6B3F5E836C3F0A
:10CEA00093B26D3F9ED86E3F73F56F3F0809713F97
:10CEB0005213723F4714733FDD0B743F0BFA743FFC
:10CEC000C6DE753F07BA763FC58B773FF853783F8C
:10CED0009812793F9DC7793F02737A3FBE147B3F1A
:10CEE000CDAC7B3F283B7C3FC9BF7C3FAC3A7D3F0C
:10CEF000CCAB7D3F23137E3FB0707E3F6DC47E3F41
:10CF0000580E7F3F6D4E7F3FAB847F3F0FB17F3F19
:10CF100097D37F3F43EC7F3F11FB7F3F0000803F73
:10CF200011FB7F3F43EC7F3F97D37F3F0FB17F3FA4
:10CF3000AB847F3F6D4E7F3F580E7F3F6DC47E3F79
:10CF4000B0707E3F23137E3FCCAB7D3FAC3A7D3F3C
:10CF5000C9BF7C3F283B7C3FCDAC7B3FBE147B3FB1
:10CF600002737A3F9DC7793F9812793FF853783F13
:10CF7000C58B773F07BA763FC6DE753F0BFA743F25
:10CF8000DD0B743F4714733F5213723F0809713F22
:10CF900073F56F3F9ED86E3F93B26D3F5E836C3FDB
:10CFA0000C4B6B3FA7096A3F3CBF683FD86B673F9C
:10CFB000880F663F59AA643F5A3C633F97C5613F5B
:10CFC0002146603F05BE5E3F532D5D3F1A945B3F97
:10CFD0006AF2593F5348583FE595563F31DB543F7D
:10CFE0004918533F3D4D513F207A4F3F029F4D3FDF
:10CFF000F8BB4B3F12D1493F65DE473F03E4453F55
:10D0000001E2433F70D8413F67C73F3FF9AE3D3F24
:10D010003B8F3B3F4268393F233A373FF304353F6C
:10D02000C9C8323FBB85303FDE3B2E3F4AEB2B3F2A
:10D030001594293F5636273F25D2243F9967223F32
:10D04000CBF61F3FD17F1D3FC6021B3FC07F183F5D
:10D05000D9F6153F2A68133FCDD3103FDA390E3F7A
:10D060006B9A0B3F9BF5083F824B063F3D9C033F6D
:10D07000E4E7003F275DFC3ECBE0F63EEA5AF13E96
:10D08000BBCBEB3E7533E63E4F92E03E80E8DA3EA6
:10D090004136D53ECA7BCF3E53B9C93E15EFC33E9C
:10D0A000491DBE3E2A44B83EEF63B23ED47CAC3E3E
:10D0B000128FA63EE59AA03E86A09A3E32A0943EEC
:10D0C000229A8E3E938E883EC07D823ECCCF783EA3
:10D0D0007F9A6C3E135C603E0115543EC2C5473ECC
:10D0E000CF6E3B3EA2102F3EB5AB223E8340163E94
:10D0F00087CF093E73B2FA3D2FBCE13D36BDC83D36
:10D1000080B6AF3D04A9963D752B7B3D2EFB483D77
:10D110002BC3163DB10AC93C920E493C00000000E9
:10D12000920E49BCB10AC9BC2BC316BD2EFB48BD2B
:10D13000752B7BBD04A996BD80B6AFBD36BDC8BDFD
:10D140002FBCE1BD73B2FABD87CF09BE834016BEC6
:10D15000B5AB22BEA2102FBECF6E3BBEC2C547BE2E
:10D16000011554BE135C60BE7F9A6CBECCCF78BEF6
:10D17000C07D82BE938E88BE229A8EBE32A094BE9F
:10D1800086A09ABEE59AA0BE128FA6BED47CACBE85
:10D19000EF63B2BE2A44B8BE491DBEBE15EFC3BE82
:10D1A00053B9C9BECA7BCFBE4136D5BE80E8DABE10
:10D1B0004F92E0BE7533E6BEBBCBEBBEEA5AF1BE82
:10D1C000CBE0F6BE275DFCBEE4E700BF3D9C03BF9D
:10D1D000824B06BF9BF508BF6B9A0BBFDA390EBFB7
:10D1E000CDD310BF2A6813BFD9F615BFC07F18BFB3
:10D1F000C6021BBFD17F1DBFCBF61FBF996722BFE1
:10D2000025D224BF563627BF159429BF4AEB2BBF22
:10D21000DE3B2EBFBB8530BFC9C832BFF30435BF6C
:10D22000233A37BF426839BF3B8F3BBFF9AE3DBFA2
:10D2300067C73FBF70D841BF01E243BF03E445BFAA
:10D2400065DE47BF12D149BFF8BB4BBF029F4DBF40
:10D25000207A4FBF3D4D51BF491853BF31DB54BFFA
:10D26000E59556BF534858BF6AF259BF1A945BBF41
:10D27000532D5DBF05BE5EBF214660BF97C561BF30
:10D280005A3C63BF59AA64BF880F66BFD86B67BF9B
:10D290003CBF68BFA7096ABF0C4B6BBF5E836CBF06
:10D2A00093B26DBF9ED86EBF73F56FBF080971BF93
:10D2B000521372BF471473BFDD0B74BF0BFA74BFF8
:10D2C000C6DE75BF07BA76BFC58B77BFF85378BF88
:10D2D000981279BF9DC779BF02737ABFBE147BBF16
:10D2E000CDAC7BBF283B7CBFC9BF7CBFAC3A7DBF08
:10D2F000CCAB7DBF23137EBFB0707EBF6DC47EBF3D
:10D30000580E7FBF6D4E7FBFAB847FBF0FB17FBF15
:10D3100097D37FBF43EC7FBF11FB7FBF000080BF6F
:10D3200011FB7FBF43EC7FBF97D37FBF0FB17FBFA0
:10D33000AB847FBF6D4E7FBF580E7FBF6DC47EBF75
:10D34000B0707EBF23137EBFCCAB7DBFAC3A7DBF38
:10D35000C9BF7CBF283B7CBFCDAC7BBFBE147BBFAD
:10D3600002737ABF9DC779BF981279BFF85378BF0F
:10D37000C58B77BF07BA76BFC6DE75BF0BFA74BF21
:10D38000DD0B74BF471473BF521372BF080971BF1E
:10D3900073F56FBF9ED86EBF93B26DBF5E836CBFD7
:10D3A0000C4B6BBFA7096ABF3CBF68BFD86B67BF98
:10D3B000880F66BF59AA64BF5A3C63BF97C561BF57
:10D3C000214660BF05BE5EBF532D5DBF1A945BBF93
:10D3D0006AF259BF534858BFE59556BF31DB54BF79
:10D3E000491853BF3D4D51BF207A4FBF029F4DBFDB
:10D3F000F8BB4BBF12D149BF65DE47BF03E445BF51
:10D4000001E243BF70D841BF67C73FBFF9AE3DBF20
:10D410003B8F3BBF426839BF233A37BFF30435BF68
:10D42000C9C832BFBB8530BFDE3B2EBF4AEB2BBF26
:10D43000159429BF563627BF25D224BF996722BF2E
:10D44000CBF61FBFD17F1DBFC6021BBFC07F18BF59
:10D45000D9F615BF2A6813BFCDD310BFDA390EBF76
:10D460006B9A0BBF9BF508BF824B06BF3D9C03BF69
:10D47000E4E700BF275DFCBECBE0F6BEEA5AF1BE92
:10D48000BBCBEBBE7533E6BE4F92E0BE80E8DABEA2
:10D490004136D5BECA7BCFBE53B9C9BE15EFC3BE98
:10D4A000491DBEBE2A44B8BEEF63B2BED47CACBE3A
:10D4B000128FA6BEE59AA0BE86A09ABE32A094BEE8
:10D4C000229A8EBE938E88BEC07D82BECCCF78BE9F
:10D4D0007F9A6CBE135C60BE011554BEC2C547BEC8
:10D4E000CF6E3BBEA2102FBEB5AB22BE834016BE90
:10D4F00087CF09BE73B2FABD2FBCE1BD36BDC8BD32
:10D5000080B6AFBD04A996BD752B7BBD2EFB48BD73
:10D510002BC316BDB10AC9BC920E49BC00000080E5
:10D520000000803F0000000043EC7F3FB00AC93C90
:10D530000FB17F3F2FFB483D6D4E7F3F05A9963DC4
:10D540006DC47E3F36BDC83D24137E3F73B2FA3DA5
:10D55000AC3A7D3F8340163E283B7C3FA2102F3ED5
:10D56000BE147B3FC2C5473E9DC7793F135C603EFA
:10D57000F853783FCCCF783E07BA763F938E883EFB
:10D580000BFA743F31A0943E4714733FE59AA03ED6
:10D590000809713FD47CAC3E9ED86E3F2A44B83E09
:10D5A0005E836C3F15EFC33EA7096A3FCA7BCF3E3F
:10D5B000D86B673F80E8DA3E59AA643F7533E63E90
:10D5C00098C5613FEA5AF13E05BE5E3F275DFC3ECD
:10D5D0001A945B3F3D9C033F5348583F9BF5083FDF
:10D5E00031DB543FDA390E3F3D4D513F2A68133F3E
:10D5F000029F4D3FC07F183F12D1493FD17F1D3F51
:10D6000003E4453F9967223F70D8413F5636273F94
:10D61000F9AE3D3F4AEB2B3F4268393FBB85303F77
:10D62000F304353FF304353FBB85303F4268393F53
:10D630004AEB2B3FF9AE3D3F5636273F70D8413F6E
:10D640009967223F03E4453FD17F1D3F12D1493FF7
:10D65000C07F183F029F4D3F2A68133F3D4D513F09
:10D66000DA390E3F31DB543F9BF5083F5348583FB2
:10D670003D9C033F1A945B3F275DFC3E05BE5E3F29
:10D68000EA5AF13E98C5613F7533E63E59AA643FB8
:10D6900080E8DA3ED86B673FCA7BCF3EA7096A3F76
:10D6A00015EFC33E5E836C3F2A44B83E9ED86E3F62
:10D6B000D47CAC3E0809713FE59AA03E4714733F05
:10D6C00031A0943E0BFA743F938E883E07BA763FA2
:10D6D000CCCF783EF853783F135C603E9DC7793FCE
:10D6E000C2C5473EBE147B3FA2102F3E283B7C3F65
:10D6F0008340163EAC3A7D3F73B2FA3D24137E3F21
:10D7000036BDC83D6DC47E3F05A9963D6D4E7F3F39
:10D710002FFB483D0FB17F3FB00AC93C43EC7F3F30
:10D72000000000000000803FB00AC9BC43EC7F3F0E
:10D730002FFB48BD0FB17F3F05A996BD6D4E7F3FC2
:10D7400036BDC8BD6DC47E3F73B2FABD24137E3FA3
:10D75000834016BEAC3A7D3FA2102FBE283B7C3FD3
:10D76000C2C547BEBE147B3F135C60BE9DC7793FF8
:10D77000CCCF78BEF853783F938E88BE07BA763FF9
:10D7800031A094BE0BFA743FE59AA0BE4714733FD4
:10D79000D47CACBE0809713F2A44B8BE9ED86E3F07
:10D7A00015EFC3BE5E836C3FCA7BCFBEA7096A3F3D
:10D7B00080E8DABED86B673F7533E6BE59AA643F8E
:10D7C000EA5AF1BE98C5613F275DFCBE05BE5E3FCB
:10D7D0003D9C03BF1A945B3F9BF508BF5348583FDD
:10D7E000DA390EBF31DB543F2A6813BF3D4D513F3C
:10D7F000C07F18BF029F4D3FD17F1DBF12D1493F4F
:10D80000996722BF03E4453F563627BF70D8413F92
:10D810004AEB2BBFF9AE3D3FBB8530BF4268393F75
:10D82000F30435BFF304353F426839BFBB85303F51
:10D83000F9AE3DBF4AEB2B3F70D841BF5636273F6C
:10D8400003E445BF9967223F12D149BFD17F1D3FF5
:10D85000029F4DBFC07F183F3D4D51BF2A68133F07
:10D8600031DB54BFDA390E3F534858BF9BF5083FB0
:10D870001A945BBF3D9C033F05BE5EBF275DFC3E27
:10D8800098C561BFEA5AF13E59AA64BF7533E63EB6
:10D89000D86B67BF80E8DA3EA7096ABFCA7BCF3E74
:10D8A0005E836CBF15EFC33E9ED86EBF2A44B83E60
:10D8B000080971BFD47CAC3E471473BFE59AA03E03
:10D8C0000BFA74BF31A0943E07BA76BF938E883EA0
:10D8D000F85378BFCCCF783E9DC779BF135C603ECC
:10D8E000BE147BBFC2C5473E283B7CBFA2102F3E63
:10D8F000AC3A7DBF8340163E24137EBF73B2FA3D1F
:10D900006DC47EBF36BDC83D6D4E7FBF05A9963D37
:10D910000FB17FBF2FFB483D43EC7FBFB00AC93C2E
:10D92000000080BF0000000043EC7FBFB00AC9BC0C
:10D930000FB17FBF2FFB48BD6D4E7FBF05A996BDC0
:10D940006DC47EBF36BDC8BD24137EBF73B2FABDA1
:10D95000AC3A7DBF834016BE283B7CBFA2102FBED1
:10D96000BE147BBFC2C547BE9DC779BF135C60BEF6
:10D97000F85378BFCCCF78BE07BA76BF938E88BEF7
:10D980000BFA74BF31A094BE471473BFE59AA0BED2
:10D99000080971BFD47CACBE9ED86EBF2A44B8BE05
:10D9A0005E836CBF15EFC3BEA7096ABFCA7BCFBE3B
:10D9B000D86B67BF80E8DABE59AA64BF7533E6BE8C
:10D9C00098C561BFEA5AF1BE05BE5EBF275DFCBEC9
:10D9D0001A945BBF3D9C03BF534858BF9BF508BFDB
:10D9E00031DB54BFDA390EBF3D4D51BF2A6813BF3A
:10D9F000029F4DBFC07F18BF12D149BFD17F1DBF4D
:10DA000003E445BF996722BF70D841BF563627BF90
:10DA1000F9AE3DBF4AEB2BBF426839BFBB8530BF73
:10DA2000F30435BFF30435BFBB8530BF426839BF4F
:10DA30004AEB2BBFF9AE3DBF563627BF70D841BF6A
:10DA4000996722BF03E445BFD17F1DBF12D149BFF3
:10DA5000C07F18BF029F4DBF2A6813BF3D4D51BF05
:10DA6000DA390EBF31DB54BF9BF508BF534858BFAE
:10DA70003D9C03BF1A945BBF275DFCBE05BE5EBF25
:10DA8000EA5AF1BE98C561BF7533E6BE59AA64BFB4
:10DA900080E8DABED86B67BFCA7BCFBEA7096ABF72
:10DAA00015EFC3BE5E836CBF2A44B8BE9ED86EBF5E
:10DAB000D47CACBE080971BFE59AA0BE471473BF01
:10DAC00031A094BE0BFA74BF938E88BE07BA76BF9E
:10DAD000CCCF78BEF85378BF135C60BE9DC779BFCA
:10DAE000C2C547BEBE147BBFA2102FBE283B7CBF61
:10DAF000834016BEAC3A7DBF73B2FABD24137EBF1D
:10DB000036BDC8BD6DC47EBF05A996BD6D4E7FBF35
:10DB10002FFB48BD0FB17FBFB00AC9BC43EC7FBF2C
:10DB200000000080000080BFB00AC93C43EC7FBF0A
:10DB30002FFB483D0FB17FBF05A9963D6D4E7FBFBE
:10DB400036BDC83D6DC47EBF73B2FA3D24137EBF9F
:10DB50008340163EAC3A7DBFA2102F3E283B7CBFCF
:10DB6000C2C5473EBE147BBF135C603E9DC779BFF4
:10DB7000CCCF783EF85378BF938E883E07BA76BFF5
:10DB800031A0943E0BFA74BFE59AA03E471473BFD0
:10DB9000D47CAC3E080971BF2A44B83E9ED86EBF03
:10DBA00015EFC33E5E836CBFCA7BCF3EA7096ABF39
:10DBB00080E8DA3ED86B67BF7533E63E59AA64BF8A
:10DBC000EA5AF13E98C561BF275DFC3E05BE5EBFC7
:10DBD0003D9C033F1A945BBF9BF5083F534858BFD9
:10DBE000DA390E3F31DB54BF2A68133F3D4D51BF38
:10DBF000C07F183F029F4DBFD17F1D3F12D149BF4B
:10DC00009967223F03E445BF5636273F70D841BF8E
:10DC10004AEB2B3FF9AE3DBFBB85303F426839BF71
:10DC2000F304353FF30435BF4268393FBB8530BF4D
:10DC3000F9AE3D3F4AEB2BBF70D8413F563627BF68
:10DC400003E4453F996722BF12D1493FD17F1DBFF1
:10DC5000029F4D3FC07F18BF3D4D513F2A6813BF03
:10DC600031DB543FDA390EBF5348583F9BF508BFAC
:10DC70001A945B3F3D9C03BF05BE5E3F275DFCBE23
:10DC800098C5613FEA5AF1BE59AA643F7533E6BEB2
:10DC9000D86B673F80E8DABEA7096A3FCA7BCFBE70
:10DCA0005E836C3F15EFC3BE9ED86E3F2A44B8BE5C
:10DCB0000809713FD47CACBE4714733FE59AA0BEFF
:10DCC0000BFA743F31A094BE07BA763F938E88BE9C
:10DCD000F853783FCCCF78BE9DC7793F135C60BEC8
:10DCE000BE147B3FC2C547BE283B7C3FA2102FBE5F
:10DCF000AC3A7D3F834016BE24137E3F73B2FABD1B
:10DD00006DC47E3F36BDC8BD6D4E7F3F05A996BD33
:10DD10000FB17F3F2FFB48BD43EC7F3FB00AC9BC2A
:10DD20000000803F0000000011FB7F3F900E493C47
:10DD300043EC7F3FB00AC93C98D37F3F2CC3163DCC
:10DD40000FB17F3F2FFB483DAB847F3F742B7B3D62
:10DD50006D4E7F3F05A9963D580E7F3F80B6AF3D83
:10DD60006DC47E3F36BDC83DB0707E3F2EBCE13DE8
:10DD700024137E3F73B2FA3DCCAB7D3F86CF093E84
:10DD8000AC3A7D3F8340163EC9BF7C3FB6AB223ED6
:10DD9000283B7C3FA2102F3ECDAC7B3FCF6E3B3E5D
:10DDA000BE147B3FC2C5473E02737A3F0115543E05
:10DDB0009DC7793F135C603E9812793F7F9A6C3E15
:10DDC000F853783FCCCF783EC58B773FC07D823EFD
:10DDD00007BA763F938E883EC6DE753F229A8E3E06
:10DDE0000BFA743F31A0943EDD0B743F86A09A3E3F
:10DDF0004714733FE59AA03E5213723F128FA63E1E
:10DE00000809713FD47CAC3E73F56F3FEF63B23EBF
:10DE10009ED86E3F2A44B83E93B26D3F4A1DBE3E27
:10DE20005E836C3F15EFC33E0C4B6B3F53B9C93E4D
:10DE3000A7096A3FCA7BCF3E3CBF683F4136D53E0B
:10DE4000D86B673F80E8DA3E880F663F4F92E03E2E
:10DE500059AA643F7533E63E5A3C633FBBCBEB3E69
:10DE600098C5613FEA5AF13E2146603FCBE0F63E5D
:10DE700005BE5E3F275DFC3E532D5D3FE4E7003F5E
:10DE80001A945B3F3D9C033F6AF2593F824B063F29
:10DE90005348583F9BF5083FE595563F6B9A0B3F1B
:10DEA00031DB543FDA390E3F4918533FCDD3103F91
:10DEB0003D4D513F2A68133F1F7A4F3FD9F6153F1A
:10DEC000029F4D3FC07F183FF8BB4B3FC6021B3F30
:10DED00012D1493FD17F1D3F65DE473FCBF61F3F43
:10DEE00003E4453F9967223F00E2433F25D2243FA8
:10DEF00070D8413F5636273F67C73F3F1594293FAB
:10DF0000F9AE3D3F4AEB2B3F3B8F3B3FDE3B2E3F85
:10DF10004268393FBB85303F233A373FC9C8323F5B
:10DF2000F304353FF304353FC9C8323F233A373F46
:10DF3000BB85303F4268393FDE3B2E3F3B8F3B3F46
:10DF40004AEB2B3FF9AE3D3F1594293F67C73F3F52
:10DF50005636273F70D8413F25D2243F00E2433F49
:10DF60009967223F03E4453FCBF61F3F65DE473FFD
:10DF7000D17F1D3F12D1493FC6021B3FF8BB4B3F2B
:10DF8000C07F183F029F4D3FD9F6153F1F7A4F3F84
:10DF90002A68133F3D4D513FCDD3103F4918533FA1
:10DFA000DA390E3F31DB543F6B9A0B3FE595563F14
:10DFB0009BF5083F5348583F824B063F6AF2593F52
:10DFC0003D9C033F1A945B3FE4E7003F532D5D3FC8
:10DFD000275DFC3E05BE5E3FCBE0F63E2146603F3E
:10DFE000EA5AF13E98C5613FBBCBEB3E5A3C633FDA
:10DFF0007533E63E59AA643F4F92E03E880F663F74
:10E0000080E8DA3ED86B673F4136D53E3CBF683F7B
:10E01000CA7BCF3EA7096A3F53B9C93E0C4B6B3F41
:10E0200015EFC33E5E836C3F4A1DBE3E93B26D3F0B
:10E030002A44B83E9ED86E3FEF63B23E73F56F3F01
:10E04000D47CAC3E0809713F128FA63E5213723F3A
:10E05000E59AA03E4714733F86A09A3EDD0B743FBD
:10E0600031A0943E0BFA743F229A8E3EC6DE753F75
:10E07000938E883E07BA763FC07D823EC58B773F40
:10E08000CCCF783EF853783F7F9A6C3E9812793F18
:10E09000135C603E9DC7793F0115543E02737A3F81
:10E0A000C2C5473EBE147B3FCF6E3B3ECDAC7B3FEF
:10E0B000A2102F3E283B7C3FB6AB223EC9BF7C3F1F
:10E0C0008340163EAC3A7D3F86CF093ECCAB7D3FC8
:10E0D00073B2FA3D24137E3F2EBCE13DB0707E3F0B
:10E0E00036BDC83D6DC47E3F80B6AF3D580E7F3F04
:10E0F00005A9963D6D4E7F3F742B7B3DAB847F3FE2
:10E100002FFB483D0FB17F3F2CC3163D98D37F3F77
:10E11000B00AC93C43EC7F3F900E493C11FB7F3F66
:10E12000000000000000803F900E49BC11FB7F3FC3
:10E13000B00AC9BC43EC7F3F2CC316BD98D37F3FC8
:10E140002FFB48BD0FB17F3F742B7BBDAB847F3F5E
:10E1500005A996BD6D4E7F3F80B6AFBD580E7F3F7F
:10E1600036BDC8BD6DC47E3F2EBCE1BDB0707E3FE4
:10E1700073B2FABD24137E3F86CF09BECCAB7D3F80
:10E18000834016BEAC3A7D3FB6AB22BEC9BF7C3FD2
:10E19000A2102FBE283B7C3FCF6E3BBECDAC7B3F59
:10E1A000C2C547BEBE147B3F011554BE02737A3F01
:10E1B000135C60BE9DC7793F7F9A6CBE9812793F11
:10E1C000CCCF78BEF853783FC07D82BEC58B773FF9
:10E1D000938E88BE07BA763F229A8EBEC6DE753F02
:10E1E00031A094BE0BFA743F86A09ABEDD0B743F3B
:10E1F000E59AA0BE4714733F128FA6BE5213723F1A
:10E20000D47CACBE0809713FEF63B2BE73F56F3FBB
:10E210002A44B8BE9ED86E3F4A1DBEBE93B26D3F23
:10E2200015EFC3BE5E836C3F53B9C9BE0C4B6B3F49
:10E23000CA7BCFBEA7096A3F4136D5BE3CBF683F07
:10E2400080E8DABED86B673F4F92E0BE880F663F2A
:10E250007533E6BE59AA643FBBCBEBBE5A3C633F65
:10E26000EA5AF1BE98C5613FCBE0F6BE2146603F59
:10E27000275DFCBE05BE5E3FE4E700BF532D5D3F5A
:10E280003D9C03BF1A945B3F824B06BF6AF2593F25
:10E290009BF508BF5348583F6B9A0BBFE595563F17
:10E2A000DA390EBF31DB543FCDD310BF4918533F8D
:10E2B0002A6813BF3D4D513FD9F615BF1F7A4F3F16
:10E2C000C07F18BF029F4D3FC6021BBFF8BB4B3F2C
:10E2D000D17F1DBF12D1493FCBF61FBF65DE473F3F
:10E2E000996722BF03E4453F25D224BF00E2433FA4
:10E2F000563627BF70D8413F159429BF67C73F3FA7
:10E300004AEB2BBFF9AE3D3FDE3B2EBF3B8F3B3F81
:10E31000BB8530BF4268393FC9C832BF233A373F57
:10E32000F30435BFF304353F233A37BFC9C8323F42
:10E33000426839BFBB85303F3B8F3BBFDE3B2E3F42
:10E34000F9AE3DBF4AEB2B3F67C73FBF1594293F4E
:10E3500070D841BF5636273F00E243BF25D2243F45
:10E3600003E445BF9967223F65DE47BFCBF61F3FF9
:10E3700012D149BFD17F1D3FF8BB4BBFC6021B3F27
:10E38000029F4DBFC07F183F1F7A4FBFD9F6153F80
:10E390003D4D51BF2A68133F491853BFCDD3103F9D
:10E3A00031DB54BFDA390E3FE59556BF6B9A0B3F10
:10E3B000534858BF9BF5083F6AF259BF824B063F4E
:10E3C0001A945BBF3D9C033F532D5DBFE4E7003FC4
:10E3D00005BE5EBF275DFC3E214660BFCBE0F63E3A
:10E3E00098C561BFEA5AF13E5A3C63BFBBCBEB3ED6
:10E3F00059AA64BF7533E63E880F66BF4F92E03E70
:10E40000D86B67BF80E8DA3E3CBF68BF4136D53E77
:10E41000A7096ABFCA7BCF3E0C4B6BBF53B9C93E3D
:10E420005E836CBF15EFC33E93B26DBF4A1DBE3E07
:10E430009ED86EBF2A44B83E73F56FBFEF63B23EFD
:10E44000080971BFD47CAC3E521372BF128FA63E36
:10E45000471473BFE59AA03EDD0B74BF86A09A3EB9
:10E460000BFA74BF31A0943EC6DE75BF229A8E3E71
:10E4700007BA76BF938E883EC58B77BFC07D823E3C
:10E48000F85378BFCCCF783E981279BF7F9A6C3E14
:10E490009DC779BF135C603E02737ABF0115543E7D
:10E4A000BE147BBFC2C5473ECDAC7BBFCF6E3B3EEB
:10E4B000283B7CBFA2102F3EC9BF7CBFB6AB223E1B
:10E4C000AC3A7DBF8340163ECCAB7DBF86CF093EC4
:10E4D00024137EBF73B2FA3DB0707EBF2EBCE13D07
:10E4E0006DC47EBF36BDC83D580E7FBF80B6AF3D00
:10E4F0006D4E7FBF05A9963DAB847FBF742B7B3DDE
:10E500000FB17FBF2FFB483D98D37FBF2CC3163D73
:10E5100043EC7FBFB00AC93C11FB7FBF900E493C62
:10E52000000080BF0000000011FB7FBF900E49BCBF
:10E5300043EC7FBFB00AC9BC98D37FBF2CC316BDC4
:10E540000FB17FBF2FFB48BDAB847FBF742B7BBD5A
:10E550006D4E7FBF05A996BD580E7FBF80B6AFBD7B
:10E560006DC47EBF36BDC8BDB0707EBF2EBCE1BDE0
:10E5700024137EBF73B2FABDCCAB7DBF86CF09BE7C
:10E58000AC3A7DBF834016BEC9BF7CBFB6AB22BECE
:10E59000283B7CBFA2102FBECDAC7BBFCF6E3BBE55
:10E5A000BE147BBFC2C547BE02737ABF011554BEFD
:10E5B0009DC779BF135C60BE981279BF7F9A6CBE0D
:10E5C000F85378BFCCCF78BEC58B77BFC07D82BEF5
:10E5D00007BA76BF938E88BEC6DE75BF229A8EBEFE
:10E5E0000BFA74BF31A094BEDD0B74BF86A09ABE37
:10E5F000471473BFE59AA0BE521372BF128FA6BE16
:10E60000080971BFD47CACBE73F56FBFEF63B2BEB7
:10E610009ED86EBF2A44B8BE93B26DBF4A1DBEBE1F
:10E620005E836CBF15EFC3BE0C4B6BBF53B9C9BE45
:10E63000A7096ABFCA7BCFBE3CBF68BF4136D5BE03
:10E64000D86B67BF80E8DABE880F66BF4F92E0BE26
:10E6500059AA64BF7533E6BE5A3C63BFBBCBEBBE61
:10E6600098C561BFEA5AF1BE214660BFCBE0F6BE55
:10E6700005BE5EBF275DFCBE532D5DBFE4E700BF56
:10E680001A945BBF3D9C03BF6AF259BF824B06BF21
:10E69000534858BF9BF508BFE59556BF6B9A0BBF13
:10E6A00031DB54BFDA390EBF491853BFCDD310BF89
:10E6B0003D4D51BF2A6813BF1F7A4FBFD9F615BF12
:10E6C000029F4DBFC07F18BFF8BB4BBFC6021BBF28
:10E6D00012D149BFD17F1DBF65DE47BFCBF61FBF3B
:10E6E00003E445BF996722BF00E243BF25D224BFA0
:10E6F00070D841BF563627BF67C73FBF159429BFA3
:10E70000F9AE3DBF4AEB2BBF3B8F3BBFDE3B2EBF7D
:10E71000426839BFBB8530BF233A37BFC9C832BF53
:10E72000F30435BFF30435BFC9C832BF233A37BF3E
:10E73000BB8530BF426839BFDE3B2EBF3B8F3BBF3E
:10E740004AEB2BBFF9AE3DBF159429BF67C73FBF4A
:10E75000563627BF70D841BF25D224BF00E243BF41
:10E76000996722BF03E445BFCBF61FBF65DE47BFF5
:10E77000D17F1DBF12D149BFC6021BBFF8BB4BBF23
:10E78000C07F18BF029F4DBFD9F615BF1F7A4FBF7C
:10E790002A6813BF3D4D51BFCDD310BF491853BF99
:10E7A000DA390EBF31DB54BF6B9A0BBFE59556BF0C
:10E7B0009BF508BF534858BF824B06BF6AF259BF4A
:10E7C0003D9C03BF1A945BBFE4E700BF532D5DBFC0
:10E7D000275DFCBE05BE5EBFCBE0F6BE214660BF36
:10E7E000EA5AF1BE98C561BFBBCBEBBE5A3C63BFD2
:10E7F0007533E6BE59AA64BF4F92E0BE880F66BF6C
:10E8000080E8DABED86B67BF4136D5BE3CBF68BF73
:10E81000CA7BCFBEA7096ABF53B9C9BE0C4B6BBF39
:10E8200015EFC3BE5E836CBF4A1DBEBE93B26DBF03
:10E830002A44B8BE9ED86EBFEF63B2BE73F56FBFF9
:10E84000D47CACBE080971BF128FA6BE521372BF32
:10E85000E59AA0BE471473BF86A09ABEDD0B74BFB5
:10E8600031A094BE0BFA74BF229A8EBEC6DE75BF6D
:10E87000938E88BE07BA76BFC07D82BEC58B77BF38
:10E88000CCCF78BEF85378BF7F9A6CBE981279BF10
:10E89000135C60BE9DC779BF011554BE02737ABF79
:10E8A000C2C547BEBE147BBFCF6E3BBECDAC7BBFE7
:10E8B000A2102FBE283B7CBFB6AB22BEC9BF7CBF17
:10E8C000834016BEAC3A7DBF86CF09BECCAB7DBFC0
:10E8D00073B2FABD24137EBF2EBCE1BDB0707EBF03
:10E8E00036BDC8BD6DC47EBF80B6AFBD580E7FBFFC
:10E8F00005A996BD6D4E7FBF742B7BBDAB847FBFDA
:10E900002FFB48BD0FB17FBF2CC316BD98D37FBF6F
:10E91000B00AC9BC43EC7FBF900E49BC11FB7FBF5E
:10E9200000000080000080BF900E493C11FB7FBFBB
:10E93000B00AC93C43EC7FBF2CC3163D98D37FBFC0
:10E940002FFB483D0FB17FBF742B7B3DAB847FBF56
:10E9500005A9963D6D4E7FBF80B6AF3D580E7FBF77
:10E9600036BDC83D6DC47EBF2EBCE13DB0707EBFDC
:10E9700073B2FA3D24137EBF86CF093ECCAB7DBF78
:10E980008340163EAC3A7DBFB6AB223EC9BF7CBFCA
:10E99000A2102F3E283B7CBFCF6E3B3ECDAC7BBF51
:10E9A000C2C5473EBE147BBF0115543E02737ABFF9
:10E9B000135C603E9DC779BF7F9A6C3E981279BF09
:10E9C000CCCF783EF85378BFC07D823EC58B77BFF1
:10E9D000938E883E07BA76BF229A8E3EC6DE75BFFA
:10E9E00031A0943E0BFA74BF86A09A3EDD0B74BF33
:10E9F000E59AA03E471473BF128FA63E521372BF12
:10EA0000D47CAC3E080971BFEF63B23E73F56FBFB3
:10EA10002A44B83E9ED86EBF4A1DBE3E93B26DBF1B
:10EA200015EFC33E5E836CBF53B9C93E0C4B6BBF41
:10EA3000CA7BCF3EA7096ABF4136D53E3CBF68BFFF
:10EA400080E8DA3ED86B67BF4F92E03E880F66BF22
:10EA50007533E63E59AA64BFBBCBEB3E5A3C63BF5D
:10EA6000EA5AF13E98C561BFCBE0F63E214660BF51
:10EA7000275DFC3E05BE5EBFE4E7003F532D5DBF52
:10EA80003D9C033F1A945BBF824B063F6AF259BF1D
:10EA90009BF5083F534858BF6B9A0B3FE59556BF0F
:10EAA000DA390E3F31DB54BFCDD3103F491853BF85
:10EAB0002A68133F3D4D51BFD9F6153F1F7A4FBF0E
:10EAC000C07F183F029F4DBFC6021B3FF8BB4BBF24
:10EAD000D17F1D3F12D149BFCBF61F3F65DE47BF37
:10EAE0009967223F03E445BF25D2243F00E243BF9C
:10EAF0005636273F70D841BF1594293F67C73FBF9F
:10EB00004AEB2B3FF9AE3DBFDE3B2E3F3B8F3BBF79
:10EB1000BB85303F426839BFC9C8323F233A37BF4F
:10EB2000F304353FF30435BF233A373FC9C832BF3A
:10EB30004268393FBB8530BF3B8F3B3FDE3B2EBF3A
:10EB4000F9AE3D3F4AEB2BBF67C73F3F159429BF46
:10EB500070D8413F563627BF00E2433F25D224BF3D
:10EB600003E4453F996722BF65DE473FCBF61FBFF1
:10EB700012D1493FD17F1DBFF8BB4B3FC6021BBF1F
:10EB8000029F4D3FC07F18BF1F7A4F3FD9F615BF78
:10EB90003D4D513F2A6813BF4918533FCDD310BF95
:10EBA00031DB543FDA390EBFE595563F6B9A0BBF08
:10EBB0005348583F9BF508BF6AF2593F824B06BF46
:10EBC0001A945B3F3D9C03BF532D5D3FE4E700BFBC
:10EBD00005BE5E3F275DFCBE2146603FCBE0F6BE32
:10EBE00098C5613FEA5AF1BE5A3C633FBBCBEBBECE
:10EBF00059AA643F7533E6BE880F663F4F92E0BE68
:10EC0000D86B673F80E8DABE3CBF683F4136D5BE6F
:10EC1000A7096A3FCA7BCFBE0C4B6B3F53B9C9BE35
:10EC20005E836C3F15EFC3BE93B26D3F4A1DBEBEFF
:10EC30009ED86E3F2A44B8BE73F56F3FEF63B2BEF5
:10EC40000809713FD47CACBE5213723F128FA6BE2E
:10EC50004714733FE59AA0BEDD0B743F86A09ABEB1
:10EC60000BFA743F31A094BEC6DE753F229A8EBE69
:10EC700007BA763F938E88BEC58B773FC07D82BE34
:10EC8000F853783FCCCF78BE9812793F7F9A6CBE0C
:10EC90009DC7793F135C60BE02737A3F011554BE75
:10ECA000BE147B3FC2C547BECDAC7B3FCF6E3BBEE3
:10ECB000283B7C3FA2102FBEC9BF7C3FB6AB22BE13
:10ECC000AC3A7D3F834016BECCAB7D3F86CF09BEBC
:10ECD00024137E3F73B2FABDB0707E3F2EBCE1BDFF
:10ECE0006DC47E3F36BDC8BD580E7F3F80B6AFBDF8
:10ECF0006D4E7F3F05A996BDAB847F3F742B7BBDD6
:10ED00000FB17F3F2FFB48BD98D37F3F2CC316BD6B
:10ED100043EC7F3FB00AC9BC11FB7F3F900E49BC5A
:10ED200083F9A200444E6E00FC291500D15727003C
:10ED3000DD34F50062DBC0003C9995004190430052
:10ED40006351FE00BBDEAB00B761C5003A6E240024
:10ED5000D24D42004906E00009EA2E001C92D10083
:10ED6000EB1DFE0029B11C00E83EA700F53582002E
:10ED700044BB2E009CE98400B4267000417E5F00F5
:10ED8000D6913900538339009CF439008B5F84009D
:10ED900028F9BD00F81F3B00DEFF97000F98050023
:10EDA000112FEF000A5A8B006D1F6D00CF7E3600C9
:10EDB00009CB2700464FB7009E663F002DEA5F0053
:10EDC000BA277500E5EBC7003D7BF100F739070076
:10EDD00092528A00FB6BEA001FB15F00085D8D0054
:10EDE000300356007BFC4600F0AB6B0020BCCF002C
:10EDF00036F49A00E3A91D005E619100081BE6004D
:10EE000085996500A0145F008D40680080D8FF00E0
:10EE100027734D0006063100CA561500C9A87300B5
:10EE20007BE260006B8CC000000100008CAE002013
:10EE30001200000000060000AA8C00600A0000001A
:10EE400000020000558B0060550100000007000023
:10EE5000008A00605501000000030000FC8900608A
:10EE60000000000001030904E489006000000000C4
:10EE700002030904C08900600000000003030904C4
:10EE80006CAE002000000000000000000000000048
:10EE90000000000000000000000000000000FF274C
:10EEA000100032FF27100032FF27100032FF27101A
:10EEB0000032000000000000000000000000000020
:10EEC00000000000520100000000000000000000EF
:10EED000FF27100032FF27100032FF27100032FFFB
:10EEE00027100032000000000000000000000000B9
:10EEF000000000000000004000400040E73BE73B0E
:10EF0000E73BFF00780180014302880187018C0103
:10EF10008B01920191019501F601990198019A01E5
:10EF20003D029E012002A801A701AD01AC01B00184
:10EF3000AF01B901B801BD01BC01BF01F701C601B4
:10EF4000C401C901C701CC01CA01DD018E01F30171
:10EF5000F101F501F4013A02652C3C023B023E024C
:10EF6000662C42024102530281015402860156027C
:10EF7000890157028A0159028F015B0290016002E8
:10EF800093016302940168029701690296016B0282
:10EF9000622C6F029C0172029D0175029F017D022D
:10EFA000642C8002A6018302A9018802AE018902B5
:10EFB00044028A02B1018B02B2018C024502920224
:10EFC000B7017B03FD037C03FE037D03FF03AC035A
:10EFD0008603C203A303CC038C03CD038E03CE03AD
:10EFE0008F03F203F903F803F703FB03FA03CF04DB
:10EFF000C0047D1D632C511F591F531F5B1F551FDC
:10F000005D1F571F5F1F781FF81F791FF91FB31F60
:10F01000BC1FCC1FC31FE51FEC1FFC1FF31F4E219D
:10F02000322184218321612C602C762C752C610087
:10F03000E01AE000E017F800E007000101303201BB
:10F040000106390101104A01012E790101068201F0
:10F050000104A0010106B3010104CD010110DE018C
:10F060000112F8010128220201124602010AAD0331
:10F07000DB03B103E011C303E009D8030118300436
:10F08000E0205004B010600401228A040136C1045B
:10F09000010ED00401446105D026001E0196A01E79
:10F0A000015A001F0808101F0806201F0808301FFB
:10F0B0000808401F0806601F0808701F4A02721FD8
:10F0C0005604761F64027A1F70027C1F7E02801F26
:10F0D0000808901F0808A01F0808B01F0802D01FCA
:10F0E0000802E01F08027021F010D024E61A302C2C
:10F0F000D02F672C0106802C0164002D002641FFD3
:10F10000E01A43510000010204050607080001024D
:10F1100003030400010302002F646174612F6A6518
:10F120006E6B696E732F776F726B73706163652F8F
:10F13000474E552D746F6F6C636861696E2F6172F5
:10F140006D2D31312F7372632F6E65776C69622D6F
:10F1500063796777696E2F6E65776C69622F6C696A
:10F1600062632F7374646C69622F6D707265632EB5
:10F170006300636C656172696E6720402050726F36
:10F180006365737352656365697665724461746122
:10F19000202E2E2E004644253033640050686173C3
:10F1A00065206368616E6765202E2E2E20000A2080
:10F1B000202020204174206465636F646572207094
:10F1C000757368202E2E2E20000A20202020206417
:10F1D00065636F6465722070757368206F76657201
:10F1E000666C6F7720002020202020202020202007
:10F1F000746D7031203D200020746D7032203D20F0
:10F20000002A2A2A2A2A2A20466F756E6420612045
:10F2100053796D626F6C202A2A2A2A2A2A00202E0E
:10F220002E2E204469646E27742066696E64206106
:10F230002073796D626F6C20004572726F72205B73
:10F2400025645D207768696C6520756E7061636BFD
:10F25000696E6721006368756E6B53697A65203D3E
:10F2600020007375624368756E6B3153697A65204F
:10F270003D2000617564696F466F726D6174203D59
:10F2800020006E756D4368616E6E656C73203D2065
:10F29000006269747350657253616D706C65203DD6
:10F2A000200073616D706C6552617465203D2000B3
:10F2B0007375624368756E6B3253697A65203D20C1
:10F2C00000626C6F636B416C69676E203D20006E5D
:10F2D000756D5F73616D706C6573203D20006279A0
:10F2E000746552617465203D20005F7374657874A5
:10F2F0002020202020202020253038780A005F653B
:10F300007465787420202020202020202530387833
:10F31000202B2564620A005F7364617461202020E1
:10F320002020202020253038780A005F6564617431
:10F3300061202020202020202025303878202B25F7
:10F3400064620A005F7362737320202020202020F3
:10F350002020253038780A005F65627373202020F2
:10F3600020202020202025303878202B2564620A98
:10F37000006375727220737461636B2020202025F6
:10F38000303878202B2564620A005F6573746163EE
:10F390006B2020202020202025303878202B256449
:10F3A000620A005F686561705F7374617274202027
:10F3B00020253038780A005F5F62726B76616C20BE
:10F3C000202020202025303878202B2564620A0058
:10F3D0005F686561705F656E6420202020202530A5
:10F3E0003878202B2564620A005F65787472616D3D
:10F3F0005F737461727420253038780A005F657815
:10F400007472616D5F656E6420202025303878202D
:10F410002B2564620A003C4954434D3E2020253090
:10F420003878202E2E20253038780A003C4454436A
:10F430004D3E202025303878202E2E20253038785B
:10F440000A003C52414D3E20202025303878202EA5
:10F450002E20253038780A003C464C4153483E2047
:10F4600025303878202E2E20253038780A003C5060
:10F470005352414D3E2025303878202E2E20253005
:10F4800038780A00617661696C20535441434B20FF
:10F49000253864206220253564206B620A0061767D
:10F4A00061696C2048454150202025386420622045
:10F4B000253564206B620A00617661696C205053C7
:10F4C00052414D20253864206220253564206B622E
:10F4D0000A0A0A0A0073796D436F756E74203D2025
:10F4E0000070736B3331436F756E74203D20002CB8
:10F4F00020004149303B0042553025643B004255D5
:10F500003125643B0042443025643B0042443125B0
:10F51000643B00464125303131643B004642253092
:10F520003131643B00464325303131643B00465263
:10F53000303B004654303B0049443032343B0049B4
:10F5400046253031316425303464252B303664252E
:10F55000642564256425303264256425642564258A
:10F5600064256425642530326425643B004B5330A8
:10F5700025643B004D4425643B004E4625303464F1
:10F580003B004F4D256425643B005053313B0053F5
:10F59000462564253031316425643B005350256491
:10F5A0003B00544225643B0056303439001F1C1F79
:10F5B0001E1F1E1F1F1E1F1E1F1F1C1F1E1F1E1F64
:10F5C0001F1E1F1E1F4361726420697320746F6FBA
:10F5D00020736D616C6C2E0D0A00466F726D617444
:10F5E00020446F6E650D0A00466F726D617420468F
:10F5F00061696C65640D0A0042616420636C757317
:10F6000074657220636F756E740D0A0044657669C7
:10F61000636520697320746F6F20736D616C6C0D6E
:10F620000A0057726974696E67204641542000577A
:10F63000726974696E6720757063617365207461A7
:10F64000626C650D0A0057726974696E6720726F8B
:10F650006F740D0A00466F726D617420646F6E6581
:10F660000D0A00466F726D6174206661696C656495
:10F670000D0A004558464154006E616E00696E6681
:10F68000006F7666002C2066756E6374696F6E3A43
:10F690002000617373657274696F6E202225732276
:10F6A000206661696C65643A2066696C6520222574
:10F6B00073222C206C696E65202564257325730ADE
:10F6C0000042616C6C6F632073756363656564658C
:10F6D00064002F646174612F6A656E6B696E732FAD
:10F6E000776F726B73706163652F474E552D746F22
:10F6F0006F6C636861696E2F61726D2D31312F738C
:10F7000072632F6E65776C69622D63796777696EB6
:10F710002F6E65776C69622F6C6962632F737464F6
:10F720006C69622F6764746F612D676574686578B2
:10F730002E63003031323334353637383961626305
:10F740006465666768696A6B6C6D6E6F7071727301
:10F750007475767778797A00002020202020202088
:10F760002020282828282820202020202020202071
:10F770002020202020202020208810101010101081
:10F7800010101010101010101004040404040404CD
:10F790000404041010101010101041414141414167
:10F7A0000101010101010101010101010101010149
:10F7B0000101010110101010101042424242424259
:10F7C0000202020202020202020202020202020219
:10F7D00002020202101010102000000000000000C1
:10F7E0000000000000000000000000000000000019
:10F7F0000000000000000000000000000000000009
:10F8000000000000000000000000000000000000F8
:10F8100000000000000000000000000000000000E8
:10F8200000000000000000000000000000000000D8
:10F8300000000000000000000000000000000000C8
:10F8400000000000000000000000000000000000B8
:10F85000000000000000000000496E66696E6974D7
:10F8600079004E614E002F646174612F6A656E6B82
:10F87000696E732F776F726B73706163652F474E7C
:10F88000552D746F6F6C636861696E2F61726D2D99
:10F8900031312F7372632F6E65776C69622D6379D6
:10F8A0006777696E2F6E65776C69622F6C6962632A
:10F8B0002F7374646C69622F64746F612E630030FF
:10F8C00031323334353637383941424344454600C6
:10F8D00030313233343536373839616263646566C6
:10F8E00000504F53495800232D302B2000686C4C9A
:10F8F00000656667454647002B2D2E2F3F003100DF
:10F90000522000525237330000010302010002036B
:10F910000203010003020001000103024A5E89B4F0
:10F92000B08A7955BE2803010400060502000103D0
:10F930000205060407102D4919333E213A4E012CC9
:10F940002D02073D030636042330050D1508384FF8
:10F950000940450A13420B243C0C253A0E202B0F7C
:10F960003F50111C4D124A53163551171E22181FB5
:10F97000281A294C1B39461D314103264E052752B2
:10F980002E324933344A3747482C43482B444E01E2
:10F99000203B020647041036074143081E2A091679
:10F9A0001F0A124C0B17520C1C3D0D344F0E3233F4
:10F9B0000F5153111D3C132140141A4915222818C8
:10F9C0001B4D19373A233542243044252E4B262D22
:10F9D0002F27394529383E1431352E343F2D464BDB
:10F9E0001B2350010F1E024450032433041C330513
:10F9F0001F38061425072852083C45090A310B2CEC
:10FA0000390C273B0D18370E154110474E111E4C6F
:10FA1000121950133D5316264D172932071A3A1D55
:10FA200020512128491222300D2A40051A2B2F453A
:10FA3000483637462D3E440A3F430E4248163C4A5C
:10FA400023274F012E40011842020546031F41049F
:10FA5000313A010405063C4307204B083052092384
:10FA6000290A273E0B0E3D0C474A0D174E0B233734
:10FA70000F104F07091011363F123239131E2F1481
:10FA80004050151C4516192B0D1625022F3317361D
:10FA90004A1A22481B242515243F1D282C131A39E5
:10FAA000032E520E0F3A2134351E2B340609341B17
:10FAB000214119454926375314274D121D3820304E
:10FAC000472A333B1C2C4F223C3E1F2D3D2E444DDC
:10FAD00006184C080A4E2829461132352A42440499
:10FAE00016482440510D1D2F020851384349052660
:10FAF000320C26403B4850031A4F2D4C5101414ACD
:10FB000007124D0B383B0E27361025420A1C370FC3
:10FB10003C46111952141E1F0C4344174B501B2016
:10FB20003E18454B13154722353D232E2F213B4CC4
:10FB3000282B53292A3F314B53142C302A313904B6
:10FB40001F3B5B5C609905203C5D73920006183D8D
:10FB50005E7A970007213E5F608F0008193F535D72
:10FB60006094062040617E8A000522414E626B9AB5
:10FB7000092342638B92000A2443646B7E000B25A9
:10FB80004357658B9E0C264466699B000D2745678D
:10FB900095A200082846526872910E294758667B44
:10FBA0009C0F2A3B6A7B9F000121486A6B9D0010D5
:10FBB0002B496C8DA00011254A516D839A0B2C4B5B
:10FBC0006E79A6002D37406F82A1AD082E47707761
:10FBD000A60012244C5971728F13264D6874A3002D
:10FBE000142F465C8AA50002304A7180A000152DB2
:10FBF0004E53757997162F3A767FA40010273E70E2
:10FC0000869E00172B4F7883910013233B496E7D0E
:10FC1000A114243F5E88A1000E1F4F6284A400033C
:10FC20002C507C7FA900132E517587A70007313A0D
:10FC30005A6469A80C323D767790000D3340727695
:10FC40009D0018344C819495001935455A65829C65
:10FC5000142E4150788CAA15364D648CAB0023527B
:10FC6000858EABAE000E1E53717DAA00041D447834
:10FC700086AD00010434395688981A33385B7A8986
:10FC8000A834546E7391A8000732516384AD0017F5
:10FC900037435FACAE001A294D6D8D9400021B29CD
:10FCA0003D3E73851B28387C7D7E001231377C8D6C
:10FCB000A7000621556C749C001C30465569819E36
:10FCC00009363F83939B001635446D79AE00030DD2
:10FCD000304E5F7B001F4585969BA9000C2B425937
:10FCE00061879F05274B6688A7000236566587A463
:10FCF000000F38576C77AB000A2C525B6F9095174A
:10FD000022475E7F99000B31585C8E9D001D225763
:10FD10006193A2001E323C56898EA20A354254706D
:10FD200080A51639555D8C9F001C20486784A6006D
:10FD30001C1D5458758F96011A2D50809300111B6D
:10FD40005967749900333962A3A5AC001525498A17
:10FD500098A900102F4C82899A0003181E48688BBE
:10FD60000009285A6A8697000F3A3C4A6F96A312F8
:10FD70002A4F90929800192641637AA000112A4BCD
:10FD800081AAAC0007060606070607060607060650
:10FD900007070606060706070607060606070606FD
:10FDA00006070606060607060606070706060606EF
:10FDB00007070606060607060606070606060607DE
:10FDC00006060607060606070706060706060606CF
:10FDD000060606070606068329CE11BF31EAF50995
:10FDE000F27FC0761C264E25C2593354931320DC73
:10FDF000265902FB277C6410A1BDC01B3F417858E7
:10FE0000CD2DD33EC7F62009FDA4FEE04195FD03AC
:10FE10004783A0077CCCC11B8873ED5C3D48A029BB
:10FE2000B62AFE3CA036F4FE1A9DA06054FAF5F303
:10FE30005D96D3B0C8C3E0E20798E4310EED2788A1
:10FE40004AE900775C9C08E80E26DDAE563180B0AA
:10FE5000B811028C2BF997213487C018A0C9231F31
:10FE6000C60ADF5C5EA32076471E8302A0721E01D5
:10FE7000B12B80FFBCCB80CA8341FAFB47B2E0665E
:10FE8000A72A158F9325A2BF671700C4243689FEC1
:10FE900085B1C51363A1800DFF739414D1A1B34B39
:10FEA0001C270015B48830636C8B99894972E0294E
:10FEB000A89C0D3DE81D665489B0E04F126F37FADB
:10FEC00051CBE61BD6B94099C47239D0D97D3C8458
:10FED000E094001919B75119765621BB4F1E8009BD
:10FEE000DB12D731FAEE0B86DF6B80488FC33DF40F
:10FEF0003FBDEEA4EAFB40827423EE40B675F75690
:10FF0000EB5FE0ABE197C484CB74757144A9A02B7F
:10FF1000500E4BC0EC5A6D2BDBDD00C474AA53D7D6
:10FF2000021876166936008EBA1A13DB3390BD6755
:10FF300018CEC0753844673A27782CC42012E006E2
:10FF4000FF83A145C37035A5C126803B3741785852
:10FF5000CC2DD33EC3F6209A4A5A28EE17CA9C32BB
:10FF60004842C0BC29F465309C977E89610A4026CE
:10FF700063AE6DDF8B5CE2BB29488046F231EFE473
:10FF800057034C181441803FB2CE85ABE9B0C72E61
:10FF900006FBE0DE87481F282C153971A0A2E0FC83
:10FFA000D7CCF23C69FA99BBA14120F0261447E96D
:10FFB000490CA8E474CEC04410115818196F95CD9F
:10FFC000D70120088FC31DF4BFBDE2A4EAFB40B8EF
:10FFD000FEF1B6307729FB0A078C005AFEA7ACCC9D
:10FFE000B77BBC9D99A90049A7016AC653F65ECDAF
:10FFF000C907601944D085BE4E7DA8D6CC7D0025AA
:02000004600397
:100000001F62ADC4032F0EE714002056471F87025E
:10001000A0721E00B12B802B8E4923F2DD51E2D558
:1000200037FA006B550A40A66F4755DE95C260A1AE
:100030008AD28D4E27FE92A4F6C84010C2E58638BB
:100040008CB82A3D807580EF34A41817EE02133D5A
:10005000B2EB007E9C0C54325A9C15836E00003625
:1000600093E572D1FDE4CDF079E860BFB2CEC5ABC7
:10007000E1B0C72E07FBE07EE18230C583CCCC57D0
:10008000D4B080A066CB2FEDAFC9F526641260BB5B
:1000900023725ABC47CC5F4CC4CD20DED9DBA3BE53
:1000A000E40C59B5609B40D9A7016AC653E6DECD82
:1000B000C903609AD46AED5F707F280AB5FC40E5F9
:1000C000921C77822587316D7D3C204F14DA824265
:1000D000A8B86DCA7335208B8B507AD467D4441D71
:1000E000F770E022831C9CF1169467AD04B6802162
:1000F0003B838FE2AE54C38EE718005D926B6DD7E1
:100100001F085181A4E12066AB79D4B29EE6E69542
:1001100009E560958148682D748A38DD68BAA0B811
:10012000CE020CF069C32A723AB140F4331D6D4619
:100130001607E9575274606DA23BA424B959613384
:10014000CF9C80A636BCBC7B30C5FBEAE67FE05C7A
:10015000B0D86A07DF654A9089A200F11F1068488D
:10016000780FC9ECDD80A01FBB5364FB8D2C9D7301
:100170000D5BA0FCB86BC70A50C9D02A5D0340A52F
:1001800034433029EAC15F322E34C0C989D9C7C38C
:10019000D3B8C55D7513007BB38B2F0186D466433E
:1001A000AE96202644EBADEB44B9467D1F42C060BD
:1001B0008CC857594BFBB55D6960006B6973732040
:1001C000666674207573616765206572726F723A36
:1001D00020696D70726F70657220616C6C6F630A5C
:1001E000005265616C20464654206F7074696D69D9
:1001F0007A6174696F6E206D757374206265206515
:1002000076656E2E0A003C2E2E2E3E0020202020E9
:100210002020004552524F523A206E3220657863BA
:1002200065656473203633202D2025640A00434D14
:100230003837002D45495348352D2D342D2D562D59
:100240002D2D332D2D55462D2D2D2D2D2D2D2D3F85
:100250002D322D2D41524C2D2D2D2D2D2D2D2D2D71
:100260002E2D2D2E57502D2D2D2D2D2D4A2D2D2D52
:10027000312D2D544E4442362D2D2E2D2D582F2DFF
:100280002D2D2D2D4B432D2D2D2D2D2D592D2D2D3E
:100290002D2D2D4D475A372D2D2D2D2C512D2D2DFA
:1002A0002D2D2D4F2D382D2D2D2D2D2D392D2D3042
:1002B0002D2D2D2D002D2D2D2D2D20454550524F0E
:1002C0004D20506172616D65746572733A202D2DF9
:1002D0002D2D2D0056657273696F6E202020202011
:1002E000202020202020202020202020202020200E
:1002F000202020203D20004147434D6F6465202091
:1003000020202020202020202020202020202020ED
:10031000202020202020203D2000617564696F5638
:100320006F6C756D6520202020202020202020204B
:10033000202020202020202020203D200072664701
:1003400061696E416C6C42616E64732020202020D4
:10035000202020202020202020202020203D2000A0
:10036000737065637472756D4E6F697365466C6FFB
:100370006F722020202020202020202020202020DC
:100380003D200074756E65496E64657820202020DC
:10039000202020202020202020202020202020205D
:1003A0002020203D20007472616E736D6974506F5F
:1003B0007765724C6576656C2020202020202020F7
:1003C00020202020202020202020202020203D2010
:1003D00000726164696F4D6F6465202020202020C9
:1003E000202020202020202020202020202020200D
:1003F0002020203D20006E724F7074696F6E53652F
:100400006C656374202020202020202020202020C4
:100410002020202020203D200063757272656E74BC
:100420005363616C65202020202020202020202084
:100430002020202020202020203D20007370656394
:100440007472756D5A6F6F6D20202020202020203F
:1004500020202020202020202020203D20007370FC
:100460006563745F646973706C61795F7363616CF9
:1004700065202020202020202020202020203D201A
:10048000002D2D2D2D2D20435720506172616D655B
:10049000746572733A202D2D2D2D2D0063774669DA
:1004A0006C746572496E64657820202020202020BD
:1004B0002020202020202020202020203D200070EF
:1004C0006164646C65446168202020202020202025
:1004D0002020202020202020202020202020203DFF
:1004E0002000706164646C654469742020202020C1
:1004F00020202020202020202020202020202020FC
:1005000020203D20006465636F646572466C6167FE
:1005100020202020202020202020202020202020DB
:1005200020202020203D20006B65795479706520C3
:1005300020202020202020202020202020202020BB
:1005400020202020202020203D2000776F7264731F
:100550005065724D696E7574652020202020202022
:1005600020202020202020202020203D20007369F2
:100570006465746F6E65566F6C756D652020202004
:1005800020202020202020202020202020203D204E
:100590000063775472616E736D697444656C617940
:1005A000202020202020202020202020202020204B
:1005B000203D20002D2D2D2D2D2043757272656E4E
:1005C00074204672657175656E63696573202620B7
:1005D00042616E64733A202D2D2D2D2D00616374C0
:1005E00069766556464F202020202020202020209C
:1005F000202020202020202020202020203D2000FE
:1006000066726571496E6372656D656E7420202037
:1006100020202020202020202020202020202020DA
:100620003D200063757272656E7442616E642020B5
:1006300020202020202020202020202020202020BA
:100640002020203D200063757272656E7442616ED9
:100650006441202020202020202020202020202035
:100660002020202020203D200063757272656E746A
:1006700042616E6442202020202020202020202063
:100680002020202020202020203D20006375727231
:10069000656E744672657141202020202020202044
:1006A0002020202020202020202020203D2000630A
:1006B000757272656E74467265714220202020202A
:1006C0002020202020202020202020202020203D0D
:1006D000200066726571436F7272656374696F6E34
:1006E000466163746F72202020202020202020206B
:1006F00020203D20002D2D2D2D2D20457175616C64
:10070000697A657220506172616D657465727320DB
:100710002D2D2D2D2D0020202020202020202020B8
:100720002020202020657175616C697A65725265A0
:10073000635B00202020202020202020202020205B
:100740002020657175616C697A6572586D745B0003
:100750002D2D2D2D2D204D696320436F6D707265F9
:1007600073736F7220506172616D6574657273206E
:100770002D2D2D2D2D006D6963436F6D7072657386
:1007800073696F6E20202020202020202020202030
:100790002020202020203D200063757272656E7439
:1007A0004D6963436F6D70526174696F2020202022
:1007B0002020202020202020203D20006375727200
:1007C000656E744D696341747461636B20202020F1
:1007D0002020202020202020202020203D200063D9
:1007E000757272656E744D696352656C656173658F
:1007F0002020202020202020202020202020203DDC
:10080000200063757272656E744D69634761696E2D
:1008100020202020202020202020202020202020D8
:1008200020203D20002D2D2D2D2D20537769746320
:1008300068204D61747269782056616C756573200B
:100840002D2D2D2D2D002020202020202020202087
:10085000202020202073776974636856616C756569
:10086000735B002D2D2D2D2D2046696C7465722033
:10087000506172616D6574657273202D2D2D2D2D63
:10088000004C504620636F656666202020202020A3
:100890002020202020202020202020202020202058
:1008A000203D20004E525F50534920202020202020
:1008B0002020202020202020202020202020202038
:1008C000202020203D20004E525F616C7068612026
:1008D0002020202020202020202020202020202018
:1008E000202020202020203D20004E525F62657491
:1008F00061202020202020202020202020202020B7
:10090000202020202020202020203D20004E525F4B
:100910006F6D65676120202020202020202020206E
:10092000202020202020202020202020203D2000CA
:10093000706C6C5F666D6178202020202020202064
:1009400020202020202020202020202020202020A7
:100950003D20002D2D2D2D2D20506F776572204FBD
:1009600075742043616C6962726174696F6E2050A6
:100970006172616D6574657273202D2D2D2D2D00B2
:100980002020202020202020202020202020202067
:100990002020706F7765724F757443575B0020207D
:1009A00020202020202020202020202020202070F7
:1009B0006F7765724F75745353425B00202020207F
:1009C00020202020202020204357506F776572433D
:1009D000616C466163746F725B00202020202020D0
:1009E0002020202020535342506F77657243616C62
:1009F000466163746F725B002D2D2D2D2D20492FC4
:100A0000512043616C6962726174696F6E2050613C
:100A100072616D6574657273202D2D2D2D2D002052
:100A20004951416D706C6974756465436F7272658C
:100A30006374696F6E466163746F725B002020207F
:100A4000202049515068617365436F727265637409
:100A5000696F6E466163746F725B00495158416DF6
:100A6000706C6974756465436F7272656374696FE5
:100A70006E466163746F725B0020202020495158DC
:100A80005068617365436F7272656374696F6E4617
:100A90006163746F725B002D2D2D2D2D20466176C4
:100AA0006F72697465204672657175656E636965FC
:100AB00073202D2D2D2D2D002020202020202020C2
:100AC0002020202020206661766F7269746546724E
:100AD0006571735B002D2D2D2D2D204C61737420BD
:100AE0004672657175656E63696573202D2D2D2DB8
:100AF0002D00202020202020202020206C617374D5
:100B00004672657175656E636965735B005D5B3028
:100B10005D203D20005D5B315D203D200063656E02
:100B200074657246726571202020202020202020CC
:100B3000202020202020202020202020203D2000B8
:100B40006D617046696C654E616D652020202020C6
:100B50002020202020202020202020202020202095
:100B60003D20006D7943616C6C20202020202020E6
:100B70002020202020202020202020202020202075
:100B80002020203D20006D7954696D655A6F6E6597
:100B90002020202020202020202020202020202055
:100BA0002020202020203D20007365706172617438
:100BB000696F6E43686172616374657220202020E2
:100BC0002020202020202020203D2000706164640F
:100BD0006C65466C69702020202020202020202079
:100BE0002020202020202020202020203D200073B5
:100BF000644361726450726573656E7420202020B6
:100C00002020202020202020202020202020203DC7
:100C100020006D794C61742020202020202020208D
:100C200020202020202020202020202020202020C4
:100C300020203D20006D794C6F6E67202020202001
:100C400020202020202020202020202020202020A4
:100C500020202020203D2000202020202020202097
:100C600063757272656E744E6F697365466C6F6FF3
:100C7000725B005D202020203D2000636F6D70724C
:100C80006573736F72466C616720202020202020DE
:100C900020202020202020202020203D20002D2D3D
:100CA0002D2D2D20456E6420454550524F4D20502E
:100CB0006172616D6574657273202D2D2D2D2D006F
:100CC00073662E626D70005053543A2000596F7550
:100CD000722043616C6C00454550524F4D44617425
:100CE000612E76657273696F6E53657474696E6791
:100CF00073203D2000454550524F4D446174612E94
:100D00004147434D6F6465203D2000454550524F9B
:100D10004D446174612E617564696F566F6C756DB9
:100D200065203D2000454550524F4D446174612E71
:100D300072664761696E416C6C42616E6473203DFE
:100D40002000454550524F4D446174612E737065CB
:100D5000637472756D4E6F697365466C6F6F722048
:100D60003D2000454550524F4D446174612E7475CD
:100D70006E65496E646578203D2000454550524FB0
:100D80004D446174612E7472616E736D6974506F3D
:100D90007765724C6576656C203D20004545505264
:100DA0004F4D446174612E726164696F4D6F64656B
:100DB000203D203000454550524F4D446174612E16
:100DC0006E724F7074696F6E53656C656374203D0D
:100DD0002000454550524F4D446174612E63757239
:100DE00072656E745363616C65203D20004545500B
:100DF000524F4D446174612E737065637472756DEA
:100E00005A6F6F6D203D2000454550524F4D446153
:100E100074612E737065637472756D5F646973704D
:100E20006C61795F7363616C65203D2000454550BE
:100E3000524F4D446174612E637746696C746572DC
:100E4000496E646578203D2000454550524F4D4421
:100E50006174612E706164646C65446974203D2026
:100E600000454550524F4D446174612E7061646479
:100E70006C65446168203D2000454550524F4D440B
:100E80006174612E6465636F646572466C6167208E
:100E90003D2000454550524F4D446174612E6B65B5
:100EA0007954797065203D2000454550524F4D449E
:100EB0006174612E63757272656E7457504D203D7A
:100EC0002000454550524F4D446174612E73696452
:100ED00065746F6E65566F6C756D65203D200045BD
:100EE0004550524F4D446174612E63775472616E68
:100EF000736D697444656C6179203D2000454550EF
:100F0000524F4D446174612E616374697665564633
:100F10004F203D203000454550524F4D4461746193
:100F20002E66726571496E6372656D656E74203DE3
:100F30002000454550524F4D446174612E637572D7
:100F400072656E7442616E64203D200045455052CA
:100F50004F4D446174612E63757272656E744261A7
:100F60006E6441203D2000454550524F4D44617410
:100F7000612E63757272656E7442616E6442203DCB
:100F80002000454550524F4D446174612E63757287
:100F900072656E744672657141203D200045455072
:100FA000524F4D446174612E63757272656E744662
:100FB00072657142203D2000454550524F4D4461BD
:100FC00074612E66726571436F7272656374696FC6
:100FD0006E466163746F72203D2000454550524F4C
:100FE0004D446174612E657175616C697A657252E8
:100FF00065635B00454550524F4D446174612E65F9
:101000007175616C697A6572586D745B0045455005
:10101000524F4D446174612E63757272656E744DEA
:1010200069635468726573686F6C64203D20004585
:101030004550524F4D446174612E63757272656EF6
:10104000744D6963436F6D70526174696F203D2008
:1010500000454550524F4D446174612E6375727264
:10106000656E744D696341747461636B203D20004B
:10107000454550524F4D446174612E6375727265DF
:101080006E744D696352656C65617365203D200027
:10109000454550524F4D446174612E6375727265BF
:1010A0006E744D69634761696E203D20004545506F
:1010B000524F4D446174612E737769746368566151
:1010C0006C7565735B00454550524F4D44617461CA
:1010D0002E4C5046636F656666203D200045505299
:1010E0004F4D446174612E4E525F505349203D2054
:1010F00000454550524F4D446174612E4E525F6120
:101100006C706861203D2000454550524F4D446150
:1011100074612E4E525F62657461203D200045452A
:1011200050524F4D446174612E6F6D6567614E2062
:101130003D2000454550524F4D446174612E706C06
:101140006C5F666D6178203D2000454550524F4DE3
:10115000446174612E4357506F77657243616C69C7
:1011600062726174696F6E466163746F725B004591
:101170004550524F4D446174612E535342506F7726
:10118000657243616C6962726174696F6E46616316
:10119000746F725B00454550524F4D446174612E2F
:1011A0004951416D70436F7272656374696F6E4629
:1011B0006163746F725B00454550524F4D446174DA
:1011C000612E49515068617365436F727265637433
:1011D000696F6E466163746F725B00454550524F94
:1011E0004D446174612E495158416D70436F727264
:1011F000656374696F6E466163746F725B00454529
:1012000050524F4D446174612E495158506861737A
:1012100065436F7272656374696F6E466163746F64
:10122000725B00454550524F4D446174612E6661BA
:10123000766F7269746546726571735B00454550DF
:10124000524F4D446174612E6C61737446726571C6
:1012500075656E636965735B00454550524F4D443B
:101260006174612E63656E74657246726571203DAE
:101270002000454550524F4D446174612E6D6170A0
:1012800046696C654E616D65203D200045455052B4
:101290004F4D446174612E6D7943616C6C203D202B
:1012A00000454550524F4D446174612E6D7954692B
:1012B0006D655A6F6E65203D2000454550524F4D7B
:1012C000446174612E73657061726174696F6E43FD
:1012D0006861726163746572203D2000454550521B
:1012E0004F4D446174612E706164646C65466C6935
:1012F00070203D2000454550524F4D446174612E91
:1013000073644361726450726573656E74203D202E
:1013100000454550524F4D446174612E6D794C61CA
:1013200074203D2000454550524F4D446174612E5C
:101330006D794C6F6E67203D2000454550524F4DF2
:10134000446174612E63757272656E744E6F697359
:1013500065466C6F6F725B00454550524F4D44615E
:1013600074612E636F6D70726573736F72466C611A
:1013700067203D2000534420636172642063616EE6
:101380006E6F7420626520696E697469616C697A38
:1013900065642E002D2D2D2D2D2053746172742027
:1013A000534420454550524F4D2046696C652044BA
:1013B000756D70202D2D2D2D2D2D006572726F7283
:1013C000206F70656E696E67205344454550524FDB
:1013D0004D446174612E747874005374726169674E
:1013E0006874204B6579004B657965720043616EC6
:1013F00063656C00302E386B487A00312E306B48B4
:101400007A00312E336B487A00312E386B487A00DF
:10141000322E306B487A00204F6666200052696792
:101420006874203D20646168005269676874203DDB
:10143000206469740057504D004B657920547970D1
:10144000650043572046696C74657200506164649E
:101450006C6520466C69700053696465746F6E65D5
:1014600020566F6C00586D69742044656C6179007A
:10147000506F776572206C6576656C0056464F201C
:10148000410056464F20420053706C69740053610E
:1014900076652043757272656E74005365742044DE
:1014A000656661756C747300476574204661766F7C
:1014B0007269746500536574204661766F72697451
:1014C0006500454550524F4D2D2D3E534400534429
:1014D0002D2D3E454550524F4D0053442044756DCF
:1014E00070004F6666004C6F6E6700536C6F77003C
:1014F0004D656469756D0046617374003230206417
:10150000422F756E69740031302064422F756E6908
:10151000740020352064422F756E697400203220DB
:1015200064422F756E69740020312064422F756EFD
:10153000697400536574204D6963204761696E00CA
:101540004F6E00536574205468726573686F6C64E5
:10155000004551536574004672657175656E637917
:1015600000435720507772005353422050410049A6
:10157000510054776F20546F6E650053686F772069
:101580004D61700053657420507265666978004340
:1015900057204F7074696F6E73005246204F7074FD
:1015A000696F6E730056464F2053656C6563740017
:1015B00041474300537065637472756D204F7074BA
:1015C000696F6E73004D696320436F6D7000455104
:1015D000205265632053657400455120586D742076
:1015E0005365740043616C696272617465004265A1
:1015F0006172696E6700426561636F6E204D6F6E48
:1016000069746F720057504D3A00566F6C756D6576
:101610003A0044656C61793A0052656365697665A4
:1016200020457175616C697A6572005472616E73E0
:101630006D697420457175616C697A6572004761E6
:10164000696E3A00436F6D7072657373696F6E3ABD
:10165000004261736564206F6E2064657369676E14
:101660002062793A20416C2050657465722C2041CB
:101670004338475920616E64204A61636B2050757E
:101680007264756D2C2057385445450042793A20D4
:1016900054657272616E636520526F626572747315
:1016A0006F6E2C204B4E365A444500566572736956
:1016B0006F6E3A20005434312D45500038304D00C3
:1016C00034304D0032304D0031374D0031354D0052
:1016D00031324D0031304D00586D6974206F6666AF
:1016E0007365743A004E6F20534420636172642026
:1016F0006F722063616E6E6F7420626520696E691F
:101700007469616C697A65642E00435100525252CB
:1017100000252E31337320252E31337320252E36AC
:1017200073006674385F372E7761760052252B3050
:101730003364006674785F6D6573736167655F65B8
:101740006E636F6465206661696C6564005245452F
:101750004E54206D616C6C6F6320737563636565B7
:10176000646564002F646174612F6A656E6B696ED5
:10177000732F776F726B73706163652F474E552DB2
:10178000746F6F6C636861696E2F61726D2D31319A
:101790002F7372632F6E65776C69622D637967773B
:1017A000696E2F6E65776C69622F6C6962632F7347
:1017B0007472696E672F737472746F6B2E6300514D
:1017C000525A00435120003344300033444130002A
:1017D0003358002F52002F5000000000000000007E
:1017E000000000000000F03F0100000000010000C8
:1017F0001000000077CC2B3000020000CDCCCC3D97
:10180000000040400000F042000048430000F04269
:101810000000803F6F12833A4000000017B7D138B4
:10182000E3A59B3C8FC2753DE3A59B3CE3A59B3C98
:10183000E3A59B3CE3A59B3CE3A59B3CF40E893AC6
:10184000F40E093BF40E893A93F8F03F430363BF6B
:1018500003CF1E3B03CF9E3B03CF1E3B4038F13FDF
:10186000BCEB64BF093F9E3B093F1E3C093F9E3BCA
:101870005AD7F13FACA068BF52C9FA3B52C97A3C73
:1018800052C9FA3B170BF33F78EC6DBF85B4263C89
:1018900085B4A63C85B4263C230CF53F8E8374BFEB
:1018A0009D58403C9D58C03C9D58403CF800F83F36
:1018B00079077CBF29F3DF3A29F35F3B29F3DF3A4D
:1018C00026C1EC3F32425BBF06C4813B06C4013CEB
:1018D00006C4813BE3CEEC3FE7AB5DBFB05E013CAD
:1018E000B05E813CB05E013C9C22ED3F235B62BF59
:1018F00004404D3C0440CD3C04404D3C211CEE3F97
:10190000430C69BF53B6883C53B6083D53B6883C78
:101910000726F03FD96271BFB23D9E3CB23D1E3DED
:10192000B23D9E3C6C93F33F8FEE7ABFB18E253B68
:10193000B18EA53BB18E253BB08EE83F9CB353BF23
:1019400044D9BF3B44D93F3C44D9BF3B244FE83F37
:10195000139D56BFA9473F3CA947BF3CA9473F3C01
:10196000CD26E83F16425CBF5CD4973C5CD4173D63
:101970005CD4973C5AAAE83F404F64BFA893CA3C46
:10198000A8934A3DA893CA3C7E82EA3F71576EBF36
:10199000FF25EB3CFF256B3DFF25EB3C833BEE3FFA
:1019A000C6DB79BF9560973B9560173C9560973B88
:1019B0009330E03F2A1C45BF85462F3C8546AF3C0F
:1019C00085462F3C0E09DF3F850649BF1694AE3C85
:1019D00016942E3D1694AE3CE55FDD3F4C9250BF11
:1019E000498B0A3D498B8A3D498B0A3D4450DC3F77
:1019F0005A435BBF922D393D922DB93D922D393D11
:101A0000481EDD3FF58768BF8EF9573D8EF9D73DFB
:101A10008EF9573D0DE7E03F7ECC77BFB630C13B36
:101A2000B630413CB630C13BE700DC3F530B3EBF14
:101A300080865F3C8086DF3C80865F3C8E40DA3F5C
:101A4000837942BFCB64DE3CCB645E3DCB64DE3C3D
:101A5000DA96D73F4DFA4ABF0659303D0659B03D98
:101A60000659303D3070D53FA1F656BFACC16B3D35
:101A7000ACC1EB3DACC16B3D776BD53F59C765BF82
:101A8000C2BD893DC2BD093EC2BD893D7CF9D83F7A
:101A9000DAD176BFE1D56C376E28DA3731E2193802
:101AA000E0946537A79DA5B82FD98DB9E7DB12BAA9
:101AB00008A26ABAE7AC97BADB119ABA15D048BA4D
:101AC0000DE34F39C5B1DF3A651B683BFB37AC3BD3
:101AD00057CACB3B477FBC3B57095A3BC0F19DBA25
:101AE00038F4F2BB82AE68BC05B6A2BC79EBB6BCDA
:101AF0008157A0BC8C2C25BC8E2CDB3BACCBF53CA1
:101B000045B86C3D54E7B13D2747E83D73E3083ED7
:101B10005A1E143E5A1E143E73E3083E2747E83D02
:101B200054E7B13D45B86C3DACCBF53C8E2CDB3B6E
:101B30008C2C25BC8157A0BC79EBB6BC05B6A2BCE9
:101B400082AE68BC38F4F2BBC0F19DBA57095A3B6B
:101B5000477FBC3B57CACB3BFB37AC3B651B683B65
:101B6000C5B1DF3A0DE34F3915D048BADB119ABA47
:101B7000E7AC97BA08A26ABAE7DB12BA2FD98DB9D7
:101B8000A79DA5B8E094653731E219386E28DA3799
:101B9000E1D56C37764D696E696D756D000000009A
:101BA000010000001E000000000000000000000016
:101BB00006000000030000000000803F000000005D
:101BC0000000000001000000010000000000A04132
:101BD00005000000240000002300000000000000B9
:101BE000000000000F00000014000000EE020000E2
:101BF00000000000A08601000100000001000000BC
:101C000001000000408B6B00F0446B0000000000FE
:101C10006400000064000000640000006400000034
:101C20006400000064000000640000006400000024
:101C30006400000064000000640000006400000014
:101C400064000000640000000000000000000000CC
:101C500064000000640000006400000064000000F4
:101C600064000000640000006400000064000000E4
:101C70006400000000000000000000000000000000
:101C8000F6FFFFFF0000A040CDCCCC3D000000409F
:101C9000F6FFFFFF89030000550300002203000048
:101CA000F0020000C10200008D0200005C02000092
:101CB0002C020000F6010000C30100008F010000AB
:101CC0005801000023010000ED000000B5000000F5
:101CD0007C00000041000000040000000000000043
:101CE000000000003333733F9A99593F0000484386
:101CF00000007A450AD7A33C0AD7A33C0AD7A33CE5
:101D00000AD7A33C0AD7A33C0AD7A33C0AD7A33CD3
:101D10008FC2F53C8FC2F53C8FC2F53C8FC2F53CBB
:101D20008FC2F53C8FC2F53C8FC2F53CE3A59B3CCE
:101D3000E3A59B3CE3A59B3CE3A59B3CE3A59B3C27
:101D4000E3A59B3CE3A59B3C6F12033C6F12033C55
:101D50006F12033C6F12033C6F12033C6F12033C83
:101D60006F12033C0000803F0000803F0000803F76
:101D70000000803F0000803F0000803F0000803F67
:101D80000000000000000000000000000000000053
:101D90000000000000000000000000000000803F84
:101DA0000000803F0000803F0000803F0000803F37
:101DB0000000803F0000803F0000000000000000A5
:101DC0000000000000000000000000000000000013
:101DD0000000000040523600104E3800F0446B0006
:101DE00000DD6D00E089D600C0ACD800A0594101EB
:101DF00088C844016029AC01C8D0B001404B4C00F8
:101E000080969800C0E1E40060233600405236001E
:101E1000D0F06B00F0446B0090C0D6002026D700B5
:101E2000A06D140130561401C02A410130B942019D
:101E300028827C01D0667C0180FAAB01404CAE0167
:101E4000408B6B000000000000000000000000005C
:101E50000000000000000000000000000000000082
:101E60000000000000000000000000000000000072
:101E7000000000000000596F75722043616C6C0017
:101E80005053543A20000000000000002E000000D3
:101E900000000000000000000000F6C20000164232
:101EA0000000000000000000000000000000000032
:101EB0000000000000000000000000000000000022
:101EC000B0030000C4030000E0930400E54B98BD9C
:101ED00000000000E54B983D50D7DB3FE0B95CBF08
:101EE000804396BD000000008043963D31D5D63F2B
:101EF000A9C759BFBECAB0BD00000000BECAB03DF0
:101F00000F9BE23F88F763BFE859AABD00000000BD
:101F1000E859AA3D4DD8D23F6BA95BBF0946C4BD65
:101F2000000000000946C43D0BDCCC3FD29E52BFEE
:101F3000FCCBC0BD00000000FCCBC03D2666C53F09
:101F4000B7E34EBFEC17E5BD00000000EC17E53D20
:101F50002267D63FE1E05BBFB91EDABD000000009A
:101F6000B91EDA3D1FBABE3FAE5851BFD66AF1BDA9
:101F700000000000D66AF13D1F26B93F131F48BF7D
:101F8000164EECBD00000000164EEC3DFEB7AE3F15
:101F900031E243BFB1830DBE00000000B1830D3EAE
:101FA000E2F2C53FAA3353BFF07B05BE000000003C
:101FB000F07B053E8C94A43F943747BF72611ABEF4
:101FC0000000000072611A3E1E0C9C3FF68338BF71
:101FD0009A4516BE000000009A45163EF1DB8C3F84
:101FE000CC9A33BF7C1636BE000000007C16363E0D
:101FF0009AEAAD3FC44F46BF545729BE00000000C7
:102000005457293E84067A3FDE6D38BF2C9643BE76
:10201000000000002C96433EBE48663F2D0425BFBD
:1020200041BB3DBE0000000041BB3D3E70303B3F28
:102030008B1320BF9D6F67BE000000009D6F673E41
:102040001DAE8B3FB2A435BF6AB455BE0000000080
:102050006AB4553ED6FE0B3F17BA27BF50F82FBCC7
:102060000000000050F82F3C4027FD3FDCEC7ABF19
:102070006C992FBC000000006C992F3C21D2FC3FD2
:102080008D657ABF1AEF48BC000000001AEF483C8B
:1020900023CAFD3F8F137CBF91C347BC00000000E3
:1020A00091C3473C54D5FC3FC99B7ABFADE753BCB5
:1020B00000000000ADE7533C0C72FC3F09E079BF23
:1020C000F06353BC00000000F063533CF609FC3F92
:1020D000B14479BFAA1972BC00000000AA19723C71
:1020E000DD37FD3F3C3C7BBF1C7970BC000000002D
:1020F0001C79703CA809FC3FF68B79BF85BC86BC77
:102100000000000085BC863CCC54FB3FA63778BF5E
:10211000685086BC000000006850863CF9C6FA3F53
:102120007A7077BF68189ABC0000000068189A3C63
:102130006B58FC3F54F379BF95C298BC0000000077
:1021400095C2983C75B9FA3FDFC877BF10E9ACBCBF
:102150000000000010E9AC3CD0C3F93FA10576BFF8
:10216000D833ACBC00000000D833AC3C40FEF83F94
:10217000C90375BF3F07C6BC000000003F07C63C4F
:102180002B1EFB3F1D4078BF5BCAC3BC0000000094
:102190005BCAC33C0BD7F83FEF7175BF085DD0BC7D
:1021A00000000000085DD03C9E08F83FDBF473BFE0
:1021B000365ECFBC00000000365ECF3C8D0CF73F92
:1021C00081CA72BFEEE4EEBC00000000EEE4EE3C1B
:1021D000CBB6F93FE59876BF40BEEBBC00000000EF
:1021E00040BEEB3C7DC6F63F345873BF4F510BBD2C
:1021F000000000004F510B3DB3F0F43F6EF56FBF90
:10220000285C0ABD00000000285C0A3DE070F33F36
:102210002F4F6EBFFC2C20BD00000000FC2C203D89
:10222000A755F73F468F73BF5B261DBD000000001A
:102230005B261D3DBAD3F23F65F56EBF8E0524BD0A
:10224000000000008E05243DE7B6F13F270D6DBF6D
:1022500088C622BD0000000088C6223D9BD2EF3F09
:1022600016406BBFB9D23CBD00000000B9D23C3D66
:102270004DA7F43FF12971BF56E038BD00000000C2
:1022800056E0383DC0E3EE3F7C1F6CBF65D350BDC8
:102290000000000065D3503D6D69EC3FC6E767BFA5
:1022A00011C34EBD0000000011C34E3D8EB0E93F8A
:1022B0000E9D65BF162771BD000000001627713DF9
:1022C000BE6AF03FA7206DBFBC9E6ABD0000000043
:1022D000BC9E6A3D1A0AE83F36B466BF36BD7FBD74
:1022E0000000000036BD7F3D986DE53FF57662BF8A
:1022F000C3B47CBD00000000C3B47C3DF6AFE13F39
:1023000063C75FBF641594BD000000006415943D71
:1023100030B0EA3FD1BD68BF2A488FBD0000000041
:102320002A488F3D210CDF3FDB3161BFAEE35A39D4
:102330008E508439ED10A6395C5BCC395D28F039BC
:10234000DAAE0E3A56B22F3ADE2F4E3AEE12583A25
:10235000D10D5F3A743F8A3ADABCBD3A8F74DE3AE7
:102360006E07C83A065BA73AAB56DB3A6CEA333BDA
:10237000008A5E3B3C29323B6778D63ABD25103B4C
:10238000B787993B00C2D13BDE819F3BC72FF83A0C
:10239000C66A153B23D1EE3B05793B3C7B04113CDF
:1023A0003A6B123BC8C6BB3ABE712B3C40E4A03C22
:1023B00021CA853C28395A3B129179BA6239683C66
:1023C00015E1083DDA5BFF3CF972E73BBAD0C3BBCD
:1023D00099029D3CB02C7C3D520B8B3D826BAC3CFA
:1023E0002C7D9BBC68FF073D15343E3ECC28AA3EA1
:1023F000929FAD3EC998343EE15A34BDC5512EBEC0
:10240000139016BEAE5C49BD0E313C3C4ACB8BBB33
:1024100094EE42BD828A69BDAEC5DBBCABDBEF3A50
:10242000F2816ABA3126B5BC6C9CFCBC14E392BC48
:10243000C65AEFBAECF64FBA51463CBCE79890BC8E
:10244000E02946BCCE0B4EBB777DA7BA4DBBCDBBBA
:10245000E79E23BCE941FFBB009E4FBB2E06D0BACE
:10246000DF526BBBCCC3B2BB044499BBCD6926BB66
:10247000A68DC9BA171E0CBBAE453BBB8A3A29BB19
:10248000FC48E1BAD8CD9EBA5070A7BABC2CBBBAF2
:10249000E081A9BAF2BA81BA7BBA4CBAA8D23ABAE8
:1024A000D0182EBA66A615BAAD66F6B9882ECFB981
:1024B000DE7EADB9A22289B9198952B905765C3997
:1024C000B08E8839B5A0A73985EDCB39866DF33943
:1024D000DF020E3AD5DC233A279A3E3A61DD603AB4
:1024E000D95E843A8DF6973A4FC1A83A462DB83A4C
:1024F000CE22CB3A7250E53A4E5E023B67B3113BB7
:10250000176D1F3B53D12E3B891F453BBFE3623BF9
:102510007F1F803B1D3B893BB4EF8B3B99048F3B76
:10252000452A9C3BBE4DB63BE6DBD43BD05FEB3B44
:102530001544F83B0B3A053C963E193CE698343C72
:102540002939443C5B53353C4315103CF8F5023CBB
:1025500041DD473C21ABB53CA1B2083D4E53193D8E
:102560005205E83C5B041B3C973F88BB236BF03B68
:102570002656633DB945073E1C50553ED5727D3EFB
:10258000E3AA663E31D6133EBD160F3D93B27ABD27
:10259000A3C6E5BDC743E3BD8A7599BDFAD804BD9E
:1025A000A246BFBB9B9ED4BAE63942BC3019C0BC20
:1025B0009D25E2BC522AC1BCFC5784BC8A822BBC3C
:1025C0008F1C0BBC6D2513BC01B91EBC9BED19BC47
:1025D0005EED08BC3297F2BB5443E3BBD591DBBB45
:1025E000C4F4CCBB234BB3BBFC1597BBBF1983BB57
:1025F0006A7B74BB53A26DBB1CE862BBE7024FBB96
:10260000A40B37BB4A4422BBCAD412BBA9B505BB35
:102610000A1CEFBA44B6D0BA1B5BB5BA63DDA0BAE8
:1026200056FE91BA556384BAB4066ABAB49248BAEF
:102630002A2B29BAFA0C0FBAFE6DF3B941A1CDB914
:1026400067F8A9B9483489B9AA135AB9198952B98E
:10265000A22289B9DE7EADB9882ECFB9AD66F6B9B2
:1026600066A615BAD0182EBAA8D23ABA7BBA4CBA16
:10267000F2BA81BAE081A9BABC2CBBBA5070A7BA31
:10268000D8CD9EBAFC48E1BA8A3A29BBAE453BBBDD
:10269000171E0CBBA68DC9BACD6926BB044499BBD5
:1026A000CCC3B2BBDF526BBB2E06D0BA009E4FBB71
:1026B000E941FFBBE79E23BC4DBBCDBB777DA7BAED
:1026C000CE0B4EBBE02946BCE79890BC51463CBCC3
:1026D000ECF64FBAC65AEFBA14E392BC6C9CFCBC41
:1026E0003126B5BCF2816ABAABDBEF3AAEC5DBBCD2
:1026F000828A69BD94EE42BD4ACB8BBB0E313C3C15
:10270000AE5C49BD139016BEC5512EBEE15A34BD14
:10271000C998343E929FAD3ECC28AA3E15343E3E29
:1027200068FF073D2C7D9BBC826BAC3C520B8B3D04
:10273000B02C7C3D99029D3CBAD0C3BBF972E73BFB
:10274000DA5BFF3C15E1083D6239683C129179BAC9
:1027500028395A3B21CA853C40E4A03CBE712B3C41
:10276000C8C6BB3A3A6B123B7B04113C05793B3C33
:1027700023D1EE3BC66A153BC72FF83ADE819F3B5B
:1027800000C2D13BB787993BBD25103B6778D63A4D
:102790003C29323B008A5E3B6CEA333BAB56DB3A6A
:1027A000065BA73A6E07C83A8F74DE3ADABCBD3AC8
:1027B000743F8A3AD10D5F3AEE12583ADE2F4E3A04
:1027C00056B22F3ADAAE0E3A5D28F0395C5BCC395E
:1027D000ED10A6398E508439AEE35A39AA135AB98E
:1027E000483489B967F8A9B941A1CDB9FE6DF3B9EB
:1027F000FA0C0FBA2A2B29BAB49248BAB4066ABAAC
:10280000556384BA56FE91BA63DDA0BA1B5BB5BAB4
:1028100044B6D0BA0A1CEFBAA9B505BBCAD412BBDC
:102820004A4422BBA40B37BBE7024FBB1CE862BB88
:1028300053A26DBB6A7B74BBBF1983BBFC1597BBEE
:10284000234BB3BBC4F4CCBBD591DBBB5443E3BB3C
:102850003297F2BB5EED08BC9BED19BC01B91EBC02
:102860006D2513BC8F1C0BBC8A822BBCFC5784BC0F
:10287000522AC1BC9D25E2BC3019C0BCE63942BC1D
:102880009B9ED4BAA246BFBBFAD804BD8A7599BD37
:10289000C743E3BDA3C6E5BD93B27ABDBD160F3DE8
:1028A00031D6133EE3AA663ED5727D3E1C50553E9E
:1028B000B945073E2656633D236BF03B973F88BBE7
:1028C0005B041B3C5205E83C4E53193DA1B2083D48
:1028D00021ABB53C41DD473CF8F5023C4315103CCB
:1028E0005B53353C2939443CE698343C963E193CD0
:1028F0000B3A053C1544F83BD05FEB3BE6DBD43BA1
:10290000BE4DB63B452A9C3B99048F3BB4EF8B3BB5
:102910001D3B893B7F1F803BBFE3623B891F453BDB
:1029200053D12E3B176D1F3B67B3113B4E5E023BED
:102930007250E53ACE22CB3A462DB83A4FC1A83A6A
:102940008DF6973AD95E843A61DD603A279A3E3A2D
:10295000D5DC233ADF020E3A866DF33985EDCB39AB
:10296000B5A0A739B08E883905765C39EA5A19B610
:1029700013FF0DB8E2DBBCB8E0FAD6B85F037538D8
:10298000F070EE39C16F643A6F8D443A6DA0F5B9BD
:10299000F9722BBBDB228BBBA7C449BBD3E6113B2F
:1029A000DD07223C0E2B6C3C962C173CDB6902BCED
:1029B0005383F8BC0C5A2CBD8CC2CFBCD40AE93C62
:1029C00019B1E13D2A37463EED2B7C3EED2B7C3E96
:1029D0002A37463E19B1E13DD40AE93C8CC2CFBC4E
:1029E0000C5A2CBD5383F8BCDB6902BC962C173CF7
:1029F0000E2B6C3CDD07223CD3E6113BA7C449BB40
:102A0000DB228BBBF9722BBB6DA0F5B96F8D443AFD
:102A1000C16F643AF070EE395F037538E0FAD6B8EA
:102A2000E2DBBCB813FF0DB8EA5A19B60029DE077D
:102A3000007B9A1791ED7C3F91ED7C3FE926813F29
:102A40000AD7833FEC51883FA8C68B3F0000803FE8
:102A50000AD723BC1B2FDDBCFCA9713D295C0F3DAF
:102A60000AD7A33D23DBF93D00000000AE47813FBC
:102A70004E62803F3D0A773F7B146E3F6666663F3D
:102A8000AE47613F0000803F0AD723BC0AD723BC72
:102A90001B2FDDBCAE4761BDCDCCCCBDEC51B8BD6C
:102AA000000000003333733F9A99593F040000003F
:102AB0008CE301205C9000200400000090EE0120D7
:102AC0005C90002004000000ACE30120AC900020EA
:102AD00004000000B0EE0120AC90002004000000D3
:102AE000CCE30120FC90002004000000D0EE012087
:102AF000FC90002004000000ECE301204C91002039
:102B000004000000F0EE01204C91002004000000C1
:102B10000CE401209C9100200400000010EF012033
:102B20009C9100200600000070C70020CC89002086
:102B300006000000A0C70020448A00200600000014
:102B4000D0C70020BC8A00200600000000C800207A
:102B5000348B00200600000030C80020AC8B002021
:102B6000040000002CE40120EC910020040000008F
:102B700030EF0120EC910020040000004CE4012023
:102B80003C9200200400000050EF01203C92002005
:102B9000040000006CE401208C920020040000007E
:102BA00070EF01208C920020040000008CE40120D2
:102BB000DC9200200400000090EF0120DC92002055
:102BC00004000000ACE401202C930020040000006D
:102BD000B0EF01202C93002004000000CCE4012081
:102BE0007C93002004000000D0EF01207C930020A3
:102BF00004000000ECE40120CC930020040000005D
:102C0000F0EF0120CC930020040000000CE501202F
:102C10001C9400200400000010F001201C940020EF
:102C2000040000002CE501206C940020040000004A
:102C300030F001206C94002000003A40642F002006
:102C40000000000000000000000000000000000084
:102C50000000000000000000000000000000000074
:102C60000000000000000000000000000000000064
:102C70000000000000000000000000000000000054
:102C800000000000000000006F12033C6F12033CC4
:102C90006F12033C6F12033C6F12033C6F12033C34
:102CA0006F12033CB830002000000000E803000071
:102CB000000000002032002000000000E8030000B7
:102CC0000000000000003F4070890060000000002C
:102CD00000000000000000000000000000000000F4
:102CE00000000000000000000000000000000000E4
:102CF00000000000000000000000000000000000D4
:102D000000000000000000000000000000000000C3
:102D100000000000000000000000000000000000B3
:102D200000000000000000000000000000000000A3
:102D30000000000000000000000000000000000093
:102D40000000000000000000000000000000000083
:102D50000000000000000000000000000000000073
:102D60000000000000000000000000000000000063
:102D70000000000000000000000000000000000053
:102D80000000000000000000000000000000000043
:102D90000000000000000000000000000000000033
:102DA0000000000000000000000000000000000023
:102DB0000000000000000000000000000000000013
:102DC0000000000000000000000000000000000003
:102DD00000000000000000000000000000000000F3
:102DE00000000000000000000000000000000000E3
:102DF000000000002032002000000000E803000076
:102E00000000000000803F402089006000000000BA
:102E100000000000000000000000000000000000B2
:102E200000000000000000000000000000000000A2
:102E30000000000000000000000000000000000092
:102E40000000000000000000000000000000000082
:102E50000000000000000000000000000000000072
:102E60000000000000000000000000000000000062
:102E70000000000000000000000000000000000052
:102E80000000000000000000000000000000000042
:102E90000000000000000000000000000000000032
:102EA0000000000000000000000000000000000022
:102EB0000000000000000000000000000000000012
:102EC0000000000000000000000000000000000002
:102ED00000000000000000000000000000000000F2
:102EE00000000000000000000000000000000000E2
:102EF00000000000000000000000000000000000D2
:102F000000000000000000000000000000000000C1
:102F100000000000000000000000000000000000B1
:102F200000000000000000000000000000000000A1
:102F3000000000002032002000000000E803000034
:102F40000000000000C03F40D0880060000000008A
:102F50000000000000000000000000000000000071
:102F60000000000000000000000000000000000061
:102F70000000000000000000000000000000000051
:102F80000000000000000000000000000000000041
:102F90000000000000000000000000000000000031
:102FA0000000000000000000000000000000000021
:102FB0000000000000000000000000000000000011
:102FC0000000000000000000000000000000000001
:102FD00000000000000000000000000000000000F1
:102FE00000000000000000000000000000000000E1
:102FF00000000000000000000000000000000000D1
:1030000000000000000000000000000000000000C0
:1030100000000000000000000000000000000000B0
:1030200000000000000000000000000000000000A0
:103030000000000000000000000000000000000090
:103040000000000000000000000000000000000080
:103050000000000000000000000000000000000070
:103060000000000000000000000000000000000060
:10307000000000002C010000000000000000000023
:103080007F00000014000000140000000100000098
:10309000FFFFFFFF05000000A01825200000000032
:1030A00043000000000000000000000000000000DD
:1030B0000000000000000000000000000000000010
:1030C00043000000000000000000000000000000BD
:1030D00000000000000000000000000000000000F0
:1030E000430000000000000000000000000000009D
:1030F00000000000000000000000000000000000D0
:10310000430000000000000000000000000000007C
:1031100000000000000000000000000000000000AF
:10312000430000000000000000000000000000005C
:10313000000000000000000000000000000000008F
:10314000430000000000000000000000000000003C
:10315000000000000000000000000000000000006F
:10316000430000000000000000000000000000001C
:10317000000000000000000000000000000000004F
:103180000DE9010083DF010000000000E868002075
:1031900023630020646600206466002064660020CB
:1031A0006466002064660020646600206466002077
:1031B0006466002064660020FFFFFFFFFFFFFFFF43
:1031C000FFFFFFFFFFFF000001004153434949009B
:1031D00000000000000000000000000000000000EF
:1031E0000000000000000000000041534349490076
:1031F00000000000000000000000000000000000CF
:1032000000000000000000000000000000000000BE
:1032100003000000ACC6012000000000ACC6012085
:1032200014C701207CC7012000000000000000003E
:10323000000000000000000000000000000000008E
:10324000000000000000000000000000000000007E
:10325000000000000000000000000000000000006E
:1032600000000000A8A30020FFFFFFFFFFFFFFFFFB
:103270000AD7233C1E000000C800000050000000D8
:1032800020753800E067350000093D004C880020BB
:1032900001000000C8000000B80B000001000000A1
:1032A00070383900000080C01400000014000000D5
:1032B000B0196D00C0CF6A00A0636F005088002075
:1032C00001000000C8000000B80B00000100000071
:1032D000B0196D000000803F1400000014000000D1
:1032E000C0ACD800809FD500B0F6DA00548800202A
:1032F00000000000C8000000B80B00000100000042
:10330000184BD800000040C014000000140000005A
:10331000202F140120B21301C03815015888002055
:1033200000000000C8000000B80B00000100000011
:1033300070751401000040C014000000140000006B
:10334000807C4301406F4001104D47015C880020A4
:1033500000000000C8000000B80B000001000000E1
:1033600028DE4301000080BF1400000014000000AC
:10337000C03F7C0190CA7B0130517D0160880020F4
:1033800000000000C8000000B80B000001000000B1
:10339000E08D7C01000080BF1400000014000000DC
:1033A0003096B001003FAB01A02FC501648800201A
:1033B00000000000C8000000B80B00000100000081
:1033C00000000000000080BF140000001400000096
:1033D0001600000016000000160000001600000095
:1033E000160000000000000000000000C373002071
:1033F000E0930400B0030000C4030000FFFFFFFFE0
:10340000D0F06B0028779939780200BA2D4B293A11
:10341000804727BAFD2FA239C2BAF939FD59E7BA58
:103420002678613BC078A9BBA728D23B3419D4BB0E
:103430008986983BD3B7F4B917BCC9BBEF2C703C55
:10344000109BC2BCABC8003D72DA0FBDA727023D7E
:10345000276193BC23A42FBC3C80813D5BE42EBE3E
:10346000CC4E1F3FCC4E1F3F5BE42EBE3C80813DC7
:1034700023A42FBC276193BCA727023D72DA0FBD9E
:10348000ABC8003D109BC2BCEF2C703C17BCC9BB45
:10349000D3B7F4B98986983B3419D4BBA728D23B5B
:1034A000C078A9BB2678613BFD59E7BAC2BAF939A1
:1034B000FD2FA239804727BA2D4B293A780200BA4E
:1034C000287799399E361FB7A4ED29393D6BB0395D
:1034D00031AF2F3A819B923A69FBCE3A6BDFF23AD9
:1034E0000BE7D83A9329303A6D60AEBADB378FBB21
:1034F000DFF904BC535B41BC786169BCB63B65BC79
:10350000E4241DBC615B6738522E7B3C1704123DDE
:10351000E61C733DEBCEAB3DF972D93DD62FFC3D99
:10352000517B073E517B073ED62FFC3DF972D93DBA
:10353000EBCEAB3DE61C733D1704123D522E7B3C97
:10354000615B6738E4241DBCB63B65BC786169BC2F
:10355000535B41BCDFF904BCDB378FBB6D60AEBA97
:103560009329303A0BE7D83A6BDFF23A69FBCE3A4F
:10357000819B923A31AF2F3A3D6BB039A4ED293996
:103580009E361FB704773038969813B96FDBF8B9B9
:10359000AA996EBA4F6283BA0C6E60B9E786C13AD7
:1035A000EBC3463B7EBF2D3BBC7551BA8FB7C4BB46
:1035B0005E8511BCC450A4BB10F2C63BC526943C2A
:1035C0007E50A53C83E6983BE6D0C6BC488444BD0B
:1035D000367829BD58DC383CBF3BD23D0BDF4D3E31
:1035E000A795873EA795873E0BDF4D3EBF3BD23D5B
:1035F00058DC383C367829BD488444BDE6D0C6BC8A
:1036000083E6983B7E50A53CC526943C10F2C63B11
:10361000C450A4BB5E8511BC8FB7C4BBBC7551BA86
:103620007EBF2D3BEBC3463BE786C13A0C6E60B9CB
:103630004F6283BAAA996EBA6FDBF8B9969813B93C
:1036400004773038FFFFFFFF010000000100000099
:1036500001000000408B6B00F0446B00CDCCCC3DF2
:103660000000A040F6FFFFFF00000040F6FFFFFF54
:10367000010000000F00000005000000EE02000045
:10368000FFFFFFFF64000000640000006400000012
:10369000640000006400000064000000640000009A
:1036A000640000006400000064000000640000008A
:1036B00064000000640000006400000000000000DE
:1036C00000000000640000006400000064000000CE
:1036D000640000006400000064000000640000005A
:1036E0006400000064000000000000000000000012
:1036F000000000001431002000000000E80300007A
:10370000000000000000000040523600104E38005B
:10371000F0446B0000DD6D00E089D600C0ACD8003D
:10372000A059410188C844016029AC01C8D0B0014A
:10373000404B4C0080969800C0E1E4000000803FC0
:10374000B0040000A0860100E8030000E8030000C8
:10375000F4010000030000009D55006099790060AD
:10376000415800604D580060A9580060D958006069
:1037700085590060C15900600559006045590060D5
:103780009B790060255A00603D5A0060015300603B
:103790006D8D0000058D0000AD380100AD380100D1
:1037A000AD380100AD380100AD380100AD38010081
:1037B000AD380100AD380100AD380100AD38010071
:1037C000AD380100AD380100AD380100AD38010061
:1037D000AD380100AD380100AD380100AD38010051
:1037E000AD380100AD380100AD380100AD38010041
:1037F000AD380100AD380100AD380100AD38010031
:10380000AD380100AD380100AD380100AD38010020
:10381000AD380100AD380100AD380100AD38010010
:10382000AD380100AD380100AD380100AD38010000
:10383000AD380100AD380100AD380100AD380100F0
:10384000AD380100AD380100AD380100AD380100E0
:10385000AD380100AD380100AD380100AD380100D0
:10386000AD380100AD380100AD380100AD380100C0
:10387000AD380100AD380100AD380100AD380100B0
:10388000AD380100AD380100AD380100AD380100A0
:10389000AD380100AD380100AD380100AD38010090
:1038A000AD380100AD380100AD380100AD38010080
:1038B000AD380100AD380100AD380100AD38010070
:1038C000AD380100AD380100AD380100AD38010060
:1038D000AD380100AD380100AD380100AD38010050
:1038E000AD380100AD380100AD380100AD38010040
:1038F000AD380100AD380100AD380100AD38010030
:10390000AD380100AD380100AD380100AD3801001F
:10391000AD380100AD380100AD380100AD3801000F
:10392000AD380100AD380100AD380100AD380100FF
:10393000AD380100AD380100AD380100AD380100EF
:10394000AD380100AD380100AD380100AD380100DF
:10395000AD380100AD380100AD380100AD380100CF
:10396000AD380100AD380100AD380100AD380100BF
:10397000AD380100AD380100AD380100AD380100AF
:10398000AD380100AD380100AD380100AD3801009F
:10399000AD380100AD3801006023360040523600DA
:1039A000D0F06B00F0446B0090C0D6002026D7000A
:1039B000A06D140130561401C02A410130B94201F2
:1039C00028827C01D0667C0180FAAB01404CAE01BC
:1039D000CDCCCCBD6A850020778500207D85002078
:1039E00000000000000000000000000084850020AE
:1039F0008B8500209285002099850020A0850020DD
:103A0000A7850020AD850020B985002000000000BA
:103A1000000000000000000000000000000016424E
:103A20000000F6C2E02E000000004843FFFFFFFF49
:103A30001C0000001C00000000007A45010000008E
:103A40000000803F0000803F0000803F0000803F7A
:103A50000000803F0000803F0000803F0000803F6A
:103A60000000803F0000803F0000803F0000803F5A
:103A70000000803F0000803FFFFFFFFFC585002062
:103A8000C9850020D2850020DC850020E885002043
:103A9000F58500207D8500200000000000860020C4
:103AA000CB8600207D850020000000000000000083
:103AB0000000000000000000000000000C86002054
:103AC00012860020188600207D850020000000005E
:103AD0000000000000000000000000001E86002022
:103AE0002B86002038860020458600205286002044
:103AF0005E8600206A8600207D8500207286002078
:103B0000768600207B860020808600208786002025
:103B10007D85002000000000000000008C86002051
:103B200097860020A2860020AD860020B88600205F
:103B30007D8500200000000000000000C3860020FA
:103B40007D85002000000000000000000000000053
:103B5000000000000000000000000000D0860020EF
:103B600072860020D38600207D85002000000000A2
:103B7000000000000000000000000000D0860020CF
:103B800072860020E18600207D8500200000000074
:103B9000000000000000000000000000D0860020AF
:103BA00072860020E18600207D8500200000000054
:103BB000000000000000000000000000E786002078
:103BC000F1860020F8860020FF8600200287002072
:103BD0007D85002000000000000000000B87002011
:103BE000148700207D8500200000000000000000F8
:103BF000000000000000000000000000D08600204F
:103C0000728600207D85002000000000000000007A
:103C100000000000000000000000000064660020BA
:103C20000000000000000000000000000000000094
:103C30000000000000000000000000001400000070
:103C400085410100010000000000A041890300003F
:103C50005503000022030000F0020000C102000032
:103C60008D0200005C0200002C020000F601000042
:103C7000C30100008F010000580100002301000073
:103C8000ED000000B50000007C00000041000000D5
:103C90000400000000000C431F8700202A8700203A
:103CA000358700206386002040870020448700205D
:103CB000C7860020558700205E8700206987002086
:103CC000748700207E870020868700207D85002065
:103CD0000100000006000000410000000C0300008D
:103CE00000000000000000000000000000000000D4
:103CF000000001070A0129FFFFFFFF8012010002F7
:103D0000EF020140C0168A04800201020301010093
:103D100000000000000000000000000000000000A3
:103D20000000000000000000000000000000000093
:103D30000000000000000000000000000000000083
:103D40000000000000000000000000000000000073
:103D50000000000000000000000000000000000063
:103D60000000000000000000000000000000000053
:103D70000000000000000000000000000000000043
:103D80000000000000000000000000000000000033
:103D90000000000000000000000000000000000023
:103DA0000000000000000000000000000000000013
:103DB0000000000000000000000000000000000003
:103DC00000000000000000000000000000000000F3
:103DD00000000000000000000000000000000000E3
:103DE00000000000000000000000000000000000D3
:103DF00000000000000000000000000000000000C3
:103E000000000000000000000000000000000000B2
:103E100000000000000000000000000000000000A2
:103E20000000000000000000000000000000000092
:103E30000000000000000000000000000000000082
:103E40000000000000000000000000000000000072
:103E50000000000000000000000000000000000062
:103E60000000000000000000000000000000000052
:103E70000000000000000000000000000000000042
:103E80000000000000000000000000000000000032
:103E90000000000000000000000000000000000022
:103EA0000000000000000000000000000000000012
:103EB0000000000000000000000000000000000002
:103EC00000000000000000000000000000000000F2
:103ED00000000000000000000000000000000000E2
:103EE00000000000000000000000000000000000D2
:103EF00000000000000000000000000000000000C2
:103F000000000000000000000000000000000000B1
:103F100000000000000000000000000000000000A1
:103F20000000000000000000000000000000000091
:103F30000000000000000000000000000000000081
:103F40000000000000000000000000000000000071
:103F50000000000000000000000000000000000061
:103F60000000000000000000000000000000000051
:103F70000000000000000000000000000000000041
:103F80000000000000000000000000000000000031
:103F90000000000000000000000000000000000021
:103FA0000000000000000000000000000000000011
:103FB0000000000000000000000000000000000001
:103FC00000000000000000000000000000000000F1
:103FD00000000000000000000000000000000000E1
:103FE00000000000000000000000000000000000D1
:103FF00000000000000000000000000000000000C1
:1040000000000000000000000000000000000000B0
:1040100000000000000000000000000000000000A0
:104020000000000000000000000000000000000090
:104030000000000000000000000000000000000080
:104040000000000000000000000000000000000070
:104050000000000000000000000000000000000060
:104060000000000000000000000000000000000050
:104070000000000000000000000000000000000040
:104080000000000000000000000000000000000030
:104090000000000000000000000000000000000020
:1040A0000000000000000000000000000000000010
:1040B0000000000000000000000000000000000000
:1040C00000000000000000000000000000000000F0
:1040D00000000000000000000000000000000000E0
:1040E00000000000000000000000000000000000D0
:1040F00000000000000000000000000000000000C0
:1041000000000000000000000000000000000000AF
:10411000000000000000000000000000000000009F
:10412000000000000000000000000000000000008F
:10413000FFFFFFFFFFFFFFFFFFFFFFFFFFFFFFFF8F
:10414000FFFFFFFFFFFFFFFFFFFFFFFFFFFFFFFF7F
:10415000FFFFFFFFFFFFFFFFFFFFFFFFFFFFFFFF6F
:10416000FFFFFFFFFFFFFFFFFFFFFFFFFFFFFFFF5F
:10417000FFFFFFFFFFFFFFFFFFFFFFFFFFFFFFFF4F
:10418000FFFFFFFFFFFFFFFFFFFFFFFFFFFFFFFF3F
:10419000FFFFFFFFFFFFFFFFFFFFFFFFFFFFFFFF2F
:1041A000FFFFFFFFFFFFFFFFFFFFFFFFFFFFFFFF1F
:1041B000FFFFFFFFFFFFFFFFFFFFFFFFFFFFFFFF0F
:1041C000FFFFFFFFFFFFFFFFFFFFFFFFFFFFFFFFFF
:1041D000FFFFFFFFFFFFFFFFFFFFFFFFFFFFFFFFEF
:1041E000FFFFFFFFFFFFFFFFFFFFFFFFFFFFFFFFDF
:1041F000FFFFFFFFFFFFFFFFFFFFFFFFFFFFFFFFCF
:10420000FFFFFFFFFFFFFFFFFFFFFFFFFFFFFFFFBE
:10421000FFFFFFFFFFFFFFFFFFFFFFFFFFFFFFFFAE
:10422000FFFFFFFFFFFFFFFFFFFFFFFFFFFFFFFF9E
:10423000FFFFFFFFFFFFFFFFFFFFFFFFFFFFFFFF8E
:10424000FFFFFFFFFFFFFFFFFFFFFFFFFFFFFFFF7E
:10425000FFFFFFFFFFFFFFFFFFFFFFFFFFFFFFFF6E
:10426000FFFFFFFFFFFFFFFFFFFFFFFFFFFFFFFF5E
:10427000FFFFFFFFFFFFFFFFFFFFFFFFFFFFFFFF4E
:10428000FFFFFFFFFFFFFFFFFFFFFFFFFFFFFFFF3E
:10429000FFFFFFFFFFFFFFFFFFFFFFFFFFFFFFFF2E
:1042A000FFFFFFFFFFFFFFFFFFFFFFFFFFFFFFFF1E
:1042B000FFFFFFFFFFFFFFFFFFFFFFFFFFFFFFFF0E
:1042C000FFFFFFFFFFFFFFFFFFFFFFFFFFFFFFFFFE
:1042D000FFFFFFFFFFFFFFFFFFFFFFFFFFFFFFFFEE
:1042E000FFFFFFFFFFFFFFFFFFFFFFFFFFFFFFFFDE
:1042F000FFFFFFFFFFFFFFFFFFFFFFFFFFFFFFFFCE
:10430000FFFFFFFFFFFFFFFFFFFFFFFFFFFFFFFFBD
:10431000FFFFFFFFFFFFFFFFFFFFFFFFFFFFFFFFAD
:10432000FFFFFFFFFFFFFFFFFFFFFFFFFFFFFFFF9D
:10433000FFFFFFFFFFFFFFFFFFFFFFFFFFFFFFFF8D
:10434000FFFFFFFFFFFFFFFFFFFFFFFFFFFFFFFF7D
:10435000FFFFFFFFFFFFFFFFFFFFFFFFFFFFFFFF6D
:10436000FFFFFFFFFFFFFFFFFFFFFFFFFFFFFFFF5D
:10437000FFFFFFFFFFFFFFFFFFFFFFFFFFFFFFFF4D
:10438000FFFFFFFFFFFFFFFFFFFFFFFFFFFFFFFF3D
:10439000FFFFFFFFFFFFFFFFFFFFFFFFFFFFFFFF2D
:1043A000FFFFFFFFFFFFFFFFFFFFFFFFFFFFFFFF1D
:1043B000FFFFFFFFFFFFFFFFFFFFFFFFFFFFFFFF0D
:1043C000FFFFFFFFFFFFFFFFFFFFFFFFFFFFFFFFFD
:1043D000FFFFFFFFFFFFFFFFFFFFFFFFFFFFFFFFED
:1043E000FFFFFFFFFFFFFFFFFFFFFFFFFFFFFFFFDD
:1043F000FFFFFFFFFFFFFFFFFFFFFFFFFFFFFFFFCD
:1044000000000000000000000000000000000000AC
:10441000000000000000000000000000000000009C
:10442000000000000000000000000000000000008C
:10443000000000000000000000000000000000007C
:10444000000000000000000000000000000000006C
:10445000000000000000000000000000000000005C
:10446000000000000000000000000000000000004C
:10447000000000000000000000000000000000003C
:10448000000000000000000000000000000000002C
:10449000000000000000000000000000000000001C
:1044A000000000000000000000000000000000000C
:1044B00000000000000000000000000000000000FC
:1044C00000000000000000000000000000000000EC
:1044D00000000000000000000000000000000000DC
:1044E00000000000000000000000000000000000CC
:1044F00000000000000000000000000000000000BC
:1045000000000000000000000000000000000000AB
:10451000000000000000000000000000000000009B
:10452000000000000000000000000000000000008B
:10453000000000000000000000000000000000007B
:10454000000000000000000000000000000000006B
:10455000000000000000000000000000000000005B
:10456000000000000000000000000000000000004B
:10457000000000000000000000000000000000003B
:10458000000000000000000000000000000000002B
:10459000000000000000000000000000000000001B
:1045A000000000000000000000000000000000000B
:1045B00000000000000000000000000000000000FB
:1045C00000000000000000000000000000000000EB
:1045D00000000000000000000000000000000000DB
:1045E00000000000000000000000000000000000CB
:1045F00000000000000000000000000000000000BB
:1046000000000000000000000000000000000000AA
:10461000000000000000000000000000000000009A
:10462000000000000000000000000000000000008A
:10463000000000000000000000000000000000007A
:10464000000000000000000000000000000000006A
:10465000000000000000000000000000000000005A
:10466000000000000000000000000000000000004A
:10467000000000000000000000000000000000003A
:10468000000000000000000000000000000000002A
:10469000000000000000000000000000000000001A
:1046A000000000000000000000000000000000000A
:1046B00000000000000000000000000000000000FA
:1046C00000000000000000000000000000000000EA
:1046D00000000000000000000000000000000000DA
:1046E00000000000000000000000000000000000CA
:1046F00000000000000000000000000000000000BA
:1047000000000000000000000000000000000000A9
:104710000000000000000000000000000000000099
:104720000000000000000000000000000000000089
:104730000000000000000000000000000000000079
:104740000000000000000000000000000000000069
:104750000000000000000000000000000000000059
:104760000000000000000000000000000000000049
:104770000000000000000000000000000000000039
:104780000000000000000000000000000000000029
:104790000000000000000000000000000000000019
:1047A0000000000000000000000000000000000009
:1047B00000000000000000000000000000000000F9
:1047C00000000000000000000000000000000000E9
:1047D00000000000000000000000000000000000D9
:1047E00000000000000000000000000000000000C9
:1047F00000000000000000000000000000000000B9
:1048000000000000000000000000000000000000A8
:104810000000000000000000000000000000000098
:104820000000000000000000000000000000000088
:104830000000000000000000000000000000000078
:104840000000000000000000000000000000000068
:104850000000000000000000000000000000000058
:104860000000000000000000000000000000000048
:104870000000000000000000000000000000000038
:104880000000000000000000000000000000000028
:104890000000000000000000000000000000000018
:1048A0000000000000000000000000000000000008
:1048B00000000000000000000000000000000000F8
:1048C00000000000000000000000000000000000E8
:1048D00000000000000000000000000000000000D8
:1048E00000000000000000000000000000000000C8
:1048F00000000000000000000000000000000000B8
:1049000000000000000000000000000000000000A7
:104910000000000000000000000000000000000097
:104920000000000000000000000000000000000087
:104930000000000000000000000000000000000077
:104940000000000000000000000000000000000067
:104950000000000000000000000000000000000057
:104960000000000000000000000000000000000047
:104970000000000000000000000000000000000037
:104980000000000000000000000000000000000027
:104990000000000000000000000000000000000017
:1049A0000000000000000000000000000000000007
:1049B00000000000000000000000000000000000F7
:1049C00000000000000000000000000000000000E7
:1049D00000000000000000000000000000000000D7
:1049E00000000000000000000000000000000000C7
:1049F00000000000000000000000000000000000B7
:104A000000000000000000000000000000000000A6
:104A10000000000000000000000000000000000096
:104A20000000000000000000000000000000000086
:104A30000000000000000000000000000000000076
:104A40000000000000000000000000000000000066
:104A50000000000000000000000000000000000056
:104A60000000000000000000000000000000000046
:104A70000000000000000000000000000000000036
:104A80000000000000000000000000000000000026
:104A90000000000000000000000000000000000016
:104AA0000000000000000000000000000000000006
:104AB00000000000000000000000000000000000F6
:104AC00000000000000000000000000000000000E6
:104AD00000000000000000000000000000000000D6
:104AE00000000000000000000000000000000000C6
:104AF00000000000000000000000000000000000B6
:104B000000000000000000000000000000000000A5
:104B10000000000000000000000000000000000095
:104B20000000000000000000000000000000000085
:104B30000000000000000000000000000000000075
:104B40000000000000000000000000000000000065
:104B50000000000000000000000000000000000055
:104B60000000000000000000000000000000000045
:104B70000000000000000000000000000000000035
:104B80000000000000000000000000000000000025
:104B90000000000000000000000000000000000015
:104BA0000000000000000000000000000000000005
:104BB00000000000000000000000000000000000F5
:104BC00000000000000000000000000000000000E5
:104BD00000000000000000000000000000000000D5
:104BE00000000000000000000000000000000000C5
:104BF00000000000000000000000000000000000B5
:104C000000000000000000000000000000000000A4
:104C10000000000000000000000000000000000094
:104C20000000000000000000000000000000000084
:104C30000000000000000000000000000000000074
:104C40000000000000000000000000000000000064
:104C50000000000000000000000000000000000054
:104C60000000000000000000000000000000000044
:104C70000000000000000000000000000000000034
:104C80000000000000000000000000000000000024
:104C90000000000000000000000000000000000014
:104CA0000000000000000000000000000000000004
:104CB00000000000000000000000000000000000F4
:104CC00000000000000000000000000000000000E4
:104CD00000000000000000000000000000000000D4
:104CE00000000000000000000000000000000000C4
:104CF00000000000000000000000000000000000B4
:104D000000000000000000000000000000000000A3
:104D10000000000000000000000000000000000093
:104D20000000000000000000000000000000000083
:104D30000000000000000000000000000000000073
:104D40000000000000000000000000000000000063
:104D50000000000000000000000000000000000053
:104D60000000000000000000000000000000000043
:104D70000000000000000000000000000000000033
:104D80000000000000000000000000000000000023
:104D90000000000000000000000000000000000013
:104DA0000000000000000000000000000000000003
:104DB00000000000000000000000000000000000F3
:104DC00000000000000000000000000000000000E3
:104DD00000000000000000000000000000000000D3
:104DE00000000000000000000000000000000000C3
:104DF00000000000000000000000000000000000B3
:104E000000000000000000000000000000000000A2
:104E10000000000000000000000000000000000092
:104E20000000000000000000000000000000000082
:104E30000000000000000000000000000000000072
:104E40000000000000000000000000000000000062
:104E50000000000000000000000000000000000052
:104E60000000000000000000000000000000000042
:104E70000000000000000000000000000000000032
:104E80000000000000000000000000000000000022
:104E90000000000000000000000000000000000012
:104EA0000000000000000000000000000000000002
:104EB00000000000000000000000000000000000F2
:104EC00000000000000000000000000000000000E2
:104ED00000000000000000000000000000000000D2
:104EE00000000000000000000000000000000000C2
:104EF00000000000000000000000000000000000B2
:104F000000000000000000000000000000000000A1
:104F10000000000000000000000000000000000091
:104F20000000000000000000000000000000000081
:104F30000000000000000000000000000000000071
:104F40000000000000000000000000000000000061
:104F50000000000000000000000000000000000051
:104F60000000000000000000000000000000000041
:104F70000000000000000000000000000000000031
:104F80000000000000000000000000000000000021
:104F90000000000000000000000000000000000011
:104FA0000000000000000000000000000000000001
:104FB00000000000000000000000000000000000F1
:104FC00000000000000000000000000000000000E1
:104FD00000000000000000000000000000000000D1
:104FE00000000000000000000000000000000000C1
:104FF00000000000000000000000000000000000B1
:040000056000100087
:00000001FF
