:0200000460009A
:100000004643464200000156000000000103030081
:1000100000000000000000000000000000000000E0
:1000200000000000000000000000000000000000D0
:1000300000000000000000000000000000000000C0
:1000400000000000010408000000000000000000A3
:100050000000800000000000000000000000000020
:100060000000000000000000000000000000000090
:100070000000000000000000000000000000000080
:10008000EB04180A063204260000000000000000FD
:10009000050404240000000000000000000000002F
:1000A0000000000000000000000000000000000050
:1000B0000604000000000000000000000000000036
:1000C0000000000000000000000000000000000030
:1000D00020041808000000000000000000000000DC
:1000E0000000000000000000000000000000000010
:1000F0000000000000000000000000000000000000
:10010000D8041808000000000000000000000000F3
:100110000204180804200000000000000000000095
:1001200000000000000000000000000000000000CF
:10013000600400000000000000000000000000005B
:1001400000000000000000000000000000000000AF
:10015000000000000000000000000000000000009F
:10016000000000000000000000000000000000008F
:10017000000000000000000000000000000000007F
:10018000000000000000000000000000000000006F
:10019000000000000000000000000000000000005F
:1001A000000000000000000000000000000000004F
:1001B000000000000000000000000000000000003F
:1001C000000100000010000001000000000000001D
:1001D000000001000000000000000000000000001E
:1001E000000000000000000000000000000000000F
:1001F00000000000000000000000000000000000FF
:10020000FFFFFFFFFFFFFFFFFFFFFFFFFFFFFFFFFE
:10021000FFFFFFFFFFFFFFFFFFFFFFFFFFFFFFFFEE
:10022000FFFFFFFFFFFFFFFFFFFFFFFFFFFFFFFFDE
:10023000FFFFFFFFFFFFFFFFFFFFFFFFFFFFFFFFCE
:10024000FFFFFFFFFFFFFFFFFFFFFFFFFFFFFFFFBE
:10025000FFFFFFFFFFFFFFFFFFFFFFFFFFFFFFFFAE
:10026000FFFFFFFFFFFFFFFFFFFFFFFFFFFFFFFF9E
:10027000FFFFFFFFFFFFFFFFFFFFFFFFFFFFFFFF8E
:10028000FFFFFFFFFFFFFFFFFFFFFFFFFFFFFFFF7E
:10029000FFFFFFFFFFFFFFFFFFFFFFFFFFFFFFFF6E
:1002A000FFFFFFFFFFFFFFFFFFFFFFFFFFFFFFFF5E
:1002B000FFFFFFFFFFFFFFFFFFFFFFFFFFFFFFFF4E
:1002C000FFFFFFFFFFFFFFFFFFFFFFFFFFFFFFFF3E
:1002D000FFFFFFFFFFFFFFFFFFFFFFFFFFFFFFFF2E
:1002E000FFFFFFFFFFFFFFFFFFFFFFFFFFFFFFFF1E
:1002F000FFFFFFFFFFFFFFFFFFFFFFFFFFFFFFFF0E
:10030000FFFFFFFFFFFFFFFFFFFFFFFFFFFFFFFFFD
:10031000FFFFFFFFFFFFFFFFFFFFFFFFFFFFFFFFED
:10032000FFFFFFFFFFFFFFFFFFFFFFFFFFFFFFFFDD
:10033000FFFFFFFFFFFFFFFFFFFFFFFFFFFFFFFFCD
:10034000FFFFFFFFFFFFFFFFFFFFFFFFFFFFFFFFBD
:10035000FFFFFFFFFFFFFFFFFFFFFFFFFFFFFFFFAD
:10036000FFFFFFFFFFFFFFFFFFFFFFFFFFFFFFFF9D
:10037000FFFFFFFFFFFFFFFFFFFFFFFFFFFFFFFF8D
:10038000FFFFFFFFFFFFFFFFFFFFFFFFFFFFFFFF7D
:10039000FFFFFFFFFFFFFFFFFFFFFFFFFFFFFFFF6D
:1003A000FFFFFFFFFFFFFFFFFFFFFFFFFFFFFFFF5D
:1003B000FFFFFFFFFFFFFFFFFFFFFFFFFFFFFFFF4D
:1003C000FFFFFFFFFFFFFFFFFFFFFFFFFFFFFFFF3D
:1003D000FFFFFFFFFFFFFFFFFFFFFFFFFFFFFFFF2D
:1003E000FFFFFFFFFFFFFFFFFFFFFFFFFFFFFFFF1D
:1003F000FFFFFFFFFFFFFFFFFFFFFFFFFFFFFFFF0D
:10040000FFFFFFFFFFFFFFFFFFFFFFFFFFFFFFFFFC
:10041000FFFFFFFFFFFFFFFFFFFFFFFFFFFFFFFFEC
:10042000FFFFFFFFFFFFFFFFFFFFFFFFFFFFFFFFDC
:10043000FFFFFFFFFFFFFFFFFFFFFFFFFFFFFFFFCC
:10044000FFFFFFFFFFFFFFFFFFFFFFFFFFFFFFFFBC
:10045000FFFFFFFFFFFFFFFFFFFFFFFFFFFFFFFFAC
:10046000FFFFFFFFFFFFFFFFFFFFFFFFFFFFFFFF9C
:10047000FFFFFFFFFFFFFFFFFFFFFFFFFFFFFFFF8C
:10048000FFFFFFFFFFFFFFFFFFFFFFFFFFFFFFFF7C
:10049000FFFFFFFFFFFFFFFFFFFFFFFFFFFFFFFF6C
:1004A000FFFFFFFFFFFFFFFFFFFFFFFFFFFFFFFF5C
:1004B000FFFFFFFFFFFFFFFFFFFFFFFFFFFFFFFF4C
:1004C000FFFFFFFFFFFFFFFFFFFFFFFFFFFFFFFF3C
:1004D000FFFFFFFFFFFFFFFFFFFFFFFFFFFFFFFF2C
:1004E000FFFFFFFFFFFFFFFFFFFFFFFFFFFFFFFF1C
:1004F000FFFFFFFFFFFFFFFFFFFFFFFFFFFFFFFF0C
:10050000FFFFFFFFFFFFFFFFFFFFFFFFFFFFFFFFFB
:10051000FFFFFFFFFFFFFFFFFFFFFFFFFFFFFFFFEB
:10052000FFFFFFFFFFFFFFFFFFFFFFFFFFFFFFFFDB
:10053000FFFFFFFFFFFFFFFFFFFFFFFFFFFFFFFFCB
:10054000FFFFFFFFFFFFFFFFFFFFFFFFFFFFFFFFBB
:10055000FFFFFFFFFFFFFFFFFFFFFFFFFFFFFFFFAB
:10056000FFFFFFFFFFFFFFFFFFFFFFFFFFFFFFFF9B
:10057000FFFFFFFFFFFFFFFFFFFFFFFFFFFFFFFF8B
:10058000FFFFFFFFFFFFFFFFFFFFFFFFFFFFFFFF7B
:10059000FFFFFFFFFFFFFFFFFFFFFFFFFFFFFFFF6B
:1005A000FFFFFFFFFFFFFFFFFFFFFFFFFFFFFFFF5B
:1005B000FFFFFFFFFFFFFFFFFFFFFFFFFFFFFFFF4B
:1005C000FFFFFFFFFFFFFFFFFFFFFFFFFFFFFFFF3B
:1005D000FFFFFFFFFFFFFFFFFFFFFFFFFFFFFFFF2B
:1005E000FFFFFFFFFFFFFFFFFFFFFFFFFFFFFFFF1B
:1005F000FFFFFFFFFFFFFFFFFFFFFFFFFFFFFFFF0B
:10060000FFFFFFFFFFFFFFFFFFFFFFFFFFFFFFFFFA
:10061000FFFFFFFFFFFFFFFFFFFFFFFFFFFFFFFFEA
:10062000FFFFFFFFFFFFFFFFFFFFFFFFFFFFFFFFDA
:10063000FFFFFFFFFFFFFFFFFFFFFFFFFFFFFFFFCA
:10064000FFFFFFFFFFFFFFFFFFFFFFFFFFFFFFFFBA
:10065000FFFFFFFFFFFFFFFFFFFFFFFFFFFFFFFFAA
:10066000FFFFFFFFFFFFFFFFFFFFFFFFFFFFFFFF9A
:10067000FFFFFFFFFFFFFFFFFFFFFFFFFFFFFFFF8A
:10068000FFFFFFFFFFFFFFFFFFFFFFFFFFFFFFFF7A
:10069000FFFFFFFFFFFFFFFFFFFFFFFFFFFFFFFF6A
:1006A000FFFFFFFFFFFFFFFFFFFFFFFFFFFFFFFF5A
:1006B000FFFFFFFFFFFFFFFFFFFFFFFFFFFFFFFF4A
:1006C000FFFFFFFFFFFFFFFFFFFFFFFFFFFFFFFF3A
:1006D000FFFFFFFFFFFFFFFFFFFFFFFFFFFFFFFF2A
:1006E000FFFFFFFFFFFFFFFFFFFFFFFFFFFFFFFF1A
:1006F000FFFFFFFFFFFFFFFFFFFFFFFFFFFFFFFF0A
:10070000FFFFFFFFFFFFFFFFFFFFFFFFFFFFFFFFF9
:10071000FFFFFFFFFFFFFFFFFFFFFFFFFFFFFFFFE9
:10072000FFFFFFFFFFFFFFFFFFFFFFFFFFFFFFFFD9
:10073000FFFFFFFFFFFFFFFFFFFFFFFFFFFFFFFFC9
:10074000FFFFFFFFFFFFFFFFFFFFFFFFFFFFFFFFB9
:10075000FFFFFFFFFFFFFFFFFFFFFFFFFFFFFFFFA9
:10076000FFFFFFFFFFFFFFFFFFFFFFFFFFFFFFFF99
:10077000FFFFFFFFFFFFFFFFFFFFFFFFFFFFFFFF89
:10078000FFFFFFFFFFFFFFFFFFFFFFFFFFFFFFFF79
:10079000FFFFFFFFFFFFFFFFFFFFFFFFFFFFFFFF69
:1007A000FFFFFFFFFFFFFFFFFFFFFFFFFFFFFFFF59
:1007B000FFFFFFFFFFFFFFFFFFFFFFFFFFFFFFFF49
:1007C000FFFFFFFFFFFFFFFFFFFFFFFFFFFFFFFF39
:1007D000FFFFFFFFFFFFFFFFFFFFFFFFFFFFFFFF29
:1007E000FFFFFFFFFFFFFFFFFFFFFFFFFFFFFFFF19
:1007F000FFFFFFFFFFFFFFFFFFFFFFFFFFFFFFFF09
:10080000FFFFFFFFFFFFFFFFFFFFFFFFFFFFFFFFF8
:10081000FFFFFFFFFFFFFFFFFFFFFFFFFFFFFFFFE8
:10082000FFFFFFFFFFFFFFFFFFFFFFFFFFFFFFFFD8
:10083000FFFFFFFFFFFFFFFFFFFFFFFFFFFFFFFFC8
:10084000FFFFFFFFFFFFFFFFFFFFFFFFFFFFFFFFB8
:10085000FFFFFFFFFFFFFFFFFFFFFFFFFFFFFFFFA8
:10086000FFFFFFFFFFFFFFFFFFFFFFFFFFFFFFFF98
:10087000FFFFFFFFFFFFFFFFFFFFFFFFFFFFFFFF88
:10088000FFFFFFFFFFFFFFFFFFFFFFFFFFFFFFFF78
:10089000FFFFFFFFFFFFFFFFFFFFFFFFFFFFFFFF68
:1008A000FFFFFFFFFFFFFFFFFFFFFFFFFFFFFFFF58
:1008B000FFFFFFFFFFFFFFFFFFFFFFFFFFFFFFFF48
:1008C000FFFFFFFFFFFFFFFFFFFFFFFFFFFFFFFF38
:1008D000FFFFFFFFFFFFFFFFFFFFFFFFFFFFFFFF28
:1008E000FFFFFFFFFFFFFFFFFFFFFFFFFFFFFFFF18
:1008F000FFFFFFFFFFFFFFFFFFFFFFFFFFFFFFFF08
:10090000FFFFFFFFFFFFFFFFFFFFFFFFFFFFFFFFF7
:10091000FFFFFFFFFFFFFFFFFFFFFFFFFFFFFFFFE7
:10092000FFFFFFFFFFFFFFFFFFFFFFFFFFFFFFFFD7
:10093000FFFFFFFFFFFFFFFFFFFFFFFFFFFFFFFFC7
:10094000FFFFFFFFFFFFFFFFFFFFFFFFFFFFFFFFB7
:10095000FFFFFFFFFFFFFFFFFFFFFFFFFFFFFFFFA7
:10096000FFFFFFFFFFFFFFFFFFFFFFFFFFFFFFFF97
:10097000FFFFFFFFFFFFFFFFFFFFFFFFFFFFFFFF87
:10098000FFFFFFFFFFFFFFFFFFFFFFFFFFFFFFFF77
:10099000FFFFFFFFFFFFFFFFFFFFFFFFFFFFFFFF67
:1009A000FFFFFFFFFFFFFFFFFFFFFFFFFFFFFFFF57
:1009B000FFFFFFFFFFFFFFFFFFFFFFFFFFFFFFFF47
:1009C000FFFFFFFFFFFFFFFFFFFFFFFFFFFFFFFF37
:1009D000FFFFFFFFFFFFFFFFFFFFFFFFFFFFFFFF27
:1009E000FFFFFFFFFFFFFFFFFFFFFFFFFFFFFFFF17
:1009F000FFFFFFFFFFFFFFFFFFFFFFFFFFFFFFFF07
:100A0000FFFFFFFFFFFFFFFFFFFFFFFFFFFFFFFFF6
:100A1000FFFFFFFFFFFFFFFFFFFFFFFFFFFFFFFFE6
:100A2000FFFFFFFFFFFFFFFFFFFFFFFFFFFFFFFFD6
:100A3000FFFFFFFFFFFFFFFFFFFFFFFFFFFFFFFFC6
:100A4000FFFFFFFFFFFFFFFFFFFFFFFFFFFFFFFFB6
:100A5000FFFFFFFFFFFFFFFFFFFFFFFFFFFFFFFFA6
:100A6000FFFFFFFFFFFFFFFFFFFFFFFFFFFFFFFF96
:100A7000FFFFFFFFFFFFFFFFFFFFFFFFFFFFFFFF86
:100A8000FFFFFFFFFFFFFFFFFFFFFFFFFFFFFFFF76
:100A9000FFFFFFFFFFFFFFFFFFFFFFFFFFFFFFFF66
:100AA000FFFFFFFFFFFFFFFFFFFFFFFFFFFFFFFF56
:100AB000FFFFFFFFFFFFFFFFFFFFFFFFFFFFFFFF46
:100AC000FFFFFFFFFFFFFFFFFFFFFFFFFFFFFFFF36
:100AD000FFFFFFFFFFFFFFFFFFFFFFFFFFFFFFFF26
:100AE000FFFFFFFFFFFFFFFFFFFFFFFFFFFFFFFF16
:100AF000FFFFFFFFFFFFFFFFFFFFFFFFFFFFFFFF06
:100B0000FFFFFFFFFFFFFFFFFFFFFFFFFFFFFFFFF5
:100B1000FFFFFFFFFFFFFFFFFFFFFFFFFFFFFFFFE5
:100B2000FFFFFFFFFFFFFFFFFFFFFFFFFFFFFFFFD5
:100B3000FFFFFFFFFFFFFFFFFFFFFFFFFFFFFFFFC5
:100B4000FFFFFFFFFFFFFFFFFFFFFFFFFFFFFFFFB5
:100B5000FFFFFFFFFFFFFFFFFFFFFFFFFFFFFFFFA5
:100B6000FFFFFFFFFFFFFFFFFFFFFFFFFFFFFFFF95
:100B7000FFFFFFFFFFFFFFFFFFFFFFFFFFFFFFFF85
:100B8000FFFFFFFFFFFFFFFFFFFFFFFFFFFFFFFF75
:100B9000FFFFFFFFFFFFFFFFFFFFFFFFFFFFFFFF65
:100BA000FFFFFFFFFFFFFFFFFFFFFFFFFFFFFFFF55
:100BB000FFFFFFFFFFFFFFFFFFFFFFFFFFFFFFFF45
:100BC000FFFFFFFFFFFFFFFFFFFFFFFFFFFFFFFF35
:100BD000FFFFFFFFFFFFFFFFFFFFFFFFFFFFFFFF25
:100BE000FFFFFFFFFFFFFFFFFFFFFFFFFFFFFFFF15
:100BF000FFFFFFFFFFFFFFFFFFFFFFFFFFFFFFFF05
:100C0000FFFFFFFFFFFFFFFFFFFFFFFFFFFFFFFFF4
:100C1000FFFFFFFFFFFFFFFFFFFFFFFFFFFFFFFFE4
:100C2000FFFFFFFFFFFFFFFFFFFFFFFFFFFFFFFFD4
:100C3000FFFFFFFFFFFFFFFFFFFFFFFFFFFFFFFFC4
:100C4000FFFFFFFFFFFFFFFFFFFFFFFFFFFFFFFFB4
:100C5000FFFFFFFFFFFFFFFFFFFFFFFFFFFFFFFFA4
:100C6000FFFFFFFFFFFFFFFFFFFFFFFFFFFFFFFF94
:100C7000FFFFFFFFFFFFFFFFFFFFFFFFFFFFFFFF84
:100C8000FFFFFFFFFFFFFFFFFFFFFFFFFFFFFFFF74
:100C9000FFFFFFFFFFFFFFFFFFFFFFFFFFFFFFFF64
:100CA000FFFFFFFFFFFFFFFFFFFFFFFFFFFFFFFF54
:100CB000FFFFFFFFFFFFFFFFFFFFFFFFFFFFFFFF44
:100CC000FFFFFFFFFFFFFFFFFFFFFFFFFFFFFFFF34
:100CD000FFFFFFFFFFFFFFFFFFFFFFFFFFFFFFFF24
:100CE000FFFFFFFFFFFFFFFFFFFFFFFFFFFFFFFF14
:100CF000FFFFFFFFFFFFFFFFFFFFFFFFFFFFFFFF04
:100D0000FFFFFFFFFFFFFFFFFFFFFFFFFFFFFFFFF3
:100D1000FFFFFFFFFFFFFFFFFFFFFFFFFFFFFFFFE3
:100D2000FFFFFFFFFFFFFFFFFFFFFFFFFFFFFFFFD3
:100D3000FFFFFFFFFFFFFFFFFFFFFFFFFFFFFFFFC3
:100D4000FFFFFFFFFFFFFFFFFFFFFFFFFFFFFFFFB3
:100D5000FFFFFFFFFFFFFFFFFFFFFFFFFFFFFFFFA3
:100D6000FFFFFFFFFFFFFFFFFFFFFFFFFFFFFFFF93
:100D7000FFFFFFFFFFFFFFFFFFFFFFFFFFFFFFFF83
:100D8000FFFFFFFFFFFFFFFFFFFFFFFFFFFFFFFF73
:100D9000FFFFFFFFFFFFFFFFFFFFFFFFFFFFFFFF63
:100DA000FFFFFFFFFFFFFFFFFFFFFFFFFFFFFFFF53
:100DB000FFFFFFFFFFFFFFFFFFFFFFFFFFFFFFFF43
:100DC000FFFFFFFFFFFFFFFFFFFFFFFFFFFFFFFF33
:100DD000FFFFFFFFFFFFFFFFFFFFFFFFFFFFFFFF23
:100DE000FFFFFFFFFFFFFFFFFFFFFFFFFFFFFFFF13
:100DF000FFFFFFFFFFFFFFFFFFFFFFFFFFFFFFFF03
:100E0000FFFFFFFFFFFFFFFFFFFFFFFFFFFFFFFFF2
:100E1000FFFFFFFFFFFFFFFFFFFFFFFFFFFFFFFFE2
:100E2000FFFFFFFFFFFFFFFFFFFFFFFFFFFFFFFFD2
:100E3000FFFFFFFFFFFFFFFFFFFFFFFFFFFFFFFFC2
:100E4000FFFFFFFFFFFFFFFFFFFFFFFFFFFFFFFFB2
:100E5000FFFFFFFFFFFFFFFFFFFFFFFFFFFFFFFFA2
:100E6000FFFFFFFFFFFFFFFFFFFFFFFFFFFFFFFF92
:100E7000FFFFFFFFFFFFFFFFFFFFFFFFFFFFFFFF82
:100E8000FFFFFFFFFFFFFFFFFFFFFFFFFFFFFFFF72
:100E9000FFFFFFFFFFFFFFFFFFFFFFFFFFFFFFFF62
:100EA000FFFFFFFFFFFFFFFFFFFFFFFFFFFFFFFF52
:100EB000FFFFFFFFFFFFFFFFFFFFFFFFFFFFFFFF42
:100EC000FFFFFFFFFFFFFFFFFFFFFFFFFFFFFFFF32
:100ED000FFFFFFFFFFFFFFFFFFFFFFFFFFFFFFFF22
:100EE000FFFFFFFFFFFFFFFFFFFFFFFFFFFFFFFF12
:100EF000FFFFFFFFFFFFFFFFFFFFFFFFFFFFFFFF02
:100F0000FFFFFFFFFFFFFFFFFFFFFFFFFFFFFFFFF1
:100F1000FFFFFFFFFFFFFFFFFFFFFFFFFFFFFFFFE1
:100F2000FFFFFFFFFFFFFFFFFFFFFFFFFFFFFFFFD1
:100F3000FFFFFFFFFFFFFFFFFFFFFFFFFFFFFFFFC1
:100F4000FFFFFFFFFFFFFFFFFFFFFFFFFFFFFFFFB1
:100F5000FFFFFFFFFFFFFFFFFFFFFFFFFFFFFFFFA1
:100F6000FFFFFFFFFFFFFFFFFFFFFFFFFFFFFFFF91
:100F7000FFFFFFFFFFFFFFFFFFFFFFFFFFFFFFFF81
:100F8000FFFFFFFFFFFFFFFFFFFFFFFFFFFFFFFF71
:100F9000FFFFFFFFFFFFFFFFFFFFFFFFFFFFFFFF61
:100FA000FFFFFFFFFFFFFFFFFFFFFFFFFFFFFFFF51
:100FB000FFFFFFFFFFFFFFFFFFFFFFFFFFFFFFFF41
:100FC000FFFFFFFFFFFFFFFFFFFFFFFFFFFFFFFF31
:100FD000FFFFFFFFFFFFFFFFFFFFFFFFFFFFFFFF21
:100FE000FFFFFFFFFFFFFFFFFFFFFFFFFFFFFFFF11
:100FF000FFFFFFFFFFFFFFFFFFFFFFFFFFFFFFFF01
:10100000D1002043E915006000000000000000004E
:1010100020100060001000600084046000000000E8
:10102000000000600090040000000000FFFFFFFFD0
:10103000FFFFFFFFFFFFFFFFFFFFFFFFFFFFFFFFC0
:10104000FFFFFFFFFFFFFFFFFFFFFFFFFFFFFFFFB0
:10105000FFFFFFFFFFFFFFFFFFFFFFFFFFFFFFFFA0
:10106000FFFFFFFFFFFFFFFFFFFFFFFFFFFFFFFF90
:10107000FFFFFFFFFFFFFFFFFFFFFFFFFFFFFFFF80
:10108000FFFFFFFFFFFFFFFFFFFFFFFFFFFFFFFF70
:10109000FFFFFFFFFFFFFFFFFFFFFFFFFFFFFFFF60
:1010A000FFFFFFFFFFFFFFFFFFFFFFFFFFFFFFFF50
:1010B000FFFFFFFFFFFFFFFFFFFFFFFFFFFFFFFF40
:1010C000FFFFFFFFFFFFFFFFFFFFFFFFFFFFFFFF30
:1010D000FFFFFFFFFFFFFFFFFFFFFFFFFFFFFFFF20
:1010E000FFFFFFFFFFFFFFFFFFFFFFFFFFFFFFFF10
:1010F000FFFFFFFFFFFFFFFFFFFFFFFFFFFFFFFF00
:10110000FFFFFFFFFFFFFFFFFFFFFFFFFFFFFFFFEF
:10111000FFFFFFFFFFFFFFFFFFFFFFFFFFFFFFFFDF
:10112000FFFFFFFFFFFFFFFFFFFFFFFFFFFFFFFFCF
:10113000FFFFFFFFFFFFFFFFFFFFFFFFFFFFFFFFBF
:10114000FFFFFFFFFFFFFFFFFFFFFFFFFFFFFFFFAF
:10115000FFFFFFFFFFFFFFFFFFFFFFFFFFFFFFFF9F
:10116000FFFFFFFFFFFFFFFFFFFFFFFFFFFFFFFF8F
:10117000FFFFFFFFFFFFFFFFFFFFFFFFFFFFFFFF7F
:10118000FFFFFFFFFFFFFFFFFFFFFFFFFFFFFFFF6F
:10119000FFFFFFFFFFFFFFFFFFFFFFFFFFFFFFFF5F
:1011A000FFFFFFFFFFFFFFFFFFFFFFFFFFFFFFFF4F
:1011B000FFFFFFFFFFFFFFFFFFFFFFFFFFFFFFFF3F
:1011C000FFFFFFFFFFFFFFFFFFFFFFFFFFFFFFFF2F
:1011D000FFFFFFFFFFFFFFFFFFFFFFFFFFFFFFFF1F
:1011E000FFFFFFFFFFFFFFFFFFFFFFFFFFFFFFFF0F
:1011F000FFFFFFFFFFFFFFFFFFFFFFFFFFFFFFFFFF
:10120000FFFFFFFFFFFFFFFFFFFFFFFFFFFFFFFFEE
:10121000FFFFFFFFFFFFFFFFFFFFFFFFFFFFFFFFDE
:10122000FFFFFFFFFFFFFFFFFFFFFFFFFFFFFFFFCE
:10123000FFFFFFFFFFFFFFFFFFFFFFFFFFFFFFFFBE
:10124000FFFFFFFFFFFFFFFFFFFFFFFFFFFFFFFFAE
:10125000FFFFFFFFFFFFFFFFFFFFFFFFFFFFFFFF9E
:10126000FFFFFFFFFFFFFFFFFFFFFFFFFFFFFFFF8E
:10127000FFFFFFFFFFFFFFFFFFFFFFFFFFFFFFFF7E
:10128000FFFFFFFFFFFFFFFFFFFFFFFFFFFFFFFF6E
:10129000FFFFFFFFFFFFFFFFFFFFFFFFFFFFFFFF5E
:1012A000FFFFFFFFFFFFFFFFFFFFFFFFFFFFFFFF4E
:1012B000FFFFFFFFFFFFFFFFFFFFFFFFFFFFFFFF3E
:1012C000FFFFFFFFFFFFFFFFFFFFFFFFFFFFFFFF2E
:1012D000FFFFFFFFFFFFFFFFFFFFFFFFFFFFFFFF1E
:1012E000FFFFFFFFFFFFFFFFFFFFFFFFFFFFFFFF0E
:1012F000FFFFFFFFFFFFFFFFFFFFFFFFFFFFFFFFFE
:10130000FFFFFFFFFFFFFFFFFFFFFFFFFFFFFFFFED
:10131000FFFFFFFFFFFFFFFFFFFFFFFFFFFFFFFFDD
:10132000FFFFFFFFFFFFFFFFFFFFFFFFFFFFFFFFCD
:10133000FFFFFFFFFFFFFFFFFFFFFFFFFFFFFFFFBD
:10134000FFFFFFFFFFFFFFFFFFFFFFFFFFFFFFFFAD
:10135000FFFFFFFFFFFFFFFFFFFFFFFFFFFFFFFF9D
:10136000FFFFFFFFFFFFFFFFFFFFFFFFFFFFFFFF8D
:10137000FFFFFFFFFFFFFFFFFFFFFFFFFFFFFFFF7D
:10138000FFFFFFFFFFFFFFFFFFFFFFFFFFFFFFFF6D
:10139000FFFFFFFFFFFFFFFFFFFFFFFFFFFFFFFF5D
:1013A000FFFFFFFFFFFFFFFFFFFFFFFFFFFFFFFF4D
:1013B000FFFFFFFFFFFFFFFFFFFFFFFFFFFFFFFF3D
:1013C000FFFFFFFFFFFFFFFFFFFFFFFFFFFFFFFF2D
:1013D000FFFFFFFFFFFFFFFFFFFFFFFFFFFFFFFF1D
:1013E000FFFFFFFFFFFFFFFFFFFFFFFFFFFFFFFF0D
:1013F000FFFFFFFFFFFFFFFFFFFFFFFFFFFFFFFFFD
:10140000824205D051F8043B40F8043B8242F9D8AF
:101410007047044A04494FF0000342F8043B9142EC
:10142000FBD87047C0D20020E030022008B5BFF3DF
:101430004F8F0AF0E5F9544B082254495448C3F839
:101440005421544A544CC3F80021544AC3F8F020A4
:10145000534AFFF7D5FF534A53495448FFF7D0FF8B
:10146000FFF7D7FF4FF0E0234FF47002C3F8882D49
:1014700000234F4A44F823200133B02BFAD14D4BBF
:1014800080214D4A03F8011B9342FBD14FF0E0202D
:101490004A4D4FF0FF32C0F8084DD0F8243D43F4D8
:1014A000E023C0F8243DEB6923F07F0343F04003C1
:1014B000EB616B6A23F07F0343F040036B62404BA8
:1014C0009A66DA661A675A670AF09FF93D4BA3637A
:1014D0003D4BE36363230024436103238461036181
:1014E0003A4BC0F8203DD0F8FC3D43F08073C0F883
:1014F000FC3D374B1A6842F001021A605A68354BBE
:101500001A600AF031FB34480AF0CAFEEB6E43F46D
:101510004053EB66314B1C60C3F80841C3F81841D7
:10152000C3F82841C3F8384103F5A0239A6BD207CA
:1015300008D42B4A5A6542F615621A659A6B42F036
:1015400001029A639A68274C42F001129A600AF0ED
:10155000E5F90AF069FC0AF007FE0AF033FB0AF02D
:1015600050F92368132BFCD90AF0C2FB2368B3F5AA
:10157000967FFBD30AF047F90AF044F90AF020FFFE
:101580000AF03AFD30BFFDE700800D4004380160ED
:10159000000000001B10182000D000200C0D1113BB
:1015A00008760200C0D2002010AE036000000020C8
:1015B00029AD010000E400E0A0E400E000C00F401D
:1015C00000C00A40E9950100ED95010000002020CF
:1015D000001000E0701C022000A4781F00400840AA
:1015E0000000C056741C0220054B064A5A64064A85
:1015F0001A644FF42A029A63044B9D46FFF716FFC4
:1016000000C00A40FFABAAAA070020000080052006
:10161000B0F5FA5F70B5CCBF04260826304D8EB009
:1016200000FB06F304461B0295FBF3F56A1C3F2AF8
:1016300007DD00242B4901A80AF0F2FC20460EB079
:1016400070BD07EE900A05F03F059FED1F6BB8EEE9
:10165000E77B9FED1F5B27EE067B06EE906AB8EEF8
:10166000E66B27EE067B06EE902A42F21072B8EE89
:10167000E66B27EE067B87EE056B9FED175BFDEEB5
:10168000C67B17EE900A02FB00F307EE103A012327
:10169000B8EEC77B96EE057BFDEEC77B17EE901A82
:1016A00009F02EFF10491148721E8B6A034043EA6D
:1016B00082132B438B62CB6A034043EA82132B4392
:1016C000CB62BBE7AFF30080000000000000704079
:1016D0000000000060E37641000000000088C34085
:1016E00000B29F265581002000C00F4000FEFFFF82
:1016F00010B5112862D8DFE800F0090D13181F2378
:10170000262A2E32363D41464A50545ABDE81040F2
:1017100003F050BE01210020BDE8104003F030BEB0
:101720000120BDE8104000F0B9B8274B1868BDE8AB
:101730001040013008F0A4BA4FF0FF310C20EBE765
:101740004FF0FF30EDE7BDE8104000F041B8BDE8D4
:10175000104000F041BABDE8104000F045BABDE8C5
:10176000104000F04DBA00F057FA0620BDE81040D6
:101770000AF07EBEBDE8104000F05ABA0120BDE874
:10178000104000F0A3BABDE8104000F0C7BA4FF017
:10179000FF30BDE8104000F06FBABDE810400AF01D
:1017A00013BC07210320BDE8104000F057B9074CD7
:1017B000237823B10AF0ECFD0023237010BD0AF05A
:1017C000A7FC0123F9E700BF10CB00200A3002205C
:1017D0000D490E4A0968042908B5137804D10C494B
:1017E000087828B10020087083F00103137001E02D
:1017F00033B1107007F0CBFEBDE808400AF0DCBB47
:1018000001230B70F6E700BFA00A0220333002204C
:101810007D30022008B503F041FD0A4B1B6813B16F
:10182000012B0CD008BD07F061FD07F0B0FE0AF0F7
:1018300073FD08F0BFF8BDE808400AF0BDBB07F033
:1018400055FDF6E7F00E0220114B1B68022B14D059
:1018500002DC012B03D97047032B13D070470028FB
:1018600007DA0C4B30211A680B4B01FB0233186965
:1018700070470228A8BF00207047831E032B28BF93
:1018800002207047431F032B28BF0520704700BF6D
:10189000E8110220E4C10020C0BA00202DE9F04187
:1018A000504C05462368042B05DC4F4A002112F8F2
:1018B00023000AF065FD23682B44072B4FD100233A
:1018C0004A4D23602B68012B05D84FF0FF30FFF7FE
:1018D000BBFF474B1860474B00221A60464B1B6802
:1018E000012B53D0022B78D0ABB9444B444E454822
:1018F00093F8008031680268434BB8F1000F32D092
:1019000043F831202268326053F832303F4A136086
:101910003F4A036013603F4B1B68012B01D001F06D
:101920001FF82B68032B0DD1314B1B68063B012B95
:1019300008D8394B00220E201A600AF099FD374B67
:1019400001229A7304F062FC2368042B48DC264AC7
:10195000012112F82300BDE8F0410AF011BD002B6F
:10196000B8BF0623ACE7DFF8C0E0DFF8C0C09EF8E0
:10197000007047B1DCF8007043F831708EF80080D9
:10198000CCF80020BEE743F83120F9E71B4A244E8B
:101990001C48336892F800800168DB001A4AB8F1ED
:1019A000000F08D013445960236802EBC302336070
:1019B00053681C4AABE7DFF870E01344DFF86CC0F3
:1019C0009EF800703FB1DCF800705F608EF8008018
:1019D000CCF80010E8E75960FAE704F0B0FB9AE7AA
:1019E000BDE8F081E4C1002010BC0020E811022015
:1019F000A00A02201016012080F401209D30022050
:101A0000E8C10020BC2C0120C8C50020F0C1002086
:101A100094BF002090BF0020580F022012CC00205D
:101A2000ECC10020F4C1002013300220C02C0120A2
:101A3000084A00239168814207DA01333032072BCC
:101A4000F8D17047181AFFF729BF034A1068984267
:101A5000F8D17047C0BA0020E4C100202DE9F84356
:101A6000DFF8308104460D46D8F80030834205D1B6
:101A700000297EDB404A12688A427AD0032C78D84B
:101A8000012B3D4F0FD0032B2BD02846C8F8004028
:101A9000FFF7DAFE012C38602FD0032C46D0BDE8CA
:101AA000F843FFF7B7BEDFF8DC9000260B2089F87B
:101AB0000B6089F80C600AF0DBFC0C200AF0D8FC03
:101AC0002E4B1B68012B01D100F062FA2C4B1E60DB
:101AD00089F80D600AF08CFAC8F8004007F0CCFCD9
:101AE000D3E73B68052B05D0063B012BCDD805F08D
:101AF00063F8CAE704F092FCC7E7224D0B20EC72B2
:101B00002C730AF0B5FC0C200AF0B2FC1B4B1B68CE
:101B1000012B03D100F05CFA07F0AEFC0123184A58
:101B20000D2013606B730AF0A3FCB8E7062806D0FB
:101B300007280FD00528B2D104F044FCAFE71249C2
:101B4000124804F0E9FF0028A9D105F035F8052373
:101B50003B60F1E70C490D4804F0DEFF0028F4D0AB
:101B600005F056F80028F0D0094B01220E201A602B
:101B7000D9E7BDE8F88300BFA00A0220E00E0220EA
:101B80002010022012CC002070810020D695002069
:101B9000580F0220E811022010B50D4C2368834233
:101BA00014D0FFF751FE0B4B01461868022803DCE6
:101BB000002803DB216001E0032803D0BDE81040CA
:101BC000FFF728BEBDE81040FFF748BF10BD00BFBB
:101BD000A00A0220E8110220024B18680130FFF72A
:101BE000DBBF00BFA00A0220044B4FF0FF31186892
:101BF0000130042828BF0020FFF730BFE811022081
:101C0000044A082013680133032BC8BF0023136064
:101C10000AF02EBC74100220044A64201378B3FA30
:101C200083F35B0913700AF003BC00BF0D2B022085
:101C300010B50D4C2368022B0BD10C4B0C491A68C4
:101C40000C4B03EB820351F82220C3F80C2300F065
:101C500087FE236805200133022BC8BF00232360C1
:101C6000BDE810400AF004BC30100220E4C100209E
:101C7000AC0A02200CA3002070B4114D89B00646B6
:101C80006C460FCD0FC495E80F0084E80F000D4B94
:101C90001A68B61802D507221A6002E0072E0DDC7A
:101CA0001E601B6808AA022002EB830353F8202C55
:101CB000054B1A6009B070BC0AF0DABB0022EBE7F2
:101CC000A02A0020A0CB00203CC3002010B4104B61
:101CD00085B004460DF1100C0FCB0CE90F000D4B35
:101CE0001A682244032A0FDD00221A6004AA1B6826
:101CF000032002EB830353F8102C074B1A6005B046
:101D00005DF8044B0AF0B4BB002AB8BF0322ECE72D
:101D1000C02A00206CC3002068C3002010B50D4C01
:101D20000B202368B3FA83F35B0923600AF0A0FB5E
:101D3000094B1B68012B0BD12368012B05D100F047
:101D400047F9BDE8104007F097BB00F021F9F8E72C
:101D500010BD00BFE00E0220E8110220044B1B68FA
:101D600023B91C23034A1360034A1360704700BF62
:101D70001C100220D8C80020D4C80020084B0C201A
:101D800008491A681C23003A0B60074918BF012252
:101D90000B6006490A60064AC2E910330AF068BBC4
:101DA000940F0220D8C80020D4C80020B41002200C
:101DB0000CA3002008B5084B1A68084B1B689A4210
:101DC00009D007F093FA064B1B68012B03D1BDE83D
:101DD000084007F051BB08BD14C20020940F022038
:101DE000E811022008B505F029FD054B1A68054BDE
:101DF0001A6500F0B5FD0C20BDE808400AF038BBBC
:101E000010C200200CA30020054B07B5009300234F
:101E100004491A46184603F05FFB03B05DF804FB63
:101E20005D1D00601C1002201C23024A1360024A40
:101E300013607047D8C80020D4C80020054A06495E
:101E400013680B600133052BC8BF00231360FFF735
:101E5000B1BF00BF14C20020940F022007B507498C
:101E60000120074B0A681A60064B009300231A46AC
:101E700003F032FB03B05DF804FB00BF14C2002086
:101E8000940F0220B51D0060084B1B681C3B07B572
:101E900018BF0123064902200B60064B0093002364
:101EA0001A4603F019FB03B05DF804FBD4C8002008
:101EB000940F02207D1D00607047034B1A68034B8E
:101EC0005A6500F04DBD00BFE0CA00200CA3002001
:101ED000024B1A68024B9A6500F042BD18C20020FE
:101EE0000CA300204FF4966393FBF0F0014B1860B5
:101EF000704700BFF40E022038B55022174B184926
:101F000000241A60F02317480B601749174D0B6027
:101F100017492A60086017490A602146164A13606B
:101F200040F6B832154B1C60154B1C60154B1868F9
:101F30000AF0A6F8144B40F6B832214618680AF0A9
:101F40009FF82A684FF496630C20B3FBF2F30F4A14
:101F50001360BDE838400AF08BBA00BF800F022042
:101F6000840F022000002043D40E0220F40E022031
:101F700060CB0020BCBA0020B8BA0020101E02209E
:101F8000141E022054140220880F022010C20020C8
:101F900008B50B4B18680AF007F90A4B18680AF0E5
:101FA00003F9094B18680AF0FFF8084B18680AF0A3
:101FB000FBF807F0B9FD0020BDE8084007F09CBA27
:101FC00084060220880F022054140220D00A022026
:101FD00070B5154E40F2FC70144D0AF07DF8144CAB
:101FE000306040F6B8300AF077F8286040F6B83034
:101FF0000AF072F820604FF480600AF06DF80D4B23
:102000001860336823B12B6813B1236803B130B96A
:10201000094B0022BDE870401A60FFF7B9BF2020CD
:10202000BDE8704007F054BD84060220880F0220EE
:1020300054140220D00A0220E00E0220000000000A
:102040002DE9F04FAA4B0546884600212DED068B61
:10205000ADF2C44D93F9004002AF631C07F13C00A0
:102060009B003B62073323F00703ADEB030D0DF13B
:10207000080BADEB030D02AA09EE902A3A6A02F2B0
:10208000034222F00702ADEB020D02AAADEB030DF5
:1020900002AB0AEE102AFB61964B93F9009009EB14
:1020A00004034FEA89069B00073323F00703ADEBD7
:1020B000030D02AAADEB030D02ABBA617B6209F11D
:1020C000FF3308EE103AF31D23F00703ADEB030DC9
:1020D00002AAADEB030D02AB3A612C22FB6009F0C2
:1020E000CFFF854B1B785A1E7A60844A11689A1E6E
:1020F000072A1FD813291DDD052B40F6B83095EDB2
:10210000047ACCBF1A1F1A46504307EE900A4FF4C8
:102110007A70F8EEE77A424377EE277A95ED057A02
:10212000C5ED047A07EE902AF8EEE77A77EE677A43
:10213000C5ED057AA3F10B02082A7A6136D901317F
:102140006E4B142978DC1960D7E903231E44002361
:102150009945A6F1040672DC0026A6427FDD97EDC4
:102160000F7AB7EE009A5E4624EAE472B7EEC77AB9
:102170000021A6EC019A92003046B2464FF00109C8
:102180009FED596B27EE067BB7EEC78B87ED0F8A65
:1021900009F076FFF96907F140030431A14500F326
:1021A000B180184632469FED567A6BE0A3F10A00E3
:1021B000A3F10E024FF0C80E4FF0640A0528D8BFF5
:1021C00002464FF47A7000FB02FC4FF4FA700EFBEB
:1021D00002FE50430AFB02F207EE900A8020132908
:1021E00027DD0B2B25DD07EE10CAF8EEC76A95ED4B
:1021F000187A37EE267AF8EEE76A85ED187A95EDCB
:10220000197A37EE267A85ED197A07EE10EAF8EE9C
:10221000C76A95ED1A7A37EE667A85ED1A7A07EE77
:10222000102AF8EEC76A95ED1B7A37EE667A85EDCF
:102230001B7A0138D3D182E700221A6084E707EEC7
:10224000903AB8EEC86B0133B8EEE75B85EE067BDB
:10225000B7EEC77BA2EC017A86ED007A78E707F14A
:102260003C03A8EB060205EB8601284603EB860338
:1022700001360AF0A9F870E7F2EC016AD0ED007AB5
:10228000A6EEA77A5245A0F10400F5D1F3EC017A4D
:1022900008465246B44677EE877AF1EE677AC7EE83
:1022A000888A043A5A4514D14FEA89023046BB6005
:1022B00009F10109043AF96109F0A6FFF0EE497A43
:1022C000BB68F969E8EEE87AEAEC018A28EE278A29
:1022D00064E7FCEC017A92ED007AE7EE287AE0EC14
:1022E000017ADEE7AFF3008030B844000000F03F31
:1022F000F8CB0020F7CB00200F2B0220186701201D
:102300000000000019EE903A3A6A59469A180023E4
:10231000A34240F39C80661C4FF480791AEE103A79
:1023200019EE902AB6B207F13000CDF800904FF0C8
:10233000000A314609F090FF434607F1B8022946EA
:1023400007F1300009F0FCFE1AEE103A5A46314609
:1023500007F13000CDF8009009F07EFF07F1B802D8
:10236000434607F13000114609F0EAFE07F1280262
:10237000494607F1B80009F03FFF07F12C0221465A
:10238000584609F0C1FED7ED0B7A97ED0A0A20EE08
:10239000270A09F0B9FD754BF0EE047A07F16801E0
:1023A00093F9003020EE270A013B03EBD373B1EE23
:1023B000407A5A1004EB630307F1B80000EB830086
:1023C000D0ED007AF4EEC07AF1EE10FA04DCF4EE0F
:1023D000C77AF1EE10FA05D5181B134441F82A000C
:1023E0000AF1010A0133F12B02D8BAF1140FE3D13B
:1023F0000BF10406224607F168083146304609F021
:102400000BFE224619EE901A19EE900A09F004FE0E
:102410003B6A043BBB60BA68BB6903EB020B002359
:10242000FB61524B93F90000FB699A4500F1FF33C1
:1024300003EBD37300F084807A6A5B10D7F81890AE
:10244000002102EB80025B42CC463A6227E051F861
:10245000040B013342F8040D5AE7D8F8002002EBD0
:10246000030EAEEB040E1EEB010E48BF02EB010E95
:10247000A2EB03024CBF3E4805EB8E0E0A4401F16D
:10248000010148BF00EB8E0E386A05EB8202DEF8D0
:1024900000E052684CF804EB40F8042B3862A1428B
:1024A000DBDB00233B62314B3A6A93F90030934205
:1024B00028DC5A465946386909F0F6FC7A6A2B4BF3
:1024C0001146F86893F9003009F0EEFC7B68042BA4
:1024D00012D97B69042B0FD9244B5846D8F8001029
:1024E00093F900305A1E02EBD272A1EB6202796AB4
:1024F00005EB820209F0A0FDFB6908F10408013335
:10250000FB618EE7BB684946224619EE900A4B44B0
:1025100009F1040909F058FF144B7A6A93F9001085
:102520003B6A786AC91A4B1E00EB8101304602EB08
:102530008303224609F048FF3B6A01333B62B2E75E
:1025400004EB6302C4F1FF010948A1EB630122EA35
:10255000E27205EB8101920009F056FE07F2BC47DA
:10256000BD46BDEC068BBDE8F08F00BFF7CB002069
:102570001C67012038B504460D4600224FF48071D7
:10258000FFF75EFD2046294604F5806350F8042BD2
:10259000984241F8042BF9D138BD38B59E4BF4EE82
:1025A000007A9E4C9E4D2DED0A8B93ED009AF7EE2E
:1025B000008A9C4B29EE279A1B68013B032B0AD803
:1025C000DFE813F004000C0112011A014FF0804300
:1025D000954A13602360954B3021F3EE047A1A6814
:1025E000B2EE040A924BFFEE009AB7EE00BB01FB7D
:1025F0000233D3ED0A0AF8EEE00AC0EEA70A09F0AA
:1026000077FD8C4B8C4A83ED000A8C4BF0EE40CA70
:1026100093ED008A8A4BB8EEC88A93ED000A68EE03
:10262000097A67EE807A20EE090AFAFE677AFDEEF3
:10263000E77A89EE800AC2ED007A17EE903A814A75
:1026400012681344804A136009F0A6FD38EEC00AF0
:102650007E4B83ED000A94ED000A29EE000A89EE14
:10266000800A09F099FD7A4B38EEC00A83ED000A22
:10267000784B93ED000A29EE000A89EE800A09F0F2
:102680008BFD754B38EEC00A83ED000A734B93ED5A
:10269000000A29EE000A89EE800A09F07DFD704BE0
:1026A00078EEC07AB1EE480AC3ED007A78EEE77AA8
:1026B0006C4BC3ED007A6C4B93ED00AA09F06CFDF6
:1026C000B7EEC07A694BB7EECAAA3BEE477B9FEDE7
:1026D0004E6B27EE0A7B27EE067BB7EEC78B83EDAA
:1026E000008A634B93ED00CA624B6CEE8C7AC8EEA5
:1026F00027AAC3ED00AA604B93ED00AA2CEE0A0AAC
:1027000020EE2C0A88EE000A09F09AFD5B4BB7EE2A
:10271000CCCAB5EE400A8BEE0C7BF1EE10FA08BF86
:102720009FED570AB7EEC00A3BEE476BB7EEC87A8B
:1027300026EE077B87EE006B95ED007AC8EE8A7A6D
:10274000B2EE040AB7EEC66B83ED006AB2EE006B20
:102750004C4BC3ED007AB7EEC77A37EE4B7B27EED2
:10276000067BF7EEC70B09F0C3FCB7EEC07A2AEE82
:10277000000A454BB7EEEA6A3BEE47BBB7EEC07ABC
:10278000A6EE0B7B9FED226B27EE067BB7EEC77B99
:1027900083ED007A3D4B93ED000A29EE000A89EEA5
:1027A000800A09F0F9FC3A4B38EEC00A83ED000AC2
:1027B00038EEC00A374B83ED000A374BD3ED007A71
:1027C00029EE270A89EE800A09F0E6FC334B38EE41
:1027D000C00ABDEC0A8B83ED000A38BD124BC3ED75
:1027E000008A4FF07C53F5E60F4B0022C5ED008ABE
:1027F0001A604FF07A53EDE60B4B0022C5ED008ACC
:102800001A60274BE6E600BF1EA7E8482EFFEF3F01
:10281000FCA9F1D24D62E43F20140220801C02206A
:10282000BC0F0220609F0020C00F0220E4C10020E6
:10283000C0BA00203C100220ACF401206C10022031
:102840007C1C0220D0C800200C100220B0F4012013
:10285000D80E0220881C02202C0F0220841C02208B
:10286000280F02209C100220AC100220B010022081
:10287000181E02204810022000C60020601C022002
:102880009595E62418100220B80F02208C1C022017
:10289000AC0F0220A0100220901C0220B40F0220D6
:1028A000CDCC4C3D184B0421184A1A604FF07A5396
:1028B000174A1360174A1160174A18491160184ADD
:1028C000184911604FF07E5217490A6017490A6093
:1028D0004FF07F51164A1160164A17491360174A84
:1028E0001160174A174911600121174A11704FF002
:1028F0007C51164A1160164A1360164A1360164B33
:10290000164A1A60FFF749BE7C1C02206F12833AF8
:10291000801C02206C1002203C10022000401C464B
:1029200034C300200000A04100C60020AC100220EB
:10293000181E0220841C02200AD7A33B881C0220F8
:10294000841102200000A040253002208C1C0220AF
:10295000C00F0220BC0F0220901C0220CDCCCC3D29
:10296000704738B5054D04242046013409F05CFB5E
:1029700005F8010BB4F54F7FF6D138BD0CA300204C
:10298000704737B5002401AD2046013409F04CFBF7
:1029900005F8010B042CF7D1019803B030BD2DE9E7
:1029A000F843B6490025B64CB64809F0CDFCB64907
:1029B000B448274609F06CFA2146B24809F0C4FC35
:1029C000B249B04809F064FAE168AE4809F0E8FBA2
:1029D000AF49AC4809F05CFA2169AA4809F0E0FB6C
:1029E000AC49A84809F054FA6169A64809F0D8FB37
:1029F000A949A44809F04CFAA169A24809F0D0FB02
:102A0000A649A04809F044FAE1699E4809F0C8FBCC
:102A1000A3499C4809F03CFA94ED090A022199481F
:102A2000B7EEC00ADFF8E49209F08EFB9D499548A5
:102A300009F02EFAA16A934809F0B2FB9A4991482D
:102A400009F026FAE16A8F4809F0AAFB97498D48F8
:102A500009F01EFA216B8B4809F0A2FB94498948C2
:102A600009F016FA616B874809F0B6FC9149854870
:102A700009F00EFA94ED0E0A02218248B7EEC00A60
:102A8000804E09F061FB8C497E4809F05DFC8B4962
:102A90007C4809F0FDF9E16B7A4809F081FB88492F
:102AA000784809F0F5F9616C764809F079FB8549B9
:102AB000744809F0EDF9216C724809F071FB824904
:102AC000704809F0E5F9A16C6E4809F069FB7F498F
:102AD0006C4809F0DDF9E16C6A4809F061FB7C495A
:102AE000684809F0D5F9216D664809F059FB794924
:102AF000644809F0CDF900230522616D614809F0B1
:102B000017FA604809F074FB73495E4809F0C0F990
:102B100000230A22A16D5B4809F00AFA594809F01E
:102B200067FB6E49574809F00FFC6D49554809F09D
:102B3000AFF9E16D534809F033FB6A49514809F098
:102B4000A7F9216E4F4809F02BFB67494D4809F062
:102B50009FF9616E4B4809F023FB6449494809F02D
:102B600097F9A16E474809F01BFB6149454809F0F8
:102B70008FF9E16E434809F013FB5E49414809F0C3
:102B800087F9216F3F4809F00BFB5B493D4809F08D
:102B90007FF9616F3B4809F003FB5849394809F058
:102BA00077F9DFF8808157F8781F364809F0F8FA8E
:102BB0005349344809F0C8FB092D03DC4946304627
:102BC00009F066F94146304609F062F92946304677
:102BD000013509F071FB4B49304609F059F957F8B6
:102BE000041F304609F0DCFA0E2DE5D1464F0025D2
:102BF000DFF81891234EDFF830814449214809F06D
:102C0000A3FB092D03DC4946304609F041F9414652
:102C1000304609F03DF929463046013509F04CFBB4
:102C20003849304609F034F957F8041F304609F0A6
:102C3000B7FA0E2DE5D136490025124809F084FB7C
:102C40003449104809F024F9D4F8EC100D4809F083
:102C5000A7FA31490B4809F01BF994ED3C0A02210F
:102C60000848B7EEC00A2D4F09F06EFA2C49054806
:102C700009F00EF994ED3D0A58E000BFF7810020FD
:102C80000CA30020BCB40020168200203982002052
:102C90005C8200207F820020A2820020C58200206A
:102CA000E882002013830020388300205B8300200B
:102CB0007E830020A0830020C3830020DE830020C9
:102CC0000184002024840020478400206A8400209E
:102CD0008D840020B0840020D3840020F68400205E
:102CE0001F85002042850020658500208885002002
:102CF000AB850020CE850020F185002014860020C1
:102D000037860020528A0020BCA300207C99002036
:102D100092860020B8860020DB86002008A40020D0
:102D2000FE86002058860020758600200221CE48AD
:102D3000B7EEC00ADFF86C9309F006FACB49CA482F
:102D400009F0A6F894ED3E0A0221C748B7EEC00A82
:102D5000C54E09F0F9F9C649C34809F099F8DFF8FA
:102D60006883D4F8FC10C04809F01AFAC149BE487B
:102D700009F0EAFA092D03DC4946304609F088F8E3
:102D80004146304609F084F829463046013509F0BD
:102D900093FAB949304609F07BF857F8041F3046DA
:102DA00009F0FEF9122DE5D1B449AF4809F0CCFA8B
:102DB000B349AD4809F06CF894ED520A0221AA48D3
:102DC000B7EEC00AAF4E09F0BFF9AF49A64809F007
:102DD0005FF894ED530A0221A348B7EEC00ADFF86A
:102DE000EC8209F0B1F9A9499F4809F051F894ED36
:102DF000540A02219C48B7EEC00A9B4D09F0A4F981
:102E0000A349994809F044F894ED550A02219648DF
:102E1000B7EEC00A984F09F097F99E49924809F019
:102E200037F894ED560A02218F48B7EEC00A09F030
:102E30008BF999498C4809F02BF894ED570A022137
:102E40008948B7EEC00A002409F07EF99349864804
:102E500009F07AFA4146284609F01AF82146284630
:102E6000013409F029FA3946284609F011F8B6EC80
:102E7000010A05212846B7EEC00A09F065F9072CBA
:102E8000E8D1874E0024DFF84882774D7A4F854994
:102E9000754809F059FA4146284608F0F9FF2146DD
:102EA0002846013409F008FA3946284608F0F0FFB0
:102EB000B6EC010A05212846B7EEC00A09F044F92C
:102EC000072CE8D1784E0024DFF80882664D6A4F5F
:102ED0007449654809F038FA4146284608F0D8FF99
:102EE00021462846013409F0E7F93946284608F01A
:102EF000CFFFB6EC010A05212846B7EEC00A09F05B
:102F000023F9072CE8D1694E0024DFF8CC81564D17
:102F1000594F6449544809F017FA4146284608F0C9
:102F2000B7FF21462846013409F0C6F9394628463C
:102F300008F0AEFFB6EC010A05212846B7EEC00A3C
:102F400009F002F9072CE8D1564900244648584EAA
:102F500009F0FAF9DFF88481434D474F554942485B
:102F600009F0F2F94146284608F092FF214628462A
:102F7000013409F0A1F93946284608F089FFB6EC7A
:102F8000010A03212846B7EEC00A09F0DDF8072C34
:102F9000E8D1494E0024DFF84881334D364F41498E
:102FA000314809F0D1F94146284608F071FF214621
:102FB0002846013409F080F93946284608F068FFB0
:102FC000B6EC010A03212846B7EEC00A09F0BCF8A6
:102FD000072CE8D1394E0024DFF80881224D264F16
:102FE0003049214809F0B0F94146284608F050FF21
:102FF00021462846013409F05FF93946284608F091
:1030000047FFB6EC010A03212846B7EEC00A09F0D3
:103010009BF8072CE8D12A4E0024DFF8CC80124D13
:10302000154F2049104809F08FF94146284608F00D
:103030002FFF21462846013409F03EF9394628463B
:1030400008F026FFB6EC010A03212846B7EEC00AB5
:1030500009F07AF8072CE8D1124900240248194EE9
:1030600009F072F942E000BFBCB4002021870020C3
:103070004487002067870020528A0020A58700200F
:10308000C38700206CA40020E68700200988002068
:103090002C8800204F88002072880020958800200E
:1030A00088A400207C990020A4A40020C0A40020B3
:1030B000DCA400203A890020F8A4002014A50020F8
:1030C00030A5002048A5002088870020C288002065
:1030D000E0880020FE8800201C89002061890020F3
:1030E0007F8900209D890020BB8900207C4F7D4D79
:1030F000DFF848827C497B4809F026F9092C03DC7B
:103100003946284608F0C4FE4146284608F0C0FE6D
:103110002146284609F0D0F87449284608F0B8FE40
:10312000032C03DC3946284608F0B2FE013456F879
:10313000041F284609F050F90D2CDFD10025694EF7
:103140006B4C6C49674809F0FFF86B49304608F052
:103150009FFE2946304609F0AFF86849304608F02E
:1031600097FE012D03DC5E49304608F091FE04EB2A
:10317000C50301353046D3F8741209F011F8072D54
:10318000E3D100265C4F574DDFF8B481394628461D
:1031900008F07EFE3146284609F08EF84146284662
:1031A00008F076FE012E03DC4D49284608F070FE3B
:1031B00004EBC60301362846D3F8781208F0F0FF76
:1031C000072EE3D14649474809F0BEF84C49454827
:1031D00008F05EFED4F8AC12424809F0FDF8494907
:1031E000404808F055FE48493E4809F0ADF84749C7
:1031F0003C4808F04DFE46493A4809F0A5F84549D3
:10320000384808F045FE4449364809F09DF84349DE
:10321000344808F03DFE2B6894F8F81200251B682E
:10322000304898472F4808F0E3FF2D492D4809F012
:103230008BF83B492B4808F02BFED4F8FC122948A8
:1032400008F0AEFF3749274808F022FED4F80013F3
:10325000244808F0A5FF3449224808F019FE94EDEF
:10326000C20A02211F48B7EEC00A304F08F06CFFB7
:103270002F491C4808F00CFE94EDC10A02211948A0
:10328000B7EEC00ADFF8BC90164E08F05DFFDFF81D
:10329000B8801349134809F057F84946304608F0FA
:1032A000F7FD29463046013509F006F8414630461B
:1032B00008F0EEFD57F8041F304608F071FF072DA7
:1032C000EBD11C49074808F0E3FDD4F82813054862
:1032D00008F066FF18490348BDE8F84309F034B820
:1032E0007C990020BCB40020D9890020528A00209B
:1032F0000CA30020178A0020348A00204F8A002067
:103300005F8A0020828A0020BCA50020A58A0020B8
:10331000EEA50020C88A0020F8A50020EB8A002036
:103320000E8B0020318B0020548B002014A600202F
:10333000778B0020BD8B0020E08B0020FA890020D5
:10334000578A00209A8B0020B58B0020031F044A67
:10335000303052F8041F43F8041F8342F9D17047FC
:1033600048A50020F8B5BB4C08F08EFDBA4D0146CB
:103370002046242609F074F8A563232501210520A1
:103380001E230F270022E061E063C4E910653225A7
:10339000C4E90313C4E91801C4E90C11AF484FF0A4
:1033A0007E53C4E91475C4E91A1140F2EE25AC4904
:1033B0006362C4E91652C4E91C10AA4D214641F8C3
:1033C000785F6425C4E90522C4E90A22C4E912220F
:1033D000013241F8045F0E2AFAD16FF0090214217C
:1033E00040F2663540F20136C4F8EC204FF08242DC
:1033F00040F29D2740F2352CC4F8F02040F2CB1E5D
:10340000994AC4F86031C4F8F420C4F8F8204FF4A5
:103410006772C4F86431C4F86831C4E93F1240F2FD
:1034200031324FF4B271C4E9415240F2C922F2255F
:10343000C4E943624FF41A728326C4E9457240F22C
:103440000122874FC4E947C240F29712DFF8A0C2B9
:10345000C4E949E24FF49572DFF898E2C4E94B12EF
:10346000B7228249C4E94D5243220A25C4F85C11AF
:103470007F49C4F84451C4E94F6200227D4EC4F82C
:103480004821C4F84C21C4F85021C4F85421C4F890
:103490005821C4F86C31C4F89811C4F89C117649CD
:1034A000C4F87031C4F8A0117449C4F87431C4F878
:1034B000A4117349C4F87831C4F8A8117149C4F84B
:1034C0007C31C4F8AC11C4F8B0116F49C4F8803134
:1034D000C4F8B811C4F8C0116C49C4F88431C4F8F8
:1034E000C4116B49C4F88831C4F8C8116949C4F8DB
:1034F0008C31C4F89031C4F89431C4F8B461C4F884
:10350000BC61C4F8CC11644EC4F8D031C4F8D431D5
:10351000C4F8D831C4F8DC31C4F8E031C4F8E4317F
:10352000C4F8E831C4F8EC21C4F8F021C4F808323A
:10353000C4F80C32C4F81032C4F81432C4F818328B
:10354000C4F81C32C4F82032544BC4F8F421C4F837
:10355000F821C4F8FC21C4F80022C4F80422C4F8FD
:103560002422C4F82822C4F82C22C4F83022C4F83B
:103570003422C4F83822C4F83C22494A4949C4F8E4
:103580004802C4E99063484BC4E99532474BC4E90B
:1035900097C3DFF864C1C4E999ECDFF860E1DFF8B4
:1035A00060C1C4E99BECDFF85CC1C4E99371C4F865
:1035B00074C2C4F87C723E4FC4F88812C4F8847296
:1035C0003C4F3D49C4F88C723C4FC4F89822C4F873
:1035D00094723B4F3B4AC4F89C72C4F8A8323A4FED
:1035E0003A4BC4F88002C4F89012C4F8A0223222E8
:1035F00037493848C4F8AC32C4F8A472C4F87862C9
:1036000008F05AFC344B35481A683549C4F8E222B0
:103610005A681B8942602A460381284408F04CFC02
:103620002E23304AC4F8F8322F4BC4F808231B6805
:103630002E4AC4F8FC320023C4F80423C4F8003333
:10364000C4E9C333C4E9C533C4E9C733C4E9C933E2
:10365000F8BD00BF0CA300200000A041F0446B00A7
:1036600000DD6D00A0090100CDCCCC3D00007A4505
:103670007F6ABC3C96438B3CE3A51B3DF4FD543D67
:1036800060E5503D4260E53CE3A59B3C3108AC3C25
:103690000AD7A33C5839B43C40523600104E38008B
:1036A000A0594101E089D600C0ACD8006029AC0126
:1036B000C8F8D90050A41401801F1401284F4601F6
:1036C000F0B47C0110097C010822B101B0196D0031
:1036D000028C0020BCA500200F8C0020EEA500204D
:1036E000098C002000001642B41002200000F6C22F
:1036F00088C84401C8D0B001404B4C008096980067
:10370000C0E1E40068CE3C002DE9F047FE21D2B0D4
:103710008C4808F0E1FD002800F0F08501A80023A6
:10372000894A884908F084FC059808F0B9FC00280B
:1037300000F0E185854C0026854F04F53B780DF1BE
:1037400018090025CA4601A808F0DAFCB92EC0B253
:1037500012D101A8012408F077FC4FF44E72002129
:103760007A4808F055FC01A808F0FAFD204652B04E
:10377000BDE8F0871D46E6E70A2805F1010309F8D0
:10378000010BF7D1002355443946504605F8013C5A
:1037900008F04AFEC11C2CA808F062FE731EB72B6D
:1037A00000F2BA80DFE813F0BE00C300C800D60004
:1037B000DB00BC00E000EA00EF00F500FB000001C8
:1037C00008010D01120117011C01210126012E0122
:1037D000330139013E01430148014D0152015701B6
:1037E0005C01610167016D01730179017F01850150
:1037F0008B01910197019D01A301A901AF01B501C1
:10380000BB01C101C701CD01D301D901DF01E50130
:10381000EB01F101F701FD01030209021102180297
:10382000200226022C02320238023E0244024A02E0
:10383000500256025C02620268026E0274027A0250
:10384000800286028C0292029A02A202AA02B202AC
:10385000BA02C202CA02D202DA02E202EA02F202A8
:10386000FA0202030A0312031A0322032A03320391
:103870003A0342034A0352035A0362036A03720380
:103880007A0382038A0392039A03A203AA03B20370
:10389000BA03C203CA03D203DA03E203EA03F20360
:1038A000FA0302040A0412041A0422042A04320449
:1038B0003A0442044A0452045A0462046A04720438
:1038C0007A04820488048E0494049A04A004A60452
:1038D000AC04B204B804BF04C604CD04D404DB04B1
:1038E000E204E904F004F704FE0405050C051305E1
:1038F0001A05210528052F0536053D05430549050F
:103900004F0556055D0564056D0576057D05840545
:103910008B0592059905A0052CA9204608F0A0FD6D
:1039200001360CE72CA808F0DFFBE060F8E72CA8D4
:1039300008F0DAFB2061F3E72CA808F0D5FB606102
:10394000EEE700BFE82701200B9300200CA3002026
:10395000738B00202CA808F0C7FBA061E0E72CA81F
:1039600008F0C2FBE061DBE72CA808F0BDFB07EE26
:10397000900AF8EEE77AC4ED097AD1E72CA808F0AE
:10398000B3FBA062CCE72CA808F0AEFB40B2E0622B
:10399000C6E72CA808F0A8FB80B22063C0E72CA8DB
:1039A00008F002FD6063BBE72CA808F0CDFAB7EE83
:1039B000C00B84ED0E0AB3E72CA808F095FBE0637A
:1039C000AEE72CA808F090FB2064A9E72CA808F02B
:1039D0008BFB6064A4E72CA808F086FBA0649FE73B
:1039E0002CA808F081FBE0649AE72CA808F07CFB87
:1039F000206595E72CA808F0A7FABDEEC00B84ED72
:103A0000150A8DE72CA808F0CFFCA06588E72CA844
:103A100008F06AFB00B2E06582E72CA808F064FBBE
:103A200020667DE72CA808F05FFB606678E72CA88D
:103A300008F05AFBA06673E72CA808F055FBE06677
:103A40006EE72CA808F0B0FC206769E72CA808F006
:103A5000ABFC606764E72CA808F0A6FCA0675FE7F2
:103A60002CA808F041FBE0675AE72CA808F03CFBC3
:103A7000C4F8800054E72CA808F036FBC4F8840092
:103A80004EE72CA808F030FBC4F8880048E72CA8C3
:103A900008F02AFBC4F88C0042E72CA808F024FBAD
:103AA000C4F890003CE72CA808F01EFBC4F8940072
:103AB00036E72CA808F018FBC4F8980030E72CA8CB
:103AC00008F012FBC4F89C002AE72CA808F00CFBB5
:103AD000C4F8A00024E72CA808F006FBC4F8A40052
:103AE0001EE72CA808F000FBC4F8A80018E72CA8D3
:103AF00008F0FAFAC4F8AC0012E72CA808F0F4FABF
:103B0000C4F8B0000CE72CA808F0EEFAC4F8B40032
:103B100006E72CA808F0E8FAC4F8B80000E72CA8DB
:103B200008F0E2FAC4F8BC00FAE62CA808F0DCFAC7
:103B3000C4F8C000F4E62CA808F0D6FAC4F8C40013
:103B4000EEE62CA808F0D0FAC4F8C800E8E62CA8E5
:103B500008F0CAFAC4F8CC00E2E62CA808F0C4FACF
:103B6000C4F8D000DCE62CA808F0BEFAC4F8D400F3
:103B7000D6E62CA808F0B8FAC4F8D800D0E62CA8ED
:103B800008F0B2FAC4F8DC00CAE62CA808F0ACFAD7
:103B9000C4F8E000C4E62CA808F0A6FAC4F8E400D3
:103BA000BEE62CA808F0A0FAC4F8E800B8E62CA8F5
:103BB00008F09AFAC4F8EC00B2E62CA808F0C4F9B0
:103BC000B7EEC00B84ED3C0AAAE62CA808F0BCF9BD
:103BD000B7EEC00B84ED3D0A2CA808F0B5F9B7EE9E
:103BE000C00B84ED3E0A9BE62CA808F07DFAC4F8D1
:103BF000FC0095E62CA808F077FAC4F800018FE6DF
:103C00002CA808F071FAC4F8040189E62CA808F081
:103C10006BFAC4F8080183E62CA808F065FAC4F82A
:103C20000C017DE62CA808F05FFAC4F8100177E6D5
:103C30002CA808F059FAC4F8140171E62CA808F071
:103C400053FAC4F818016BE62CA808F04DFAC4F832
:103C50001C0165E62CA808F047FAC4F820015FE6CD
:103C60002CA808F041FAC4F8240159E62CA808F061
:103C70003BFAC4F8280153E62CA808F035FAC4F83A
:103C80002C014DE62CA808F02FFAC4F8300147E6C5
:103C90002CA808F029FAC4F8340141E62CA808F051
:103CA00023FAC4F838013BE62CA808F01DFAC4F842
:103CB0003C0135E62CA808F017FAC4F840012FE6BD
:103CC0002CA808F011FAC4F8440129E62CA808F041
:103CD0003BF9B7EEC00B84ED520A21E62CA808F0A0
:103CE00033F9B7EEC00B84ED530A19E62CA808F09F
:103CF0002BF9B7EEC00B84ED540A11E62CA808F09E
:103D000023F9B7EEC00B84ED550A09E62CA808F09C
:103D10001BF9B7EEC00B84ED560A01E62CA808F09B
:103D200013F9B7EEC00B84ED570AF9E52CA808F09B
:103D30000BF9B7EEC00B84ED580AF1E52CA808F09A
:103D400003F9B7EEC00B84ED590AE9E52CA808F099
:103D5000FBF8B7EEC00B84ED5A0AE1E52CA808F099
:103D6000F3F8B7EEC00B84ED5B0AD9E52CA808F098
:103D7000EBF8B7EEC00B84ED5C0AD1E52CA808F097
:103D8000E3F8B7EEC00B84ED5D0AC9E52CA808F096
:103D9000DBF8B7EEC00B84ED5E0AC1E52CA808F095
:103DA000D3F8B7EEC00B84ED5F0AB9E52CA808F094
:103DB000CBF8B7EEC00B84ED600AB1E52CA808F093
:103DC000C3F8B7EEC00B84ED610AA9E52CA808F092
:103DD000BBF8B7EEC00B84ED620AA1E52CA808F091
:103DE000B3F8B7EEC00B84ED630A99E52CA808F090
:103DF000ABF8B7EEC00B84ED640A91E52CA808F08F
:103E0000A3F8B7EEC00B84ED650A89E52CA808F08D
:103E10009BF8B7EEC00B84ED660A81E52CA808F08C
:103E200093F8B7EEC00B84ED670A79E52CA808F08B
:103E30008BF8B7EEC00B84ED680A71E52CA808F08A
:103E400083F8B7EEC00B84ED690A69E52CA808F089
:103E50007BF8B7EEC00B84ED6A0A61E52CA808F088
:103E600073F8B7EEC00B84ED6B0A59E52CA808F087
:103E70006BF8B7EEC00B84ED6C0A51E52CA808F086
:103E800063F8B7EEC00B84ED6D0A49E52CA808F085
:103E90005BF8B7EEC00B84ED6E0A41E52CA808F084
:103EA00053F8B7EEC00B84ED6F0A39E52CA808F083
:103EB0004BF8B7EEC00B84ED700A31E52CA808F082
:103EC00043F8B7EEC00B84ED710A29E52CA808F081
:103ED0003BF8B7EEC00B84ED720A21E52CA808F080
:103EE00033F8B7EEC00B84ED730A19E52CA808F07F
:103EF0002BF8B7EEC00B84ED740A11E52CA808F07E
:103F000023F8B7EEC00B84ED750A09E52CA808F07C
:103F10001BF8B7EEC00B84ED760A01E52CA808F07B
:103F200013F8B7EEC00B84ED770AF9E42CA808F07B
:103F30000BF8B7EEC00B84ED780AF1E42CA808F07A
:103F400003F8B7EEC00B84ED790AE9E42CA807F07A
:103F5000FBFFB7EEC00B84ED7A0AE1E42CA807F072
:103F6000F3FFB7EEC00B84ED7B0AD9E42CA807F071
:103F7000EBFFB7EEC00B84ED7C0AD1E42CA807F070
:103F8000E3FFB7EEC00B84ED7D0AC9E42CA807F06F
:103F9000DBFFB7EEC00B84ED7E0AC1E42CA807F06E
:103FA000D3FFB7EEC00B84ED7F0AB9E42CA807F06D
:103FB000CBFFB7EEC00B84ED800AB1E42CA807F06C
:103FC000C3FFB7EEC00B84ED810AA9E42CA807F06B
:103FD000BBFFB7EEC00B84ED820AA1E42CA807F06A
:103FE000B3FFB7EEC00B84ED830A99E42CA807F069
:103FF000ABFFB7EEC00B84ED840A91E42CA807F068
:10400000A3FFB7EEC00B84ED850A89E42CA807F066
:104010009BFFB7EEC00B84ED860A81E42CA807F065
:1040200093FFB7EEC00B84ED870A79E42CA807F064
:104030008BFFB7EEC00B84ED880A71E42CA807F063
:1040400083FFB7EEC00B84ED890A69E42CA807F062
:104050007BFFB7EEC00B84ED8A0A61E42CA807F061
:1040600073FFB7EEC00B84ED8B0A59E42CA807F060
:104070006BFFB7EEC00B84ED8C0A51E42CA807F05F
:1040800063FFB7EEC00B84ED8D0A49E42CA807F05E
:104090005BFFB7EEC00B84ED8E0A41E42CA807F05D
:1040A00053FFB7EEC00B84ED8F0A39E42CA808F05B
:1040B0007BF9C4F8400233E42CA808F075F9C4F881
:1040C00044022DE42CA808F06FF9C4F8480227E454
:1040D0002CA808F069F9C4F84C0221E42CA808F0D7
:1040E00063F9C4F850021BE42CA808F05DF9C4F889
:1040F000540215E42CA808F057F9C4F858020FE44C
:104100002CA808F051F9C4F85C0209E42CA808F0C6
:104110004BF9C4F8600203E42CA808F045F9C4F890
:104120006402FFF7FDBB2CA808F03EF9C4F8680252
:10413000FFF7F6BB2CA808F037F9C4F86C02FFF7BC
:10414000EFBB2CA808F030F9C4F87002FFF7E8BB09
:104150002CA808F029F9C4F87402FFF7E1BB2CA8D9
:1041600008F022F9C4F87C02FFF7DABB2CA808F0AB
:104170001BF9C4F88402FFF7D3BB2CA808F014F98C
:10418000C4F88C02FFF7CCBB2CA808F00DF9C4F8DA
:104190009402FFF7C5BB2CA808F006F9C4F89C02EE
:1041A000FFF7BEBB2CA808F0FFF8C4F8A402FFF785
:1041B000B7BB2CA808F0F8F8C4F87802FFF7B0BB3A
:1041C0002CA808F0F1F8C4F88002FFF7A9BB2CA8CE
:1041D00008F0EAF8C4F88802FFF7A2BB2CA808F0A0
:1041E000E3F8C4F89002FFF79BBB2CA808F0DCF8BA
:1041F000C4F89802FFF794BB2CA808F0D5F8C4F8CF
:10420000A002FFF78DBB2CA808F0CEF8C4F8A802D6
:10421000FFF786BB2CA808F0C7F8C4F8AC02FFF77C
:104220007FBB2CA9374808F01BF9FFF779BB2CA9F5
:10423000354808F015F9FFF773BB2CA9404608F084
:104240000FF9FFF76DBB2CA807F04EFFC4F8F8027A
:10425000FFF766BB2CA807F047FFC4F8FC02FFF786
:104260005FBB2CA807F040FFC4F80003FFF758BB62
:104270002CA807F069FEB7EEC00B84EDC20AFFF769
:104280004FBB2CA807F060FEB7EEC00B84EDC10A4F
:10429000FFF746BB2CA807F027FFC4F80C03FFF775
:1042A0003FBB2CA807F020FFC4F81003FFF738BB72
:1042B0002CA807F019FFC4F81403FFF731BB2CA892
:1042C00007F012FFC4F81803FFF72ABB2CA807F069
:1042D0000BFFC4F81C03FFF723BB2CA807F004FF57
:1042E000C4F82003FFF71CBB2CA807F0FDFEC4F8A0
:1042F0002403FFF715BB0446FFF735BA0446FFF762
:1043000035BA00BFBCA50020EEA500202DE9F04184
:10431000A8B00223A94A0AA8A94907F089FE0E9865
:1043200007F0BEFE002800F0DF860E9830B103686B
:10433000002200920022196A00238847A1490FA891
:1043400008F08EF8A04D07F09FFD01460FA800244D
:1043500007F0C6FE0FA90AA89C4F07F0F5FF9C497D
:104360000FA89C4E08F07CF89B4B0A2206A91868FF
:1043700007F0C6FF06A90FA807F0B2FE0FA90AA80A
:1043800007F0E2FF95490FA808F06AF8944B0A225B
:1043900006A9186807F0B4FF06A90FA807F0A0FE49
:1043A0000FA90AA807F0D0FF8E490FA808F058F807
:1043B0008D4B0A2206A9186807F0A2FF06A90FA8CC
:1043C00007F08EFE0FA90AA807F0BEFF87490FA8C5
:1043D00008F046F8864B0A2206A9186807F090FFF5
:1043E00006A90FA807F07CFE0FA90AA807F0ACFFEA
:1043F00080490FA808F034F87F4B0A2206A91868F4
:1044000007F07EFF06A90FA807F06AFE0FA90AA809
:1044100007F09AFF06A90FA807F062FE0FA90AA8E5
:1044200007F092FF75490FA808F01AF8744B0A229A
:1044300006A9186807F064FF06A90FA807F050FE48
:104440000FA90AA807F080FF6E490FA808F008F826
:104450006D4B0A2206A9186807F052FF06A90FA89B
:1044600007F03EFE0FA90AA807F06EFF67490FA8E4
:1044700007F0F6FF664B0A2206A9186807F040FF0E
:1044800006A90FA807F02CFE0FA90AA807F05CFFE9
:1044900060490FA807F0E4FF5F4B0A2206A91868DD
:1044A00007F02EFF06A90FA807F01AFE0FA90AA809
:1044B00007F04AFF59490FA807F0D2FF584B0A22CC
:1044C00006A9186807F0F0FE06A90FA807F008FE75
:1044D0000FA90AA807F038FF52490FA807F0C0FF3C
:1044E000514B06AA012193ED000A062007F0A0FE19
:1044F00006A90FA807F0F4FD0FA90AA807F024FFEA
:104500004A490FA807F0ACFF494B0A2206A91868D0
:1045100007F0F6FE06A90FA807F0E2FD0FA90AA80A
:1045200007F012FF43490FA807F09AFF424B0A22F7
:1045300006A9186807F0E4FE06A90FA807F0D0FD49
:104540000FA90AA807F000FF3C490FA807F088FF51
:104550003B4B0A2206A9186807F0D2FE06A90FA84D
:1045600007F0BEFD0FA90AA807F0EEFE35490FA817
:1045700007F076FF344B0A2206A9186807F0C0FE40
:1045800006A90FA807F0ACFD0FA90AA807F0DCFEEA
:104590002E490FA807F064FF2D4B0A2206A91868C0
:1045A00007F0AEFE06A90FA807F09AFD0FA90AA80A
:1045B00007F0CAFE27490FA84EE000BF0B9300206A
:1045C000E8270120198C00206CC200201D8F0020DC
:1045D000378C0020528A0020609F00204D8C0020E4
:1045E000B4BA0020678C0020EC130220848C0020D9
:1045F000641C0220A58C0020A0CB0020BD8C0020D4
:104600009CCB0020DE8C0020E8110220F78C0020DB
:1046100074100220148D00200CC200202F8D002069
:1046200010CB00204A8D002014CB00206F8D00207D
:1046300014C200208B8D0020D8C80020A38D00203C
:10464000D4C80020BB8D0020E00E0220D58D0020B4
:104650001C100220EB8D002007F002FFAE4B0A2257
:1046600006A9186807F04CFE06A90FA807F038FD48
:104670000FA90AA807F068FEA8490FA807F0F0FEE6
:10468000A74B0A2206A9186807F03AFE06A90FA848
:1046900007F026FD0FA90AA807F056FEA1490FA8AA
:1046A00007F0DEFEA04B0A2206A9186807F0FCFD01
:1046B00006A90FA807F014FD0FA90AA807F044FEE9
:1046C0009A490FA807F0CCFE994B0A2206A9186850
:1046D00007F016FE06A90FA807F002FD0FA90AA809
:1046E00007F032FE93490FA807F0BAFE924B0A2258
:1046F00006A9186807F004FE06A90FA807F0F0FC49
:104700000FA90AA807F020FE8C490FA807F0A8FE01
:104710008B4B0A2206A9186807F0F2FD06A90FA81C
:1047200007F0DEFC0FA90AA807F00EFE85490FA8C6
:1047300007F096FE844B0A2206A9186807F0E0FDF0
:1047400006A90FA807F0CCFC0FA90AA807F0FCFDEA
:104750007E490FA807F084FE7D4B0A2206A918683F
:1047600007F0CEFD06A90FA807F0BAFC0FA90AA80A
:1047700007F0EAFD77490FA807F072FE764B0A2290
:1047800006A9186807F090FD06A90FA807F0A8FC75
:104790000FA90AA807F0D8FD70490FA807F060FE1E
:1047A0006F4B0A2206A9186807F07EFD06A90FA81C
:1047B00007F096FC0FA90AA807F0C6FD69490FA8E3
:1047C00007F04EFE684B0A2206A9186807F06CFD38
:1047D00006A90FA807F084FC0FA90AA807F0B4FDEA
:1047E0000A2203A92046013407F08AFD39460FA8A2
:1047F00007F036FE03A90FA807F072FC31460FA898
:1048000007F06EFC0A2206A955F8040B07F078FDA4
:1048100006A90FA807F064FC0FA90AA807F094FDE9
:104820000E2CDDD1514D0024514F524E0A2203A9C6
:104830002046013407F064FD39460FA807F010FE4A
:1048400003A90FA807F04CFC31460FA807F048FC5D
:104850000A2206A955F8040B07F052FD06A90FA875
:1048600007F03EFC0FA90AA807F06EFD0E2CDDD163
:1048700041490FA807F0F4FD404B0A2206A9186829
:10488000002407F03DFD06A90FA83D4D07F028FCC8
:104890000FA90AA83B4F07F057FD3B490FA8354E1B
:1048A00007F0DEFD394B06AA012193ED000A062030
:1048B00007F0BEFC06A90FA807F012FC0FA90AA872
:1048C00007F042FD32490FA807F0CAFD314B06AA96
:1048D000012193ED000A062007F0AAFC06A90FA803
:1048E00007F0FEFB0FA90AA807F02EFD2A490FA822
:1048F00007F0B6FD294B06AA012193ED000A062018
:1049000007F096FC06A90FA807F0EAFB0FA90AA872
:1049100007F01AFD44E000BF10C20020048E002002
:10492000E0CA0020218E002018C200203F8E002007
:1049300080F40120588E00203CC30020748E00209B
:10494000E4C100208E8E0020E8C10020A98E002046
:10495000ECC10020C48E0020F0C10020DF8E0020BA
:10496000F4C10020FA8E002038C30020A4C2002029
:10497000368F0020528A00204F8F002008C200206E
:1049800018CB0020EF8F0020718F0020FCC1002089
:10499000938F0020F8C10020B28F002004C20020B5
:1049A000A6490FA807F05CFDA54B0A2206A91868C6
:1049B00007F0A6FC06A90FA807F092FB0FA90AA80A
:1049C00007F0C2FC0A2203A92046013407F098FC34
:1049D00039460FA807F044FD03A90FA807F080FB94
:1049E00031460FA807F07CFB0A2206A955F8040BF4
:1049F00007F086FC06A90FA807F072FB0FA90AA80A
:104A000007F0A2FC122CDDD18E490FA807F028FD7B
:104A10008D4B06AA012193ED000A062007F008FC41
:104A200006A90FA8894D07F05BFB0FA90AA800246F
:104A300007F08AFC86490FA8864F07F011FD864BC8
:104A400006AA012193ED000A062007F0F1FB06A952
:104A50000FA8824E07F044FB0FA90AA807F074FCC8
:104A60007F490FA807F0FCFC7E4B06AA012193EDBD
:104A7000000A062007F0DCFB06A90FA807F030FBB0
:104A80000FA90AA807F060FC77490FA807F0E8FC17
:104A9000764B06AA012193ED000A062007F0C8FB19
:104AA00006A90FA807F01CFB0FA90AA807F04CFCE9
:104AB0006F490FA807F0D4FC6E4B06AA012193EDB5
:104AC000000A062007F0B4FB06A90FA807F008FBB0
:104AD0000FA90AA807F038FC67490FA807F0C0FC27
:104AE000664B06AA012193ED000A062007F0A0FB01
:104AF00006A90FA807F0F4FA0FA90AA807F024FCEA
:104B00000A2203A92046013407F0FAFB39460FA810
:104B100007F0A6FC03A90FA807F0E2FA31460FA898
:104B200007F0DEFA06AAB5EC010A0321062007F019
:104B30007FFB06A90FA807F0D3FA0FA90AA807F070
:104B400003FC072CDCD14E4D00244E4F434E0A226D
:104B500003A92046013407F0D3FB39460FA807F01C
:104B60007FFC03A90FA807F0BBFA31460FA807F096
:104B7000B7FA06AAB5EC010A0321062007F058FB94
:104B800006A90FA807F0ACFA0FA90AA807F0DCFBEA
:104B9000072CDCD13C4D00243C4F304E0A2203A9A7
:104BA0002046013407F0ACFB39460FA807F058FC4B
:104BB00003A90FA807F094FA31460FA807F090FA5E
:104BC00006AAB5EC010A0321062007F031FB06A96D
:104BD0000FA807F085FA0FA90AA807F0B5FB072C64
:104BE000DCD12B4D00242B4F1C4E0A2203A920465A
:104BF000013407F085FB39460FA807F031FC03A903
:104C00000FA807F06DFA31460FA807F069FA06AA57
:104C1000B5EC010A0321062007F00AFB06A90FA83C
:104C200007F05EFA0FA90AA807F08EFB072CDCD16B
:104C3000194D0024194F094E32E000BFD28F0020D9
:104C400000C20020089000200C1601206CA4002057
:104C50001F900020D488002014160120528A0020C2
:104C6000339000201CB200204A90002020B2002087
:104C700060900020BCC8002075900020DCC8002097
:104C800088A40020F1880020A4A400208C9000209B
:104C9000C0A40020B1900020DCA40020D790002008
:104CA0000A2203A92046013407F02AFB39460FA83F
:104CB00007F0D6FB03A90FA807F012FA31460FA898
:104CC00007F00EFA06AAB5EC010A0321062007F048
:104CD000AFFA06A90FA807F003FA0FA90AA807F070
:104CE00033FB072CDCD1B54D0024B54FB54E0A225D
:104CF00003A92046013407F003FB39460FA807F04B
:104D0000AFFB03A90FA807F0EBF931460FA807F096
:104D1000E7F906AAB5EC010A0321062007F088FA94
:104D200006A90FA807F0DCF90FA90AA807F00CFBE9
:104D3000072CDCD1A44D0024A44FA24E0A2203A9C3
:104D40002046013407F0DCFA39460FA807F088FB4B
:104D500003A90FA807F0C4F931460FA807F0C0F95E
:104D600006AAB5EC010A0321062007F061FA06A99C
:104D70000FA807F0B5F90FA90AA807F0E5FA072C64
:104D8000DCD1934D0024934F8E4E0A2203A9204676
:104D9000013407F0B5FA39460FA807F061FB03A903
:104DA0000FA807F09DF931460FA807F099F906AA58
:104DB000B5EC010A0321062007F03AFA06A90FA86C
:104DC00007F08EF90FA90AA807F0BEFA072CDCD16C
:104DD000814D0024814F7B4E0A2203A920460134D5
:104DE00007F08EFA39460FA807F03AFB03A90FA87F
:104DF00007F076F931460FA807F072F90A2206A9E2
:104E000055F8040F07F050FA06A90FA807F068F943
:104E10000FA90AA807F098FA0D2CDDD10025704CD7
:104E20000A2203A9284607F06BFA6E490FA807F07B
:104E300017FB03A90FA807F053F96B490FA807F058
:104E40004FF90A2204EBC50306A90135D3F8740211
:104E500007F02AFA06A90FA807F042F90FA90AA835
:104E600007F072FA072DDBD100255E4F5F4E0A2254
:104E700003A9284607F044FA39460FA807F0F0FACC
:104E800003A90FA807F02CF931460FA807F028F95D
:104E90000A2204EBC50306A90135D3F8780207F00E
:104EA00003FA06A90FA807F01BF90FA90AA807F033
:104EB0004BFA072DDBD14E490FA807F0D1FA0A2291
:104EC00006A9D4F8AC0207F0EFF906A90FA8494EDD
:104ED00007F006F90FA90AA8002507F035FA464998
:104EE0000FA8DFF8448107F0BBFA322243490FA82C
:104EF00007F042F90FA90AA8324F07F025FA4049F6
:104F00000FA807F0ADFA0A223E490FA807F034F9BE
:104F10000FA90AA807F018FA3B490FA807F0A0FA52
:104F20000A223A490FA807F027F90FA90AA807F0A3
:104F30000BFA37490FA807F093FA0A2203A9D4F80D
:104F4000F80207F0DDF903A90FA807F0C9F80FA9C7
:104F50000AA807F0F9F92F4B0A2203A9186807F0ED
:104F6000CFF92D490FA807F07BFA03A90FA807F086
:104F7000B7F80FA90AA807F0E7F9284B0A2206A9F3
:104F8000186807F0BDF926490FA807F069FA06A9C5
:104F90000FA807F0A5F80FA90AA807F0D5F921492D
:104FA0000FA807F05DFA06AA94EDC20A04210620B4
:104FB00007F03EF906A90FA838E000BFF8A40020CA
:104FC000F9900020528A002014A500201D91002095
:104FD00030A500204091002048A5002065910020C8
:104FE0000CA300207F9100204F8A0020578A0020C8
:104FF0009B91002014A60020B4910020BCA50020A5
:10500000CE910020EEA50020E3910020F8A500201D
:10501000FC910020B41002201E92002028140220CF
:1050200037920020539200207C92002007F058F81D
:105030000FA90AA807F088F92C490FA807F010FA61
:1050400006AA94EDC10A0421062007F0F1F806A98A
:105050000FA807F045F80FA90AA807F075F90A226A
:1050600003A92846013507F04BF941460FA807F080
:10507000F7F903A90FA807F033F839460FA807F08E
:105080002FF80A2206A956F8040F07F039F906A9E5
:105090000FA807F025F80FA90AA807F055F9072D62
:1050A000DDD10A2206A9D4F82803012407F028F943
:1050B0000F490FA807F0D4F906A90FA807F010F8B8
:1050C0000FA90AA807F040F9FF210AA806F0B8FFC7
:1050D0000AA806F0B9FF04F00EFE0AA807F040F98E
:1050E000204628B0BDE8F0810446F6E7679200202C
:1050F0009A92002030B5FE2187B01A4807F0ECF8EC
:1051000018B91949194806F0C3FE1949174807F09C
:105110001BF90023174A01A8124906F089FF0598D8
:10512000124C06F0BDFFC0B1002501A806F0E8FF53
:10513000C1B21A2909D0B92D07D023680A292046FF
:105140001B6808BF01359847EFE701A806F07CFF10
:1051500001A807F005F907B030BD0749204607F060
:10516000F3F8F5E7E8270120B7920020BCB400204F
:10517000D69200200B930020FD92002008B5FDF789
:1051800000FCB0F54E7F03D1BDE80840FDF7E9BB58
:1051900008BD00BF38B5B7EEC17A0446B7EEC06AA5
:1051A0000D462DED048BB6EE008BB0EE609A27EE27
:1051B000087BB4EEC76BDFED387AC7EE819AF1EE6B
:1051C00010FAC4BFB6EE000A21EE000A69EE809A1A
:1051D000B0EE690A06F0C0FEB7EEC97AB7EEC00AB3
:1051E00037EE077B80EE076BB0EE690AB7EEC69B21
:1051F00006F096FFB7EE005BB7EEC96A36EE054BD8
:1052000085EE047BB7EEC77B45BBB7EEC00AB7EEB1
:10521000C77A36EE456B35EE404B30EE000B26EE8E
:10522000076B24EE088B20EE070B28EE078B24EE8D
:10523000074BB7EEC88BB7EEC00BB7EEC66BB7EE39
:10524000C44B84ED008A84ED028A84ED030A84ED68
:10525000014A84ED046ABDEC048B38BD032DFAD1FC
:10526000F8EE007AF7EE006A60EE277AB7EEC00A31
:10527000C4ED006A39EE666AC4ED026AC4ED017AD3
:10528000B7EEC77A30EE000B20EE070BB7EEC00B7F
:1052900084ED030ADDE700BFDB0FC940134B144A5E
:1052A0001B68032B0FDC012B10DC19D8114B3020AD
:1052B0001968114B00FB0133596911609B690F4A52
:1052C000136006F00DBE043B052BEEE7094B3020C2
:1052D0001968094B00FB01339B6959421160EEE7E5
:1052E000C823136040F6B833E9E700BFA00A0220E4
:1052F000A80A0220E4C10020C0BA0020A40A0220AB
:105300007047194B93F90030012B02D0022B13D0B8
:105310007047164B1A68801802D50D221A6002E0F9
:105320000E2807D0186018680021114B03EB80008D
:1053300005F0A0BA0022F1E70E4B1A6810440E4A9D
:105340000028126818600BDA013A1A60074A012136
:105350001B681268094803EBC20300EB8300E7E710
:105360009042F3D10022F0E767300220381002208B
:1053700064CB00202C1402206C1C022020C90020C9
:10538000094A92F900304BB9012111701946074AB8
:10539000074B106003EB800005F06CBA11B10846B2
:1053A000FFF7AFBF704700BF673002203810022000
:1053B00064CB002038B5214C94F90010012902D0AB
:1053C00002291BD038BD1E48002203680D2B05D1D1
:1053D00022700260BDE8384004F0C0BB022020709B
:1053E00018480260184A52F82300184A10601848FA
:1053F00000EB4310BDE8384005F03CBA104B1149B2
:105400001A68114B096853F82230013B8B4205D1D1
:1054100001232370BDE8384004F0B4BB0D4B53F8B2
:10542000223098470C4B1B78002BCBD10B4B1D78AF
:10543000002DC7D104F092FB2570C3E7673002202E
:10544000381002202C1402207C4500206C1C022005
:1054500020C9002080C300202430022022300220F6
:10546000F8B51446114A01251060114A1160114A1D
:105470001360114B069A1C60104BDDE907761F6024
:1054800039460F4B20681D7005F074FA06B1B0471D
:105490000C4B0D4A1D700023099913700B4A1160C3
:1054A0000B4A0A9911600B4A1360F8BD9C0F022049
:1054B000980F0220940F0220E0110220A00F02207A
:1054C000213002202430022023300220DC1102206F
:1054D000D81102204010022070B51D46134B14460F
:1054E000002218600126124B1960124B1A60124BF1
:1054F00053F82020114B1A600622114B1E700B68C6
:1055000002FB00330F4A52F8230005F00BFA04B1F6
:10551000A0470D4B0D4A1E700023049913700C4ACE
:1055200015600C4A11600C4A136070BDA00F022078
:10553000E01102209C0F0220C02C0020980F0220B6
:105540002130022004C60020223002202330022015
:10555000DC110220D81102204010022000000000BF
:10556000034B1A68034BC3F8FC20FDF7F9B900BFE1
:1055700000C200200CA3002008B5064B1A68064B99
:10558000C3F8EC20FDF7ECF90720BDE8084006F071
:105590006FBF00BF08C200200CA300207FB5264BC0
:1055A0001B68052B13D8DFE803F003151F242938E7
:1055B000224B3C21224A052004930023CDE90233EB
:1055C000C82301931F4B00930123FFF749FF07B046
:1055D0005DF804FBFCF718FCFCF726FC0C2007B078
:1055E0005DF804EB06F044BF07B05DF804EBFCF790
:1055F00035BC07B05DF804EBFCF746BC124B6421E8
:10560000124A00200493124B0393124B0293C823B7
:105610000193114B00930123D7E7104B0020104A50
:1056200042F216610493962301930E4BCDE90200DA
:105630000093FA23C9E700BF2C140220E51D006087
:1056400010C200203D950020BB1E0060E0CA002073
:10565000B1150000B91E006042950020D11E006007
:1056600018C200204A95002008B5374B374A1B68FE
:10567000D2ED006A012B364A2FD1B8EEE64B354BFE
:1056800035491B689FED2A5B9FED2B7B01EB830166
:1056900024EE055B24EE077BA4EE057B9FED285BE3
:1056A00037EE057B91ED005A2C49B7EEC55A01EB58
:1056B000830102EB830327EE057BB7EEC77B81ED09
:1056C000007A83ED587AF8EEE66AC2ED096AFDF7D2
:1056D00047F9BDE8084003F0CBBD002BF3D1B8EE8D
:1056E000E64B1C4B1E491B689FED115B9FED127B27
:1056F00001EB830124EE055B24EE077BA4EE057B22
:105700009FED0F5B37EE057B91ED005A1549B7EE23
:10571000C55A01EB830102EB830327EE057BB7EE4D
:10572000C77B81ED007A83ED5F7ACCE7AFF3008031
:10573000CC5D4BC8073D8BBF265305A3923AE93F8A
:105740001E166A4DF30E1240E81102209CCB002079
:105750000CA30020E4C10020989F0020E4C8002092
:10576000A0B4002000C9002008B5054B1A68054BFD
:105770005A61FDF7F5F80920BDE8084006F078BE4B
:10578000EC1302200CA3002008B5204A00230128B6
:1057900013701F4A13602AD0022832D0002833D158
:1057A0001C4B1D4A1B6813601C4A13601C4B18607D
:1057B0001C4B1A681C4B1A601B4B30221B6853434E
:1057C000154A1168194AD15000F020FD012006F059
:1057D000A7FB134B1A68164BDA65FDF7C1F8154B9A
:1057E0001B68012B10D1BDE8084003F045BE124BE9
:1057F000094A1B681360094A1360094B18600F4B74
:10580000D7E700F09CFCD7E708BD00BF9F3002201F
:1058100010160120F0C10020BC2C012094BF0020F4
:1058200080F40120E8C10020E4C10020C0BA0020BB
:105830000CA30020E8110220F4C10020ECC10020DC
:10584000014B1868FFF7A0BF2C14022008B5154BB8
:105850001B68062B25D8DFE803F004080C10141889
:105860002000BDE80840FDF77BB8BDE80840FDF723
:1058700079BDBDE8084004F005BFBDE8084004F06C
:105880007BBEBDE80840FEF741BDFDF73DFFFDF7DB
:1058900068F8BDE8084004F02EBABDE80840FFF7FC
:1058A00029BC08BD2C140220084B10B51B68084CFD
:1058B0002360FCF772FE2268064BDA60FDF750F8B1
:1058C0000120BDE8104006F0D3BD00BF2C1402201B
:1058D000609F00200CA3002008B5074B1B68052B18
:1058E00009D0064A1360064A1363FDF739F8BDE88C
:1058F000084003F037BB08BD2C1402200CC2002066
:105900000CA3002008B50C4B1B68012B06D0022B02
:1059100007D013B9094B01221A6008BD074B0022BA
:10592000FAE70749002005F065F8FDF719F8BDE82A
:10593000084004F0E0B900BF2C140220E813022054
:105940005195002008B50C4B1B68012B06D0022B8B
:1059500007D013B9094B01221A6008BD074B00227A
:10596000FAE70749012005F045F8FCF7F9FFBDE823
:10597000084004F0C0B900BF2C140220201E0220F1
:10598000639500207FB50A4B1B6873B9094A1E2135
:1059900002936FF02700CDE90332C823064A019332
:1059A000064B00930123FFF75BFD07B05DF804FB96
:1059B0002C1402206155006000C200200F9D0020C1
:1059C00010B5134C86B02368012B0DD0022B0ED0DE
:1059D0002BB9104B012207201A6006F049FD4FF049
:1059E000FF33236006B010BD0A4B0022F3E70A4BD9
:1059F00000210A4A6FF03B000493C8230193084B2F
:105A0000CDE9021100930123FFF72AFDE7E700BF6C
:105A10002C140220800602207955006008C2002064
:105A200076950020044B1B6813B1012B02D0704700
:105A300002F074BF03F04EB82C14022008B5084BD6
:105A40001B6813B1012B06D008BD06F061FB054BA6
:105A500001221A70F8E706F09BFC024B0022F8E7DF
:105A60002C1402200A30022070B59FED160A602522
:105A7000154C4FF44071154E15482DED028B9FEDDE
:105A8000158A8AB08DED030AADF81050069605947C
:105A90008DED078A06F06CFC20469DED030A4FF45D
:105AA000B07106F065FC4FF48073B0EE480A3246E0
:105AB00000932946234604A806F0A2FC0AB0BDECD8
:105AC000028B70BD000000008C0401200CFF002040
:105AD0000C0A01206B86213F2DE9F04F224BF6EE98
:105AE000006A224AB0EE007A214DF7EE007AA2F564
:105AF000806EA2F5206405F5805803F5806C03F5EF
:105B0000C06703F5006600211A489FED1B5A4FF04D
:105B10003C0BDFED1A5A9FED1A6ADFF86CA00BFB05
:105B200001A9013183ED005A08328029C3ED015AE1
:105B3000C4ED016A03F1080342F8040C04F10C04FB
:105B400045F8040B48F8040BAEEC016AC9F80000F4
:105B5000ACEC017AE7EC017AE6EC017ADFD1094B93
:105B600002221A70BDE8F08F80262320800E2320A9
:105B700080142320CDCCCC3D0AD7233C8FC2753C6A
:105B80000000FA43F9CB0020803023200F4BF4EEC5
:105B9000007A0021DFED0E0A93ED001A0D4B21EE85
:105BA000271A93ED000A10B50B4CB8EEC00A204638
:105BB000FFF7F0FA0949012300228C600B60084BC3
:105BC0001A605A609A60DA604B6010BD201402209F
:105BD0006666A63FA40A02204C0602204006022068
:105BE0006006022037B5204DB6EE006B1F4B0C212E
:105BF000D5ED001A1A680123B7EEE17A9FED1C1A61
:105C00009340022A1B484FF0000227EE067B06EE67
:105C1000903ACCBF03EBD3730224B8EEE66BC8BF57
:105C20005C1087EE060BB7EEC00BDFED130A8DEDAF
:105C3000010A06F0D9F907EE904A9FED0D1A0022ED
:105C4000DFED0D0AF8EEE71AD5ED007A9DED010AB9
:105C50000C210A48C7EEA11A06F0C6F9084B00222B
:105C60001A6003B030BD00BF2014022010CB00200A
:105C7000000000008058232000007042B05823200C
:105C8000E81F02207FB51E4B06461D68022D31DD40
:105C90000124AC40022504EBD4746410FFF7A2FF8A
:105CA000184BE2B2019600930C21174B1748039250
:105CB00006F07EFB164B0C21039A019600931548C3
:105CC000114B06F075FB144BEAB20C2100931348FC
:105CD000134B0392B6FBF4F6019606F069FB114BE9
:105CE000039A0C2100930E4B01960F4806F060FBBF
:105CF00004B070BD0EBF2C4602240125CEE700BFC4
:105D000010CB002064B9232080582320DCFE002023
:105D100038992320F4FE00200C792320E8FE00208F
:105D2000B0582320E058232000FF002070B54FF426
:105D300000654FF480664FF4007406F0E9FA2A46D5
:105D400000213B4806F09CF932460021394806F014
:105D500097F922460021384806F092F922460021A0
:105D6000364806F08DF922460021354806F088F9BC
:105D700022460021334806F083F9224600213248AA
:105D800006F07EF922460021304806F079F92246D5
:105D900000212F4806F074F9224600212D4806F014
:105DA0006FF9224600212C4806F06AF94FF4C062D0
:105DB00000212A4806F064F932460021284806F0FE
:105DC0005FF932460021274806F05AF94FF4F052A5
:105DD0000021254806F054F92A460021234806F000
:105DE0004FF92A460021224806F04AF94FF4B062E2
:105DF0000021204806F044F94FF4B06200211E480B
:105E000006F03EF94FF4406200211C4806F038F9D4
:105E100006F0E6F92846FFF735FFFFF75DFEFFF7CE
:105E200023FEFFF7B3FE0820BDE8704000F0A8B9DC
:105E30008016232080202320801E232080142320EE
:105E4000804E2320800A2320800C232080122320D0
:105E5000802C2320802A23208024232080042320B8
:105E600080262320800E23208030232068D7002026
:105E700070DF00208C0401200CFF00200C0A0120A0
:105E8000054B07B5054A00930549064B064802F045
:105E9000BBFF03B05DF804FBD56E0020BE9500206B
:105EA000DD95002083950020E795002010B50020A7
:105EB000002406F05DF91F4B1F4A1A601F4A204B51
:105EC0001A60204B1C7006F097FAFBF7ADFF1E4BD3
:105ED0001868FCF707F801F0B1FC1C4B1C4A302194
:105EE0001C601C4B1C601C4B1C604FF0FF3313608C
:105EF0001A4A14701A4A13601A4B1A681A4B01FB9B
:105F000002331A69194B1A6003F0EAFE03F0EEF946
:105F100003F028F803F03BFB06F0FEF906F0A0F8CA
:105F200006F04AF8FCF7BEFC114B1C60BDE81040BF
:105F300006F04AB82014022000803B4800803B470E
:105F4000141002209F30022010C2002044100220B2
:105F50002C140220440F0220381002206730022047
:105F600028100220E4C10020C0BA0020A00A0220AC
:105F700010160120F8B5644C644D2668644F06F095
:105F800077F92B7843B13B78DB0705D5614A236865
:105F900012689B1A0E2B0DD823682A789B1B1AB9FE
:105FA00040F2EE22934201E0B3F5FA6F02D806F018
:105FB0005FF9E4E74FF47A7006F03AFA564805F0D4
:105FC000C7FF06F0B9F906F02BFA06F0B5F906F0AE
:105FD00003F90121162005F0CFFF02211C2005F056
:105FE000CBFF02211C2005F0C7FF02211C2005F079
:105FF000C3FF042249491C2006F066F904224849DF
:106000001C2006F061F902F04BFEFFF739FF00F0AB
:1060100049F900286CD0012402F09CFE414B1C6021
:10602000FFF7ACF8642006F003FA3F4B3F4A1A60D2
:106030003F4B404A1A6001F00FFC06F0FDF8FFF7F5
:1060400075FE06F089F8FFF731FF00F063F906F0FE
:1060500003F85A2355221921032000F02BF9364A60
:1060600021462920D2F8803043F00203C2F8803064
:1060700005F082FF0021292006F082F921460A203E
:1060800005F07AFF00210A2006F07AF921460E2059
:1060900005F072FF00210E2006F072F9214628203B
:1060A00005F06AFF0021282006F06AF921460F203A
:1060B00005F062FF00210F2006F062F92146202042
:1060C00005F05AFF0021202006F05AF92146102041
:1060D00005F052FF0021102006F052F921461D2044
:1060E00005F04AFF00211D20BDE8F84006F048B940
:1060F0000A2402F045FE02F07FFE4FF4FA7006F02B
:1061000097F9013CF7D182E7741C0220AB300220E2
:10611000AA300220001E022021780000751E000017
:10612000951E0000281402202014022000803B4805
:106130001410022000803B4700810D4070477FB55E
:106140000B4B1E210B4A6FF027001B6813600A4B94
:1061500004930023CDE90233C8230193074B009336
:106160004FF4FA73FFF77CF907B05DF804FB00BF4A
:10617000F0C10020F4C100203D6100600A960020BB
:1061800007EE900AF8B52DED088B9FED19ABB8EE30
:10619000E78B1B4E1B4D00241B4F9FED179B07EEFB
:1061A000904AB8EEE70B30EE000B20EE0A0B20EE23
:1061B000080B20EE090BB7EEC0BBB0EE4B0A05F0A2
:1061C000CBFEF0EE40BAA6EC010AB0EE4B0A05F0A9
:1061D000A7FFA5EC010A07EB84030134B4F5807F27
:1061E000C3ED00BADBD1BDEC088BF8BDAFF3008086
:1061F00000000060FB210940000000000000703F2B
:106200005C140220980602205C18022008B50020C9
:1062100006F0E6F8FFF742F80D4B1B6823F0020288
:10622000012A0ED093B906F017F903F05FF806F0D3
:1062300073F803F0ACF902F0CDFEBDE8084005F0BC
:10624000BBBE06F009F903F051F8F6E708BD00BF40
:10625000F00E022010B5FE2186B00E4806F03CF884
:10626000044690B100230C4A0A4901A805F0E0FE5B
:10627000059805F0A9FF044601A805F0E5FE01A870
:1062800006F06EF8204606B010BD0449044805F03B
:1062900037FEF7E7E82701200B9300201796002030
:1062A000BCB40020FE21024808B506F015F808BD70
:1062B000E8270120124BB3EE097AD3F8802022F0B0
:1062C0000102C3F88020C3F8900003F58E130D4A35
:1062D000D3F8E01303F540730B48CBB207EE903AC6
:1062E0001360C1F30B22094BF8EEE77A0260C2EBB0
:1062F000115277EEC77AC3ED007A054B1A607047EA
:1063000000810D400C140220001402200814022009
:106310001814022070B59EB00024782200216D462A
:106320006E46684605F0ACFE4FF4205005F0D0FFF5
:1063300046F8040BA0B94FF4806005F0C9FF4DF892
:10634000240010B101341E2CF5D1002455F8040BA3
:1063500008B105F0DDFD01341E2CF7D11EB070BD73
:1063600001341E2CE0D1F0E7012070470E4BB2EE55
:10637000045B90ED186A93ED007AB7EEC66AB8EE4A
:10638000C77B37EE454BB4EEC46BF1EE10FA09DB78
:1063900037EE057BB4EEC76BF1EE10FA94BF012027
:1063A000002070470020704758C300200449233064
:1063B00008B505F0F1FDB0FA80F0400908BD00BF56
:1063C0003C96002008B5104BDFED107A93ED007A73
:1063D000B4EEE77AF1EE10FA13DD0D4A4AF64440C6
:1063E0001A600C4B0C4A1A60FBF712F905F090FF8B
:1063F000012003F045FC05F0B3FDFEF74FFF05F06B
:10640000E3FD012008BD00BF2014022000504347D7
:1064100000442C471410022000442C4608B50F4BB2
:10642000DFED0F7A93ED007AB4EEE77AF1EE10FA31
:1064300012D50C4A0C481A600C4B0D4A1A60FBF737
:10644000E7F805F065FF012003F01AFC05F088FD70
:10645000BDE80840FEF722BF08BD00BF201402209F
:106460000050434700803B4800EE02001410022019
:1064700000803B4770B54FF084454FF400060F2471
:10648000C5F88C6005F0A4FD90FBF4F3C3EB031397
:10649000C01A0E281FD1C5F8846005F099FD90FB45
:1064A000F4F3C3EB0313984211D1154B1A68154B43
:1064B0001A600122144B1A604FF084434FF400021B
:1064C000C3F888200E20BDE8704005F0D1BF002041
:1064D00005F036FFE1E70C4B00220C481A6005F08E
:1064E0004FFE6428EEDD0A4805F04AFE6428E9DD27
:1064F000064805F05DFE064805F05AFEE2E700BFDB
:10650000741C0220681C0220580F0220181601205B
:10651000E81C01202DE9F84381461F469C200D4BC5
:106520000E46154600FB0130099BDDF82080984798
:1065300070B13C6801344445A8BF00243C6049F870
:1065400024602B6801334345D4BF2B60C5F800801D
:10655000BDE8F8834096017007B590F84B3083B1E1
:106560000A2201A94B3005F087FE019B187830B153
:10657000A0F10A035842584103B05DF804FB012022
:10658000FAE71846F8E738B50546042937D8DFE8B2
:1065900001F0030B1C2132001B49233005F0FCFCE9
:1065A000B0FA80F0400938BD1749233005F0F4FCFB
:1065B000044620BB154B342105F137001A68144BF3
:1065C00001FB023105F0E8FCD8B92846BDE83840A7
:1065D000FFF7C2BF0C49233005F0DEFC044670B95A
:1065E0000A4B342105F137001A68094B01FB0231CF
:1065F00005F0D2FC28B9074905F14B00CEE7002091
:10660000D1E72046CFE700BF962F022094BA0020A2
:10661000741700703F960020012907B510D0022999
:1066200018D051B9104B0146104A01934FF4FA7338
:106630000F4800930F4BFFF76DFF03B05DF804FBAD
:106640000D4B01460D4A01934FF4FA730C48009329
:106650000C4BF0E70C4B01460C4A01934FF4FA73D4
:106660000B4800930B4BE6E76963006084F401205C
:1066700000000070ACBA0020AD630060980A0220F0
:10668000D0070070E0C100206D630060F0130220AD
:10669000A00F00701CC9002010B504460021FFF7B0
:1066A000BBFF01212046FFF7B7FF20460221BDE8CE
:1066B0001040FFF7B1BF2DE9F84F494E4FF09C084D
:1066C000484C91463568002783468A4608FB0545B5
:1066D0002322494628462DED028BB0EE408AF0EE8B
:1066E000608A05F0E9FB85F822700F22DBF808309C
:1066F000C5ED188A6B67DBF804302B67DBF80030D8
:1067000085ED1A8AEB6693FBF2F3C3EB0313DB43CD
:1067100003F0010385F8903005F00EFD05F010FC44
:10672000336808FB034383F8640005F0C5FC336855
:1067300008FB034383F8650005F04AFC07EE90AAC6
:10674000B1EE085B3568B8EEE77B274908FB05F535
:106750009FED216B6319233537EE467B83F8660086
:10676000C3F894A0484687EE056BB7EEC66B83ED81
:10677000266A05F0D1FB14220146601905F09CFB46
:106780003068194908FB004000F13705384605F02C
:10679000C3FB14220146284605F08EFB33681249DC
:1067A000384608FB034405F0B7FB142201464B347E
:1067B000204605F081FB3068FFF76EFF3368013338
:1067C000B3F5166FBDEC028BB8BF1F463760BDE84E
:1067D000F88F00BFAFF300800000000000006440AD
:1067E000DC0E0220409601707C9900202DE9F043D8
:1067F000DFF8888090241E4F0546D8F800900E469A
:106800001422294604FB09F404F123002DED028B28
:10681000384483B0B0EE408A05F04EFB154B04F1CE
:10682000370014221946384405F046FB04F14B00AA
:106830003C4431461422384405F03EFB0D4B2A46B9
:106840000D492046009605F0EBFB0023484684EDF9
:10685000188A84F82230C4E92233D8F80030013392
:10686000C8F8003003B0BDEC028BBDE8F08300BF78
:10687000007D0070962F022043960020981D022074
:1068800001280DD0022817D0A8B9114B4FF0FF32C4
:106890001860104B1A60104B1860104B187070473E
:1068A00000230F4A4FF0FF3113600E4A11600E4A69
:1068B00013600E4A1370704700230D4A4FF0FF31EA
:1068C00013600C4A11600C4A13600C4AF2E700BFD7
:1068D00084F40120ACBA002088F40120952F022016
:1068E000980A0220E0C100209C0A022011300220F8
:1068F000F01302201CC90020F4130220883002206B
:1069000070B505460024064EFFF7BAFF3368A34270
:1069100000DC70BD204629460134FFF77DFEF5E717
:10692000DC0E0220012807B510D0022817D050B97C
:106930000F4B104A1B7810490093104B12681B68CC
:10694000096804F003FB03B05DF804FB0C4B0D4A2F
:106950001B780D4900930D4B12681B68F0E70C4B38
:106960000C4A1B780C4900930C4B12681B68E7E734
:10697000952F022088F4012084F40120ACBA002075
:10698000113002209C0A0220980A0220E0C1002057
:1069900088300220F4130220F01302201CC90020CA
:1069A000704708B50020FFF7BDFF0120FFF7BAFFD1
:1069B0000220BDE80840FFF7B5BF30B51C4B85B0DD
:1069C0004FF4FA751B4C1C4A0020029521461B68A7
:1069D00001931A4B00931A4B12681B7804F050FB7A
:1069E000184B029504F5FA611B680120164A0193C1
:1069F000164B0093164B12681B7804F041FB154BA5
:106A0000029504F57A611B680220134A0193134B27
:106A10000093134B12681B7804F032FB04F00BFA5E
:106A20004FF0FF3005B0BDE8304004F0DBBB00BFE5
:106A3000ACBA00200000007084F4012088F401202A
:106A4000952F0220E0C10020980A02209C0A022013
:106A5000113002201CC90020F0130220F413022080
:106A600088300220FFF7A9BF0023164A1649136099
:106A7000164A1360164A1360164A1360164A1360CA
:106A8000164A1360164A1360164A1360164A1360BA
:106A9000164A13604FF0FF320A6015490A60154923
:106AA0000A6015490B6015490A60154A1370154AAA
:106AB0001360154A1370154A1360154A1360154A7E
:106AC00013607047DC0E0220ACBA0020981D022033
:106AD0007CF4012088F401209C0A0220F413022097
:106AE00084F40120980A0220F0130220E41102200D
:106AF000E0C100201CC900209C1D022094BA002087
:106B00007E300220580F022020300220480F022041
:106B100070060220500F0220F8B50E46074608B94D
:106B20000020F8BD0029FBD01E4B1B785BBB04F096
:106B300047FC0028F4D0012402F010FE02F0FCFD16
:106B4000194D02F01DFE194B1C6003F0B5F905F05C
:106B50009FFA0E20AC7305F08BFC10202C7405F00E
:106B600087FC1220AC7405F083FC1320EC7405F054
:106B70007FFC0F20EC7305F07BFC11206C7405F09A
:106B800077FC04F055F90E223946094805F094F9CE
:106B900005223146074805F08FF90120FFF764FF11
:106BA000BFE700BF1E30022012CC0020F00E0220F2
:106BB000962F0220A42F0220124B1B7810B5FBB198
:106BC000002405F0EDFB04F049FC0F4B1C6002F0C3
:106BD000ABFF02F0C3FD02F0AFFD02F0C3F902F01B
:106BE000D6FC05F099FB02F0F5F9084B9C731C7478
:106BF0009C74DC74DC735C74BDE8104005F030BA42
:106C000010BD00BF1E300220F00E022012CC00206A
:106C10000449054808B505F0C7F9B0FA80F0400905
:106C200008BD00BF20BF02005496002008B505F043
:106C30009BF910B9014B01221A7008BD20300220C7
:106C40000C4A126838B50B469AB10B4C0B4A2568B2
:106C500012686B434FF4F06505FB023205F0A8F9AA
:106C600038B1236801330E2B2360C2BF0122044BCD
:106C70001A6038BD580F022070060220480F02200B
:106C8000500F022038B54FF084444FF40025044BD8
:106C9000C4F88450186805F017FAC4F8885038BD55
:106CA000480F02202DE9F041124D0023124C0646F8
:106CB0004FF0844728464FF4000885F8663384F87F
:106CC000663305F075FA204605F072FA3046C7F8CB
:106CD0008480012605F0F4F82846C7F8888005F07E
:106CE00067FA204685F8666305F062FA84F8666301
:106CF000BDE8F08118160120E81C01202DE9F84FAD
:106D0000234F244A3B6852F823200AB900262FE07B
:106D1000052B38D801A252F823F000BF356D006072
:106D2000776D00607B6D00607F6D0060836D00603B
:106D30000D6D00600125184B4FF09C0ADFF8649040
:106D40001C68DFF864B0013C002CDFDB59F82480BC
:106D500039680AFB08B63046FFF715FCB0B10F4B97
:106D60000D221B6802FB03530D4A063342F82380B1
:106D70003046BDE8F88F0225DDE70325DBE7042573
:106D8000D9E70525D7E74FF0FF35D4E7013CDBE72E
:106D90009C1D0220A01D0220F013022094BA0020A6
:106DA00070170070A00F007040960170084B4FF0F4
:106DB000FF301A68074B53F822300222C3F88820AC
:106DC000D3F88C200132C3F88C2004F00BBA00BF3A
:106DD0009C1D0220A01D0220A9280EDDA0F5AB738A
:106DE000A92B0CD9A0F1AB03A92B0AD9B0F5007FD0
:106DF000D4BF4FF0FF3003207047002070470220BF
:106E0000704701207047002927DB01280BD002289A
:106E100016D010BB124B1868124B08441B689842DE
:106E20001BDC01387047104B1B6819440F4B1B6863
:106E3000994212DC0E4B03EB8103D3F8CC07704769
:106E40000C4B1B6819440C4B1B68994205DC084B22
:106E500003EB8103D3F89C0F70474FF0FF3070476E
:106E600088F4012084F401209C0A0220980A022060
:106E700000000070F4130220F0130220C72808B5A8
:106E8000084B08DCC8221A60122005F0F1FABDE8B0
:106E9000084005F0FDB840F616529042D4BF186085
:106EA0001A60F1E75CC30020034B1A68034B1B68B0
:106EB00002FB0030FFF7E2BF68C300205CC3002084
:106EC000C7281FB5124B1CDCC8221A60132005F01E
:106ED000CFFA05F0DDF80220FFF712FD4FF4FA7348
:106EE0000C4A022002930C4B0C491B6801930C4B7B
:106EF00000930C4B12681B7804F0C2F805B05DF8E3
:106F000004FB40F616529042D4BF18601A60DDE7C9
:106F100058C30020F01302201CC90020A00F0070ED
:106F2000F4130220883002202DE9F74FDFF818B162
:106F30004FF03408DFF814910446DBF800601822A3
:106F4000DFF80CA1002101364846384DCBF800602F
:106F500008FB06F6DAF8007005F092F8182206F140
:106F60001800FF21284405F08BF8AC51304B314E0E
:106F7000D4B993ED000A3049B8EEC00A2F48FFF7A4
:106F800035FC9023012203FB0063C9F80030C3F8ED
:106F90008820DBF8003008FB035398611A63284B04
:106FA0001C6003B0BDE8F08F9C22264C5743E119CA
:106FB0003737D1ED187A0191FDEEE77A17EE900A96
:106FC000FFF77EFF0199D1ED187AFDEEE77A17EE13
:106FD000900AFFF753FFDBF80000DAF800109C225C
:106FE00008FB00F005EB000C0430CCF81810284426
:106FF00002FB01411422373104F05EFF0C4BE01913
:107000000D4993ED000A0124B8EEC00AFFF7EEFB2C
:10701000902303FB0066DBF8003008FB0355C9F83A
:107020000460C6F88840E8612C63B8E77017007008
:107030005CC30020007D0070A42F02203C9600203D
:107040009C1D02204096017094BA0020A01D0220D1
:107050007CF40120034B1A68034B1B6802FB0030D1
:10706000FFF72EBF68C3002058C30020074B1A68E3
:10707000801802D501221A6002E0012803DC1860A2
:107080000F2005F0F5B90022F5E700BF540F0220EC
:10709000074B1A68801802D501221A6002E0012805
:1070A00003DC1860112005F0E3B90022F5E700BF0A
:1070B0004C0F022010B50D4C2368C01802D50123D7
:1070C000236002E001280FDC2060102005F0D0F9D9
:1070D00023682BB1064B012200201A70FFF724FF12
:1070E000BDE81040FFF769BC0023E9E7600F02200C
:1070F0007E3002202DE9F74F764F774E3B6856F8E9
:107100002350D5F88820022A1ED1042B04DC002B42
:1071100008DA002420460DE0052BFAD10323C5F838
:107120008830F6E7FFF7EAFDD8B10323C5F88830C9
:1071300000F13704D5F88830032B39D013DC013B3C
:10714000012B1AD9002424E0644B3421644A1B68C3
:107150004B43D118D358012BDBD188699C2358436A
:10716000E6E70446E6E7042BECD15E4B1C680023FF
:107170007CB10122C5E92223E4E7D5F88C30092B44
:107180000FDC594B0124D3ED007AF8EEE77AC5ED18
:10719000187A4FF0FF3004F025F8204603B0BDE820
:1071A000F08F04230120C5F88830FFF783FFC9E77B
:1071B0003B68052BC6D8DFE803F003426A718A8A70
:1071C000D0ED267A684649494FF0340BFDEEE77A58
:1071D000DFF80C914FF0900ADFF81C8117EE902A2F
:1071E00004F01EFF404A69462046D2ED007AB8EE10
:1071F000E70AFFF7FBFA394B3B4A196892ED000AA0
:107200000BFB0191B8EEC00A08620AFB0080384906
:10721000B0602046FFF7EAFA304B1B680BFB03997E
:107220000523C9F82800C5F8883002230AFB00802E
:107230003B60B36830610124C3F88840A9E7D0ED12
:10724000267A68462B49FDEEE77A17EE902A04F07D
:10725000E7FE254B6946204693ED000AB8EEC00ACA
:10726000FFF7C4FA1D4B34211A681D4B01FB023392
:1072700090225862204B02FB00300523C5F888306D
:107280000323F06001243B60C0F8884081E70523B8
:10729000C5F8883004233B603369CCE7124B2046A5
:1072A000164993ED000AB8EEC00AFFF79FFA0B4BA0
:1072B00034211A680A4B01FB02339022D8620E4B2C
:1072C00002FB003005237061C5F88830DAE705233A
:1072D00068E700BF9C1D0220A01D022094BA002078
:1072E00070170070600F02205CC300205F960020C2
:1072F0003F9600205E960020007D007053730020B2
:10730000F0B578488BB004F03BFF6428754D0ADD7A
:10731000754804F035FF642805DD284604F048FF71
:10732000714804F045FF714C2368052B13D8DFE842
:1073300003F003204B6B9DC06D4B1B689BB10E206F
:1073400005F096F86B4B1B680E2B0FDC012004F048
:10735000F7FF04F0BDFD684B1B7883B106210320C5
:10736000FAF77CFB0BE0FFF785F8EBE701232360DE
:10737000F1E75F4B1B6823B95E4A236013600BB0D3
:10738000F0BDFFF77FFC05460028E4D05B4E306877
:1073900004F036FE50B13368262B02D04D3B5D42DF
:1073A0005D412A464FF4007102F0BEFC336851493A
:1073B00001330A684E2B3360A2F10F020A6001DC30
:1073C0000023D4E70223D2E704F002FE054604F0CE
:1073D00073FE074604F0B4FD18220646002104A8F7
:1073E00004F04EFE0F2301A8039695FBF3F3C3EBC5
:1073F0000313CDE90137FFF755FC00233F4A136023
:107400003C4A13600323B2E7FFF7D7FA0023236057
:107410003B4B1B685BB104F0DBFD0F230F3090FB8F
:10742000F3F0384B00F001001B6823B938B1304B42
:1074300000221A608FE7012BF9D10028F7D0FFF75F
:1074400059FE68B10023274885F86633264D85F834
:10745000663304F0ADFE284604F0AAFE0423236040
:10746000294B4FF48052C3F88420E0E7264B4FF4B9
:107470008052264DC3F88C202B78002BA0D1FEF72C
:10748000F9FF1B4B1B68002B3FF465AF204B1A68BC
:10749000204B53F8220090ED180A03F0F7FF002864
:1074A0008ED004F0F9FE1C4B186001232B700523CD
:1074B0005DE7FFF77BFC00230D4A012623600A4CA1
:1074C0000848136004F074FE204685F8666304F0F3
:1074D0006FFE0D4B4FF4805284F86663C3F888202A
:1074E00039E700BF18160120E81C0120500F0220C8
:1074F000580F02207006022020300220480F022080
:10750000600F0220540F0220004000421F30022072
:107510009C1D0220A01D02205C0F022038B5FFF741
:1075200072FC00281FDB104B104C18609C2303FBDF
:1075300000442046FEF73AFF88B101200125FFF7FD
:10754000F3FC0B4B10201D6004F092FF094B0F2041
:1075500094F890201A6004F08BFF074B1D70BDE873
:107560003840FFF72ABA38BD7CF4012040960170FC
:10757000600F0220540F02207E30022008B5FFF772
:1075800042FC002805DB034B1860BDE80840FFF70C
:1075900014BA08BD7CF4012030B5441A039D07D508
:1075A000AA421ADB2C449C42B8BF1C46204630BD80
:1075B000944203DBAA4210DA541EF7E7002905DDE6
:1075C0009842F3DD9C4208BF0446EFE7EED09842B4
:1075D000ECD18442A8BF0446E8E70024E6E7A928E6
:1075E00030B585B018DC254B1B789BB1244B4FF48C
:1075F000FA75244C244A1B68009520681268FFF72E
:10760000CBFF2249206000200094CDE90135012301
:1076100003F036FD05B030BDB0F5AB7F16DB1C4B7B
:107620001B78002BF6D01B4B4FF4FA751A4C1B4AF3
:107630001B68009520681268FFF7AEFF18492060AC
:1076400002200094CDE901350123E1E7154B1B78B9
:10765000002BDFD0144B4FF4FA75144C144A1B68FE
:10766000009520681268FFF797FF20601149009489
:10767000CDE9013501231846CAE700BF952F022046
:10768000ACBA002088F4012084F4012000000070CE
:10769000883002201CC90020F4130220F0130220BD
:1076A000A00F007011300220E0C100209C0A0220CF
:1076B000980A0220D0070070012809D0022809D0BA
:1076C00050B9064A137883F001031370FFF72AB903
:1076D000034AF7E7034AF5E7704700BF952F0220FA
:1076E00011300220883002200128034630B585B0D1
:1076F0001AD002282ED0A8B9224A127892B1224973
:10770000224A0C6812689442B8BF13460B604FF4CB
:10771000FA7302931E4B1B68CDE9001301231D4928
:1077200003F0AEFC05B030BD1B4A1278002AF9D038
:107730001A491B4A0D6812689542B4BF14460024CA
:107740000C604FF4FA740294164C2468CDE90014CE
:107750001549E5E7154B1B78002BE3D0144B1A684D
:10776000144B1C689442B4BF1146002119604FF4B9
:10777000FA71029110490968CDE9003101230F49DE
:10778000CEE700BF952F022088F4012084F4012069
:10779000ACBA002000000070113002209C0A0220C8
:1077A000980A0220E0C10020D00700708830022033
:1077B000F0130220F41302201CC90020A00F007057
:1077C00038B505460846144603F0DCFD011E1EDBF5
:1077D0002846FFF701FB03280ED10B290CDD022CF4
:1077E00022D1144B1868144B1B6893FBF0F35843D9
:1077F000BDE83840FFF764BB71B9022C05DC002CF2
:1078000005DDBDE83840FFF76FBF042C00D038BD60
:10781000BDE83840FFF750BF012C07D0022CF6D14D
:10782000BDE83840FFF77ABE012CF0D1BDE8384002
:10783000FFF7A4BE68C3002058C30020044B1A6899
:107840004FF4966393FBF2F3024A1360704700BF54
:1078500010C20020901D0220704700002DE9F04F5B
:107860000024B5B088469C4D4FF47A778246214675
:107870009A48164611958DF850401594CDE9124757
:1078800004F03AFC404512DD2146944804F0FCFC2B
:10789000B0420CDDFE21924804F01EFD68B98F480D
:1078A000904904F0ADFC4FF4FA6004F0C1FD11A85A
:1078B00004F056FD35B0BDE8F08F20A823465246AF
:1078C000894904F06DFB24A804F01EFD002835D082
:1078D0005C2004F0FDFB824620A904F0F1FCDAF8FC
:1078E00004308DF8644001331695CDF868A0CAF8CD
:1078F0000430CDE917477D4B24A8209304F0E4FA27
:10790000159B13B111A804F0F7FA1A9800231590EB
:107910001A9310B103681B6B9847054616A804F02C
:107920001FFD95B964212B464FF496726B4804F005
:10793000ABFB6F49694804F063FCB8E7CDE9170772
:107940008DF8640016951A90D5E711A804F008FC8C
:1079500044F64253984240F0278111A804F0A8FC55
:1079600011A804F0A5FC11A804F0A2FC834611A8FC
:1079700004F09EFC11A804F09BFC074611A804F03B
:1079800097FC044611A804F0EBFB012840F00C81A1
:1079900011A804F0E5FBC0B218282FD00025002262
:1079A000C02302214D4C4D48CDE905230123CDE9EB
:1079B00003314FF4F073114600934FF44873CDE94F
:1079C0000722CDE9012204F0B3FB204604F06CFB52
:1079D0000028FAD1159828B10368DB6A984711A8E6
:1079E00004F08AFA002D7FF462AF64212B464FF435
:1079F00096723A4804F048FB3E499BE711A804F010
:107A000057FC0028CAD17B1C002C0A97474403EB83
:107A10004303B8BF0F904FF00001304823F0030339
:107A2000B4BF64420F950D9304F066FB874206DDF8
:107A300000212A4804F060FBA0EB08030A93002110
:107A4000264804F021FC06F18603834221DB002155
:107A5000224804F019FC831B0B93013C0D9BB2469A
:107A60003C2703FB04B300240E93AAEB06030B9AF6
:107A7000934210DB002AA8BFB618002C8FD036B274
:107A800016A90FFA89F31548A2B2009604F064FC17
:107A900085E70B94E1E7DDE90E321598002A08BF6F
:107AA0005B469946A8B103685B6A984700238B42FE
:107AB00008BF814509D0159830B1036800220092B3
:107AC0004A46196A002388473C270023C1460C9385
:107AD0005CE00146EAE700BF9C370020941C0220CE
:107AE000E8270120B7920020EC270120643600200F
:107AF00065960020749600203B2F15D954B10FFADB
:107B00008AF316A9A2B2294800930FFA89F3A14477
:107B100004F022FC1598002844D0036800243C227D
:107B200020A99B689847274607F1D00334A8791C01
:107B30000DEB0302BB1C50FA81F1033750FA83F3BB
:107B400012F8502C11F8501CFFB213F8500C04F02E
:107B500093FA621C34ABD2B203EB4404272A24F814
:107B6000780C05D8A9EB08030A9913448B4209DB6A
:107B70000FFA8AF316A90D4800930FFA89F304F05F
:107B8000EBFB00220C9B144601330C930A9B0C9ACE
:107B90009342B1DC0AF1010ADDE90D239B1A9344FB
:107BA0000E9362E70446BEE7002513E7941C02200B
:107BB0002DE9F04F002185B08F484FF6FF7404F097
:107BC00023FC01218C484FF6E07804F091FB002162
:107BD0008948282704F044FB0021874804F088FBEB
:107BE0000021854804F09CFB0121834804F0A4F99E
:107BF0004FF48C7396221E217F48804E7E4DCDE936
:107C0000003440F2DA2304F01FFB214600227A48B8
:107C1000322404F065FB642004F00AFC21B23C230A
:107C2000A0222846CDE9007804F00EFB04F11801EB
:107C30000023A52209B22846463404F025FA16F896
:107C4000011F284604F0CCF940F2EE23A4B29C4276
:107C5000E4D100274FF0F0084FF0460ADFF898B162
:107C60003E464FF6E07901371FFA88F5282362482F
:107C70000AFB07F46A1D0093073521B23C23A4B226
:107C8000CDF8049012B204F0DFFA04F118012AB220
:107C9000002309B25848039204F0F6F91A2E039A09
:107CA00040F09A8004F114010023534809B204F013
:107CB000EBF95349504804F083F901214E4804F090
:107CC0003BF900234FF416714B481A4604F0DCF9D7
:107CD0004C49494804F074F90021474804F02CF954
:107CE0000023232240F27621434804F0CDF946498F
:107CF000414804F065F900232D2240F276213E48E8
:107D000004F0C2F941493C4804F05AF901213A48CB
:107D100004F012F9002337224FF4FA71364804F0C8
:107D2000B3F93B49344804F04BF90021324804F0E0
:107D300003F900235A2240F276212F4804F0A4F9D7
:107D400032492D4804F03CF90023642240F27621A8
:107D5000294804F099F92F49274804F031F9012105
:107D6000254804F0E9F8002373224FF416712248E5
:107D700004F08AF92849204804F022F901211E481C
:107D800004F0DAF801211C4804F0D6F84FF4FC6145
:107D9000194804F069FB00230A2117481A4604F029
:107DA00073F91E49144804F053FB00231E220A21D4
:107DB000114804F069F91A490F4804F049FB0023FF
:107DC00064220A210C4804F05FF916490A4805B0FC
:107DD000BDE8F04F04F03CBB06F141015846C9B282
:107DE00004F0FEF8082E03D108F13C08002701E05A
:107DF000112EF9D0013636E7941C02209ACD0020CE
:107E0000D2990020D5990020DB990020DD9900202F
:107E1000DF990020A0970020F2990020F899002017
:107E2000189A0020259A00202DE9F043804687B05B
:107E30001F460C461FFA88F51646DDF838900022DA
:107E40004FF6FF71244804F04BFA6A1D3BB200273D
:107E50000FFA89F9204821B2073512B20391CDE912
:107E60000097CDE9042304F08FFA4FF6E0700399F0
:107E7000DDE90423CDE90090174804F0E5F92AB2C2
:107E8000164DAB5D2A2B0DD104F114013B4612486F
:107E900009B204F0F9F812490F4807B0BDE8F04301
:107EA00004F08EB8B8F1EF0F0DDC04F116013B467B
:107EB000094809B204F0E8F8F1B2074807B0BDE894
:107EC000F04304F08DB804F118013B46024809B2B2
:107ED00004F0DAF8A95DF0E7941C02207FCD0020C1
:107EE000D29900202DE9F74307460C4616464FF677
:107EF000FF7100221D489846BDB2DDF8289004F0BD
:107F0000EFF91F236A1D21B2184801930FFA89F374
:107F100012B200930FFA88F304F036FAEA1D144DFA
:107F2000A4B212B2AB5D2A2B0CD1143400230F483B
:107F300021B204F0A9F80F490C4803B0BDE8F043A2
:107F400004F03EB81B34EF2F4FF00003074821B276
:107F500008DC04F099F8F1B2044803B0BDE8F0433E
:107F600004F03EB804F090F8A95DF5E7941C0220F7
:107F70007FCD0020D29900202DE9F04FCC4B4FF05F
:107F8000000985B01F224FF6FF71CA4883F80090A0
:107F90000E2404F0A5F9DFF82883282305254FF4E3
:107FA0009676C44F00930E223C23D8F814104FF459
:107FB0009670FFF797FFCDF8089003F061FF8246B7
:107FC000962004F035FABAF1FF3FF6D0504604F09F
:107FD0002BF91128F1D801A353F820F02580006077
:107FE0005F800060BB7F0060E3800060BB7F00605B
:107FF000DB810060BB7F0060C5820060BB7F0060EA
:10800000BB7F0060BB7F0060BB7F0060BB7F006008
:10801000BB7F0060BB7F0060BB7F00603D83006072
:108020006F830060962004F003FAEF2E0299CCBF14
:10803000A14BE3B29E4AC8BF1B5D53540B460133AC
:108040000293002302995354384664224FF4A071DE
:1080500004F01AF89649384603F0B2FFADE79B2EBC
:10806000ABDD4FF0280A30463C23224658F8251055
:108070003C3ECDF800A0FFF7D7FE962004F0D8F9DB
:10808000EF2E20DC1F224FF6FF713846352404F016
:1080900027F91F23A0224FF4C871384605254FF059
:1080A00032099B26CDE900A33C2304F06DF900239F
:1080B000A2224FF4D471384603F0E6FF352138464A
:1080C00003F08EFF79E7093C1F224FF6FF71384617
:1080D00004F006F9CDF800A03C23224658F82510FC
:1080E00064E01B2C34D1B4B24FF0280A4FF0000BDF
:1080F00038F92510621D3C23384612B2CDE900AB99
:10810000039204F041F94FF6E07338F92510039A11
:108110003846CDE900A33C2304F096F858F8251022
:10812000E21D5B461431384612B2013D09B21A24F1
:1081300003F0AAFF6149384603F042FF3C231A22AC
:1081400058F825103046CDF800A0FFF7CBFE34E7F5
:10815000EF2E4FF0280A2DDC9DB922463C23322118
:108160003046CDF800A03924FFF75EFE3C233922CB
:108170004FF42A713046CDF800A00925FFF7B2FE72
:108180001BE74FF0460B2246013C3C230BFB05FB53
:108190003046CDF800A0013D0BF13201FFF744FE5F
:1081A0003C232246ABF11401CDF800A03046FFF786
:1081B00099FE02E722463C2358F825103046CDF8B8
:1081C00000A0FFF731FE013D4FF0280312BF04F17C
:1081D000FF340834092500937EE71B2C58F825103E
:1081E00031D1B4B24FF0280B4FF0000A3C23621D8E
:1081F00009B2384612B2CDE900BA039204F0C4F8CD
:108200004FF6E07338F92510039A3846CDE900B3EC
:108210003C2304F019F858F82510E21D5346143198
:10822000384612B2132409B2012503F02DFF234969
:10823000384603F0C5FE282358F82510224600933F
:1082400049443C23B2E7F02E4FF0280A05F101051E
:108250004FF03C03B4BF4FF032094FF00009224603
:1082600030464944CDF800A0FFF7DEFD092D01DCC2
:108270000134E0E7EF2E0CDC3C2330223221304683
:10828000CDF800A0302400254FF03209FFF72AFE78
:1082900093E6083C3C23D8F8041030462246CDF83B
:1082A00000A001254FF00009FFF71CFEC3E700BF47
:1082B00028300220941C02207FCD0020D29900207B
:1082C000E8CA0020B6F5B47F3FF477AEEF2E4FF04A
:1082D000280A18DC4621224630463C2369430524FF
:1082E000CDF800A04FF0320932312546FFF79CFD52
:1082F0003C230522D8F81410F020CDF800A0F02679
:10830000FFF7F0FD59E606F13C0B3C23224658F8F6
:1083100025103046CDF800A0FFF786FDBBF5B47FF1
:108320003FF74BAE09343C2358F8251058462246F7
:10833000CDF800A05E46FFF7D5FD3EE6C8204FF021
:10834000000A04F075F8029B4FF4A0713846013B17
:108350000293029A074B03F802A05346642203F0EB
:1083600093FE0549384603F02BFE53466CE605B0F4
:10837000BDE8F08F28300220769900202DE9F04FDB
:10838000B94B0024884615463C210646B7482DEDDA
:10839000068BA9B00A934FF47A738DF834400E948B
:1083A000CDE90B43B24B1A68B24B01FB0233B24921
:1083B0005A6B0A602146D3ED0E9AB04BC3ED009A7A
:1083C000AF4B93ED008A03F097FE404512DD214646
:1083D000A64803F059FFA8420CDDFE21A94803F08E
:1083E0007BFF78B9A148A84903F0EAFD4FF4FA6091
:1083F00004F01EF80AA803F0B3FF29B0BDEC068B09
:10840000BDE8F08F234632469E4919A803F010FEBE
:108410000E9B13B10AA803F06FFD1D9800230E9068
:108420001D9303F059FD074619A803F099FF5FB9A2
:1084300064213B464FF496728C4803F025FE934925
:108440008A4803F0BDFDD5E70AA803F089FE44F68B
:108450004253984200F08D8000270AA803F0F4FDF3
:1084600057B9642181483B464FF4967203F00CFEE5
:1084700087497E4803F0A4FD7F4B864D93ED000AAB
:10848000854BB7EEC00A9FED747B20EE070BF7EE2D
:10849000C08B93ED000AB7EEC00A20EE070BB7EED3
:1084A000C09B38EE690AB7EEC00A20EE070BB7EEA4
:1084B000C08BB0EE480A03F04FFDB0EE40AAB0EE1C
:1084C000490A03F02DFEF0EE409A2AEE00AAB0EE23
:1084D000680A03F025FEF0EE40AAB0EE490A03F068
:1084E0003BFDB0EE409AB0EE680A03F035FDF0EEC9
:1084F000408AB0EE480A03F013FE69EEA89A60EED7
:10850000690AB0EE4A0AEAEE890A03F0D1FD634B2C
:108510009FED537B83ED000AB7EEC00A604B20EE5F
:10852000070B95ED007AF3EE007AB4EEE77AB7EE3A
:10853000C00BF1EE10FA83ED000A07DDDFED597A8A
:10854000B4EEE77AF1EE10FA00F1AF81F2EE027AC2
:10855000B4EEE77AF1EE10FA40F11E81F2EE007A05
:1085600077EEC78A37EE277AFDEEE88ABDEEC78A36
:1085700025E10AA803F09CFE0AA803F099FE0AA8C8
:1085800003F096FE83460AA803F092FE0AA803F0C1
:108590008FFE06460AA803F08BFE04460AA803F0E5
:1085A000DFFD01287FF458AF0AA803F0D9FDC0B25F
:1085B00018287FF451AF0AA803F07AFE00287FF450
:1085C0004BAF731C002C0496464403EB4303B8BF27
:1085D00009904FF00001254823F00303B4BF644223
:1085E0000997079303F088FD864206DD00211F48A6
:1085F00003F082FDA0EB0803049300211B4803F065
:1086000043FE05F18603834222DB0021174803F075
:108610003BFE431B0593013C079BAA463C2603FBFC
:1086200004B300240893AAEB0503059A9A423BDCA5
:10863000002AA8BFAD18002C3FF40FAF2DB20FA930
:108640000FFA89F30948A2B2009503F085FE04E70A
:108650000594E0E7AFF300804DC9077746DF913F0F
:10866000CB67791EDCA54C409C370020941C02206F
:108670003014022054C60020C40F0220C80F02206C
:10868000FC0E0220E8270120B7920020659600200A
:1086900074960020EC0E0220F80E02203C06022008
:1086A000340602200080AC43DDE908320E98002A2F
:1086B00008BF5B46994600B303685B6A984700238E
:1086C0008B4208BF814509D00E9830B10368002263
:1086D00000924A46196A002388473C260023C14677
:1086E0000693049B069A934209DC0AF1010ADDE92C
:1086F00007239B1A9344089395E70146DFE73B2E37
:1087000015D954B10FFA8AF30FA9A2B27748009392
:108710000FFA89F3A14403F01FFE0E98002839D008
:10872000036800243C2219A99B689847264606F155
:10873000A00328A8711C0DEB0302B31C50FA81F1B1
:10874000033650FA83F312F83C2C11F83C1CF6B2B5
:1087500013F83C0C03F090FC621C28ABD2B203EB84
:108760004404272A24F8640C05D8A9EB08030499CB
:1087700013448B4209DB0FFA8AF30FA95B4800937D
:108780000FFA89F303F0E8FD0022069B144601333B
:108790000693A6E70446C9E7DFED557AB4EEE77A1B
:1087A000F1EE10FA7CDCB7EEC77AB2EE006B37EE72
:1087B000465B37EE067BFDEEC58BBDEEC78B6FF0DB
:1087C00059044FF47846DFF8248118EE103A18EE79
:1087D000902A93426EDC474E474C306880010C3043
:1087E000204403F0A1FC80460021404803F03CFCFB
:1087F00008FB00F00023012200EBD07041103B4841
:10880000C1F5BE7109B203F03FFC4FF4FC6137487B
:1088100003F02AFE3168354804EB81110C3103F076
:10882000CFFB00234FF4DC721421304803F02CFC02
:1088300032492E4803F0C4FB95ED000A00212B4875
:10884000B7EEC00A03F000FE2D49284803F0B8FB3C
:108850004FF4DC7200234FF4F071244803F014FC51
:108860002849224803F0ACFB274B00211F4893ED19
:10887000000AB7EEC00A03F0E7FD1C48234903F0E5
:108880009FFB0AA803F0E0FB002F7FF4B3AD642147
:108890003B464FF49672154803F0F6FB1C49CFE5B2
:1088A000F2EE007A77EE678A5CE69FED1A8ADFEDDA
:1088B0001A8A84E7F8EEE87A95ED007ABE23F5226D
:1088C0004FF4C871404677EE877A0093CDE9016492
:1088D000FDEEE77A17EE903A1BB203F0F1FB18EECB
:1088E000903A013308EE903A6FE700BF941C0220E3
:1088F0000000AC43DCC1002020C50060399A002094
:10890000DC6F0020449A002038060220519A002093
:108910007496002009000000F8FFFFFF002129489D
:1089200010B503F0FDFCFFF743F9FFF725FB2648E0
:1089300003F0DAFCFFEE007AB4EE670AF1EE10FA0B
:108940001ED0224B3C240022A2211868204B04FB9D
:108950000030FFF713FD03F093FA0446642003F0A0
:1089600067FD631CF7D0204603F05EFC1128F2D1AE
:1089700001F0C1F903F070FDBDE8104000F02ABB22
:108980004FF478410F4803F06FFD00210D4803F0CC
:108990006BFB002300B2F02200EB001000EBD07163
:1089A00008484910C1F5BE7109B203F06DFB0949D1
:1089B000044803F005FB4FF6FF71024803F054FD35
:1089C000C9E700BF941C0220283002203014022086
:1089D00054C60020559A00202DE9F04F1C46374B15
:1089E00085B01E68364B0644DDF838801D68B31824
:1089F0000D4456EA050005EB040118D4314800681F
:108A0000984214DB30480068884210DB24B2CDF86D
:108A1000048013B200942AB22C4831B203F03CFB1C
:108A20002B4A13680133136005B0BDE8F08F53EA99
:108A30000100F9D423480768B742F5DD22480068F1
:108A4000A842F1DD002EBBBF6FF0010C99469146A4
:108A50000CFB0688B8BF00269F42BCBFDB1BA9EBFE
:108A60000309002D05DA6D420C46554308EB450815
:108A700000258842BCBF091A641AB9F1000FD3D08F
:108A8000002CD1D0012C06DC24B2CDF804800FFAE2
:108A900089F30094BFE74FEA490B4346570041462C
:108AA000A246BAF1010AEFD05B4439445A4618464F
:108AB000039103F0A9FB03990346F2E7700F02202C
:108AC000740F02207C0F0220780F0220941C0220D9
:108AD0006C0F022030B5ADF5017DFDF7E3FB0446D8
:108AE000002837D103464FF49672C821614803F03D
:108AF000CBFA22464FF478415E4803F0F1FB5E4921
:108B00005C4803F011FA5B4803F072FB40F6B830A2
:108B100003F08EFC2146574803F0A6FA054621468D
:108B2000544805EB450503F033FA4FF49672AB0059
:108B3000C82100B201941BB200904E4803F024FCFF
:108B400022464FF6FF714B480DF5017DBDE83040E0
:108B500003F0C6BB02A903A803F09AFB03460290E8
:108B600080B94FF496724348114603F08DFA434999
:108B7000404803F025FA424B4FF0FF321A600DF5E2
:108B8000017D30BD012872D000213A4803F03CFC41
:108B9000012138484FF6FF7503F0AAFB0021354844
:108BA00003F05EFB0021334803F0A2FB01213148B2
:108BB00003F0C2F94FF4C87332221E212D48CDE9CB
:108BC000003540F2DA2303F03FFB00224FF4FC6152
:108BD000284803F085FB00230F223221254803F0AB
:108BE00053FA2849234803F0EBF90022294621488B
:108BF00003F076FBFE21244803F06EFB0446E0B947
:108C0000C82203461B48114603F03EFA22464FF4A1
:108C10007841184803F064FB1C49164803F084F9B6
:108C2000144803F0E5FA4FF4FA6003F001FC224621
:108C30002946104803F054FBA1E7029903A803F06A
:108C4000BBFA0F4B124918603C2303FB0011114B78
:108C500011484A6B1A60114B8A6B1A6003F000FCD2
:108C600001F049F803F0F8FB00F0B4F987E70020C1
:108C7000E7E700BF941C0220679A0020739A002047
:108C800030140220819A0020E8270120929A0020C7
:108C900054C60020C40F022034300220C80F022026
:108CA00007B501211A2003F067F901211A2003F00A
:108CB00067FB01211B2003F05FF901211B2003F05A
:108CC0005FFB0121052003F057F90121052003F086
:108CD00057FB1B4A58231B48D2F8B8110B60D2F837
:108CE000A811926D0B60012113600822164B0093AE
:108CF00003F5740303F5105303F0DAF8012111486A
:108D000003F03EF904210F4803F062FA01210D48F7
:108D100003F0EEFA00210B4803F076FB002109482E
:108D200003F0E6FA0021074803F06EFB074BDB2255
:108D30001A606922064B1A6003B05DF804FB00BF9D
:108D400044410020941C022000093D00641C0220C4
:108D5000B404022008B50948012103F0C9FA002132
:108D6000064803F051FB0021044803F0C1FA00213A
:108D70000248BDE8084003F047BB00BF941C022036
:108D800070B588B01A4B01AA03F11806144618688A
:108D9000083353F8041C1546B34203C52A46F6D1DE
:108DA00018682860FFF7D6FF0221124803F0C4F8C4
:108DB0004FF478410F4803F057FB00210D4803F0B2
:108DC00053F9002300B2302200EB400000EBC0005A
:108DD000C0F54871074841F34F0103F055F92146AA
:108DE000044803F01DFA034803F002FA08B070BD0E
:108DF000A99A0020941C02200149024803F0ECB813
:108E0000946B0020941C02202DE9F047524C8146BF
:108E10008A460021204617461E46DDF8208003F0D2
:108E20001FFA2046032103F087F84FF4FC61204627
:108E300003F01AFB484603F077F905460021204667
:108E400003F012F9454300233022C5F5487520464A
:108E500045F34F0103F018F94946204603F0BCF8EA
:108E60002046012103F068F84FF6E071204603F038
:108E7000FBFA504603F058F9054600212046083514
:108E800003F0F2F80023942245432046C5F54875C7
:108E900045F34F0103F0F8F82046304903F09CF801
:108EA0002F49204603F098F8384603F03DF905466F
:108EB0000021204603F0D8F868430023C622C0F5FD
:108EC0004871204641F34F0103F0DEF83946204651
:108ED00003F082F82046002103F02EF84FF6FF71D0
:108EE000204603F0C1FA304603F01EF90546002182
:108EF000204603F0B9F8684300234FF4AE72C0F582
:108F00004871204641F34F0103F0BEF83146204638
:108F100003F062F8404603F007F9054600212046B9
:108F200003F0A2F8684300234FF4C272C0F5487101
:108F3000204641F34F0103F0A7F84146204603F0D5
:108F40004BF84FF47A7003F073FA20460021BDE825
:108F5000F04703F085B900BF941C0220DD95002086
:108F6000C59A002037B5184C01210025204603F092
:108F7000BFF92046002102F0DFFF0021204603F068
:108F800007F8212300B24A220221019500902046D1
:108F900003F0FAF92B464A222046062103F074F822
:108FA00020464FF6FF7103F05FFA084B084A20464F
:108FB0001B681B01D15803F00FF82946204603B067
:108FC000BDE8304003F094B9941C02200CC200208C
:108FD0001CC200202DE9F04F9B4B0124DFF880924A
:108FE00000219A480026D9F80020DFF878A2DFF89F
:108FF00078822DED0A8BD3ED008A87B0944BF8EE82
:10900000E88A93ED007A04FA02F307EE903A4FF4FF
:109010000073F8EEE77A934087EE27AAF5EE007A20
:109020002AEE27AA07EE903AF8EEE77A87EE87BA9B
:1090300002F082FF0021854802F0AAFF043040F2CE
:109040000523DF2200B22146019600907F4803F0FD
:109050009BF9D9F80030002B40F0C880D8F80010F8
:109060004FF0FF36DAED007AE3228C39774878EE5C
:10907000A78A09B203F008F807EE906AF0EE68AA32
:109080000A2202A9B8EEE7CA6FF00105DFF8DCB1E9
:109090006E4FECEE0AAAF1EE4CBA9FED699BB7EE6B
:1090A000EA6A86EE097BB8FE477B27EE097BB7EEBE
:1090B000C78BB7EEC86A86EE097BFCEEC77B17EE5E
:1090C000900A03F0A9F83AEEC87ADAED007A4FF484
:1090D000FC615E48ACEE677A9FED5ECAB0EE478AEF
:1090E00003F0C2F902A9594802F076FFD8F800103F
:1090F00028EE0B7ADF225548BDEEC77A17EE103AFC
:10910000C91A4FF6E07309B20093062302F0ECFE91
:109110004FF6FF714D4803F0A7F9AE425ED007EE5F
:10912000905AB0EE686AD9F800300A22F8EEE77A71
:1091300002A9022BA7EE8A6AD4BF0023012303EB06
:10914000C30303EB4503B7EEC66A043386EE097B1F
:109150005BF82340B8FE477B27EE097BF7EEC7CBD1
:10916000B7EEEC6A86EE097BFCEEC77B17EE900A41
:1091700003F052F83AEEEC7ADAED007A022DABEE1B
:10918000A77AF7EE007A27EE0B7AFDEEC7CA37D042
:1091900007EE104AB8EEC78A9FED2F7AE8EE0C7AF8
:1091A00077EE877AFDEEE77A0023E322384617EE62
:1091B000901A09B202F068FF02A9384602F00CFFCB
:1091C0001CEE903AD8F80010DF223846C91A4FF644
:1091D000E07309B20093062302F086FE0135032DE9
:1091E0009BD107B0BDEC0A8BBDE8F08FD8F800101A
:1091F0003346E3221548143909B202F045FF3BE734
:1092000004F1090302A808EE103AB8EEC87AE7EEB6
:109210000C7AB0EE678A02F087FF044600213846D8
:1092200002F022FF6043DFED0D7A07EE100A78EEC0
:10923000277AB8EEC77A77EEC77AB3E7AFF3008044
:109240000000000000408F4094BF0020941C0220CA
:10925000201402203333B33F0000204200006C4250
:1092600010CB00201410022098BF00204C390020A1
:1092700037B51B4C0021204602F05EFE002120463F
:1092800002F0F2FE05460021204602F081FE2F2268
:1092900005EB850340F2951100B205EB4303002571
:1092A000009020461BB2019503F06EF82B462F224A
:1092B000204640F2951102F0E7FE20464FF4784137
:1092C00003F0D2F807492B4601220968204602F034
:1092D0002FFE0549204603B0BDE8304002F07CBEB9
:1092E000941C02209CCB0020CE9A002013B50021B4
:1092F0004F4802F021FE00214D48002402F048FEB4
:1093000040F2FD1300B22F2205210194009048483D
:1093100003F03AF823462F220521454802F0B4FE17
:109320004FF6FF71424803F09FF84249404802F06F
:1093300053FE23462F2264213D4802F0A5FE4FF63E
:1093400080413B4803F090F83B4B1A683B4B002AA6
:1093500037D13B4A1968D2ED007AFDEEE77A17EE75
:10936000903A0B441946324802F072FF4FF68041A2
:109370002F4803F079F800232F22B4212C4802F063
:1093800083FE304B302219682F4BE1B92F49096811
:10939000274802FB0133D96802F01EFE4FF4FC613E
:1093A000234803F061F800232F22DC21204802F03B
:1093B0006BFE274B1B68032B0BD8DFE803F006245A
:1093C00035371968CFE72349E1E72349184802F008
:1093D00003FE00232F224FF49B71154802F054FE28
:1093E0004FF6FF71124803F03FF81C4B10481A6803
:1093F0001B4B03EBC203596802F0EEFD02B0BDE85F
:109400001040FFF735BF1749094802F0E5FD00237A
:109410002F22F521064802F037FE134B134A1B6832
:10942000063352F82310D1E71149CFE71149CDE7B0
:10943000941C0220D59A002010CB002094BF00205D
:109440001410022080F40120C0BA0020E8C10020DE
:10945000E8110220ECC10020E19A0020A00A0220BD
:10946000CC2C0020E59A002014C2002004C6002065
:10947000E99A0020ED9A0020194B07B519680129D7
:109480002AD1184802F034FF174B40F21121154839
:109490001B68052B93BF154A4FF4F043DFED147A98
:1094A00002EB83029CBFD2ED007A124AFDEEE77A0E
:1094B00098BF32F9133030229BB201937823009386
:1094C00017EE903A1BB202F05FFF0021054803B08F
:1094D0005DF804EB02F00CBF03B05DF804FB00BFC5
:1094E000E8110220941C022014C20020602C0020ED
:1094F0000000AA429A67002013B584B27623084878
:109500002F2240F22D21009402F0EEFC76232F2230
:1095100040F235210248009402F0E6FC02B010BD92
:10952000941C0220F0B585B015460C461A460A9FD9
:1095300001461E4624B2384602F07AFE00212AB2C5
:109540000E4D2846039202F08FFD0F2310FB07F00B
:109550000027039A2146CDE9003703B2284602F0DE
:1095600013FF214628463B46039A02F08DFD314603
:10957000284605B0BDE8F04002F02EBD941C022044
:1095800013B506240094FFF7CDFF02B010BD604B69
:109590000121604893ED000A5F4BB8EEC00A93EDDD
:1095A000007AB8EEC77AB7EEC00A9FED576BB7EEF8
:1095B000C77A20EE060B27EE067B2DE9F0432DED52
:1095C000028B87B0F7EEC08BB7EEC78BDFF86091E8
:1095D00002F08EFE00214F4802F0AEFC00214D4803
:1095E00002F042FDD9F800506FF008030021DFF8C7
:1095F000448103FB00500A3DA0F10A07454802F0F0
:10960000C7FC002300B24A22019339B2C82300905C
:10961000404802F0B9FED8F80030092B70D8DFE8D6
:1096200003F0053C6D6D4E05050505053B4B4BF202
:10963000B2511B78002B16BF0E464FF4FC664FF458
:10964000FC61D8F80030042B0ED0324802F00CFF39
:1096500039460120B0EE680A03AB4A22FFF790FFBB
:109660002F492C4802F0B8FC31462A4802F0FCFE93
:10967000B0EE480A03AB4A2229460120FFF780FFDB
:109680002749244802F0A8FC0021224802F030FEBD
:1096900007B0BDEC028BBDE8F083204BF1EE687A99
:1096A0004BF2B251F1EE488A1B78B0EE678A002B7C
:1096B0000ABF0E464FF4FC664FF4FC61C1E7194B3C
:1096C0004BF2B2549FED187A00211B781148002B01
:1096D000164BD3ED007A0CBF26464FF4FC66F8EE2D
:1096E000E77A87EE878A02F0BFFCD9F800506FF066
:1096F0000403214603FB0055043DA2E7F1EE488A2E
:109700004FF4FC6631469CE7FCA9F1D24D62503F14
:10971000A80A0220941C0220A40A0220333002204E
:10972000409300207D30022000007A44B8C8002019
:1097300098BF0020A00A022007B598234FF6E072D8
:1097400000210548CDE9003240F20223472202F011
:109750007BFD03B05DF804FB941C022007B59E233B
:1097600000224FF0FF310548CDE9003240F20623D8
:10977000472202F009FE03B05DF804FB941C0220AE
:1097800013B50C4C0121204602F0B2FD0021204609
:1097900002F03AFE012002F0DBFD962300220121B7
:1097A0002046CDE900324FF40073482202F0ECFD70
:1097B00002B010BD941C022070B54FF6FF746C23EC
:1097C00018224FF404717248714D2DED068B82B052
:1097D000B2EE08AA9FED6F8A009402F08DFD00940E
:1097E00000246C232B224FF40471694802F084FD9D
:1097F00007EE904A04F001034FF6FF710134B8EE12
:10980000E77A5A00F0EE487A03330191C2F113026D
:109810005B002846E7EE0A7A00930223FDEEE77A22
:1098200017EE901A09B202F00FFD0A2CE0D14FF4A6
:10983000FC644A2318224FF41F715548B2EE049B72
:10984000009402F059FD524E009401244A232B2229
:109850004FF41F714E4802F04FFD9FED4B8B07EE0A
:10986000904AB1EE085B04F001034FF4FC65B8EEDA
:10987000E77A01345A00C3F104033046019527EE1C
:109880000A7A5B00113200930223B7EEC77A27EE03
:10989000097B87EE056B36EE087BBDEEC77B17EEC6
:1098A000101A09B202F0D0FC042CD8D14FF6FF7484
:1098B000132318224FF404713548009402F014FB6E
:1098C0001323182240F2C6213148009502F00CFB08
:1098D00000212F4802F030FB21462D4802F0C4FD44
:1098E00000234FF402712A481A4602F0CDFB2A49A0
:1098F000274802F071FB00234FF4067124481A46F2
:1099000002F0C2FB2549224802F066FB00234FF417
:109910000C711F481A4602F0B7FB21491C4802F09F
:109920005BFB00234FF4127119481A4602F0ACFB9E
:109930001C49174802F050FB00234FF418711448DB
:109940001A4602F0A1FB1849114802F045FB00231A
:109950004FF41E710E481A4602F096FB13490C484C
:1099600002F03AFB002340F2952109481A4602F022
:109970008BFB0F49064802B0BDEC068BBDE870407A
:1099800002F02ABBAFF300800000000000E083403B
:10999000941C0220000004445B9800202C9B0020B3
:1099A00054730020A99C0020CD990020E16F002075
:1099B000F69A00203F4B2F22DFED3F7A4FF40471DF
:1099C0001B683E48052B4FF08D03F0B54FF00004A7
:1099D00015BF0126022607270B274FF6FF752DED31
:1099E000048B83B09FED368ADFED369A07FE888AB6
:1099F0009FED359ACDE900344FF4887302F0C4FC32
:109A000076232F224FF404712C48CDE900354FF412
:109A1000887302F019FC0623A52240F21121274881
:109A2000009502F061FA2946244802F01DFD234604
:109A3000AC2240F20D21214802F026FB1F4D2146A9
:109A40001E48344602F004FC20491C4802F0C4FAC7
:109A500007EE904A4FF6FF73A5222846F8EEE78AF4
:109A60000093F0EE697A0623E8EE887AFDEEE77A55
:109A700017EE901A09B202F037FAF0EE497A002395
:109A8000AC222846E8EE887AFDEEE77A17EE901AC7
:109A900009B202F0F9FA21462846344402F0D8FB14
:109AA0000A49284602F098FAA742D1DC03B0BDEC7F
:109AB000048BF0BDA00A0220E614BC41941C0220D5
:109AC000CDCC2C420040044400400344D0970020F9
:109AD0007FB5C41C00254FF400731148C4F5F07223
:109AE00026B20121C4F1E90412B2CDE90065039266
:109AF00002F04AFC01210A4802F0FAFB4FF400731D
:109B0000039A01210648CDE9006502F03DFC294693
:109B1000034802F0EDFB034B1C6004B070BD00BFB6
:109B2000941C0220C4CB002013B50A4C00210A4823
:109B300023680191012103F1F702C3F1E9031BB28C
:109B400012B200934FF4007302F01EFCE92323606D
:109B500002B010BDC4CB0020941C0220FFF7E4BF6C
:109B600007B52123002201210548CDE90032FF235A
:109B70004FF4E07202F008FC03B05DF804FB00BF94
:109B8000941C022007B5212300224FF48071054860
:109B9000CDE90032FF234FF4E07202F0F5FB03B091
:109BA0005DF804FB941C022007B5002201212F4818
:109BB00002F032FC00212D4802F056FC2C4B122200
:109BC0001B68013B082B3CD8DFE803F0053B05058B
:109BD0003B053B1E1E004FF47843CDE9002337239D
:109BE000002240F2E921214802F0CEFB002340F29E
:109BF000ED211E481A4602F047FA1E491B4803B0E1
:109C00005DF804EB02F0E8B91C2002F0B1F928B9C4
:109C100012234FF47842CDE90032E0E7164B187872
:109C200002F0A6F90028F3D00022122340F2E92125
:109C30000E48CDE90032372302F0A6FB03B05DF8F1
:109C400004FB4FF4FC6340F2E9210848CDE900230E
:109C50003723002202F098FB002340F2ED21034855
:109C60001A4602F011FA0549C8E700BF941C022009
:109C7000EC110220FC9A0020D8C80020009B002094
:109C8000052808B5134B02D100221A6002E0002813
:109C90001CDB1860104A1268052A05D11A680AB13F
:109CA000022A01DD01221A604FF40060FBF7EAFF8F
:109CB0000A4B1B6863B9042002F0DAFB02F02CFBAC
:109CC000FFF788F9BDE80840FFF710BB0422DCE786
:109CD00008BD00BF10CB0020A00A0220F00E022019
:109CE00008B5FFF729FDFFF767FDFFF763FEBDE845
:109CF000084002F0ADB908B5FFF72CF8FFF7F0FF08
:109D000002F0AAFBFFF7F2FAFFF72CF9FFF73FFC8E
:109D100002F002FBFFF75EF902F04EF9FFF744FF95
:109D2000BDE8084002F09CB9B1F5007F0B462DE973
:109D3000F04FA8BF4FF4007391B00025DFF8708199
:109D40000D930646574B2C46DFF85CB1DFF85CA15B
:109D50000C910E920A930D9B9D4246DB524B0C9A3E
:109D60009C540E9B002B00F0888000240125AE2619
:109D70004FF0C0094FF002082F274FF40073AC22B8
:109D800029464A480097CDE90744CDE90549CDE980
:109D90000358CDE9015602F0CBF9444802F084F9AA
:109DA000204602F0CDFA324629464FF400733F4870
:109DB0000097CDE90744CDE90549CDE90384CDE914
:109DC000015602F0B5F9394802F06EF94FF400720D
:109DD0002146374802F054F94FF084434FF4802273
:109DE000C3F8882011B0BDE8F08F4FF480234FF006
:109DF0008442B1460135C2F88C300323377850468F
:109E000016F8014F9BF80010B7FBF3F7B4FBF3F41F
:109E1000C7F19D022BB2002700910B9219469BF8C7
:109E20000120C4F19D0401970F9302F0F1FA0B9BFE
:109E30004FF6E07250460BF8013BCDE900320F9B24
:109E40002246194602F0E4FA16F8013C98F8002080
:109E500038469A4228BFC1460A2299F8003008F8CD
:109E6000013BB3FBF2F3134A32F813300A9A22F89B
:109E7000023B0A9202F064FA6DE70124094D4FF4A7
:109E80000073AC22214609480195009402F004F9C0
:109E90004FF40073AD2221460448CDE9004502F09D
:109EA000FBF899E7042002206B2D0220941C02206D
:109EB0006B2B0220A667002070B500212B480024E0
:109EC0002A4E2DED048B86B0DFED298A02F034F89E
:109ED0000021264802F05CF8043040F20523DF221E
:109EE00000B20121019400909FED229A1F4802F0D8
:109EF0004BFA4FF6FF711D4802F0B6FA07EE904A92
:109F00000A2202A9B8EEE78A28EE288AFCEEC87A6F
:109F100017EE900A02F080F9B1EE097AC8EE077ADE
:109F200077EEC97AFDEEE77A17EE905A6B1EB3F51D
:109F3000FF7F13D8691C0023E322304609B202F0E8
:109F4000A3F802A9304602F047F84FF6E073DF228B
:109F500029B200933046062301F0C6FF0134082CD5
:109F6000CCD106B0BDEC048B70BD00BF941C0220A8
:109F70000000FA43000000422DE9F04FDFF880B303
:109F80000021CA4ADBF80030DFF87883C84C2DED99
:109F9000028B1360E1B0C74B0AAD0DF1A80A186837
:109FA0009B88029004A8ADF80C3002F005FAC24B71
:109FB000D8F800201B68DBF8001003EB4203BF4A0F
:109FC00042F823100FCC0FC504F10C0694E80700EB
:109FD00085E807000FCE11AD0FC596E8070085E8AC
:109FE000070004F12801482218A84FF4CD7502F0AB
:109FF0000BF98926FFF7B2FD04F1700148225046A3
:10A0000002F002F904F1B80148223CA802F0FCF881
:10A01000482204F580714EA8002402F0F5F80021D2
:10A02000A74802F065F94FF4007349220121A448C2
:10A03000CDE9005402F0A8F91E23D9224FF4007193
:10A040009F4800930F23019402F09EF901219C4840
:10A0500002F04EF94FF40073492201219848CDE9EE
:10A06000005402F091F9974BE32295481968234672
:10A0700047F6EF358C3909B202F006F84FF4B473A5
:10A080004FF6E07048222146CDE9003040F202232D
:10A090008B4802F0D9F84FF496736B224FF4AF71EE
:10A0A0008748CDE90035962302F06EF984480121F6
:10A0B00001F042FF824833B2A6F11209A7004FF423
:10A0C000BE7508EE103A0FFA89F93AF8073029B24E
:10A0D00018EE102A00930F2302F01EF8A5F10801D4
:10A0E0004A46002309B2764801F0CEFF3CAB7448E3
:10A0F0002D35D95B02F0B8F94EAB7148ADB2F958C5
:10A10000043702F09DF940F203236D489D42DCD1F3
:10A1100003342D36122CB6B2CDD10021684801F09F
:10A120000BFF00237A22152165484FF61F0401F02A
:10A13000ABFF4FF6FF71624802F096F96249604842
:10A1400002F07EF90023AC2215215D4801F09CFF4E
:10A150005E495B4802F074F90023CA221521584871
:10A1600001F092FF5A49564802F06AF90023E822AA
:10A170001521534801F088FF5649514802F060F913
:10A1800000234FF4837215214D4801F07DFF5249A1
:10A190004B4802F055F900234FF49C7215214848B2
:10A1A00001F072FF4D49464802F04AF9D8F80030F4
:10A1B0000AAA4348DFF8509152F8231002F040F900
:10A1C00047493F4802F03CF900234FF4AB72152198
:10A1D0003B4801F059FF4349394802F031F9D8F8BA
:10A1E000003011AA364852F8231002F029F93E49EE
:10A1F000334802F025F900234FF4BA721521304894
:10A2000001F042FF39492E4802F01AF900234FF4B9
:10A21000C97215212A4801F037FF3549284802F054
:10A220000FF90121264802F063F80121244801F0CA
:10A2300083FE4FF6FF71224802F016F900230A212F
:10A240001F481A4601F020FF2A491D4802F0F8F87D
:10A2500020234FF4E0724FF48A711948CDE900349D
:10A2600040F2091302F090F80021154802F0FCF8C2
:10A2700000234FF4E07240F21511114801F004FF81
:10A280001D490F4802F0DCF800210D4801F054FE92
:10A2900000234FF4A6723321094801F0F5FE174957
:10A2A000074802F0CDF8002330E000BFC02C0120A9
:10A2B000D02A00207899002080F40120C8C5002011
:10A2C000941C022098BF00205B9B0020729B002002
:10A2D0008E9B0020B29B0020C89B0020E79B0020A3
:10A2E000679C0020059C0020279C00202B9C0020C0
:10A2F000539C00206D9C00207D9C0020899C0020A8
:10A30000BC2C0120E4C100209D3002204FF4837258
:10A3100040F20F11894801F0B7FE99F8003073B38D
:10A320004FF4FC61854802F09FF885490024834D75
:10A330008248274602F084F801F0A2FD411CFBD0C0
:10A3400001F072FF18AB53F82080B8F17F0F4CD0AA
:10A350001BDCB8F10D0F4FD0B8F1580F00F0E780BB
:10A36000052C47D0B8F1300F08BF002C0CBF0126D8
:10A37000002665D002AB03F80480013472E0214668
:10A380006E4802F071F86F49D0E7B8F1990FE7D144
:10A3900099F80030002128464FF0000A83F00103AD
:10A3A00089F8003001F0C8FD20234FF483724FF488
:10A3B00087712846CDE9003A322301F0E5FF534684
:10A3C0004FF4837240F20511284601F05DFE99F8C2
:10A3D0000060002E3DD028464FF4FC6102F044F8A6
:10A3E0005749284602F02CF804E054B3013C2023DE
:10A3F00002AA1355002635E002A907A801F0DCFFE8
:10A4000007A904A801F0E4FF07A801F0A1FE04A831
:10A4100001F0EAFE631E0746012B14D84A4B5F4346
:10A420004A4B4B4AFB18934240F28180494904A8A9
:10A4300001F036FD0023069A02A904A801F0D8FF16
:10A44000002426460EE0231F012BE9D84FF47A732F
:10A45000E5E74FF61F01284602F006F8394928467D
:10A4600001F0EEFF4FF6FF71284601F0FDFF0121DC
:10A47000284601F061FD20234FF61F0240F2C31170
:10A480002846CDE9003255234FF4E07201F07CFFFD
:10A4900000234FF4E0724FF4E471284601F0F4FD1C
:10A4A000284602A901F0CCFFFA2001F0C1FF002EDE
:10A4B0003FF442AF0020284BB8F1580F274A1860EC
:10A4C0004FF0010318BFCBF800701370DBF80010D9
:10A4D000234A1160234A137001F082FF2249234B63
:10A4E00009681B6899F80000214A03EB410300B397
:10A4F00042F82370002140F2DF1310480A46CDE9EC
:10A50000003140F21F3301F03FFF00210B4801F002
:10A51000EFFEF8F725FAFBF779FEFFF7ECFB04A84E
:10A5200001F016FE61B0BDEC028BBDE8F08F012694
:10A5300098E71049096842F82310DBE7941C0220D1
:10A54000829400202494002040420F0030EDECFF64
:10A55000B0B0B60178990020101601201330022007
:10A5600094BF00201D300220E4C1002080F40120AF
:10A57000C8C50020C02C01202DE9F34101213A4833
:10A5800001F0DAFC4FF6FF713748002401F06CFF50
:10A5900020234FF61F014FF4E0723348334D344F00
:10A5A000DFF8C480CDE90031FF234FF4807101F062
:10A5B000EBFE00234FF4E0724FF480712A4801F063
:10A5C00063FDD5F84012284801F042FE3B681BB3FA
:10A5D0003B68E41844D40E2CA8BF002420234FF677
:10A5E0001F024FF480714046CDE90032FF234FF443
:10A5F000E07201F0C9FE00234FF4E0724FF4807165
:10A60000404601F041FD04F19003404655F8231007
:10A6100001F01EFE00233B6001F032FC01F004FE5D
:10A620000646962001F004FF002ECFD1FFF796FAE0
:10A63000104B114A90341B68126845F824308AB9CF
:10A640000E4A0020136001F0CBFEFEF74FFEFEF72E
:10A650009EFF01F045FC02B0BDE8F04101F0FCBEF8
:10A660000C24BBE7064AECE7941C02200CA3002054
:10A6700044100220BC2C012080F40120F0C10020F5
:10A68000F4C100202DE9F74301216A4801F054FC90
:10A690004FF6FF716748002401F0E6FE20234FF6D5
:10A6A0001F014FF4E07263482546634FDFF8BC8119
:10A6B000DFF8BC91CDE90031FF234FF4807101F048
:10A6C00063FE00234FF4E0724FF48071594801F0AB
:10A6D000DBFCD7F84012574801F0BAFDD8F800303B
:10A6E0002BB3D8F80030ED183BD40E2DA8BF0025B1
:10A6F00020234FF61F024FF480714E48CDE90032FF
:10A70000FF234FF4E07201F03FFE00234FF4E072AC
:10A710004FF48071474801F0B7FC05F190034548BC
:10A7200057F8231001F094FD0023C8F8003001F021
:10A73000A7FB01F079FD0646962001F079FE05F1B0
:10A7400090033E4A57F8233013603D4A51688B42CC
:10A75000916808DB8B4202DD3A498B4205DC00241C
:10A760003CE00C25C4E78B42F6DAD2E90D108B42AF
:10A7700006DB834202DD34498B4203DC01242DE0F9
:10A780008342F8DA516E8B4202DB916E8B4232DDEE
:10A7900003EB09002D4988422DD9D2F894108B4241
:10A7A00003DBD2F898108B4227DDD2F8C4108B421D
:10A7B00003DBD2F8C8108B4221DDD2F8F4108B42B3
:10A7C00003DBD2F8F8108B421BDDD2F824118B4248
:10A7D00004DBD2F828219342D8BF06241C4A146017
:10A7E000002E7FF47BAF1B4A126862B1012A15D09C
:10A7F00003B0BDE8F0830224F0E70324EEE704246D
:10A80000ECE70524EAE7144A1460144A126813447A
:10A81000134A1360134A42F83430E9E7124A1460CD
:10A820000E4A126813440E4A13600E4A02EBC40229
:10A830005360DDE7941C02200CA3002094BF00208D
:10A84000C0BA0020C0CF6A00809FD50000093D003B
:10A85000E4C1002080F40120E8C10020101601208E
:10A86000BC2C0120C8C50020ECC1002044100220EF
:10A8700080602AFF37B505460C462648012101F0C5
:10A880005BFB254B93F9003033B92448244901F090
:10A890007BFB224801F0ACFC1CB1012C22D003B0A0
:10A8A00030BD2020FFF714F920231F214FF4E07260
:10A8B0001848CDE90031FF23012101F065FD022197
:10A8C00023464FF4E072134801F0DEFB4FF6FF71B0
:10A8D000104801F0C9FD29680E4803B0BDE83040BA
:10A8E00001F0C6BB20234FF4FC624FF4807109488D
:10A8F000CDE90032FF234FF4E07201F045FD40F254
:10A90000011100234FF4E072024801F0BDFB002169
:10A91000DEE700BF941C022067300220BCB4002098
:10A92000FC9D002013B504460121114801F004FBF1
:10A9300020234FF4FC624FF480710D48CDE90032C2
:10A94000FF234FF4E07201F01FFD0021084801F0E1
:10A950008BFD00234FF4E0724FF48071044801F046
:10A9600093FB2146024802B0BDE8104001F080BBD5
:10A97000941C022073B50C46064601211C4815465E
:10A9800001F0DAFA4FF6FF71194801F06DFD04F598
:10A99000807420234FF61F0224B2CDE90032FF233A
:10A9A0004FF4E072F5B14FF48071114801F0ECFC06
:10A9B0004FF480710E4800234FF4E07201F064FB05
:10A9C00029460B4801F054FB214600234FF4E07266
:10A9D000074801F059FB3146054802B0BDE8704018
:10A9E00001F036BC2146024801F0CEFCECE700BF86
:10A9F000941C02202DE9F04F9F4D0E462DED068B45
:10AA0000A5B008AC04900FCD0FC40FCD0FC40FCD6F
:10AA10000FC495E80300994B16AD984A03932B4653
:10AA200084E8030000210498002840F0EF81D06FF3
:10AA300018600131043204330E29F4D10121904809
:10AA400001F056FC00218E48002401F0DDFC0021BD
:10AA50008B480DF1200801F04BFC00218848AA46E4
:10AA600001F0FEFB4FF4AF7319222146844840F2F7
:10AA7000FF7BCDE9003440F2EE2301F085FC4FF47A
:10AA8000FC617F4801F0F0FC01217D4801F054FA9F
:10AA900023462246C8217A4801F0F6FA3146784822
:10AAA00001F0E6FA4FF496731F222E217448CDE987
:10AAB00000324FF43073322201F0C6FB4FF478437A
:10AAC000C8222E216E4800934FF4307301F014FC1D
:10AAD00021466B4801F030FA4FF6FF71684801F0EB
:10AAE000C3FC2146664801F0BFFA06462146644889
:10AAF000A6EB860601F04CFA323006F12E01234611
:10AB000002B25F4809B201F0BFFA5E495C4801F049
:10AB1000AFFA21465A4801F0A7FA0646214658489E
:10AB2000A6EB860601F034FAC0F1C80006F12E014A
:10AB3000234602B2524809B201F0A6FA52495048DF
:10AB400001F096FA21464E4801F08EFA064621465B
:10AB50004B4801F01DFA23464000494CA6EB8606FF
:10AB6000C0F5AF72464806F12E01322612B209B284
:10AB700001F08AFA4549424801F07AFA5AF8047B12
:10AB80000FFA86F92046CDF804B03BB2C7F59672AD
:10AB90004946B7EE08AB12B200932E2301F0F4FB46
:10ABA0000021204601F0F4F9002340004946C0F599
:10ABB000AF72204612B201F067FA58F8041B204623
:10ABC00001F056FA0021204601F04EFA06EE906A96
:10ABD00007EE900A0021B8EEE68B2046B8EEE77B40
:10ABE0003236A7EE0A8B01F0D3F94000002300F5BE
:10ABF000AF72204612B2BDEEC88B18EE101A09B221
:10AC000001F042FA3946204601F022FB40F2EE23E1
:10AC10009E42B3D11E4B4FF0320ADFF878900024E9
:10AC2000174EDFF874B0059355F8043B01340FFA62
:10AC30008AF74FF00008069324B2BDF81830394661
:10AC40003046CDF80480C3F59572079300942E2307
:10AC5000013212B201F098FB079B39463046C3F52A
:10AC600096724FF61F03019312B2BDF9183000938C
:10AC70002E2301F089FB11E0282C00200CA30020DA
:10AC8000941C0220039E0020558E0020079E002069
:10AC90006CC20020A4C2002044100220DBF8003067
:10ACA00055F8044C002B76D0A3B239463046CDF887
:10ACB0000480C3F59572013301321BB212B20093C6
:10ACC0002E2301F061FBDBF800300A2239463046C2
:10ACD00002FB03444FF61F03C4F59672019323B29F
:10ACE00012B200932E2301F04FFB07EE90AA002131
:10ACF0003046B8EEE78B45F8044C01F0B5F907EEA5
:10AD0000900A00213046B8EEE77BB0EE489BA7EEF4
:10AD10000A9B01F03DF940002023CDF8048000F5A6
:10AD2000AF720093B7EE007B2E2312B2304639EE9D
:10AD3000479BBDEEC99B19EE101A09B201F024FB26
:10AD40000021304601F090F907EE900A00213046CC
:10AD5000B8EEE77BA7EE0A8B01F01AF9400000235A
:10AD600000F5AF72304612B2BDEEC88B18EE101A65
:10AD700009B201F089F92146304601F069FA632CE5
:10AD800009DC4FF47843C8222E21304600934FF45B
:10AD9000307301F0B1FAC820CBF8008001F048FB15
:10ADA00001F06EF8431C3FF479AF01F03DFA6420E6
:10ADB00001F03EFB4FF4FC63C4F5967239460193F3
:10ADC00023B212B2304600932E2301F0DDFA049B29
:10ADD0001BBB059B1C60039BDC6700230AF1320A46
:10ADE00009F10409CBF80030059B04330593039B5C
:10ADF0000433039340F2EE239A457FF415AF25B058
:10AE0000BDEC068BBDE8F04FF7F7AABD049801280A
:10AE10007FF40FAED2F8B4000AE6049B012B02BF08
:10AE2000039BC9F80040C3F8B440D6E70000000017
:10AE3000D020FEF74DBE3F4B00213F4830B5A1B0BA
:10AE40001D6801F079F800213B4801F0A1F83B4B67
:10AE50001B68002B4BDD002400B24FF40073F72277
:10AE6000012100900194344801F08EFA4FF6E07110
:10AE7000314801F0F9FA2346F42201212E4801F06D
:10AE800003F99C232E4AB2EE044B03FB0522D2EDBC
:10AE90001A6A92ED185AF5EEC06AD2ED265ABDEE46
:10AEA000E67AD36EB7EEE63AF1EE10FA21DDB8EEAF
:10AEB000C76B0592BDEEC55A8DED027AFDEEE55ADF
:10AEC000009324EE466B1F498DED045ACDED015AD7
:10AED000A3EE046BBDEEC66B8DED036AD2E91C32A6
:10AEE00007A801F09DF807A9134801F069F921B0FE
:10AEF00030BDB8EEC77B0592F0EEE66A0093BDEE7A
:10AF0000C55A114924EE477B8DED045AFDEEE66AE1
:10AF1000FDEEE55AA3EE047BCDED026ACDED015ABC
:10AF2000B0EEC77BBDEEC77B8DED037AD2E91C3254
:10AF3000D6E700BF7CF40120941C0220DC0E022026
:10AF4000409601704C9E0020709E00202DE9F04F2D
:10AF500087B09B4604460F469DF84030164642484F
:10AF60004FF0000A0293414B1B78002B14BF4FF0A7
:10AF700009094FF00B0989454FF00001ACBF4FF0B4
:10AF800000084FF0010800F0D7FF0021364800F01C
:10AF9000FFFF00210390344801F066F8152304FBFD
:10AFA00000F5039A00EB4000CDF804A05D4312B217
:10AFB000C0EBC00029B2009203B24FF490722A484D
:10AFC00001F0E2F94FF6E071274801F04DFA691CF3
:10AFD00053464FF4907209B2234801F055F8012C02
:10AFE00036D0022C36D01CB921491F4801F0E8F8B0
:10AFF00039461D4801F02CF91E491B4801F0E0F8C4
:10B00000029B4BB34FF4FC61174801F02DFA002E60
:10B01000ABEB090314BF42460022B3421FDB42B12F
:10B020001E2301220DF117010F488DF8173000F093
:10B0300033FFB8F1000F08D01F2301220DF11701D3
:10B0400009488DF8173000F027FF07B0BDE8F08FF2
:10B050000949CAE70949C8E74FF6FF71D4E7002A52
:10B06000F3D04FF00008DBE7941C02207E30022072
:10B07000949E0020A19E0020999E00209D9E00206D
:10B080002DE9F04F1E46434BA1B007461B781546ED
:10B090004148002B05914FF000012A9C14BF4FF04E
:10B0A00009094FF00B0900F047FF00213A4800F072
:10B0B0006FFF00218346384800F0D6FF152207FBBA
:10B0C00000F31FFA8BFB00EB400053434FF49872E0
:10B0D000C0EBC00003930023BDF90C10019319FBD2
:10B0E0000BF31BB2009303B22B4801F04DF9002D76
:10B0F00005DC3846FBF716FC21B0BDE8F08F4EB9F1
:10B10000A94544DA2B9BA3EB0903013344BF2C9AD6
:10B110009B182360246840F22D164FF00008DFF8DA
:10B1200078A0059B504653F8243004931B4B049A97
:10B130001B6893420CBF4FF6E0714FF6FF7101F0B0
:10B1400093F9174B04999C2207A802FB0132154979
:10B1500000F066FF039B32B25046591C002309B22F
:10B1600000F092FF07A9504601F02AF82B9B9C4261
:10B17000BFD008F1010801342C9BA342D8BF0024A2
:10B180004545B6D05E44C145B6B2CAD1B1E72660E6
:10B19000C0E700BF7E300220941C02207CF4012016
:10B1A00040960170A69E0020D0F88830013B042B09
:10B1B00013D8DFE803F00603030F03004FF6E07037
:10B1C0007047074B4FF6FF701B68002B18BF4FF4FA
:10B1D000FC6070474FF4784070474FF6FF7070473F
:10B1E000600F02205D4B1B6883422DE9F04F04463F
:10B1F00089B040F3A5805A4B1B78002B00F0A0804B
:10B20000451CDFF874814FF0010204BF554B1C68E8
:10B210003423634358F803500323002D40F09380F8
:10B220000220CDE902230523CDE904350423CDE92D
:10B23000060300214C4800F07FFE00214A4800260A
:10B2400000F0A6FE4FF4007340004FF4E0720121BD
:10B25000019600B20090444801F096F84FF6FF7155
:10B26000414801F001F9334640F2BD1201213E4848
:10B2700000F00AFF1DB93D493B4800F0A1FF0D2732
:10B280000DF108090026DFF8F4A06743DFF8D8B015
:10B2900059F8043B3B44063358F82330002B09DBB4
:10B2A0009C21584601FB03A100F08AFF2F49584614
:10B2B00000F086FF0136032EEAD1002340F2CD12C2
:10B2C0000121294800F0E0FE012D03D1274926483D
:10B2D00000F076FF0D230DF114090027DFF8A0A080
:10B2E0005C43214E59F8043B2344063358F823505D
:10B2F000002D22DB902303FB05A52846FFF754FF12
:10B3000081B2304601F0B0F82946304600F058FFCF
:10B31000D5F88C30012B0CDD1549304600F050FF7C
:10B32000D5F88C10304600F093FF1249304600F0FB
:10B3300047FF0E49304600F043FF0137032FD1D1BC
:10B3400009B0BDE8F08FCDE905230523002107935F
:10B350000223CDE90213042304936AE7E4110220D7
:10B360007E30022094BA0020941C0220799900209B
:10B37000AC9E0020516B0020701700704096017049
:10B38000007D0070431FBBEE017B06EE103AB8EE65
:10B39000C66A9FED095BB7EEC66AA6EE057BB7EEFF
:10B3A000006B37EE067BBAFE477B37EE467BFDEE41
:10B3B000C77B17EE900A7047000000000000B03F06
:10B3C000F0B51E4B89B042F6E06201240293502092
:10B3D0001B4B1C4F039302231B4E06931B4D0794DC
:10B3E000CDE9042300F078FE194B3860194833602A
:10B3F00000F072FE28603068174E800000F06CFE8E
:10B4000003463060386820B12A6802B163B900F0A1
:10B41000CBFE286808B100F0C7FE306810B100F01C
:10B42000C3FE002009B0F0BD019000F0F1FE0198CC
:10B4300002A900F099FF2046F4E700BF000048434E
:10B4400000803B45F03C0120D42C0120F83C012039
:10B4500020BF020080FC0A00FC3C012010B5084C13
:10B46000206800F091FE206800F09EFE054B1868F1
:10B4700000F09AFE044BBDE81040186800F094BE3E
:10B48000F03C0120F83C0120FC3C012000B52DEDF2
:10B49000028B99B002460021B0EE408A01A800F06C
:10B4A000B3FD60B11921114800F072FE104800F0A0
:10B4B0009FFE002019B0BDEC028B5DF804FB04A9CF
:10B4C00001A800F059FF0B4B1B686BB104A8F0EE0C
:10B4D000000AB0EE480A42F6E0629FED071A4F21DB
:10B4E00000F0CEFE0120E5E71846E3E7AF9E00201E
:10B4F000BCB40020FC3C01200AD7233E70477047B3
:10B5000010B5134C13B9236F9B0420D400F03F00F7
:10B5100021F0604122F0604240F489102067C4F8B5
:10B520008010C4F89020236F23F480532367084BC6
:10B530001A6F002AFCDAD3F8702122F4000222F4F8
:10B540000042C3F870211A6F22F480321A6710BDCE
:10B5500000800D4043690A4A03EB011003EB01111F
:10B5600030B5047A074D02EB0412946852682560E6
:10B57000C06810600B690BB14A691A6030BD00BF2A
:10B580004441002061F8010038B543690446027E59
:10B5900003EB0212127A8A4219D0187AFF2816D0C9
:10B5A000814215D0197EFF2911D001251968EDB20D
:10B5B0005B680968194209D0064B2946204603EB0F
:10B5C000021305225B681A60FFF7C4FF257638BDB9
:10B5D0000025EBE74441002043690A4A03EB0110D0
:10B5E00003EB011130B590F82840074D02EB04122F
:10B5F000946852682560C06A10600B6B0BB14A6B8F
:10B600001A6030BD4441002061F8010038B543693B
:10B610000446427E03EB021292F828208A421BD095
:10B6200093F82800FF2817D0814216D093F83810DD
:10B63000FF2911D001251968EDB25B68096819422C
:10B6400009D0074B2946204603EB021305225B680D
:10B650001A60FFF7C1FF657638BD0025EBE700BF34
:10B66000444100200F4A4169936B23F47C0343F467
:10B67000802310B5936304460A68496813680B4336
:10B6800009491360022203691A6100F085FE217ED8
:10B690002046FFF75FFF617E2046BDE81040FFF7C0
:10B6A0009BBF00BF00C00F40A0860100B1F5607FC6
:10B6B00028BF4FF46071F0B505468DB00E4672B6E6
:10B6C000244B0024702218602146234B23481C8001
:10B6D00000F0D6FC2346214901249E4228D10022B5
:10B6E00002354FF4827193422ED11D4B1D78E5B97E
:10B6F000082000F0EDFC80231A4A0446037102A9D9
:10B70000194B056008A800930693029200F06CFEA6
:10B71000164A06A9204600F08FFE06A800F0E8FBB6
:10B72000684600F0E5FB00F0FFFD62B60DB0F0BD2D
:10B73000580903F01F02013351F8207004FA02F295
:10B740003A4341F82020C8E701FB02F02A520132B7
:10B75000C9E700BF143D0120F41F02201C3D012059
:10B76000612B0220F5900100943900201B1001008C
:10B77000074B00040122C3F8A010C3F8A400C3F8CB
:10B78000B0205A69D207FCD501225A61704700BF28
:10B7900000402A400146002008B5FFF7E9FF0120DC
:10B7A000FFF7E6FF0220FFF7E3FF134B134AC3F84E
:10B7B000A010C3F8A4200122C3F8B0205A69D20710
:10B7C000FCD5D3F8000121225A6183B245F60D520F
:10B7D00093420ED045F69D52934208D1C0F3425099
:10B7E000032806D0031F58425841000108BD00201D
:10B7F000FCE70820FAE700BF00402A4004000300ED
:10B8000070477047704700BF70474FF0E02300213A
:10B810001022C3F8941DC3F89C2D2E4AC3F8A02D06
:10B820001122C3F89C2D2C4AC3F8A02D1222C3F874
:10B830009C2D2A4AC3F8A02D294AC3F89C2D294AD9
:10B84000C3F8A02D284AC3F89C2D284AC3F8A02D80
:10B85000274A42F01502C3F89C2D264AC3F8A02DB2
:10B8600002F181520D32C3F89C2D234AC3F8A02D5A
:10B87000224AC3F89C2D224AC3F8A02D214AC3F8BE
:10B880009C2D214AC3F8A02D204AC3F89C2D204AA4
:10B89000C3F8A02D1F4AC3F89C2D1F4AC3F8A02D42
:10B8A00000BF00BF00BF00BF00BF0122C3F8942D3E
:10B8B000BFF34F8FBFF36F8FC3F8501FBFF34F8F8E
:10B8C000BFF36F8FD3F8142D42F44032C3F8142D18
:10B8D000704700BF3F000010250008070900100056
:10B8E0001300200021000207140000202500081387
:10B8F000E03002200900001027000B131700004061
:10B9000033001013180000602F000B07190000709F
:10B9100031000B131A0000803B000B137FB57D4BE9
:10B920007D4A7E49C3F85C22C3F86012C3F86422E2
:10B93000A2F530427A4CC3F8682202F5E042C3F81F
:10B940006C22C3F87022C3F87422C3F8782218223C
:10B95000DA661A675A679A67DA67C3F88020C3F80D
:10B960008420C3F888200122C3F82C27C3F830278D
:10B97000C3F83427C3F83827C3F83C27C3F8502747
:10B98000684A936923F0604323F4407343F0004313
:10B9900043F440739361D2F8843043F00C03C2F84F
:10B9A0008430614B1A6842F002021A6019685F4ADB
:10B9B00021F4F14121F073010904090C0A435C49A7
:10B9C0001A604FF0FF325A6002F57702886802F57C
:10B9D00060520240574842F000529A60DA6822F002
:10B9E0007802DA601A6A224002431A621A6A224016
:10B9F000024321205A62504A9A62DA62D1F8B82092
:10BA000022F03F0242F00102C3F8B820D1F8BC2076
:10BA1000002122F03F0242F00102C3F8BC2040F2B4
:10BA2000056219611867C3F880205867C3F884203D
:10BA30001A68424822F002021A60414A9A610222C0
:10BA4000DA61404A42F8041B8242FBD11A68364C44
:10BA500042F001021A60216811F00101FBD1384B5C
:10BA60000846394EA3610223E36140F2F563C4F84E
:10BA7000003240F26643C4F8103240F29943C4F8F1
:10BA80002032324BC4F8303242F20143C4F834322F
:10BA900040F23543C4F840322D4BC4F850322D4BA0
:10BAA000C4F854322C4BC4F8603242F20123C4F87B
:10BAB00064320391FFF76EFE054608B383020399D3
:10BAC00004202366FFF754FE290508460391FFF77B
:10BAD00061FE05440399357020B180026066042040
:10BAE000FFF746FE1D4900231D4A3078521A009385
:10BAF000012302EB00521B4800F01AFC04B070BD99
:10BB0000014630701022174804B0BDE8704000F0C4
:10BB1000B7BA00BF00801F40F9B00100F910010062
:10BB200000FFF07C00C00F4000402A401200FFFFE1
:10BB300000802A4040000080FF000F8300432A401D
:10BB4000F05AF05A00422A401C3002209F0418305C
:10BB5000EB06180A063201263806180A4054077008
:10BB600000000070180F0220F0B5154B40204FF474
:10BB700080314FF480544FF400554FF4404643F267
:10BB800042071A6912F0020F03D09E6159619F614A
:10BB9000F7E712F4005F01D15D61F2E712F4805F14
:10BBA00001D15C61EDE7002AEBDA12F4803F01D0AD
:10BBB0009961E6E7520601D45861E2E7F0BD00BFA3
:10BBC00000800D403E4AB3EE096A3E48D2F880300C
:10BBD0009FED3D5A23F0010310B5C2F880300323D6
:10BBE0003A4CC2F890303A4BD3F8E030D9B2016009
:10BBF00007EE901AC3F30B201B0DB8EEE77A354918
:10BC000007EE900A2060F8EEE76A07EE903A37EE0A
:10BC1000455A314BF8EEE77A37EE466A77EEE67A28
:10BC200081ED006A25EE275AC3ED007AD2F8803004
:10BC3000C5EE065A75EEA65AFCEEE55A15EE901AB8
:10BC4000DFED265A37EE657A43EA0153C2F88030B9
:10BC500027EE277A224B66EE277AD2F89011C7EEAC
:10BC6000065A35EEA67ABCEEC77A17EE100A87EEB2
:10BC7000867A03EA00430B43C2F89031D2F8901160
:10BC800077EE267AFCEEE77A17EE903AC3F30B03D1
:10BC90000B43C2F89031D2F8803043F00203C2F86F
:10BCA000803000220F4B83F840200F4B0F4AC3F81F
:10BCB00040214FF0E0230122C3F8082110BD00BF4E
:10BCC00000810D40101402200000AA42041402203A
:10BCD00000441F40141402201C1402200000B4422F
:10BCE0000000FF0F00E400E000D00020FFAE0100E4
:10BCF000304B40F6617210B5C3F8202100F0B4FA61
:10BD00002D4A2E49D2F8803043F00303C2F8803028
:10BD100040F204422A4BC3F860212A4A10680842C4
:10BD200003D1D3F8A8118C071AD04FF0004151630A
:10BD3000D3F8402142F00202C3F84021204AD2F851
:10BD400040319807FBD44FF0E0234FF40032192024
:10BD5000C3F88C224FF000421A4B9A6300F068FB44
:10BD6000184B00214FF08042154C9A634FF46072DB
:10BD700019600A23C4F8A831134B184600F080F963
:10BD80004FF4810240F2431302604FF480020264D8
:10BD9000C4F858010D4AC4F848310D4BC3F80422C9
:10BDA0004FF0E0234FF40032C3F80C210123C4F814
:10BDB000403110BD00800D4000C00F40001C1E002F
:10BDC00000002E4000900D4000000020C5B1010091
:10BDD00000D0002008B50F4B1B6E9B0700D4FBBEA4
:10BDE00072B60D4B0022C3F84021A3F50D130B4A88
:10BDF0001A64A3F1FF53A3F52B239D46BFF34F8F86
:10BE00000748084B03604FF40013DB699B689847B1
:10BE1000E6E700BF00441F4000002E400300200062
:10BE200000802020000012EB0F4BDA6E42F440320B
:10BE3000DA66DA6E42F44072DA66A3F5603340F2F5
:10BE400037625A64A0229A649A6C1206FCD4074A9C
:10BE500040F237635364A0239364936C13F0800320
:10BE6000FBD1034A1370704700C00F4000800C40A4
:10BE70000E300220F8B500BFF8BC08BC9E467047E3
:10BE80005FF800F0F5CE00005FF800F0A92C00008C
:10BE90005FF800F0B12E00005FF800F06D8901003E
:10BEA0005FF800F0059C01005FF800F0D9F0010098
:10BEB0005FF800F0556E01005FF800F0B348020033
:10BEC0005FF800F065B600005FF800F04D2B010050
:10BED0005FF800F0490400005FF800F0AD8B00004F
:10BEE0005FF800F0554F00005FF800F0015F0100BF
:10BEF0005FF800F0C19401005FF800F0113200001B
:10BF00005FF800F0677200005FF800F045FC010088
:10BF10005FF800F03D3302005FF800F0D9480200FE
:10BF20005FF800F0653C00005FF800F0BD8B00009A
:10BF30005FF800F0C39801005FF800F0FB520100C9
:10BF40005FF800F00DD100005FF800F081320200D0
:10BF50005FF800F049D100005FF800F0190D020011
:10BF60005FF800F0313D00005FF800F05577000009
:10BF70005FF800F0599F01005FF800F07D9F01001D
:10BF80005FF800F0FD5F01005FF800F0559F0000D2
:10BF90005FF800F0AB4B01005FF800F0C14A02000F
:10BFA0005FF800F0252D01005FF800F051750000EA
:10BFB0005FF800F0BDB500005FF800F08991000067
:10BFC0005FF800F0E18B00005FF800F0B171000055
:10BFD0005FF800F035D100005FF800F0D590000068
:10BFE0005FF800F0B78B00005FF800F0993D0000AB
:10BFF0005FF800F0D19C00005FF800F0CDA40100D4
:10C000005FF800F039B600005FF800F0F5C80000F6
:10C010005FF800F075A301005FF800F06DF001001B
:10C020005FF800F02D4502005FF800F07DA00100F0
:10C030005FF800F0453300005FF800F0F9F101000F
:10C040005FF800F08D2C00005FF800F06132000016
:10C050005FF800F01D9D00005FF800F0D97A000045
:10C060005FF800F02B9D00005FF800F05D4B0100D1
:10C070005FF800F0799F00005FF800F0AD8E0000DF
:10C080005FF800F011A601005FF800F09D5101007B
:10C090005FF800F0B90D00005FF800F0AD5C010042
:10C0A0005FF800F0472E00005FF800F0C54F010078
:10C0B0005FF800F099FB01005FF800F021D100006B
:10C0C0005FF800F0595E01005FF800F001B6000073
:10C0D0005FF800F055A601005FF800F091A30100A1
:10C0E0005FF800F0314802005FF800F0873202008C
:10C0F0005FF800F0F90902005FF800F0194B010049
:10C100005FF800F0672C00005FF800F079CD0100C7
:10C110005FF800F0318B00005FF800F0E162010091
:10C120005FF800F0210F02005FF800F0914B020071
:10C130005FF800F0655701005FF800F0217800001B
:10C140005FF800F04DDE01005FF800F0512E0000B6
:10C150005FF800F0059B01005FF800F005CF0000DC
:10C160005FF800F0658E00005FF800F0B5A90100EF
:10C170005FF800F0BD3300005FF800F0694802008E
:10C180005FF800F0DDE300005FF800F001A10000BF
:10C190005FF800F055C601005FF800F011090200D9
:10C1A0005FF800F0772E00005FF800F0B1A3010007
:10C1B0005FF800F0F3E300005FF800F0898F000003
:10C1C0005FF800F07D9F00005FF800F0197200003A
:10C1D0005FF800F0816001005FF800F02B7800004C
:10C1E0005FF800F0214000005FF800F0479C01007C
:10C1F0005FF800F0739801005FF800F069CC01006F
:10C200005FF800F0278500005FF800F0DDA4010072
:10C210005FF800F0F9B300005FF800F05DA60100E0
:10C220005FF800F0B19000005FF800F0FFCE000072
:10C230005FF800F0C5A601005FF800F0A110000053
:10C240005FF800F0E5FB01005FF800F035640100E5
:10C250005FF800F0619801005FF800F029DE01004E
:10C260005FF800F04D6101005FF800F071BF010060
:10C270005FF800F02DC901005FF800F0C94102002D
:10C280005FF800F009B700005FF800F0274B0100ED
:10C290005FF800F0C58E00005FF800F019B90000EB
:10C2A0005FF800F0519C01005FF800F0A3A60100C8
:10C2B0005FF800F07D8E00005FF800F0892E00002E
:10C2C0005FF800F0793200005FF800F0CDA30100C4
:10C2D0005FF800F02D3302005FF800F06DEE000013
:10C2E0005FF800F0655501005FF800F0E18C000098
:10C2F0005FF800F0B16001005FF800F0435F0100FB
:10C300005FF800F0293302005FF800F0972F00007B
:10C310005FF800F0AD6100005FF800F0A90A0000CE
:10C320005FF800F09B6101005FF800F08594010068
:10C330005FF800F037AC01005FF800F08DD000002E
:10C340005FF800F0D17000005FF800F0B52E00003B
:10C350005FF800F0B50700005FF800F0D55B010062
:10C360005FF800F0353200005FF800F0A19F000098
:10C370005FF800F0CDCB01005FF800F0A1B900003C
:10C380005FF800F0199F01005FF800F08964010078
:10C390005FF800F04D8500005FF800F07D9001002F
:10C3A0005FF800F0117800005FF800F08F320200B3
:10C3B0005FF800F029E301005FF800F0A79B01009F
:10C3C0005FF800F0754A02005FF800F065F10100C7
:10C3D0005FF800F0F59B01005FF800F0652E0000AB
:10C3E0005FF800F0258500005FF800F0659101001E
:10C3F0005FF800F0179C01005FF800F009CF000023
:10C400005FF800F071D901005FF800F0A95F01004A
:10C410005FF800F0CD5D01005FF800F0A55201006B
:10C420005FF800F055D000005FF800F0914902007D
:10C430005FF800F0ED9E01005FF800F0319601001A
:10C440005FF800F0759300005FF800F0D9980100E4
:10C450005FF800F0A99801005FF800F09105000076
:10C460005FF800F0D54A02005FF800F09B5A010027
:10C470005FF800F04D9A0000A90F000019130000AA
:10C48000292B00006137000099610000497100000C
:10C49000617800006D7B00009590000055930000CE
:10C4A000459F000071D10000F9D6000011D70000AF
:10C4B00029D7000041D7000059D7000045DA000015
:10C4C0005DDA000075DA00008DDA0000A5DA000000
:10C4D000BDDA000019DD000031DD000049DD00009B
:10C4E00061DD000039E1000051E1000069E1000078
:10C4F00081E10000B5E10000E5E10000FDE10000A0
:10C5000015E200002DE2000045E20000FDEE000013
:0CC510008D8B0100B18B0100AD97010084
:10C520003141000000000000000000004D414C546B
:10C5300041204F524445520000000000000000001E
:10C5400000000000000000000000000000000000EB
:10C55000000000000080464000000000000029406C
:10C560003341000000000000000000004D4F4E412C
:10C57000434F000000000000000000000000000029
:10C5800000000000000000000000000000000000AB
:10C590000000000000E045400000000000001E40D8
:10C5A0003342360000000000000000004147414CCB
:10C5B0004547412049732E000000000000000000A4
:10C5C000000000000000000000000000000000006B
:10C5D00000000000000025C00000000000404C40AA
:10C5E0003342370000000000000000005354204296
:10C5F00052414E444F4E2049732E0000000000006F
:10C60000000000000000000000000000000000002A
:10C6100000000000000025C00000000000404C4069
:10C620003342380000000000000000004D41555228
:10C63000495449555300000000000000000000006C
:10C6400000000000000000000000000000000000EA
:10C6500000000000000034C00000000000C04C409A
:10C66000334239000000000000000000524F4452E5
:10C67000494755455A2049732E000000000000002C
:10C6800000000000000000000000000000000000AA
:10C6900000000000000034C00000000000C04F4057
:10C6A00033430000000000000000000045515541E8
:10C6B000544F5249414C204755494E4541000000D6
:10C6C000000000000000000000000000000000006A
:10C6D00000000000000010400000000000002240A8
:10C6E000334330000000000000000000414E4E4F78
:10C6F000424F4E2049732E00000000000000000051
:10C700000000000000000000000000000000000029
:10C71000000000000000F8BF00000000000016400C
:10C7200033443200000000000000000046494A493E
:10C730002049732E000000000000000000000000EF
:10C7400000000000000000000000000000000000E9
:10C750009A999999999931C000000000004066406B
:10C76000334432430000000000000000434F4E57A6
:10C7700041592052454546000000000000000000DD
:10C7800000000000000000000000000000000000A9
:10C79000CDCCCCCCCCCC35C00000000000D0654066
:10C7A000334432520000000000000000524F545544
:10C7B0004D412049732E00000000000000000000E1
:10C7C0000000000000000000000000000000000069
:10C7D00000000000000029C09A9999999939664093
:10C7E0003344360000000000000000005357415A57
:10C7F000494C414E440000000000000000000000D1
:10C800000000000000000000000000000000000028
:10C810000000000000003BC000000000000040409D
:10C820003344410000000000000000004B494E4727
:10C83000444F4D204F46204553574154494E4900DF
:10C8400000000000000000000000000000000000E8
:10C85000AE47E17A144E3AC04C37894160253F40DB
:10C8600033560000000000000000000054554E49FF
:10C8700053494100000000000000000000000000DB
:10C8800000000000000000000000000000000000A8
:10C890000000000000804240000000000000244032
:10C8A00033570000000000000000000056494554C6
:10C8B000204E414D0000000000000000000000007C
:10C8C0000000000000000000000000000000000068
:10C8D0000AD7A3703D4A2D402FDD240681155B4009
:10C8E0005856000000000000000000005649455462
:10C8F000204E414D0000000000000000000000003C
:10C900000000000000000000000000000000000027
:10C910000AD7A3703D4A2D402FDD240681155B40C8
:10C92000335935000000000000000000424F55560A
:10C9300045542049732E0000000000000000000054
:10C9400000000000000000000000000000000000E7
:10C950000000000000404BC00000000000000C4040
:10C9600033593000000000000000000050455445DD
:10C97000522049732E00000000000000000000005B
:10C9800000000000000000000000000000000000A7
:10C99000A4703D0AD73351C00000000000A056C06B
:10C9A000344B00000000000000000000415A4552D6
:10C9B000424149444A414E0000000000000000008E
:10C9C0000000000000000000000000000000000067
:10C9D000000000000040444000000000000049400A
:10C9E000344C0000000000000000000047454F529A
:10C9F0004749410000000000000000000000000066
:10CA00000000000000000000000000000000000026
:10CA1000000000000000454000000000008046408B
:10CA2000344F000000000000000000004D4F4E5445
:10CA3000454E4547524F0000000000000000000036
:10CA400000000000000000000000000000000000E6
:10CA5000DD24068195334540A8C64B3789413340D4
:10CA60003453000000000000000000005352492031
:10CA70004C414E4B4100000000000000000000004F
:10CA800000000000000000000000000000000000A6
:10CA90000000000000001C40000000000040544066
:10CAA00034553149545500000000000047454E45BB
:10CAB00056412049545500000000000000000000CD
:10CAC0000000000000000000000000000000000066
:10CAD00000000000002047409A99999999991840C0
:10CAE000345531554E00000000000000554E2048DE
:10CAF00051204E455720594F524B00000000000076
:10CB00000000000000000000000000000000000025
:10CB1000000000000080444000000000008052C07F
:10CB200034570000000000000000000054494D4F41
:10CB300052202D204C4553544500000000000000B9
:10CB400000000000000000000000000000000000E5
:10CB500023DBF97E6ABC21C0F2D24D6210605F40D7
:10CB6000345800000000000000000000495352410A
:10CB7000454C000000000000000000000000000024
:10CB800000000000000000000000000000000000A5
:10CB90000000000000004040000000000080414014
:10CBA0003541000000000000000000004C494259DF
:10CBB0004100000000000000000000000000000034
:10CBC0000000000000000000000000000000000065
:10CBD000000000000040404000000000000029402C
:10CBE0003542000000000000000000004359505290
:10CBF000555300000000000000000000000000008D
:10CC00000000000000000000000000000000000024
:10CC10000000000000804140000000000080404013
:10CC200035480000000000000000000054414E5A4A
:10CC3000414E4941000000000000000000000000DB
:10CC400000000000000000000000000000000000E4
:10CC50000000000000001CC00000000000804340F5
:10CC6000354E000000000000000000004E4947451E
:10CC700052494100000000000000000000000000D8
:10CC800000000000000000000000000000000000A4
:10CC90000000000000001A400000000000000840F2
:10CCA0003552000000000000000000004D414C41E2
:10CCB0004741535920524550000000000000000039
:10CCC0000000000000000000000000000000000064
:10CCD00000000000008032C00000000000804740DB
:10CCE0003554000000000000000000004D41555286
:10CCF0004954414E4941000000000000000000007E
:10CD00000000000000000000000000000000000023
:10CD1000000000000000324000000000000030C0B1
:10CD20003555000000000000000000004E49474556
:10CD3000522052455000000000000000000000009A
:10CD400000000000000000000000000000000000E3
:10CD50000000000000002B40000000000000004028
:10CD6000355600000000000000000000544F474FFF
:10CD700020524550000000000000000000000000AC
:10CD800000000000000000000000000000000000A3
:10CD90000000000000001840000000000000F83F04
:10CDA00035570000000000000000000057455354B4
:10CDB00045524E2053414D4F4100000000000000FD
:10CDC0000000000000000000000000000000000063
:10CDD0000000000000002AC000000000008065C0C4
:10CDE0003558000000000000000000005547414E8B
:10CDF00044410000000000000000000000000000AE
:10CE00000000000000000000000000000000000022
:10CE1000000000000000F03F000000000040404023
:10CE20003579000000000000000000004B454E591D
:10CE300041000000000000000000000000000000B1
:10CE400000000000000000000000000000000000E2
:10CE5000000000000000F8BF0000000000C04240D9
:10CE6000355A000000000000000000004B454E59FC
:10CE70004100000000000000000000000000000071
:10CE800000000000000000000000000000000000A2
:10CE9000000000000000F8BF0000000000C0424099
:10CEA000364F00000000000000000000534F4D41CD
:10CEB0004C490000000000000000000000000000DD
:10CEC0000000000000000000000000000000000062
:10CED000000000000000004000000000000047408B
:10CEE00036570000000000000000000053454E458A
:10CEF00047414C000000000000000000000000005E
:10CF00000000000000000000000000000000000021
:10CF10000000000000002E4000000000000032C0B1
:10CF20003659000000000000000000004A414D4159
:10CF30004943410000000000000000000000000024
:10CF400000000000000000000000000000000000E1
:10CF5000000000000000324000000000004053C00C
:10CF6000374A000000000000000000004A41504124
:10CF70004E00000000000000000000000000000063
:10CF800000000000000000000000000000000000A1
:10CF90009A99999999D94140666666666676614024
:10CFA000374F0000000000000000000059454D45CB
:10CFB0004E00000000000000000000000000000023
:10CFC0000000000000000000000000000000000061
:10CFD0000000000000002A400000000000804640E1
:10CFE0003750000000000000000000004C45534F87
:10CFF00054484F0000000000000000000000000046
:10D000000000000000000000000000000000000020
:10D010000000000000003EC00000000000003C4096
:10D020003751000000000000000000004D414C415D
:10D030005749000000000000000000000000000050
:10D0400000000000000000000000000000000000E0
:10D050000000000000002EC00000000000804140E1
:10D06000375800000000000000000000414C474518
:10D0700052494100000000000000000000000000D4
:10D0800000000000000000000000000000000000A0
:10D090000000000000804240000000000000084046
:10D0A00038500000000000000000000042415242E1
:10D0B00041444F5300000000000000000000000049
:10D0C0000000000000000000000000000000000060
:10D0D0000000000000002A400000000000004EC0D8
:10D0E0003851000000000000000000004D414C4499
:10D0F0004956452049732E00000000000000000042
:10D10000000000000000000000000000000000001F
:10D1100000000000000012400000000000605240CB
:10D12000385200000000000000000000475559413F
:10D130004E41000000000000000000000000000060
:10D1400000000000000000000000000000000000DF
:10D150000000000000001C400000000000004DC066
:10D1600039410000000000000000000043524F4120
:10D1700054494100000000000000000000000000D1
:10D18000000000000000000000000000000000009F
:10D190000000000000004740000000000000304098
:10D1A0003947000000000000000000004748414EE1
:10D1B000410000000000000000000000000000002E
:10D1C000000000000000000000000000000000005F
:10D1D00000000000000016400000000000000000F9
:10D1E0003948000000000000000000004D414C5490
:10D1F00041000000000000000000000000000000EE
:10D20000000000000000000000000000000000001E
:10D2100000000000000042400000000000002D401F
:10D22000394A000000000000000000005A414D4251
:10D230004941000000000000000000000000000064
:10D2400000000000000000000000000000000000DE
:10D250000000000000002EC00000000000003C4064
:10D26000394B000000000000000000004B55574102
:10D270004954000000000000000000000000000011
:10D28000000000000000000000000000000000009E
:10D290000000000000003D40000000000000484089
:10D2A000394C0000000000000000000053494552C6
:10D2B0005241204C454F4E45000000000000000048
:10D2C000000000000000000000000000000000005E
:10D2D00000000000000021400000000000002AC003
:10D2E000394D3200000000000000000057204D4181
:10D2F0004C4159534941000000000000000000006B
:10D30000000000000000000000000000000000001D
:10D3100000000000000008400000000000805940AC
:10D32000394D3600000000000000000045204D414E
:10D330004C4159534941000000000000000000002A
:10D3400000000000000000000000000000000000DD
:10D3500000000000000018400000000000405D4098
:10D36000394E000000000000000000004E45504112
:10D370004C00000000000000000000000000000061
:10D38000000000000000000000000000000000009D
:10D390000000000000803B400000000000405540BD
:10D3A00039510000000000000000000044454D20FD
:10D3B0005245502E204F4620434F4E474F0000000D
:10D3C000000000000000000000000000000000005D
:10D3D00000000000000010C00000000000002E400F
:10D3E0003955000000000000000000004255525571
:10D3F0004E44490000000000000000000000000052
:10D40000000000000000000000000000000000001C
:10D4100000000000000008C00000000000003D40C7
:10D4200039560000000000000000000053494E473C
:10D4300041504F5245000000000000000000000075
:10D4400000000000000000000000000000000000DC
:10D45000000000000000F03F0000000000005A4003
:10D460003958000000000000000000005257414EF3
:10D470004441000000000000000000000000000027
:10D48000000000000000000000000000000000009C
:10D4900000000000000000C00000000000003E404E
:10D4A0003959000000000000000000005452494EAD
:10D4B000494441442D544F4241474F000000000071
:10D4C000000000000000000000000000000000005C
:10D4D00000000000000025400000000000C04EC019
:10D4E000413200000000000000000000424F545391
:10D4F00057414E4100000000000000000000000005
:10D50000000000000000000000000000000000001B
:10D51000B6F3FDD478A938C023DBF97E6AFC394024
:10D52000413300000000000000000000544F4E474F
:10D53000412049732E0000000000000000000000A0
:10D5400000000000000000000000000000000000DB
:10D550001904560E2D3235C0CBA145B6F3E565C092
:10D560004134000000000000000000004F4D414E1B
:10D5700000000000000000000000000000000000AB
:10D58000000000000000000000000000000000009B
:10D5900000000000000036400000000000004D4088
:10D5A00041350000000000000000000042485554D2
:10D5B000414E0000000000000000000000000000DC
:10D5C000000000000000000000000000000000005B
:10D5D0000000000000803B40666666666686564036
:10D5E000413600000000000000000000554E495484
:10D5F0004544204152414220454D495241544553F2
:10D60000000000000000000000000000000000001A
:10D610003BDF4F8D976E3840A69BC420B0324B4005
:10D62000413700000000000000000000514154415B
:10D630005200000000000000000000000000000098
:10D6400000000000000000000000000000000000DA
:10D6500000000000000039409A9999999999494031
:10D660004139000000000000000000004241485223
:10D6700041494E00000000000000000000000000D2
:10D68000000000000000000000000000000000009A
:10D690000000000000003A40000000000040494047
:10D6A00041503200000000000000000050414B4992
:10D6B0005354414E00000000000000000000000034
:10D6C000000000000000000000000000000000005A
:10D6D0000000000000003E400000000000805140BB
:10D6E0004153000000000000000000005350524170
:10D6F000544C592049732E00000000000000000027
:10D700000000000000000000000000000000000019
:10D710000AD7A3703D4A21407B14AE47E1FA5B4033
:10D720004200000000000000000000004348494E95
:10D7300041000000000000000000000000000000A8
:10D7400000000000000000000000000000000000D9
:10D750005839B4C876EE434033333333331B5D401E
:10D7600042533700000000000000000053434152C4
:10D77000424F524F55474800000000000000000093
:10D780000000000000000000000000000000000099
:10D790000000000000002E400000000000805D40FE
:10D7A00042560000000000000000000054414957AC
:10D7B000414E0000000000000000000000000000DA
:10D7C0000000000000000000000000000000000059
:10D7D00000000000000038400000000000405E40F3
:10D7E00042563950000000000000000050524154E1
:10D7F00041532049732E000000000000000000008B
:10D800000000000000000000000000000000000018
:10D8100000000000000035400000000000405D40B6
:10D820004259000000000000000000004348494E3B
:10D8300041000000000000000000000000000000A7
:10D8400000000000000000000000000000000000D8
:10D850005839B4C876EE434033333333331B5D401D
:10D860004332000000000000000000004E4155520D
:10D870005500000000000000000000000000000053
:10D880000000000000000000000000000000000098
:10D89000000000000000E0BF0000000000E0644065
:10D8A000433300000000000000000000414E444FE0
:10D8B0005252410000000000000000000000000083
:10D8C0000000000000000000000000000000000058
:10D8D0000000000000404540000000000000F83F4C
:10D8E00043350000000000000000000054484520BF
:10D8F00047414D4249410000000000000000000087
:10D900000000000000000000000000000000000017
:10D910000000000000002A4000000000000031C0AC
:10D920004336000000000000000000004241484172
:10D930004D41530000000000000000000000000006
:10D9400000000000000000000000000000000000D7
:10D95000000000000000394000000000006053C0DB
:10D960004339000000000000000000004D4F5A4104
:10D970004D424951554500000000000000000000E4
:10D980000000000000000000000000000000000097
:10D9900000000000000034C0000000000080404093
:10D9A0004345000000000000000000004348494CCF
:10D9B0004500000000000000000000000000000022
:10D9C0000000000000000000000000000000000057
:10D9D0000000000000C040C00000000000E051C096
:10D9E0004345304100000000000000004541535411
:10D9F00045522049732E0000000000000000000086
:10DA00000000000000000000000000000000000016
:10DA10000000000000003CC00000000000405BC0AF
:10DA200043453058000000000000000053414E20E4
:10DA300046454C495800000000000000000000006E
:10DA400000000000000000000000000000000000D6
:10DA50000000000000003AC000000000000054C0B8
:10DA60004345305A00000000000000004A55414E76
:10DA7000204645524E414E44455A000000000000E9
:10DA80000000000000000000000000000000000096
:10DA90000000000000C040C0CDCCCCCCCCAC53C00A
:10DAA000434539000000000000000000414E544191
:10DAB00052435449434100000000000000000000B0
:10DAC0000000000000000000000000000000000056
:10DAD000EC51B81E85A352C0295C8FC2F528E4BF63
:10DAE000434D00000000000000000000435542418B
:10DAF0000000000000000000000000000000000026
:10DB00000000000000000000000000000000000015
:10DB1000000000000000374000000000008054C0FA
:10DB2000434E000000000000000000004D4F524F27
:10DB300043434F0000000000000000000000000010
:10DB400000000000000000000000000000000000D5
:10DB5000000000000080404000000000000020C0E5
:10DB6000434F000000000000000000004355424108
:10DB700000000000000000000000000000000000A5
:10DB80000000000000000000000000000000000095
:10DB9000000000000000374000000000008054C07A
:10DBA000435000000000000000000000424F4C49BC
:10DBB0005649410000000000000000000000000085
:10DBC0000000000000000000000000000000000055
:10DBD00000000000008030C000000000002051C0A4
:10DBE000435400000000000000000000504F525459
:10DBF0005547414C000000000000000000000000FC
:10DC00000000000000000000000000000000000014
:10DC1000000000000080434000000000000022C01F
:10DC20004354330000000000000000004D41444513
:10DC30004952412049732E000000000000000000FE
:10DC400000000000000000000000000000000000D4
:10DC5000000000000080404000000000000031C0D3
:10DC6000435500000000000000000000415A4F52E0
:10DC700045532049732E0000000000000000000002
:10DC80000000000000000000000000000000000094
:10DC900000000000000043400000000000003CC005
:10DCA0004356000000000000000000005552554798
:10DCB0005541590000000000000000000000000075
:10DCC0000000000000000000000000000000000054
:10DCD00000000000008041C00000000000004CC0B7
:10DCE0004358000000000000000000005552554756
:10DCF0005541590000000000000000000000000035
:10DD00000000000000000000000000000000000013
:10DD100000000000008041C00000000000004CC076
:10DD20004359300000000000000000005341424C05
:10DD3000452049732E000000000000000000000094
:10DD400000000000000000000000000000000000D3
:10DD5000D7A3703D0AF745400000000000004EC008
:10DD600043593900000000000000000053542050C7
:10DD700041554C2049732E000000000000000000B7
:10DD80000000000000000000000000000000000093
:10DD90000000000000A047403333333333134EC03C
:10DDA000443200000000000000000000414E474FD8
:10DDB0004C410000000000000000000000000000D6
:10DDC0000000000000000000000000000000000053
:10DDD00066666666666621C0CDCCCCCCCC4C2A404B
:10DDE00044340000000000000000000043415045A2
:10DDF0002056455244452049732E00000000000083
:10DE00000000000000000000000000000000000012
:10DE1000000000000000304000000000000038C09A
:10DE2000443600000000000000000000434F4D4F4A
:10DE3000524F532049732E000000000000000000E4
:10DE400000000000000000000000000000000000D2
:10DE500000000000000028C0000000000000464054
:10DE6000444C000000000000000000004745524DF7
:10DE7000414E5900000000000000000000000000BA
:10DE80000000000000000000000000000000000092
:10DE900017D9CEF753434A40A01A2FDD24462B4012
:10DEA0004455000000000000000000005048494CAC
:10DEB000495050494E45530000000000000000004A
:10DEC0000000000000000000000000000000000052
:10DED0000000000000002E400000000000405E40F6
:10DEE0004533000000000000000000004552495486
:10DEF0004852454100000000000000000000000002
:10DF00000000000000000000000000000000000011
:10DF10000000000000002E40000000000080434090
:10DF200045340000000000000000000050414C4556
:10DF30005354494E4500000000000000000000005E
:10DF400000000000000000000000000000000000D1
:10DF500039B4C876BEFF3F40E9263108AC9C414049
:10DF6000453500000000000000000000434F4F4B0B
:10DF70002049532E000000000000000000000000B7
:10DF80000000000000000000000000000000000091
:10DF9000EE7C3F355E3A35C085EB51B81EF963C063
:10DFA0004536000000000000000000004E495545C5
:10DFB0000000000000000000000000000000000061
:10DFC0000000000000000000000000000000000051
:10DFD0008FC2F5285C0F33C0BA6B09F9A03B65C04E
:10DFE000453700000000000000000000424F534E83
:10DFF00049412D4845525A45474F56494E41000028
:10E000000000000000000000000000000000000010
:10E01000E5D022DBF9EE4540B6F3FDD47869324015
:10E02000454100000000000000000000535041493D
:10E030004E00000000000000000000000000000092
:10E0400000000000000000000000000000000000D0
:10E05000000000000000444000000000000010C06C
:10E0600045413300000000000000000043415441DE
:10E070004C414C4F4E4941000000000000000000A0
:10E080000000000000000000000000000000000090
:10E0900054E3A59BC430454079E9263108ACF23FF2
:10E0A00045413600000000000000000042414C45A0
:10E0B000415249432049732E000000000000000037
:10E0C0000000000000000000000000000000000050
:10E0D0000000000000C043400000000000000840B5
:10E0E00045413800000000000000000043414E415F
:10E0F00052592049732E000000000000000000006B
:10E10000000000000000000000000000000000000F
:10E110000000000000003C400000000000002FC094
:10E120004541390000000000000000004D454C4909
:10E130004C4C41202620434555544100000000002E
:10E1400000000000000000000000000000000000CF
:10E15000000000000080414000000000000008C0F6
:10E160004549000000000000000000004952454CF5
:10E17000414E4400000000000000000000000000CC
:10E18000000000000000000000000000000000008F
:10E190000000000000804A4000000000000018C09D
:10E1A000454B0000000000000000000041524D45BA
:10E1B0004E49410000000000000000000000000087
:10E1C000000000000000000000000000000000004F
:10E1D0000000000000804440000000000080464035
:10E1E000454C000000000000000000004C49424582
:10E1F0005249410000000000000000000000000043
:10E20000000000000000000000000000000000000E
:10E210000000000000001C4000000000000026C0BC
:10E220004550000000000000000000004952414E2F
:10E2300000000000000000000000000000000000DE
:10E2400000000000000000000000000000000000CE
:10E2500000000000000042400000000000004A40B2
:10E260004552000000000000000000004D4F4C44EB
:10E27000415649410000000000000000000000007D
:10E28000000000000000000000000000000000008E
:10E2900000000000008047400000000000003D40FA
:10E2A0004553000000000000000000004553544F9B
:10E2B0004E49410000000000000000000000000086
:10E2C000000000000000000000000000000000004E
:10E2D00000000000008048400000000000003940BD
:10E2E000455400000000000000000000455448496B
:10E2F0004F504941000000000000000000000000F5
:10E30000000000000000000000000000000000000D
:10E310000000000000002240000000000080434098
:10E320004555000000000000000000004249454C37
:10E330004F525553534941000000000000000000B7
:10E3400000000000000000000000000000000000CD
:10E350000000000000004B400000000000003C40B6
:10E360004558000000000000000000004B495247E3
:10E3700048495354414E00000000000000000000D6
:10E38000000000000000000000000000000000008D
:10E3900033333333337345400000000000C0524034
:10E3A0004559000000000000000000005441444AAC
:10E3B000494B495354414E0000000000000000004A
:10E3C000000000000000000000000000000000004D
:10E3D0000000000000C04340000000000000514069
:10E3E000455A000000000000000000005455524B48
:10E3F0004D454E495354414E0000000000000000BE
:10E40000000000000000000000000000000000000C
:10E4100000000000000043400000000000004D40EC
:10E420004600000000000000000000004652414E7F
:10E430004345000000000000000000000000000054
:10E4400000000000000000000000000000000000CC
:10E450000000000000804840000000000000004074
:10E4600046470000000000000000000047554144FE
:10E47000454C4F5550452049732E000000000000C8
:10E48000000000000000000000000000000000008C
:10E4900000000000000030400000000000004FC0FD
:10E4A0004648000000000000000000004D41594FA8
:10E4B0005454452049732E00000000000000000065
:10E4C000000000000000000000000000000000004C
:10E4D0000000000000002AC000000000008046404C
:10E4E000464A0000000000000000000053542E20A7
:10E4F0004241525448454C454D590000000000002F
:10E50000000000000000000000000000000000000B
:10E5100062105839B4684840F6285C8FC2F50A404A
:10E52000464B000000000000000000004E45572050
:10E5300043414C45444F4E4941000000000000005B
:10E5400000000000000000000000000000000000CB
:10E5500000000000000036C00000000000E0644041
:10E56000464D000000000000000000004D415254E4
:10E57000494E4951554500000000000000000000D0
:10E58000000000000000000000000000000000008B
:10E590000000000000002E400000000000804EC07F
:10E5A000464F00000000000000000000504F4C5992
:10E5B0004E455349410000000000000000000000EB
:10E5C000000000000000000000000000000000004B
:10E5D00000000000000032C00000000000C062C067
:10E5E000464F30000000000000000000434C49503E
:10E5F000504552544F4E2049732E00000000000039
:10E60000000000000000000000000000000000000A
:10E610009A999999999924400000000000505BC094
:10E62000465000000000000000000000535420503D
:10E6300049455252452026204D495155454C4F4E93
:10E640002049732E000000000000000000000000C0
:10E6500000000000008047400000000000804CC027
:10E660004652000000000000000000005245554ED8
:10E67000494F4E00000000000000000000000000B4
:10E68000000000000000000000000000000000008A
:10E6900000000000000035C00000000000004B40FA
:10E6A000465247000000000000000000474C4F5257
:10E6B000494F534F2049732E000000000000000016
:10E6C000000000000000000000000000000000004A
:10E6D00000000000000026C000000000008047404D
:10E6E00046524A0000000000000000004A55414E1A
:10E6F000204445204E4F56412049732E0000000013
:10E700000000000000000000000000000000000009
:10E7100000000000000031C0000000000000454083
:10E7200046525400000000000000000054524F4DBB
:10E73000454C494E2049732E0000000000000000A7
:10E7400000000000000000000000000000000000C9
:10E7500000000000000030C00000000000004B403E
:10E760004653000000000000000000005354204DFC
:10E77000415254494E00000000000000000000001B
:10E780000000000000000000000000000000000089
:10E7900000000000000032400000000000804FC078
:10E7A00046543557000000000000000043524F5A05
:10E7B00045542049732E00000000000000000000B6
:10E7C0000000000000000000000000000000000049
:10E7D00000000000000047C00000000000004A40A8
:10E7E0004654355800000000000000004B455247D9
:10E7F00055454C454E2049732E0000000000000096
:10E800000000000000000000000000000000000008
:10E810000000000000A048C0CDCCCCCCCC4C514076
:10E820004654355A0000000000000000414D53548A
:10E83000455244414D2049732E0000000000000065
:10E8400000000000000000000000000000000000C8
:10E8500000000000000043C06666666666665340BE
:10E8600046570000000000000000000057414C4CDB
:10E870004953202620465554554E410000000000C3
:10E880000000000000000000000000000000000088
:10E890009A99999999992AC066666666660666C0CD
:10E8A0004659000000000000000000004652454E9E
:10E8B000434820475559414E4100000000000000E8
:10E8C0000000000000000000000000000000000048
:10E8D00000000000000014400000000000004AC0DA
:10E8E000470000000000000000000000454E474CBB
:10E8F000414E440000000000000000000000000045
:10E900000000000000000000000000000000000007
:10E910000000000000C04940BDE3141DC9E5BF3F31
:10E92000475800000000000000000000454E474C22
:10E93000414E440000000000000000000000000004
:10E9400000000000000000000000000000000000C7
:10E950000000000000C04940BDE3141DC9E5BF3FF1
:10E960004D0000000000000000000000454E474C34
:10E97000414E4400000000000000000000000000C4
:10E980000000000000000000000000000000000087
:10E990000000000000C04940BDE3141DC9E5BF3FB1
:10E9A00047440000000000000000000049534C45AF
:10E9B000204F46204D414E000000000000000000A6
:10E9C0000000000000000000000000000000000047
:10E9D0000000000000204B4000000000000012C0BA
:10E9E0004749000000000000000000004E4F525454
:10E9F0004845524E204952454C414E4400000000CB
:10EA00000000000000000000000000000000000006
:10EA10000000000000804B4000000000000018C013
:10EA2000474A000000000000000000004A45525321
:10EA300045592049732E000000000000000000002E
:10EA400000000000000000000000000000000000C6
:10EA50000000000000A0484033333333333301C09B
:10EA6000474D0000000000000000000053434F54D9
:10EA70004C414E4400000000000000000000000077
:10EA80000000000000000000000000000000000086
:10EA90005C8FC2F528BC4B405EBA490C022B02C009
:10EAA0004755000000000000000000004755455297
:10EAB0004E5345592049732E00000000000000000D
:10EAC0000000000000000000000000000000000046
:10EAD0000000000000C04840CDCCCCCCCCCC04C061
:10EAE00047570000000000000000000057414C455F
:10EAF00053000000000000000000000000000000C3
:10EB00000000000000000000000000000000000005
:10EB10000000000000804A4000000000000010C01B
:10EB2000483400000000000000000000534F4C4F2C
:10EB30004D4F4E2049732E000000000000000000E1
:10EB400000000000000000000000000000000000C5
:10EB500000000000000024C000000000000064402D
:10EB600048343000000000000000000054454D4FC4
:10EB700054552050524F56494E4345000000000066
:10EB80000000000000000000000000000000000085
:10EB9000894160E5D06225C083C0CAA145BE6440FA
:10EBA00048410000000000000000000048554E47AA
:10EBB0004152590000000000000000000000000069
:10EBC0000000000000000000000000000000000045
:10EBD000000000000000484000000000000033403A
:10EBE0004842000000000000000000005357495454
:10EBF0005A45524C414E4400000000000000000005
:10EC00000000000000000000000000000000000004
:10EC10009A99999999794740CDCCCCCCCCCC1D40D0
:10EC20004842300000000000000000004C4945430D
:10EC30004854454E535445494E0000000000000022
:10EC400000000000000000000000000000000000C4
:10EC50000AD7A3703D8A47403333333333332340DD
:10EC600048430000000000000000000045435541FB
:10EC7000444F5200000000000000000000000000AF
:10EC80000000000000000000000000000000000084
:10EC9000000000000000000000000000008053C0E1
:10ECA00048433800000000000000000047414C418C
:10ECB0005041474F532049732E00000000000000D0
:10ECC0000000000000000000000000000000000044
:10ECD000000000000000E0BF0000000000C056C0BF
:10ECE000484800000000000000000000484149546E
:10ECF00049000000000000000000000000000000CB
:10ED00000000000000000000000000000000000003
:10ED1000000000000000334000000000000052C06E
:10ED2000484900000000000000000000444F4D4929
:10ED30004E4943414E2052455055424C49430000F4
:10ED400000000000000000000000000000000000C3
:10ED5000000000000000334000000000008051C0AF
:10ED6000484B00000000000000000000434F4C4FE3
:10ED70004D4249410000000000000000000000007A
:10ED80000000000000000000000000000000000083
:10ED9000000000000000144000000000008052C08D
:10EDA000484B304D00000000000000004D414C5029
:10EDB000454C4F2049732E00000000000000000069
:10EDC0000000000000000000000000000000000043
:10EDD000000000000000104000000000006054C06F
:10EDE000484B3053000000000000000053414E200B
:10EDF000414E445245532049732E0000000000004C
:10EE00000000000000000000000000000000000002
:10EE1000000000000000294000000000004054C035
:10EE2000484C00000000000000000000534F555403
:10EE300048204B4F524541000000000000000000F8
:10EE400000000000000000000000000000000000C2
:10EE500000000000008042400000000000C05F4051
:10EE600048500000000000000000000050414E41EA
:10EE70004D41000000000000000000000000000004
:10EE80000000000000000000000000000000000082
:10EE9000000000000000224000000000000054C0FC
:10EEA000485200000000000000000000484F4E449F
:10EEB0005552415300000000000000000000000017
:10EEC0000000000000000000000000000000000042
:10EED0000000000000002C400000000000C055C0F1
:10EEE0004853000000000000000000005448414961
:10EEF0004C414E44000000000000000000000000F3
:10EF00000000000000000000000000000000000001
:10EF10000000000000002C400000000000405940AC
:10EF2000485600000000000000000000564154490F
:10EF300043414E20434954590000000000000000A6
:10EF400000000000000000000000000000000000C1
:10EF500000000000000045400000000000002A40C2
:10EF6000485A0000000000000000000053415544D2
:10EF70004920415241424941000000000000000088
:10EF80000000000000000000000000000000000081
:10EF90000000000000003A4000000000000049406E
:10EFA0004900000000000000000000004954414CEE
:10EFB00059000000000000000000000000000000F8
:10EFC0000000000000000000000000000000000041
:10EFD000000000000000454000000000000024C0C8
:10EFE000495300000000000000000000534152445B
:10EFF000494E49412049732E0000000000000000E6
:10F000000000000000000000000000000000000000
:10F01000000000000000444000000000000022400A
:10F020004A3200000000000000000000444A49424B
:10F030004F5554490000000000000000000000008F
:10F0400000000000000000000000000000000000C0
:10F050000000000000002740000000000080454044
:10F060004A33000000000000000000004752454EF7
:10F0700041444100000000000000000000000000CA
:10F080000000000000000000000000000000000080
:10F090003333333333332840CDCCCCCCCCCC4EC0FF
:10F0A0004A35000000000000000000004755494EAE
:10F0B00045412D42495353415500000000000000D6
:10F0C0000000000000000000000000000000000040
:10F0D00000000000000028400000000000002EC0DA
:10F0E0004A360000000000000000000053542E20AB
:10F0F0004C554349412049732E0000000000000098
:10F1000000000000000000000000000000000000FF
:10F110000000000000002C400000000000804EC0F5
:10F120004A3700000000000000000000444F4D4935
:10F130004E4943412049732E0000000000000000AA
:10F1400000000000000000000000000000000000BF
:10F15000CDCCCCCCCCCC2E40CDCCCCCCCCAC4EC0C1
:10F160004A38000000000000000000005354205600
:10F17000494E43454E542049732E000000000000C4
:10F18000000000000000000000000000000000007F
:10F19000CDCCCCCCCC4C2A40CDCCCCCCCC8C4EC025
:10F1A0004A41000000000000000000004A415041B8
:10F1B0004E00000000000000000000000000000001
:10F1C000000000000000000000000000000000003F
:10F1D0009A99999999D941406666666666766140C2
:10F1E0004A44314D00000000000000004D494E41EE
:10F1F0004D492D544F52495348494D41000000009C
:10F2000000000000000000000000000000000000FE
:10F21000CDCCCCCCCC4C3C40000000000040634046
:10F220004A44314F00000000000000004F474153A6
:10F230004157415241000000000000000000000062
:10F2400000000000000000000000000000000000BE
:10F250000000000000003B40CDCCCCCCCCC46140D1
:10F260004A54000000000000000000004D4F4E47CF
:10F270004F4C494100000000000000000000000069
:10F28000000000000000000000000000000000007E
:10F2900000000000000048400000000000C05A408C
:10F2A0004A57000000000000000000005356414C87
:10F2B000424152442049732E00000000000000002B
:10F2C000000000000000000000000000000000003E
:10F2D00000000000008053400000000000003040AB
:10F2E0004A58000000000000000000004A414E2083
:10F2F0004D4159454E2049732E000000000000008A
:10F3000000000000000000000000000000000000FD
:10F310000000000000C0514000000000000020C0BC
:10F320004A59000000000000000000004A4F52440B
:10F33000414E00000000000000000000000000003E
:10F3400000000000000000000000000000000000BD
:10F3500000000000000040400000000000004240AB
:10F360004B4334000000000000000000414E5441B7
:10F3700052435449434100000000000000000000D7
:10F38000000000000000000000000000000000007D
:10F39000EC51B81E85A352C0295C8FC2F528E4BF8A
:10F3A0004B433600000000000000000042454C4185
:10F3B00055000000000000000000000000000000F8
:10F3C000000000000000000000000000000000003D
:10F3D0000000000000001440000000000020614018
:10F3E0004B47340000000000000000004755414E2C
:10F3F00054414E414D4F2042415900000000000051
:10F4000000000000000000000000000000000000FC
:10F4100000000000000034400000000000C052C0A6
:10F420004B48300000000000000000004D415249F0
:10F43000414E412049732E000000000000000000F2
:10F4400000000000000000000000000000000000BC
:10F45000000000000000304000000000004062405A
:10F460004B483100000000000000000042414B45C5
:10F4700052202620484F574C414E442049732E00BD
:10F48000000000000000000000000000000000007C
:10F49000000000000000F03F00000000000066C017
:10F4A0004B48320000000000000000004755414D6D
:10F4B0002049732E00000000000000000000000042
:10F4C000000000000000000000000000000000003C
:10F4D0000000000000002C400000000000206240FE
:10F4E0004B48330000000000000000004A4F484E27
:10F4F00053544F4E2049732E0000000000000000BE
:10F5000000000000000000000000000000000000FB
:10F51000000000000000314000000000004065C015
:10F520004B48340000000000000000004D494457E3
:10F5300041592049732E0000000000000000000027
:10F5400000000000000000000000000000000000BB
:10F550003333333333333C4000000000002866C0AF
:10F560004B483500000000000000000050414C4DA9
:10F570005952412049732E00000000000000000095
:10F58000000000000000000000000000000000007B
:10F59000000000000000184000000000004064C0AF
:10F5A0004B48354B00000000000000004B494E471F
:10F5B0004D414E205245454600000000000000002D
:10F5C000000000000000000000000000000000003B
:10F5D0000000000000001E409A999999995964C052
:10F5E0004B48360000000000000000004841574131
:10F5F0004949000000000000000000000000000079
:10F6000000000000000000000000000000000000FA
:10F61000CDCCCCCCCC4C3540CDCCCCCCCCBC63C050
:10F620004B48370000000000000000004B555245D9
:10F630002049732E000000000000000000000000C0
:10F6400000000000000000000000000000000000BA
:10F650006666666666663C409A999999995966C04D
:10F660004B4838000000000000000000414D4552AA
:10F670004943414E2053414D4F41000000000000DE
:10F68000000000000000000000000000000000007A
:10F690000000000000002CC000000000006065C0F9
:10F6A0004B483900000000000000000057414B4566
:10F6B0002049732E00000000000000000000000040
:10F6C000000000000000000000000000000000003A
:10F6D000CDCCCCCCCC4C33400000000000E06440EA
:10F6E0004B4C37000000000000000000414C41532B
:10F6F0004B4100000000000000000000000000007E
:10F7000000000000000000000000000000000000F9
:10F7100064533AC07C9B4E40AF81AD12DCBA62C0EC
:10F720004B50310000000000000000004E415641E7
:10F730005353412049732E000000000000000000D8
:10F7400000000000000000000000000000000000B9
:10F7500066666666666632400000000000C052C001
:10F760004B50320000000000000000005649524794
:10F77000494E2049732E00000000000000000000E8
:10F780000000000000000000000000000000000079
:10F79000CDCCCCCCCC4C3240CDCCCCCCCC2C50C075
:10F7A0004B5034000000000000000000505545524E
:10F7B000544F205249434F00000000000000000059
:10F7C0000000000000000000000000000000000039
:10F7D0000000000000803240CDCCCCCCCC8C50C09E
:10F7E0004B50350000000000000000004445534528
:10F7F0004348454F000000000000000000000000EA
:10F8000000000000000000000000000000000000F8
:10F81000CDCCCCCCCC4C32400000000000E050C03D
:10F820004C41000000000000000000004E4F525705
:10F83000415900000000000000000000000000002E
:10F8400000000000000000000000000000000000B8
:10F850000000000000004E400000000000002640B4
:10F860004C550000000000000000000041524745D8
:10F870004E54494E4100000000000000000000000E
:10F880000000000000000000000000000000000078
:10F8900000000000008041C00000000000004DC0DA
:10F8A0004C58000000000000000000004C55584576
:10F8B0004D424F555247000000000000000000007C
:10F8C0000000000000000000000000000000000038
:10F8D0000000000000E0484052B81E85EB5118407F
:10F8E0004C59000000000000000000004C49544842
:10F8F00055414E494100000000000000000000009A
:10F9000000000000000000000000000000000000F7
:10F910000000000000004C400000000000003A40E1
:10F920004C5A0000000000000000000042554C4707
:10F9300041524941000000000000000000000000AA
:10F9400000000000000000000000000000000000B7
:10F95000000000000080454000000000000037402B
:10F960004F410000000000000000000050455255CB
:10F970000000000000000000000000000000000087
:10F980000000000000000000000000000000000077
:10F990003E8D3CBFDF2128C05D035B25983E53C0F0
:10F9A0004F44000000000000000000004C454241B0
:10F9B0004E4F4E000000000000000000000000005C
:10F9C0000000000000000000000000000000000037
:10F9D0000000000000004140000000000000424024
:10F9E0004F45000000000000000000004155535446
:10F9F000524941000000000000000000000000002B
:10FA000000000000000000000000000000000000F6
:10FA10009A99999999194840666666666666304073
:10FA20004F480000000000000000000046494E4C16
:10FA3000414E4400000000000000000000000000F3
:10FA400000000000000000000000000000000000B6
:10FA50000000000000004F400000000000003B409C
:10FA60004F4830000000000000000000414C414EB3
:10FA7000442049732E000000000000000000000038
:10FA80000000000000000000000000000000000076
:10FA90000000000000004E40000000000000344064
:10FAA0004F4A300000000000000000004D41524B62
:10FAB000455420524545460000000000000000006B
:10FAC0000000000000000000000000000000000036
:10FAD0000000000000004E40000000000000354023
:10FAE0004F4B00000000000000000000435A454357
:10FAF000482052455055424C494B00000000000040
:10FB000000000000000000000000000000000000F5
:10FB100000000000000049400000000000003040EC
:10FB20004F4D00000000000000000000534C4F56F5
:10FB3000414B4941000000000000000000000000AF
:10FB400000000000000000000000000000000000B5
:10FB50000000000000804840000000000000344029
:10FB60004F4E0000000000000000000042454C47DE
:10FB700049554D000000000000000000000000009A
:10FB80000000000000000000000000000000000075
:10FB9000000000000080494000000000000010400C
:10FBA0004F550000000000000000000044454E4D8D
:10FBB00041524B0000000000000000000000000067
:10FBC0000000000000000000000000000000000035
:10FBD0003F355EBA49DC4B40AAF1D24D62902840D5
:10FBE0004F5800000000000000000000475245454B
:10FBF0004E4C414E44000000000000000000000098
:10FC000000000000000000000000000000000000F4
:10FC10000000000000804F400000000000004AC0CB
:10FC20004F5900000000000000000000464145520E
:10FC30004F452049732E0000000000000000000026
:10FC400000000000000000000000000000000000B4
:10FC50000000000000004F400000000000001CC039
:10FC60004F5A0000000000000000000044454E4DC7
:10FC700041524B00000000000000000000000000A6
:10FC80000000000000000000000000000000000074
:10FC90003F355EBA49DC4B40AAF1D24D6290284014
:10FCA000503200000000000000000000504150559C
:10FCB00041204E4557204755494E45410000000020
:10FCC0000000000000000000000000000000000034
:10FCD00000000000000014C000000000004062406E
:10FCE0005034000000000000000000004152554266
:10FCF000412049732E0000000000000000000000B9
:10FD000000000000000000000000000000000000F3
:10FD1000000000000000294000000000008051C0E9
:10FD20005035000000000000000000004E4F52540B
:10FD300048204B4F524541000000000000000000E9
:10FD400000000000000000000000000000000000B3
:10FD50000000000000804340CDCCCCCCCC6C5F4098
:10FD60005041000000000000000000004E455448D3
:10FD700045524C414E44530000000000000000007A
:10FD80000000000000000000000000000000000073
:10FD90000000000000004A40000000000000144085
:10FDA000504A320000000000000000004E45544858
:10FDB0002E20414E54494C4C455300000000000099
:10FDC0000000000000000000000000000000000033
:10FDD000000000000000284000000000004051C06A
:10FDE000504A3235000000000000000043555241E7
:10FDF00043414F0000000000000000000000000030
:10FE000000000000000000000000000000000000F2
:10FE1000736891ED7C3F284039B4C876BE3751C035
:10FE2000504A34000000000000000000424F4E41E4
:10FE300049524500000000000000000000000000E2
:10FE400000000000000000000000000000000000B2
:10FE5000F0A7C64B374928401B2FDD24061151C09F
:10FE6000504A3500000000000000000053414245A8
:10FE70002D53542E454953544154495553000000C5
:10FE80000000000000000000000000000000000072
:10FE900017D9CEF753A331403BDF4F8D979E4FC00C
:10FEA000504A370000000000000000005354204D6D
:10FEB00041415254454E0000000000000000000087
:10FEC0000000000000000000000000000000000032
:10FED00000000000000032400000000000804FC021
:10FEE0005059000000000000000000004252415A3A
:10FEF000494C00000000000000000000000000006D
:10FF000000000000000000000000000000000000F1
:10FF10005FF79E6868B32FC0B506B64AD0EB47C0FE
:10FF20005059304600000000000000004645524E87
:10FF3000414E444F204445204E4F524F4E484120A1
:10FF400049732E00000000000000000000000000C7
:10FF50003333333333330FC000000000004040C060
:10FF6000505930530000000000000000535420504E
:10FF7000455445522D5041554C275320524F434B29
:10FF8000530000000000000000000000000000001E
:10FF900000000000000000400000000000003EC023
:10FFA0005059305400000000000000005452494EE7
:10FFB00049444144452049732E00000000000000E0
:10FFC0000000000000000000000000000000000031
:10FFD00000000000000035C000000000008040C0AC
:10FFE000505A000000000000000000005355524924
:10FFF0004E414D0000000000000000000000000025
:02000004600199
:1000000000000000000000000000000000000000F0
:1000100000000000000018400000000000804BC0FD
:100020005231464A00000000000000004652414E96
:100030005A204A4F534546204C414E440000000090
:1000400000000000000000000000000000000000B0
:1000500000000000000054400000000000804B4001
:1000600052314D5600000000000000004D414C5937
:100070004A5659534F54534B494A2049732E000056
:100080000000000000000000000000000000000070
:100090000000000000404E400000000000803C4096
:1000A000533000000000000000000000574553548A
:1000B00045524E205341484152410000000000008B
:1000C0000000000000000000000000000000000030
:1000D0000000000000003B400000000000002AC0BB
:1000E00053320000000000000000000042414E4773
:1000F0004C4144455348000000000000000000004F
:1001000000000000000000000000000000000000EF
:1001100000000000000038400000000000C0564011
:10012000533500000000000000000000534C4F5603
:10013000454E4941000000000000000000000000A2
:1001400000000000000000000000000000000000AF
:1001500000000000000047400000000000002D40AB
:1001600053370000000000000000000053455943D1
:1001700048454C4C45532049732E000000000000B8
:10018000000000000000000000000000000000006F
:1001900000000000000010C00000000000004C4003
:1001A00053390000000000000000000053414F20C0
:1001B000544F4D450000000000000000000000000A
:1001C000000000000000000000000000000000002F
:1001D00000000000000000000000000000001840C7
:1001E0005341000000000000000000005357454448
:1001F000454E00000000000000000000000000006C
:1002000000000000000000000000000000000000EE
:100210000000000000C04D4000000000000032401F
:10022000534D0000000000000000000053574544FB
:10023000454E00000000000000000000000000002B
:1002400000000000000000000000000000000000AE
:100250000000000000C04D400000000000003240DF
:10026000535000000000000000000000504F4C41BF
:100270004E440000000000000000000000000000EC
:10028000000000000000000000000000000000006E
:1002900000000000008049400000000000003440E1
:1002A000535400000000000000000000535544417A
:1002B0004E000000000000000000000000000000F0
:1002C000000000000000000000000000000000002E
:1002D00000000000000030400000000000804040AE
:1002E000535430000000000000000000534F5554EC
:1002F0004845524E20535544414E00000000000036
:1003000000000000000000000000000000000000ED
:1003100000000000000014400000000000803F408A
:1003200053550000000000000000000045475950F0
:100330005400000000000000000000000000000069
:1003400000000000000000000000000000000000AD
:100350000000000000003E400000000000003F40A0
:1003600053560000000000000000000047524545C1
:1003700043450000000000000000000000000000F5
:10038000000000000000000000000000000000006D
:100390000000000000004340000000000000384062
:1003A0005356324153502F41000000004D5420411C
:1003B00054484F53000000000000000000000000FF
:1003C000000000000000000000000000000000002D
:1003D0009A99999999194440CDCCCCCCCC4C3840C1
:1003E000535635000000000000000000444F444513
:1003F00043414E4553452049732E00000000000044
:1004000000000000000000000000000000000000EC
:1004100000000000004042400000000000003C409E
:1004200053563900000000000000000043524554BC
:100430004500000000000000000000000000000077
:1004400000000000000000000000000000000000AC
:100450000000000000804140000000000000394022
:1004600054320000000000000000000054555641C6
:100470004C550000000000000000000000000000DB
:10048000000000000000000000000000000000006C
:1004900000000000000022C0000000000060664074
:1004A0005433300000000000000000005745535452
:1004B000204B4952494241544900000000000000CD
:1004C000000000000000000000000000000000002C
:1004D000000000000000F8BF0000000000A0654020
:1004E00054333100000000000000000043454E542A
:1004F00052414C204B4952494241544900000000AE
:1005000000000000000000000000000000000000EB
:1005100000000000000010C000000000008065C066
:1005200054333200000000000000000045415354E5
:10053000204B49524942415449000000000000004C
:1005400000000000000000000000000000000000AB
:10055000000000000000F83F0000000000B063C091
:1005600054333300000000000000000042414E41BF
:1005700042412049732E00000000000000000000EE
:10058000000000000000000000000000000000006B
:10059000000000000000F0BF0000000000306540D7
:1005A000543500000000000000000000534F4D4192
:1005B0004C49410000000000000000000000000065
:1005C000000000000000000000000000000000002B
:1005D0005C2041F1634C0140F6285C8FC295464097
:1005E00054370000000000000000000053414E207E
:1005F0004D4152494E4F0000000000000000000035
:1006000000000000000000000000000000000000EA
:1006100000000000000046400000000000002A40EA
:1006200054380000000000000000000050414C4120
:100630005500000000000000000000000000000065
:1006400000000000000000000000000000000000AA
:100650008FC2F5285C0F1E40D578E92631D0604066
:10066000543900000000000000000000424F534ECB
:1006700049410000000000000000000000000000F0
:10068000000000000000000000000000000000006A
:100690000000000000C04540000000000080324023
:1006A0005441000000000000000000005455524B6F
:1006B000455900000000000000000000000000009C
:1006C000000000000000000000000000000000002A
:1006D0000000000000004440000000000080404096
:1006E0005446000000000000000000004943454C53
:1006F000414E440000000000000000000000000027
:1007000000000000000000000000000000000000E9
:10071000000000000000504000000000000036C053
:1007200054470000000000000000000047554154FD
:10073000454D414C41000000000000000000000059
:1007400000000000000000000000000000000000A9
:100750000000000000002E400000000000C056C055
:10076000544900000000000000000000434F5354B3
:1007700041205249434100000000000000000000F9
:100780000000000000000000000000000000000069
:10079000000000000000244000000000000055C0E0
:1007A000544939000000000000000000434F434F4F
:1007B000532049732E0000000000000000000000DC
:1007C0000000000000000000000000000000000029
:1007D00000000000000018400000000000C055C0EC
:1007E000544A0000000000000000000043414D4555
:1007F000524F4F4E000000000000000000000000BB
:1008000000000000000000000000000000000000E8
:100810000000000000001040000000000000284020
:10082000544B00000000000000000000434F5253F2
:1008300049434100000000000000000000000000EB
:1008400000000000000000000000000000000000A8
:1008500000000000000045400000000000002240B1
:10086000544C0000000000000000000043454E54BE
:1008700052414C2041465220524550000000000099
:100880000000000000000000000000000000000068
:100890000000000000001440000000000000324092
:1008A000544E00000000000000000000434F4E477F
:1008B0004F000000000000000000000000000000E9
:1008C0000000000000000000000000000000000028
:1008D00000000000000010C00000000000002E40DA
:1008E0005452000000000000000000004741424F49
:1008F0004E205245500000000000000000000000A3
:1009000000000000000000000000000000000000E7
:10091000000000000000F03F000000000000224046
:10092000545400000000000000000000434841440F
:1009300020524550000000000000000000000000B0
:1009400000000000000000000000000000000000A7
:1009500000000000000028400000000000002E40C1
:1009600054550000000000000000000049564F529E
:100970005920434F41535400000000000000000084
:100980000000000000000000000000000000000067
:10099000000000000000184000000000000010C02F
:1009A0005458000000000000000000004348455378
:1009B0005445524649454C442049532E00000000FE
:1009C0000000000000000000000000000000000027
:1009D000FA7E6ABC7493683FFA7E6ABC749388BFDF
:1009E00054590000000000000000000042454E493C
:1009F0004E000000000000000000000000000000A9
:100A000000000000000000000000000000000000E6
:100A1000000000000000184000000000000000403E
:100A2000545A000000000000000000004D414C49F5
:100A300020524550000000000000000000000000AF
:100A400000000000000000000000000000000000A6
:100A50000000000000002A400000000000002040CC
:100A600055410000000000000000000052555353A3
:100A700049410000000000000000000000000000EC
:100A80000000000000000000000000000000000066
:100A90000000000000C04B40000000000000434088
:100AA0005541320000000000000000004B414C495D
:100AB0004E494E4752414400000000000000000033
:100AC0000000000000000000000000000000000026
:100AD0000000000000804B40000000000000354096
:100AE0005541390000000000000000004153494119
:100AF000544943205255535349410000000000001F
:100B000000000000000000000000000000000000E5
:100B10000000000000804B400000000000C0544076
:100B200055413000000000000000000041534941E1
:100B300054494320525553534941000000000000DE
:100B400000000000000000000000000000000000A5
:100B50000000000000004C40000000000040574032
:100B6000554B00000000000000000000555A4245AF
:100B70004B0000000000000000000000000000002A
:100B80000000000000000000000000000000000065
:100B900000000000000044400000000000C0504081
:100BA000554E000000000000000000004B415A417B
:100BB0004B480000000000000000000000000000A2
:100BC0000000000000000000000000000000000025
:100BD00000000000000049400000000000405240BA
:100BE000555400000000000000000000554B524129
:100BF000494E450000000000000000000000000019
:100C000000000000000000000000000000000000E4
:100C100000000000008049400000000000003F404C
:100C2000563200000000000000000000414E544910
:100C300047554100000000000000000000000000D7
:100C400000000000000000000000000000000000A4
:100C500000000000000031400000000000004EC015
:100C600056330000000000000000000042454C49DF
:100C70005A450000000000000000000000000000D5
:100C80000000000000000000000000000000000064
:100C9000000000000000324000000000000056C0CC
:100CA0005634000000000000000000005354204BA8
:100CB00049545453000000000000000000000000F0
:100CC0000000000000000000000000000000000024
:100CD00000000000000031400000000000804FC014
:100CE0005635000000000000000000004E414D4954
:100CF0004249410000000000000000000000000028
:100D000000000000000000000000000000000000E3
:100D100000000000000037C000000000000030406C
:100D20005636000000000000000000004D4943520C
:100D30004F4E4553494100000000000000000000F4
:100D400000000000000000000000000000000000A3
:100D50000000000000001C40000000000000634094
:100D60005637000000000000000000004D415253C3
:100D700048414C4C2049732E000000000000000048
:100D80000000000000000000000000000000000063
:100D900000000000000023400000000000E064406C
:100DA0005638000000000000000000004252554E7E
:100DB00045490000000000000000000000000000A5
:100DC0000000000000000000000000000000000023
:100DD00000000000000014400000000000C05C4063
:100DE0005645310000000000000000004E53202D49
:100DF0002048616C69666178000000000000000016
:100E000000000000000000000000000000000000E2
:100E1000CDCCCCCCCC4C4640CDCCCCCCCCCC4FC02B
:100E20005645320000000000000000005143202D14
:100E3000204D6F6E747265616C0000000000000050
:100E400000000000000000000000000000000000A2
:100E50000000000000C0464066666666666652C0D6
:100E60005645330000000000000000004F4E5420A3
:100E70002D20546F726F6E746F0000000000000030
:100E80000000000000000000000000000000000062
:100E90009A99999999D945409A99999999D953C00C
:100EA0005645330000000000000000004F4E542063
:100EB0002D205468756E64657220426179000000CF
:100EC0000000000000000000000000000000000022
:100ED0003333333333334840CDCCCCCCCC4C56C0F9
:100EE0005645340000000000000000004D414E2037
:100EF0002D2057696E6E6970656700000000000064
:100F000000000000000000000000000000000000E1
:100F10003333333333F3484066666666664658C0FB
:100F20005645350000000000000000005341534BBF
:100F3000202D20526567696E6100000000000000EE
:100F400000000000000000000000000000000000A1
:100F500000000000004049406666666666265AC08A
:100F6000564536000000000000000000414C54418E
:100F7000202D2043616C6761727900000000000041
:100F80000000000000000000000000000000000061
:100F900000000000008049406666666666865CC0A8
:100FA000564536000000000000000000414C54414E
:100FB000202D2045646D6F6E746F6E000000000080
:100FC0000000000000000000000000000000000021
:100FD0000000000000C04A400000000000605CC04B
:100FE0005645370000000000000000004243202D5D
:100FF0002056616E636F7576657200000000000018
:1010000000000000000000000000000000000000E0
:101010006666666666A648406666666666C65EC0C2
:101020005645380000000000000000004E575420D4
:101030002D2059656C6C6F776B6E696665000000DA
:1010400000000000000000000000000000000000A0
:101050000000000000404F409A99999999995CC00E
:101060005645390000000000000000004E42202DCF
:101070002053742E204A6F686E00000000000000AC
:101080000000000000000000000000000000000060
:101090009A9999999999464066666666668650C09F
:1010A000564F310000000000000000004E4557463A
:1010B0004F554E444C414E44202D2053542E4A6FE0
:1010C000686E2773000000000000000000000000B0
:1010D000CDCCCCCCCCCC47409A99999999594AC05F
:1010E000564F320000000000000000004C41425208
:1010F00041444F52202D20476F6F73652042617924
:1011000000000000000000000000000000000000DF
:101110006666666666A649403333333333334EC062
:10112000564B3100000000000000000041555354B0
:1011300052414C4941202D2043616E6265727261BB
:10114000000000000000000000000000000000009F
:101150000000000000C041C00000000000A062408C
:10116000564B32000000000000000000415553546F
:1011700052414C4941202D205379646E657900001D
:10118000000000000000000000000000000000005F
:1011900000000000000041C00000000000E06240CC
:1011A000564B33000000000000000000415553542E
:1011B00052414C4941202D204D656C626F75726E15
:1011C00065000000000000000000000000000000BA
:1011D0008E60798E6DEF42C0517E52EDAB1F624042
:1011E000564B3400000000000000000041555354ED
:1011F00052414C4941202D204272697362616E65F3
:1012000000000000000000000000000000000000DE
:101210000000000000803BC0000000000020634090
:10122000564B3500000000000000000041555354AB
:1012300052414C4941202D204164656C61696465CF
:10124000000000000000000000000000000000009E
:1012500033333333337341C0333333333353614028
:10126000564B36000000000000000000415553546A
:1012700052414C4941202D20506572746800000095
:10128000000000000000000000000000000000005E
:1012900000000000000040C09A99999999F95C40BB
:1012A000564B370000000000000000004155535429
:1012B00052414C4941202D20486F626172740000F8
:1012C000000000000000000000000000000000001E
:1012D00033333333337345C09A999999996962408E
:1012E000564B3800000000000000000041555354E8
:1012F00052414C4941202D2044617277696E0000B3
:1013000000000000000000000000000000000000DD
:1013100000000000000029C0CDCCCCCCCC5C6040EB
:10132000564B39430000000000000000434F434F7C
:10133000532049732E000000000000000000000050
:10134000000000000000000000000000000000009D
:1013500000000000000028C00000000000405840CD
:10136000564B394C00000000000000004C4F524426
:1013700020484F57452049732E0000000000000010
:10138000000000000000000000000000000000005D
:1013900000000000000040C00000000000E06340CA
:1013A000564B394D00000000000000004D454C4CEC
:1013B0004953482052454546000000000000000007
:1013C000000000000000000000000000000000001D
:1013D00000000000000031C00000000000806340F9
:1013E000564B394E00000000000000004E4F5246A0
:1013F0004F4C4B2049732E000000000000000000FD
:1014000000000000000000000000000000000000DC
:101410000000000000003DC000000000000065402A
:10142000564B395800000000000000004348524964
:1014300053544D41532049732E000000000000001A
:10144000000000000000000000000000000000009C
:1014500000000000000026C00000000000805A408C
:10146000564B3957000000000000000057494C4C13
:1014700049532049732E00000000000000000000C6
:10148000000000000000000000000000000000005C
:1014900000000000000030C00000000000C06240FA
:1014A000564B304800000000000000004845415203
:1014B000442049732E0000000000000000000000DE
:1014C000000000000000000000000000000000001C
:1014D0000000000000804AC0000000000060524090
:1014E000564B304D00000000000000004D414351BC
:1014F00055415249452049732E000000000000006C
:1015000000000000000000000000000000000000DB
:101510000000000000804BC00000000000E06340BD
:10152000565032450000000000000000414E475573
:10153000494C4C4100000000000000000000000089
:10154000000000000000000000000000000000009B
:1015500000000000000032400000000000804FC08A
:101560005650324D00000000000000004D4F4E5418
:10157000534552524154000000000000000000009A
:10158000000000000000000000000000000000005B
:1015900000000000000031400000000000004FC0CB
:1015A00056503256000000000000000042524954DC
:1015B0004953482056495247494E2049732E00004E
:1015C000000000000000000000000000000000001B
:1015D000000000000080324000000000004050C0C9
:1015E0005650350000000000000000005455524BDA
:1015F00053202620434149434F532049732E000076
:1016000000000000000000000000000000000000DA
:1016100000000000000036400000000000C052C082
:1016200056503600000000000000000050495443AE
:101630004149524E2049732E000000000000000076
:10164000000000000000000000000000000000009A
:101650009EEFA7C64B5738C033333333330B60C0CC
:1016600056503800000000000000000046414C4B7E
:101670004C414E442049732E000000000000000041
:10168000000000000000000000000000000000005A
:101690000000000000004AC00000000000804DC0B3
:1016A0005650384700000000000000005320474516
:1016B0004F524749412049732E00000000000000AE
:1016C000000000000000000000000000000000001A
:1016D0000000000000204BC09A999999995942C086
:1016E0005650384F000000000000000053204F52B9
:1016F0004B4E45592049732E0000000000000000A9
:1017000000000000000000000000000000000000D9
:101710000000000000004EC000000000000047C0B4
:10172000565038530000000000000000532053487A
:1017300045544C414E442049732E000000000000E7
:101740000000000000000000000000000000000099
:101750000000000000804CC00000000000003CC001
:10176000565038570000000000000000532053413D
:101770004E44574943482049732E000000000000A2
:101780000000000000000000000000000000000059
:101790000000000000E04CC00000000000803AC0E3
:1017A0005650390000000000000000004245524D34
:1017B000554441000000000000000000000000004F
:1017C0000000000000000000000000000000000019
:1017D000000000000000404000000000004050C039
:1017E0005651390000000000000000004348414706
:1017F0004F53202D20444945474F204741524349EC
:101800004100000000000000000000000000000097
:101810000000000000001CC000000000000052405A
:10182000565336000000000000000000484F4E47AD
:10183000204B4F4E47000000000000000000000059
:101840000000000000000000000000000000000098
:1018500000000000000037400000000000805C40F5
:10186000565500000000000000000000494E4449A9
:101870004100000000000000000000000000000027
:101880000000000000000000000000000000000058
:101890000000000000003C400000000000405340F9
:1018A000565534000000000000000000414E444145
:1018B0004D414E2026204E49434F4241522049730C
:1018C0002E000000000000000000000000000000EA
:1018D00000000000000028400000000000305740D9
:1018E0005655370000000000000000004C41434303
:1018F00041444956452049732E0000000000000075
:1019000000000000000000000000000000000000D7
:101910000000000000002440000000000040524091
:101920005659300000000000000000004E554E41A6
:10193000565554202D204971616C75697400000062
:101940000000000000000000000000000000000097
:101950000000000000E04F40713D0AD7A32051C0B5
:1019600056593100000000000000000059554B4F4F
:101970004E202D205768697465686F72736500008A
:101980000000000000000000000000000000000057
:101990009A99999999594E403333333333E360C060
:1019A0005659320000000000000000005045492058
:1019B0002D20436861726C6F747465746F776E006C
:1019C0000000000000000000000000000000000017
:1019D0001F85EB51B81E4740713D0AD7A3904FC0F9
:1019E000573143000000000000000000434F4E4EFE
:1019F000202D2048617274666F7264000000000040
:101A000000000000000000000000000000000000D6
:101A10006666666666E64440CDCCCCCCCC2C52C023
:101A200057314D0000000000000000004D41494EBC
:101A300045202D2042616E676F720000000000009B
:101A40000000000000000000000000000000000096
:101A5000666666666666464033333333333351C059
:101A60005731420000000000000000004D41535378
:101A7000202D20426F73746F6E0000000000000084
:101A80000000000000000000000000000000000056
:101A900033333333333345406666666666C651C0BA
:101AA00057314E0000000000000000004E48202D7D
:101AB00020436F6E636F726400000000000000003E
:101AC0000000000000000000000000000000000016
:101AD0009A999999999945400000000000E051C0F9
:101AE0005731520000000000000000005249202D34
:101AF0002050726F766964656E63650000000000B7
:101B000000000000000000000000000000000000D5
:101B10006666666666E644409A99999999D951C075
:101B20005731560000000000000000005654202DE0
:101B3000204D6F6E7470656C696572000000000066
:101B40000000000000000000000000000000000095
:101B5000666666666626464066666666662652C0A5
:101B600057324E4A00000000000000004E4A202D6F
:101B7000205472656E746F6E00000000000000005B
:101B80000000000000000000000000000000000055
:101B9000CDCCCCCCCC0C44403333333333B352C0F4
:101BA00057324E0000000000000000004E59202D6A
:101BB000204E657720596F726B204369747900005D
:101BC0000000000000000000000000000000000015
:101BD000666666666666444000000000008052C08B
:101BE00057324E5900000000000000004E59202DD1
:101BF0002042756666616C6F000000000000000006
:101C000000000000000000000000000000000000D4
:101C100033333333337345409A99999999B953C003
:101C200057334400000000000000000044454C20F1
:101C30002D2057696C6D696E67746F6E000000002F
:101C40000000000000000000000000000000000094
:101C50009A99999999D943400000000000E052C038
:101C600057334D0000000000000000004D44202DBF
:101C70002042616C74696D6F7265000000000000A5
:101C80000000000000000000000000000000000054
:101C90006666666666A6434066666666662653C0E6
:101CA00057335000000000000000000050454E4E29
:101CB000202D205068696C6164656C7068696100F2
:101CC0000000000000000000000000000000000014
:101CD0000000000000004440CDCCCCCCCCCC52C0A5
:101CE00057334900000000000000000050454E4EF0
:101CF000202D20506974747362757267680000004B
:101D000000000000000000000000000000000000D3
:101D1000333333333333444000000000000054C0F9
:101D2000573357000000000000000000576173683F
:101D3000696E67746F6E204443000000000000006D
:101D40000000000000000000000000000000000093
:101D5000333333333373434000000000004053C03B
:101D6000573441000000000000000000414C4120B9
:101D70002D204D6F6E74676F6D65727900000000E5
:101D80000000000000000000000000000000000053
:101D9000333333333333404033333333339355C0EA
:101DA000573446000000000000000000464C41206F
:101DB0002D204D69616D69000000000000000000E9
:101DC0000000000000000000000000000000000013
:101DD0003333333333B3394033333333331354C0B2
:101DE0005734470000000000000000004741202D4C
:101DF0002041746C616E74610000000000000000FE
:101E000000000000000000000000000000000000D2
:101E10009A99999999D940409A999999991955C03F
:101E200057344B0000000000000000004B59202DEB
:101E3000204C6F69757376696C6C6500000000005A
:101E40000000000000000000000000000000000092
:101E50009A9999999919434033333333337355C061
:101E600057344E0000000000000000004E43202DBB
:101E70002052616C65696768000000000000000086
:101E80000000000000000000000000000000000052
:101E90006666666666E64140CDCCCCCCCCAC53C021
:101EA0005734530000000000000000005343202D71
:101EB00020436F6C756D62696100000000000000D6
:101EC0000000000000000000000000000000000012
:101ED000000000000000414000000000004054C02D
:101EE00057345400000000000000000054454E4EDE
:101EF000202D204B6E6F7876696C6C6500000000B9
:101F000000000000000000000000000000000000D1
:101F10003333333333F3414000000000000055C039
:101F200057344500000000000000000054454E4EAC
:101F3000202D204D656D7068697300000000000061
:101F40000000000000000000000000000000000091
:101F5000CDCCCCCCCC8C414066666666668656C0DD
:101F60005734560000000000000000005641202DAC
:101F700020526963686D6F6E64000000000000000D
:101F80000000000000000000000000000000000051
:101F90000000000000C0424000000000006053C08C
:101FA00057354100000000000000000041524B2066
:101FB0002D204C6974746C6520526F636B000000B7
:101FC0000000000000000000000000000000000011
:101FD0009A999999995941409A999999991957C0FB
:101FE00057354C0000000000000000004C41202D3F
:101FF000204E6577204F726C65616E7300000000A3
:1020000000000000000000000000000000000000D0
:102010000000000000003E4066666666668656C0A8
:1020200057354D0000000000000000004D4953539B
:10203000202D204A61636B736F6E0000000000006A
:102040000000000000000000000000000000000090
:10205000666666666626404033333333339356C034
:1020600057354E0000000000000000004E4D202DAE
:1020700020416C62757175657271756500000000B4
:102080000000000000000000000000000000000050
:102090009A99999999994140CDCCCCCCCCAC5AC065
:1020A00057354F0000000000000000004F4B4C412E
:1020B000202D204F6B6C61686F6D612043697479CE
:1020C0000000000000000000000000000000000010
:1020D0000000000000C0414066666666666658C043
:1020E00057355400000000000000000054455841DE
:1020F00053202D2044616C6C6173000000000000CF
:1021000000000000000000000000000000000000CF
:10211000666666666666404033333333333358C091
:1021200057354800000000000000000054455841A9
:1021300053202D20486F7573746F6E0000000000EF
:10214000000000000000000000000000000000008F
:102150003333333333B33D409A99999999D957C062
:10216000573553000000000000000000544558415E
:1021700053202D2053616E20416E746F6E696F0085
:10218000000000000000000000000000000000004F
:102190006666666666663D400000000000A058C0A6
:1021A00057364C00000000000000000043414C2066
:1021B0002D204C6F7320416E67656C6573000000C5
:1021C000000000000000000000000000000000000F
:1021D000CDCCCCCCCC0C4140CDCCCCCCCC8C5DC0CF
:1021E00057364400000000000000000043414C202E
:1021F0002D2053616E20446965676F000000000068
:1022000000000000000000000000000000000000CE
:102210009A99999999594040CDCCCCCCCC4C5DC081
:1022200057364600000000000000000043414C20EB
:102230002D2053616E204672616E736973636F0067
:10224000000000000000000000000000000000008E
:102250009A99999999D942400000000000605EC0A7
:102260005737410000000000000000004152495A69
:10227000202D2050686F656E697800000000000016
:10228000000000000000000000000000000000004E
:102290000000000000C040406666666666065CC0DE
:1022A0005737490000000000000000004944414841
:1022B0004F202D20426F6973650000000000000070
:1022C000000000000000000000000000000000000E
:1022D000CDCCCCCCCCCC4540CDCCCCCCCC0C5DC08A
:1022E00057374D0000000000000000004D4F4E54D5
:1022F000202D2048656C656E610000000000000024
:1023000000000000000000000000000000000000CD
:10231000CDCCCCCCCC4C47400000000000005CC0D1
:1023200057374E0000000000000000004E455620C8
:102330002D204C617320566567617300000000001A
:10234000000000000000000000000000000000008D
:102350009A99999999194240CDCCCCCCCCCC5CC0FF
:1023600057374F0000000000000000004F52454763
:10237000202D20506F72746C616E640000000000AC
:10238000000000000000000000000000000000004D
:102390000000000000C04640CDCCCCCCCCAC5EC030
:1023A0005737550000000000000000005554414818
:1023B000202D2053616C74204C616B65000000007F
:1023C000000000000000000000000000000000000D
:1023D00066666666666644409A99999999F95BC003
:1023E00057375300000000000000000057415348D9
:1023F000202D2053656174746C650000000000009E
:1024000000000000000000000000000000000000CC
:102410000000000000C047409A99999999995EC0C0
:10242000573750000000000000000000574153489B
:10243000202D2053706F6B616E650000000000005E
:10244000000000000000000000000000000000008C
:10245000CDCCCCCCCCCC47400000000000605DC0AF
:1024600057375700000000000000000057594F2068
:102470002D2043686579656E6E65000000000000E0
:10248000000000000000000000000000000000004C
:102490009A999999999944403333333333335AC0D5
:1024A00057384D0000000000000000004D4943482F
:1024B000202D20446574726F6974000000000000D4
:1024C000000000000000000000000000000000000C
:1024D00033333333333345406666666666C654C06D
:1024E0005738430000000000000000004F48494FEB
:1024F000202D2043696E63696E6E6174690000006F
:1025000000000000000000000000000000000000CB
:102510009A9999999999434066666666662655C068
:1025200057384F0000000000000000004F48494F9E
:10253000202D20436C6576656C616E6400000000A0
:10254000000000000000000000000000000000008B
:102550000000000000C04440CDCCCCCCCC6C54C0BA
:102560005738570000000000000000005756412077
:102570002D20436861726C6573746F6E00000000FB
:10258000000000000000000000000000000000004B
:102590003333333333334340CDCCCCCCCC6C54C009
:1025A00057394C000000000000000000494C4C204E
:1025B0002D204368696361676F0000000000000020
:1025C000000000000000000000000000000000000B
:1025D0006666666666E64440CDCCCCCCCCEC55C095
:1025E000573949000000000000000000494E442017
:1025F0002D20496E6469616E61706F6C69730000B3
:1026000000000000000000000000000000000000CA
:102610009A99999999D94340CDCCCCCCCC8C55C0C2
:10262000573957000000000000000000574953438D
:10263000202D204D696C7761756B65650000000089
:10264000000000000000000000000000000000008A
:1026500000000000008045409A99999999F955C069
:10266000573043000000000000000000434F4C4F73
:10267000202D2044656E7665720000000000000089
:10268000000000000000000000000000000000004A
:102690009A99999999D943409A99999999395AC08F
:1026A000573049000000000000000000494F57412A
:1026B000202D20446573204D6F696E657300000006
:1026C000000000000000000000000000000000000A
:1026D000CDCCCCCCCCCC444066666666666657C032
:1026E0005730570000000000000000004B414E53DF
:1026F0004153202D20576963686974610000000010
:1027000000000000000000000000000000000000C9
:102710009A99999999D942409A999999995958C0F1
:1027200057304D0000000000000000004D494E4EA3
:10273000202D204D696E6E6561706F6C69730000AD
:102740000000000000000000000000000000000089
:10275000000000000080464033333333335357C00A
:1027600057304B0000000000000000004D4F202DAE
:10277000204B616E7361732043697479000000001F
:102780000000000000000000000000000000000049
:10279000CDCCCCCCCC8C43406666666666A657C072
:1027A0005730530000000000000000004D4F202D66
:1027B0002053742E204C6F756973000000000000D8
:1027C0000000000000000000000000000000000009
:1027D0009A9999999959434033333333339356C077
:1027E00057304E0000000000000000004E454252ED
:1027F000202D204F6D616861000000000000000086
:1028000000000000000000000000000000000000C8
:102810006666666666A6444000000000000058C078
:1028200057304E4400000000000000004E44202DB0
:10283000204269736D6172636B000000000000004C
:102840000000000000000000000000000000000088
:10285000666666666666474033333333333359C042
:102860005730500000000000000000005344202DAD
:1028700020506965727265000000000000000000D1
:102880000000000000000000000000000000000048
:1028900033333333333346409A999999991959C050
:1028A0005841000000000000000000004D4558495C
:1028B000434F000000000000000000000000000086
:1028C0000000000000000000000000000000000008
:1028D00000000000000033400000000000C058C0AD
:1028E0005845000000000000000000004D45584918
:1028F000434F000000000000000000000000000046
:1029000000000000000000000000000000000000C7
:1029100000000000000033400000000000C058C06C
:10292000584634000000000000000000524556499F
:102930004C4C412047494745444F000000000000EF
:102940000000000000000000000000000000000087
:1029500000000000000032400000000000005CC0E9
:102960005854000000000000000000004255524B87
:10297000494E41204641534F000000000000000036
:102980000000000000000000000000000000000047
:10299000000000000000284000000000000000C00F
:1029A00058550000000000000000000043414D4267
:1029B0004F444941000000000000000000000000FA
:1029C0000000000000000000000000000000000007
:1029D00000000000000028400000000000405A40B5
:1029E0005857000000000000000000004C414F5309
:1029F00000000000000000000000000000000000D7
:102A000000000000000000000000000000000000C6
:102A100000000000000032400000000000C05940EB
:102A20005858000000000000000000004D414341E4
:102A30004F00000000000000000000000000000047
:102A40000000000000000000000000000000000086
:102A500000000000000036400000000000805C40E4
:102A6000585A000000000000000000004D59414E7F
:102A70004D41520000000000000000000000000076
:102A80000000000000000000000000000000000046
:102A9000000000000000314000000000000058402D
:102AA0005941000000000000000000004146474876
:102AB000414E495354414E00000000000000000008
:102AC0000000000000000000000000000000000006
:102AD00000000000000041400000000000405140A4
:102AE000594200000000000000000000494E444F21
:102AF0004E45534941000000000000000000000066
:102B000000000000000000000000000000000000C5
:102B100000000000000018C00000000000C05A4083
:102B200059490000000000000000000049524151D6
:102B30000000000000000000000000000000000095
:102B40000000000000000000000000000000000085
:102B5000000000000080404000000000008046406F
:102B6000594A0000000000000000000056414E5588
:102B7000415455000000000000000000000000006B
:102B80000000000000000000000000000000000045
:102B900000000000000030C00000000000006540A0
:102BA000594B00000000000000000000535952493A
:102BB00041000000000000000000000000000000D4
:102BC0000000000000000000000000000000000005
:102BD0000000000000004140000000000080424072
:102BE000594C000000000000000000004C41545609
:102BF000494100000000000000000000000000004B
:102C000000000000000000000000000000000000C4
:102C10000000000000804C40000000000000384030
:102C2000594E000000000000000000004E494341E2
:102C30005241475541000000000000000000000024
:102C40000000000000000000000000000000000084
:102C5000000000000000284000000000008055C077
:102C6000594F00000000000000000000524F4D418D
:102C70004E4941000000000000000000000000007C
:102C80000000000000000000000000000000000044
:102C900000000000004046400000000000003A40F4
:102CA000595300000000000000000000454C205374
:102CB000414C5641444F520000000000000000000B
:102CC0000000000000000000000000000000000004
:102CD0000000000000002C4000000000004056C032
:102CE000595400000000000000000000534552420B
:102CF000494100000000000000000000000000004A
:102D000000000000000000000000000000000000C3
:102D100000000000000047400000000000003540B7
:102D200059550000000000000000000053455242C9
:102D30004941000000000000000000000000000009
:102D40000000000000000000000000000000000083
:102D50000000000000004740000000000000354077
:102D600059560000000000000000000056454E4586
:102D70005A55454C410000000000000000000000D2
:102D80000000000000000000000000000000000043
:102D900000000000000026400000000000C050C0FD
:102DA0005956300000000000000000004156455315
:102DB0002049732E00000000000000000000000009
:102DC0000000000000000000000000000000000003
:102DD00000000000000030400000000000C04FC0B4
:102DE0005A32000000000000000000005A494D4225
:102DF00041425745000000000000000000000000B4
:102E000000000000000000000000000000000000C2
:102E100000000000000032C00000000000003F4041
:102E20005A33000000000000000000004D414345FF
:102E3000444F4E4941000000000000000000000027
:102E40000000000000000000000000000000000082
:102E500000000000000045400000000000803540F8
:102E60005A36000000000000000000005245502EBD
:102E7000204F46204B4F534F564F0000000000009C
:102E80000000000000000000000000000000000042
:102E90006891ED7C3F554540EC51B81E852B35407F
:102EA0005A3800000000000000000000534F555445
:102EB0004820535544414E0000000000000000002F
:102EC0000000000000000000000000000000000002
:102ED00083C0CAA145361D40E7FBA9F1D22D3F4072
:102EE0005A4100000000000000000000414C424137
:102EF0004E494100000000000000000000000000FA
:102F000000000000000000000000000000000000C1
:102F100000000000000045400000000000003440B8
:102F20005A420000000000000000000047494252E1
:102F3000414C54415200000000000000000000001D
:102F40000000000000000000000000000000000081
:102F5000000000000000424000000000000018C017
:102F60005A43340000000000000000004359505252
:102F700055532042522E2042415345530000000039
:102F80000000000000000000000000000000000041
:102F90000000000000804140000000000080404030
:102FA0005A433600000000000000000050414C452C
:102FB0005354494E49410000000000000000000049
:102FC0000000000000000000000000000000000001
:102FD00000000000000040400000000000404140B0
:102FE0005A443700000000000000000053542048FD
:102FF000454C454E412049732E0000000000000062
:1030000000000000000000000000000000000000C0
:1030100000000000000030C000000000000018C0E8
:103020005A443800000000000000000041534345AE
:103030004E53494F4E2049732E00000000000000FF
:103040000000000000000000000000000000000080
:1030500000000000000020C00000000000002CC0A4
:103060005A44390000000000000000005452495347
:1030700054414E2044412043554E48412049732E2F
:103080000000000000000000000000000000000040
:103090000000000000A042C000000000000029C0A5
:1030A0005A46000000000000000000004341594D56
:1030B000414E2049732E0000000000000000000077
:1030C0000000000000000000000000000000000000
:1030D000000000000000344000000000004054C028
:1030E0005A4B314E00000000000000004E20434FBC
:1030F0004F4B2049732E000000000000000000002C
:1031000000000000000000000000000000000000BF
:1031100000000000000026C000000000002064C085
:103120005A4B315300000000000000005320434F71
:103130004F4B2049732E00000000000000000000EB
:10314000000000000000000000000000000000007F
:1031500000000000000035C000000000000064C056
:103160005A4B320000000000000000004E49554557
:10317000000000000000000000000000000000004F
:10318000000000000000000000000000000000003F
:1031900000000000000033C000000000004065C0D7
:1031A0005A4B33000000000000000000544F4B4514
:1031B0004C415553000000000000000000000000DA
:1031C00000000000000000000000000000000000FF
:1031D00000000000000022C000000000007865C070
:1031E0005A4C000000000000000000004E4557202F
:1031F0005A45414C414E44000000000000000000D0
:1032000000000000000000000000000000000000BE
:1032100000000000008044C00000000000E06540A5
:103220005A4C3700000000000000000043484154A1
:1032300048414D2049732E000000000000000000AE
:10324000000000000000000000000000000000007E
:1032500000000000000046C000000000001066C032
:103260005A4C380000000000000000004B45524D51
:10327000414445432049732E000000000000000037
:10328000000000000000000000000000000000003E
:10329000C3F5285C8F423DC0CDCCCCCCCC3C66C0C5
:1032A0005A4C390000000000000000004155434B1B
:1032B0004C414E4420262043414D5042454C4C2029
:1032C00049732E0000000000000000000000000014
:1032D000CDCCCCCCCC4C49C09A99999999C9644031
:1032E0005A50000000000000000000005041524110
:1032F0004755415900000000000000000000000098
:1033000000000000000000000000000000000000BD
:1033100000000000000038C00000000000004EC0A7
:103320005A5200000000000000000000534F5554A6
:10333000482041465249434100000000000000007F
:10334000000000000000000000000000000000007D
:103350000000000000003BC00000000000003C40F6
:103360005A5300000000000000000000534F555465
:10337000482041465249434100000000000000003F
:10338000000000000000000000000000000000003D
:103390000000000000003BC00000000000003C40B6
:1033A0005A53380000000000000000004D4152490F
:1033B0004F4E202620502E452E2049732E0000000F
:1033C00000000000000000000000000000000000FD
:1033D000CDCCCCCCCC4C47C048E17A14AEC74240EF
:1033E00000000000000000000000000000000000DD
:1033F00000000000000000000000000000000000CD
:1034000000000000000000000000000000000000BC
:1034100000000000000000000000000000000000AC
:1034200080C00F40000000031900000010000000E1
:10343000E8841F4001000000FF000000FF000000C2
:103440000000000000000000180000001000000054
:10345000E4841F4001000000FF000000FF000000A6
:1034600000000000000000001F000000719001003B
:1034700070C00F40000C000011000000110000009F
:10348000E0841F40020000002C0000001200000039
:10349000E0841F4001000000100000001100000047
:1034A000DC841F40020000002D000000120000001C
:1034B000DC841F40010000001E0000006590010038
:1034C00070C00F40C0000000120000001300000098
:1034D000D0841F4001000000FF000000FF0000003A
:1034E00000000000000000001300000013000000B6
:1034F000CC841F4001000000FF000000FF0000001E
:1035000000000000000000001C00000059900100B5
:1035100024035400650065006E00730079002000EC
:103520004D004900440049002F004100750064002F
:1035300069006F0018035400650065006E00730099
:1035400079006400750069006E006F0004030904CF
:1035500009025501060100C032080B0002020201F7
:103560000009040000010202010005240010010509
:103570002401010104240206052406000107058236
:103580000310001009040100020A000000070503EF
:103590000240000007058302400000090402000207
:1035A0000103000007240100012500062402010197
:1035B00000062402020200092403010301020100A3
:1035C000092403020401010100090504024000006E
:1035D00000000525010101090584024000000000EA
:1035E0000525010103080B03030101000009040381
:1035F0000000010100000A240100013E0002040550
:103600000C24020102060002030000000924030248
:1036100001010001000C240203010100020300006B
:10362000000A2406310301010202000924030402F6
:10363000060031000904040000010200000904042E
:10364000010101020000072401020301000B240212
:10365000010202100144AC0009058509B400010013
:103660000007250100000000090405000001020018
:1036700000090405010201020000072401030301FF
:10368000000B2402010202100144AC0009050505EB
:10369000B40001008607250100000000090586111D
:1036A000030001050009025501060100C032080BA4
:1036B00000020202010009040000010202010005EB
:1036C000240010010524010101042402060524063A
:1036D00000010705820310000509040100020A0029
:1036E0000000070503020002000705830200020034
:1036F0000904020002010300000724010001250063
:10370000062402010100062402020200092403012A
:10371000030102010009240302040101010009055B
:1037200004020002000000052501010109058402D0
:1037300000020000000525010103080B030301013D
:1037400000000904030000010100000A2401000137
:103750003E000204050C24020102060002030000E0
:10376000000924030201010001000C2402030101ED
:103770000002030000000A240631030101020200D6
:1037800009240304020600310009040400000102B8
:1037900000000904040101010200000724010203E2
:1037A00001000B2402010202100144AC000905854E
:1037B00009B4000400000725010000000009040509
:1037C00000000102000009040501020102000007D7
:1037D0002401030301000B2402010202100144AC86
:1037E0000009050505B40004008607250100000056
:1037F000000905861104000407000A060002EF0212
:043800000140010082
:1038040000000000000000000000000000000000B4
:1038140000000000000000000000000000000000A4
:10382400F8B53E4E3E4C3378256843B1012D01D99D
:10383400032D02D1002009F009FD00233370394B18
:103844001A68394B1B689A4205D1384B1A68384BB1
:103854001B689A4208D003F087FB012D04D8236823
:10386400002B44D0012B46D0324E002003F09CFBA9
:1038740033786BB1012D04D82368002B3ED0012B83
:1038840041D02368032B01D100F082FA0023337066
:10389400294B1A781AB100221A7007F089F8274EBA
:1038A400337883B1264F3B78002B2FD0254D00244D
:1038B4002B689847244B3C701C6034702C6027F0B4
:1038C40033FA224B1C70224E33787BB11C4F3B7869
:1038D400FBB11C4D00242B6898471B4B3C701C60AB
:1038E40034702C6027F020FA184B1C70F8BD27F0B8
:1038F4002FFA00F0D9FC09F047F8B5E700F048FAD0
:1039040000F0D2FCBDE700F043FABAE704F0DAFFB6
:10391400D9E7BDE8F84005F029B800BFAE30022071
:10392400F00E02208811022024100220400F0220F1
:103934002C1002201D300220873002202430022067
:1039440023300220D8110220DC110220673002202B
:1039540022300220924B01222DE9F047C3F88C203B
:103964000CF0DFFE07F022FF8E4B1B784BB18E4C20
:1039740023680133642B236003D107F087FB002302
:1039840023608A4B1B780BB108F09EFB0CF0B2FE4F
:10399400431C03D00CF0B3FE27F0E6F9844D854CAC
:1039A4002E686EB91C2019F0D7FE2B68012808BFB9
:1039B40026602BB91C2019F0CFFE08B9012323601F
:1039C4002B68012B19D17C4E307819F0C5FE0128E3
:1039D40007D17A4B187819F0BFFE012804BF0223DF
:1039E40023602B68012B08D1307819F0B5FE20B97B
:1039F400734B1B680BB9032323602B68012B2BD15A
:103A0400704B1A78012A07D16D4A1268012A03D132
:103A14000422226000221A706B4E226833689A4294
:103A24000FD0062B03D10021162019F075FE206853
:103A340000F0D4FF06F076FF002008F073F927F0B9
:103A4400C3F9FFF7EDFE2368062B17D8DFE803F070
:103A54000E3B0E5154328900032BDDD15B4B1B7896
:103A640013B106232360D7E70523FBE7584B1B68F4
:103A7400E3B9002000F09EFA00F0E6F82368336012
:103A840009F052FE07F0D4FA524A106800280BDD00
:103A940051490B689842C5BF0133012200230B60D2
:103AA400CABF4E4B13601A70BDE8F087002006F0C1
:103AB4000FFFE3E7464B1B68002BDAD0012BF5D14F
:103AC40027F066F9DAE70121162019F025FE1C20FB
:103AD40019F042FE40B1424B002116201A68414BB6
:103AE4001A6019F019FEC9E703F02EFC09F01CFE58
:103AF400EDE701F0CDFFC1E73B4D01211620DFF8D2
:103B0400F08019F009FEDFF8B0902F68DFF8ACA060
:103B14002B68D8F80020DB1B934207D9002116201C
:103B240019F0FAFD322007F0C1FBA7E799F800006D
:103B340019F012FE28B907F0ABFB2F6807F0C4FB9D
:103B4400E6E79AF8000019F007FE10B907F0A6FBA3
:103B5400F3E700219FED250A0122084601F0B0FD9C
:103B6400D6E71A4F0121DFF88C80162019F0D4FD16
:103B740027F02AF9397821B9194B1A68194B1A60B8
:103B8400CDE7D8F80030052B04D0062B34D009F04B
:103B9400CBFDEFE703F0D8FB07F008FEF7E700BF23
:103BA4000040004266300220341002200A30022015
:103BB400E8110220EC110220D8C80020D4C800204B
:103BC4001C10022027300220281002201F3002205F
:103BD400F00E02201C1E0220B4BA0020AE300220D7
:103BE40060D7002094BF0020741C02200000000055
:103BF40018C20020A00A02200E4B01220E4DC3F869
:103C04008C200E4A136883B128680D4988420CDC65
:103C14000C4A4FF0004103EB8000C2F88C1003F013
:103C24003FFC2B6880332B60B1E700232B603B7093
:103C34001360ACE700400042FCF201205C0F02205C
:103C4400FF50020000C000422DE9F04F464E00250F
:103C5400DFF830814FF0844A06F6F477DFF82891D4
:103C6400DFF828B100202DED068B83B006F030FE7E
:103C74004FF48013CAF88C30D9F80030AB425ED0D0
:103C8400DBF80030AB425AD0D8F800305BB1C3F156
:103C9400A302002005F211211BB2009012B209B256
:103CA400324815F02DFD324BB0EE080AB2EE0EAAE2
:103CB400DFED309A93ED008A2F4B9FED309AB8EEEA
:103CC400C88A1B68DFED2E8A012B0BBF96ED017AA3
:103CD40097ED017AD6ED007AD7ED007A07BF77EE3B
:103CE400877A96ED027A77EE877A97ED027A77EE05
:103CF400877A87EE800A1FF075FB20EE0A0A20EE11
:103D0400290AC0EE097A77EEA87A77EE887AFDEE72
:103D1400E77A17EE904A002C24DD732C4FF61F032C
:103D240005F211211148A8BF7324009309B2C4F10C
:103D3400A30223B212B215F0E3FCC8F80040013527
:103D440008F104080436043FB5F5877F90D14FF09D
:103D540084434FF48012C3F8882003B0BDEC068B73
:103D6400BDE8F08F0024E8E7B4F40120941C02209D
:103D7400B40402200000E842A00A02200000C84265
:103D8400000000006C9001203C0F0220380F02203C
:103D940010B5444C86B0206802A906F05FFF0222E9
:103DA4000321414814F07EFE00213F4814F0FDFA3F
:103DB400002200B240F202231146019200903A48D8
:103DC40015F062FF394B1A68394B002A39D1394A48
:103DD40030201168226800FB01335968914202DCEB
:103DE4009B689A422ADD4FF478412F4815F055FA22
:103DF40000232D481A46194614F0D0FD02A92A487A
:103E040008F068FD02220121274814F04BFE4BF212
:103E1400B251254815F041FA00234FF4AA71224803
:103E24001A4614F0BBFD02A9234B186806F016FFCE
:103E340002A91D4808F04EFD06B010BD4FF4FC6108
:103E4400D3E71E4A30201168226800FB0133596809
:103E5400914202DC9B689A4221DD4FF4784112487A
:103E640015F01BFA0023DC210F481A4614F096FDC6
:103E740002A90D4808F02EFD022201210A4814F07F
:103E840011FE4BF2B251084815F007FA0023142131
:103E940005481A4614F082FD02A9094BC5E74FF400
:103EA400FC61DCE7BC2C0120941C022080F401207E
:103EB400C0BA0020E8C10020F4C10020ECC10020F9
:103EC400F0C1002030B5102389B000251B2240F238
:103ED40011213148CDE90035B42315F0D5FE0CF09D
:103EE40003FC9FED2E7ADFED2E7A4FF4784230EE0C
:103EF400077ADFED2C6A40F2112127488DED030A81
:103F040027EE277AC7EE267A9FED277A77EE877A0F
:103F1400FDEEE77A17EE903A1CB20E2324EAE4741D
:103F2400B42CA8BFB424CDE9003223461B2215F0DB
:103F3400ABFE4FF6FF71184815F0AFF92946164845
:103F440014F0DBFD2946144814F02FFA502300B274
:103F54001B2240F2C921019500900F4815F094FEF0
:103F640005AB9DED030A1B224FF43271012026F0AC
:103F74003FFF4FF4FC61084815F08FF90B490648E0
:103F840008F0A8FC0A4B9DED030A1B7813B12046E8
:103F940007F0A8FB09B030BD941C02200000FE42CB
:103FA4000000D8420000584200000000F29A0020AD
:103FB400103002202DE9F04F054601202DED048B31
:103FC400ADF2344D06F084FCA74B1B68012B06D0E0
:103FD400A64B1A68A64B53F82220A64B1A605DB173
:103FE4004FF40062DD21A4480DF2344DBDEC048B86
:103FF400BDE8F04F19F00CBFA04BA9469E4EA84651
:104004000A930CABDFF860A20B9398494FF08442FB
:104014004FF480239A484FF0300B9A4FC2F88C30FB
:1040240001350A6803680BFB0274974A02EB031319
:10403400A48DB3F80AC0D3ED018A0A9B644493EDBE
:10404400000AA4B206F086FD8D488F4AB0EE409A6D
:104054000368864902EB031309685A890BFB01774D
:1040640093ED018A0A9BB7F82CB093ED010A04334F
:104074009344804F0A9306F06DFD68EE898A1FFA17
:104084008BFB28EE000A814B3A68FDEEE88A1B6838
:10409400BDEEC08A18EE901A0C4418EE101A8B4428
:1040A40024B20FFA8BFB1C1BA3EB0B0BA41AABEB78
:1040B400020BDAF80020012A05D11B1B042B00F3A4
:1040C400958008F101083268DD2A40F09480736815
:1040D400DD2B0CD06E4B196849B912B201912BB289
:1040E4006C4800921946B6F9042015F06FFADD2CDD
:1040F40000F3B580BBF1DD0F40F393800123482C1E
:104104004FF0DD0BB8BF4824002B40F0918046F8F7
:10411400044BC4F1CA04604B0020742C0B9AA8BF52
:10412400742424EAE47433F8143022F8023B0B922A
:1041340006F0CEFB40F2FF139D427FF466AF4E4B78
:10414400C3F8FCB7FFF7BEFEDAF80030012B05D147
:10415400B8F1660F5CDD3B6801333B604C4B1C6877
:10416400002C37D14D4EC0234D4D0127F72249482D
:104174003946CDE90744CDE90543337804932B78D8
:104184000393F823CDE90173464BB3F90030009350
:104194004FF4007314F0E6FE3E4814F013FB296854
:1041A40002233C48B94213BF21462B60316033607F
:1041B40018BF2F6015F07CFB01210CAB3548F722AA
:1041C40001934FF40073009115F070F90021314808
:1041D40015F06EFB4FF084434FF48022C3F888201F
:1041E4000DF2344DBDEC048BBDE8F08F902BC8BFAD
:1041F40009F1010967E7482A7FF46CAF7368482B1B
:1042040067E70023DD247AE74FF0480B5C467EE73E
:10421400B9F1190F02DCB8F1320F9FDC3B68013BA6
:104224009BE7472C16DDBBF1480FB8BF4FF0480B96
:10423400174B1B68002B7FF46AAF4FF6E0722BB26A
:104244001448019222B2194600920FFA8BF215F02B
:10425400BDF95CE7BBF1470FD6DD4824E8E7BBF1C5
:10426400DD0FCEDCDD24DEE730100220E4C10020C7
:10427400AC0A0220689001206888012090E923207C
:104284000CC20020C0BA00201CC20020641C022002
:10429400F00E0220941C022006690020A4B800201D
:1042A400A0B80020C4CB0020B34B1A684FF40073AD
:1042B400934007EE903AB14BF8EEE77A93ED007A2B
:1042C4002DE9F04F2DED028B87EE878A2DED02ABA1
:1042D40083B09ABBDFEDAA8A68EE288AA94BDFF87F
:1042E400D082D3ED007AA84BF8EEE77AD8F8001024
:1042F4001B68DFF8C0925B1AD7EE888AD9F80020D1
:1043040007EE103AA14CB8EEC77AFDEEE87A27EE34
:10431400087A9FED91AB17EE90BAB7EEC77A27EE05
:104324000A7BFDEEC77B17EE905A092A18D8DFE8FE
:1043340002F008125454450808080808DFED948A6E
:10434400CCE7944B1B685B442B44B3F5007F07DD3B
:104354000123237004E08F4B1B685B44AB42F7DB03
:104364008D4E01218D484FF0820A15F0A1FA336871
:1043740000228B4F01338948B7F900101BB2CDE9F5
:1043840000A25C2215F080FC002386495C22009385
:104394005346B1F90010814815F0B2F92378002B87
:1043A40071D1D9F800307B4C092B00F2D280DFE8C0
:1043B40003F03D75B6B6833D3D3D3D3D7A4B93EDEF
:1043C400007AB8EEC77A27EE087AB7EEC77A27EEF6
:1043D4000A7BFDEEC77B17EE905A6E4B93ED007A85
:1043E40005EBD5735B10B8EEC77B06EE103A9FED74
:1043F4005C5BB8EEC66B26EE056B05EE90BAB8EEC4
:10440400E54B37EE465B35EE045BB5EEC05BF1EE93
:1044140010FA9DD437EE067B9FED536B37EE047B89
:10442400B4EEC67BF1EE10FA9ADD91E72368D8ED7D
:10443400007A5B44F8EEE77A07EE103AB8EEC77AF2
:10444400A7EE887ABDEEC78A4FF08208102318EED3
:10445400101A5C22514809B2CDE900832BB215F041
:1044640013FC216840F2FF735C2259444B480093CB
:10447400434609B215F044F923684A4A5B4487ED80
:10448400008A356013600021444803B0BDEC02ABE0
:10449400BDEC028BBDE8F04F15F00ABA2368D8EDE5
:1044A400007A5B1BF8EEE77A5B4407EE103AB8EE4D
:1044B400C77AA7EEC87AC5E73B4BD4ED006A93ED03
:1044C400007AB8EEE66BB8EEC77A9FED255B27EE6F
:1044D400087AB7EEC77A27EE0A7BFDEEC77B17EEA4
:1044E400903A03EBD372521007EE902AB8EEE77BB2
:1044F400A7EE456B07EE90BAB8EEE77B37EE067B86
:10450400BDEEC78B07EE903AB8EEE77B9FED186BD4
:1045140027EE067BFDEEC77B17EE905A94E705EB7A
:10452400D573D4ED006A5B10B8EEE66B07EE903AF3
:104534009FED0B5BB8EEE77BA7EE456B07EE90BAF9
:10454400B8EEE77B37EE067BBDEEC78B07EE905ADD
:10455400DAE79FED168A77E7F6285C8FC2F5F03F1D
:10456400C3F5285C8FC2ED3F0000000000008040CE
:10457400666666666666EE3F10CB00202014022055
:1045840000803B4710160120A40A02208730022035
:104594000000000098BF002064880120941C0220C1
:1045A4005C88012060880120B8C800200000000059
:1045B400A80A0220A00A02203D4BB1EE094B93ED5C
:1045C400007A3C4BB8EEC77A9FED375BB7EEC77AFB
:1045D4002DE9F74F87EE046B93ED007A364C2C27C8
:1045E4000025DFF8D8A02046DFF8D490B8EEC77ACB
:1045F40001214FF6FF7B36EE456BFDEEC67B17EED1
:10460400908AB7EEC77A87EE046B36EE456BFDEE03
:10461400C67B17EE906A15F04BF9BAF900102046E4
:1046240008234822CDE9007515F02EFBB9F90010D6
:10463400204608237422CDE9007515F025FB08F106
:1046440001014FF4FC632046482209B2CDE900730E
:10465400072315F019FB3B460FFA88F12046482240
:10466400CDF800B015F04CF8711C4FF47843204697
:10467400742209B2CDE90073072315F005FB204627
:1046840031B23B467422CDF800B015F039F8294612
:104694002046CAF80080C9F8006003B0BDE8F04FB6
:1046A40015F006B9AFF300800000000000004040A0
:1046B40058C300205CC30020941C0220A8B800202A
:1046C400ACB80020F8B54FF084439C695A69144093
:1046D4000DD0254F01269C6194FAA4F5B5FA85F511
:1046E40057F8253006FA05F59847AC43F4D11F4B2B
:1046F4009C695A6914400DD01D4F01269C6194FA9F
:10470400A4F5B5FA85F557F8253006FA05F5984766
:10471400AC43F4D1174B9C695A6914400DD0164F21
:1047240001269C6194FAA4F5B5FA85F557F825306D
:1047340006FA05F59847AC43F4D1104B9C695A69C5
:1047440014400DD00E4F01269C6194FAA4F5B5FADD
:1047540085F557F8253006FA05F59847AC43F4D1AA
:10476400BFF34F8FF8BD00BFC0C30020004000421C
:1047740040C4002000800042C0C4002000C00042A9
:1047840040C500200548064B1B1AD90F01EBA301B5
:10479400491002D0034B03B118477047C0D2002020
:1047A400C0D200200000000008B5054B1BB105492C
:1047B4000548AFF30080BDE80840FFF7E3BF00BF42
:1047C40000000000781002200090046010B586B04C
:1047D4000446CDE90421039318F080F99DF82000E4
:1047E400059900902046DDE9033218F0DDF92046F2
:1047F40006B010BD0E4B10B50446104623600023CE
:10480400617222618A0023721946E36019F000FB89
:10481400084A136833B91460002320466361636057
:10482400A37210BD1A465B69002BFBD15461F3E7F8
:1048340088360020183D0120002210B51146044698
:10484400FFF7D8FF064B20462360002384F860312D
:1048540084F86131C4E95633502384F8623110BDC1
:10486400B836002010B500F1180201210446FFF704
:10487400C1FF064B20462360002384F86433C4F848
:10488400603384F8653384F8663310BDC436002081
:1048940010B504460DF0ADF9012384F8663310BD5C
:1048A400314BD3ED007AFDEEE77A10B52F4C17EEBD
:1048B400900A26F08DFA002120460CF07FF820465D
:1048C4000CF0B0F94FF4FA71294826F055FA40F289
:1048D40073122A2120460CF0BBF860B188222021F3
:1048E40020460CF0B5F830B1E2882421204622F0AD
:1048F40004020CF0ADF80A211C480CF009FA00225D
:104904001A4811461B4C0CF02BFA0D2117480CF0D9
:1049140032FA16480CF03FFA012120460CF04EF80A
:1049240020460CF07FF95522202120460CF090F807
:1049340030B1E2882421204642F004020CF088F8C9
:1049440040210C480CF0ADF90B4B4FF4C8020B4856
:104954009A6118F039F90A4B00220A4883F8662351
:10496400BDE8104018F030B9201402203814022099
:1049740000002020441402208CF401206C11022039
:1049840050200120F410022008B5064818F0B2F8AF
:10499400054818F0AFF80548FFF77AFF0448FFF719
:1049A40077FF08BDB8100220E0100220181601207D
:1049B400E81C012008B5044818F09CF80348BDE839
:1049C400084018F097B800BF1C11022030110220D3
:1049D400014818F08FB800BF08110220F8B5002470
:1049E4003C4E3D4F05463D4887F8664386F866438E
:1049F40018F0EAF83A4818F0E7F838460DF0F9F8F4
:104A04003046384E0DF0F5F8374886F8664318F00E
:104A1400DBF830460DF0EDF8344818F0D5F834489A
:104A240018F0D2F8334818F0CFF8334B83F86341C9
:104A3400324B83F86341324B83F86341092D0ED81E
:104A4400DFE805F018051835350E1D3033382648D3
:104A540018F050F82348FFF71BFFFFF7ABFFF8BD32
:104A6400284B1B68052B05D1274818F0ADF82748BB
:104A740018F040F8FFF788FFFFF7AAFFEFE7214B94
:104A84001B68052B04D0062BE7D1FFF7A1FFE4E751
:104A94001D4818F02FF81348FFF7FAFE1B4818F0CA
:104AA40093F8F2E7FFF770FFD9E7FFF76DFFFFF721
:104AB40081FFE1E70C4818F01DF80A48FFF7E8FE0B
:104AC400FFF778FF124818F015F81248FFF7E0FED8
:104AD400C5E700BFE81C012018160120B810022009
:104AE400E010022080190120CC10022008110220BD
:104AF4001C11022030110220B82301201C250120A2
:104B040080260120A00A02206C11022044110220F8
:104B1400F4100220502001202DE9F74F844B0A2283
:104B2400844900241A721960834BDFF83C821A729C
:104B34000022196040461146804FFFF75BFE804B10
:104B44004046DFF828A2C8F800300CF007FBDFF875
:104B5400209238467B4EFFF785FE50467A4DFFF78C
:104B640081FE3B462246414648460094FFF72EFE0E
:104B74004846DFF8009232462946DFF8FCB121F0BE
:104B84003FFC53464146012248460094FFF71EFE6F
:104B940032462946484621F033FC6C4BDFF8DCA151
:104BA4001846DFF8DC91FFF75DFE5046FFF75AFE2A
:104BB400664B4146022248460094FFF707FE4846EA
:104BC400DFF8C0913246294621F01AFC534641468B
:104BD400032248460094FFF7F9FD32462946484629
:104BE40021F00EFC5A4B0421DFF89CA103F11802BA
:104BF4001846FFF7FFFD564B564A4FF00109184679
:104C0400DFF888811A600CF00FFE53490846FFF75D
:104C140013FE5046FFF710FE4D4B22464E494046C8
:104C24000094FFF7D3FD4046DFF8648132462946FD
:104C340021F0E6FB464B22465146CDF80090404613
:104C4400FFF7C4FD4046DFF84C81324629464FF059
:104C5400020A21F0D5FB4046FFF7EEFD3C4B22460D
:104C64004146CDF800A05846FFF7B0FD5846DFF89E
:104C740028B13246294621F0C3FB0BF118025146F4
:104C84005846FFF7B7FD354BDFF810A15846CBF86F
:104C940000301AF019FC0AF11C0249465046FFF78D
:104CA400A9FD2F4BDFF8F890CAF800304FF4803399
:104CB4004846CAF8183017F011FF534622464146B9
:104CC4004846DFF8E080009417F06EFF324629462C
:104CD400484621F095FB5B462246514640460094E7
:104CE400FFF774FD4046DFF8C08032462946DFF8FE
:104CF400BC9021F085FB224621464046FFF77AFD11
:104D0400184B4046C8F800301AF000FB484617F02C
:104D1400E5FE224641463B464846009417F044FFD0
:104D240032462946484603B0BDE8F04F21F068BB3F
:104D340038140220803700204414022080190120F6
:104D440068370020C8B800205D94010018160120BF
:104D5400E40F0220743700201C250120AC3600200B
:104D6400A036002094360020CC0F022050200120D1
:104D7400CC100220F410022008110220E81C0120AB
:104D8400B8100220E0100220802601201C1102200D
:104D940030110220B8230120D01D02208CF4012000
:104DA4004411022058110220B81D02206C11022067
:104DB400704700000D4A38B5146805460C4B1F2C8B
:104DC40009DC185501341460002209481A55BDE85D
:104DD400384007F057BE1F22591C184623F00EF91D
:104DE4000219034602F8015CEEE700BFB09401200B
:104DF4006C2F02202DE9F043089F00254FF0FF3669
:104E04003C46A1EB070915601D60A14507DC002E97
:104E1400C2BF50F8261011601E60BDE8F083A4EBF9
:104E2400070E4FF0000C07EB0408C64505DD654589
:104E3400DCBF264665460134E7E750F82E100EF134
:104E4400010E8C44F1E700004D4B2DE9F0411D6843
:104E540088B055F820300A2B56DC55F8203007EE80
:104E6400900A0133B8EEE77A45F820300023CDE903
:104E74000433444BD3ED007AB4EEE77AF1EE10FA42
:104E840057D80123FCEEE77A02AA2846019306AB21
:104E940017EE901A009304ABFFF7ACFF049A3A4B59
:104EA40002B11A6018680021384F40F2EE23384CE2
:104EB4004000DFF8E4C0D7F800E02268DCF80080A6
:104EC40055F82360002E07DDBEF1000F04D18342A4
:104ED400BEBF01211A468E469042BCBF4246012104
:104EE400013BEDD101B1226000233B602368CCF883
:104EF4000030049B0BB1244A1360059B0BB1254A77
:104F0400136008B0BDE8F0819FED1B6B2B1F05F605
:104F1400B43293ED017A0433B8EEC77A9A42B7EE0D
:104F2400C77A27EE067BBCEEC77B83ED007AF0D10F
:104F340093E777EEA76AB4EEE67AF1EE10FAD8D8E2
:104F4400FDEEE77A032303AA019307AB17EE904A19
:104F5400FCEEE67A009305AB013417EE901A05EBEC
:104F64008400FFF747FF059B002BC2D0094A13605A
:104F7400BFE700BFAFF300809A9999999999E93FE7
:104F8400880F022060CB0020800F0220080F02202F
:104F9400881D0220840F02208C1D022000000000C6
:104FA4007B4B7C497C4A70B51C68054686B07B48BF
:104FB40034B97B4C24680C601468046001241C60C0
:104FC40012680068121A142A764A0BD91868012844
:104FD40008D1754804687548046071480068106019
:104FE400002018600968106807EE101A704A07EE6E
:104FF400900A704BB8EEC77AF8EEE77A37EE076A94
:10500400F4EEC67AF1EE10FA09DB684CD4ED006ACE
:10501400F8EEE66AB4EEE66AF1EE10FA10DA77EE2C
:10502400A77AB4EEE77AF1EE10FA33DB5F4C94ED35
:10503400007AB8EEC77AF4EEC77AF1EE10FA29DBFB
:1050440006EE900AD2ED007A8842B8EEE65BD3ED24
:10505400006AB8EEE77BB8EEE66B9FED474B9FED39
:10506400483B27EE047B26EE046B04EE901AB8EE60
:10507400E44B25EE035B24EE034B6CDB37EE047B41
:1050840035EE065BBDEEC77BBDEEC55B82ED007AF7
:1050940083ED005A14681E6806FB04F3344400EEE2
:1050A400103A6410B8EEC00B1EF09AF807EE904A5E
:1050B400B7EEC00B404BF8EEE77A83ED000A3F4BA6
:1050C400C3ED007AFCEEC07A3D4B1C6854F82530E1
:1050D400013344F8253017EE905AFDEEC07A013DB5
:1050E40017EE903A23B154F82320002A40D00393BA
:1050F400012303AE04AA2946204601930096314BAE
:10510400FFF778FE0323C5F53B7105AA04EB850080
:105114000231CDE900632C4BFFF76CFE1A682A4478
:105124001A60049B052B14DD059B052B11DD231F41
:1051340004F6B4349FED146B93ED017A0433B8EEA6
:10514400C77B9C4227EE067BBDEEC77B83ED007ACE
:10515400F2D106B070BD37EE057B36EE046BBDEEC2
:10516400C77BBDEEC66B82ED007A83ED006A91E7E2
:10517400013BB7E7AFF30080CDCCCCCCCCCCEC3F3B
:105184009A9999999999B93F9A9999999999E93FCD
:105194000C1E0220101E0220741C0220581402202F
:1051A40050140220141E02208C0F0220900F0220A3
:1051B400BCBA0020B8BA002060CB0020841D0220B5
:1051C40054140220F40E0220D40E02200000000029
:1051D4006B4B1A68D20770B505D46A4A11686A4ADB
:1051E400116001221A60694C2378062B2AD8DFE863
:1051F40003F0045B7D2929A8BA00654B01281A68CD
:10520400604B20D11D682070624BA81A1D601428C1
:10521400614B186016DD614BB0EE087AD3ED007A6D
:1052240067EE877AFCEEE77A17EE903A834209D963
:10523400554C41F288322368EB1A934202DDFFF7A2
:1052440003FE256070BD1B6855490B609B1A554AC7
:1052540007EE903A1360544BB8EEE77B93ED006A87
:105264009FED455BB8EE466B26EE055BB4EEC57B61
:10527400F1EE10FA05DD4D4B1B7813B105232370B5
:10528400E0E7B1EE025B26EE056BB4EEC67BF1EE11
:1052940010FA54DD464B1B78002B50D1434B1B783E
:1052A400002B4CD10623EAE70028CBD1394A354BF1
:1052B40010681B683F4D181A3F4A2B601328106072
:1052C4003DDDA0F11502B2F5367F0AD82E4E3268C4
:1052D4009B1A41F28832934203DDFFF761FE2B688B
:1052E40033602B4B2A681A600223C8E7324B1868D4
:1052F4002D4B07EE900A1B68B8EEE76B07EE103AE9
:10530400BBEEEF7BB4EEC76BF1EE10FA17DD234D65
:105314002A4AD5ED007A1378FDEEE77A28495B082E
:1053240017EE905A13700A78A8424FF001051F48EF
:10533400B4BF52199B180570B4BF0A700B700023D8
:105344009DE71F4D1F4A2B781268D05CFFF732FD92
:105354001A4A802100231170144A2B701370144AC6
:10536400237013706EE72020FFF724FD08F00AF87D
:105374000F4B01221A70E2E7333333333333FF3FE9
:10538400C42C0120741C02200C6701206A2B02200B
:1053940010670120086701208C0F022060CB0020D9
:1053A4007010022010100220F40E02200F30022090
:1053B4000D300220C80A022050140220FFCB002026
:1053C4001230022080BF002010B52DED048B08EEB2
:1053D400900AB6EE005B1C46B8EEE87BB8EEE86ACD
:1053E40027EE057BB7EEC78B07EE901A07EE102A5F
:1053F400F8EEE77AF8EEC76A67EE867A87EEA67A61
:10540400B7EEC66AB7EEC77A37EE057B9FED205B31
:10541400BDEEC77BB8EEC77B27EE057B87EE069B08
:10542400B7EEC99BB0EE490A1FF076F8F0EE409A49
:10543400B0EE490A1FF074F9DFED177A30EE006A16
:105444002346B0EE677A002218EE901AF1EE676AEE
:105454008A4211DBA6EE807A27EEA90AC0EE087A0A
:10546400C7EE086ABDEC048BBDE8104027EEA70A1E
:10547400A6EEA60A1DF0E6BFE7EE066AF3EC015AB3
:10548400F0EE477A013236EEA57ADDE7AFF300801D
:10549400182D4454FB2119400000000000000000B6
:1054A4005F4B1B68012BF0B52DED068B83B040F0EC
:1054B400AA805C4C4FF480735B4D22685B495C4866
:1054C4001CF0C4F82B685B4E00934FF48073206883
:1054D4001946594A1CF002FD3246286840F2FF1171
:1054E400564B1BF083F8564B96ED006A45F6C052B6
:1054F40093ED007A40F2EE21B7EEC66A2768B7EE64
:10550400C77A4FF480709FED42AB9FED439B27EE2B
:105514000A7BA6EE097BB7EEC77B83ED007A3B4698
:10552400FFF752FF3A464FF4807346494648F0EE7F
:10553400408A1CF08BF82B68444F00934FF480731F
:10554400206819463C4A1CF0C9FC3A46286840F2D7
:10555400FF113F4B1BF04AF83E4B97ED008A40F297
:10556400EE2193ED007A45F6C052B7EEC86A4FF4C7
:105574008070B7EEC77A384D27EE0A7BA6EE097B1A
:10558400B6EE009AB7EEC77BD6ED007A38EE278ADE
:1055940083ED007A314B28EE098A83ED008A236873
:1055A400FFF712FFF2EE047A38EE800A2C4B2D4CF2
:1055B40028EE278ADFED2C7A20EE090A28EE278AC6
:1055C40083ED000A28EE008A84ED008A85ED008AC6
:1055D40007F022FF2A684FF62050244B1A6025F06A
:1055E400DBFB94ED007ADFED227AB4EEE77AF1EE9C
:1055F40010FACCBF0120002003B0BDEC068BBDE83F
:10560400F040FFF7E5BD03B0BDEC068BF0BD00BF75
:10561400333333333333D33F666666666666E63FB9
:10562400E00E0220D00A02208406022094A924203D
:10563400A0E80020900602205C14022088060220C4
:10564400BC04022094892420A8ED002094060220A2
:105654008C060220C004022078060220B80402202E
:10566400A80F0220740602200000C8427C06022013
:105674000000484208B51C2018F06EF828B9034B06
:105684001B68012B04BF024A137008BDE8110220F5
:105694002730022008B5074B1B68012B09D11C20B9
:1056A40018F05AF828B9044B1B68012B04BF034AAD
:1056B400137008BD1C100220E811022027300220BC
:1056C4002DE9F0412DED088BADF5005DB44B0E4690
:1056D400B0EE409A82B0B7EE000AB24905461746CA
:1056E400B1484FF4807293ED00AA1DF089F8B7EE2B
:1056F400000A4FF48072AD49AD481DF081F8002EC8
:1057040000F01581B7EEC96AA648B2EE044BA7496A
:105714000024DFEDA83ADFF8CCC2DFF8CCE29FED3D
:10572400905B012D40F0E68026EE057BFDEEC77B05
:1057340017EE903A802BA8BF8023A34200F3F48095
:1057440003F18002A24240F3EC80E31A0EEB8303E0
:10575400D3ED007A90ED007A013427EE277AB4F580
:10576400807FA0EC017A91ED007A67EE277AE1EC74
:10577400017AD6D14FF480738F4A8A498F481BF03F
:1057840031FD4FF40073874A8B498D481BF02AFD85
:105794004FF48073884A85498A481BF023FD4FF4EF
:1057A4000073824A844988481BF01CFD874B1B7890
:1057B400002B00F0D080B8EECAABB1EE041B9FED15
:1057C4006A8BB0EE4A0B1EF0DFF9B1EE001BB0EEAF
:1057D40040BBB0EE4A0B1EF0D7F928EE408BB0EE7A
:1057E400081BB0EE4A0B9FED627BABEE078B1EF0FD
:1057F400CBF9774B1A682AEE4A6B764B03EB82039C
:105804009FED5D7BA0EE078B9FED5D7BA6EE078B86
:105814009FED5D7BAAEE078B9FED5D7B38EE078BDA
:105824009FED5D7B88EE070B93ED007AB7EEC77AA8
:1058340020EE070B5B494FF40062B7EEC00B08463D
:105844008DED010A1CF0DCFF58494FF400629DED18
:10585400010A08461CF0D4FF4FF4006202A9514823
:105864001AF01CFD0DF580514FF400624F480831C9
:105874001AF014FD012D04D11EB1574B1A68574B71
:105884001A60DFF868810023554C4FF4006202A9C6
:10589400404688F8633184F863310CF03EF90DF525
:1058A40080514FF40062204608310CF036F9012390
:1058B4009D4288F8633184F8633110D17EB1474A40
:1058C400454910680B681B1A07EE903AF8EE677AA0
:1058D400F4EEC97AF1EE10FAF4D40B68136017B140
:1058E4000A2005F0E3FC0DF5005D02B0BDEC088B69
:1058F400BDE8F08134EE467B27EE057BFDEEC77BE9
:1059040017EE903A802BB8BF8023A3F18002A24205
:1059140007DCA34208DDA21A0CEB8202D2ED007A66
:1059240018E7F7EE007A15E7F0EE637A12E7002D38
:105934007FF420AF1B494FF480729FED1E0A084686
:105944001CF05EFF19494FF480729FED1A0A084655
:105954001CF056FF0EE7B7EE000B6BE7AFF30080C9
:1059640000000000008039401F85EB51B84E6340B1
:10597400E4141DC9E57F194033333333337596403E
:105984000000000080F0B8400000000040C9D04092
:105994000000000000168E4000000000006AF8407D
:1059A4009CCB0020946924205C1802209449242074
:1059B40098060220000000009429242064FE0020A0
:1059C40094FE002070FE0020A0FE0020AACD00203E
:1059D400E4C10020989F0020741C0220CC0A0220FD
:1059E40080260120D40A0220D40C02201C25012088
:1059F40070B50A23A0F11405B0EE047B0121002642
:105A040004460022B5FBF3F51D4B1B68B0FBF3F312
:105A140000EE103A0846B8EE400B2DED028B20EE56
:105A2400070BDFED188AF1EE047AB7EEC08BB4EE03
:105A3400E78AF1EE10FAC4BFB0EE048A05F1FF352F
:105A4400B0EE480AFFF73CFEB54210DC002201210B
:105A5400B0EE480A1046FFF733FE0B4B0B491A68A9
:105A64000B689B1A9C42FBD8BDEC028B70BD0022D4
:105A7400B0EE680A012001361146FFF721FEE3E784
:105A8400901D022000000000CC0A0220741C022099
:105A94002DE9F8431E4E01211620012517F03CFE86
:105AA400DFF874803768DFF874903368D8F8002022
:105AB400DB1B934208D91620002117F02DFE32205B
:105AC400BDE8F84305F0F2BB99F8000017F044FE76
:105AD400044618B101280ED02546E6E7012D3768A3
:105AE4009FED0C0A0DBF2A460122014611461046BD
:105AF400FFF7E6FDF0E79FED070A02462DB90146E0
:105B04002846FFF7DDFD3768E6E700210846EFE7A2
:105B1400741C02200000000018C20020D8C8002015
:105B2400C54B1B682DE9F0472DED068BC3B9C34A5D
:105B340092ED007AC24AD2ED007A0133083267EE60
:105B4400877AB3F5807F42ED027A52ED017A67EEEF
:105B5400877A42ED017AEED1BDEC068BBDE8F08781
:105B64009FEDB38BB64D4FF00009DFF85083D8F8A2
:105B74000030B44F5A1CDFF848A395ED010AB2F582
:105B8400F06FCCBFA3F5F063C8F80020AE4AC8BFDD
:105B9400C8F800301368D8F80040591CB1F5F06F0C
:105BA4008ABFA3F5F06311601360A84B166803EB7A
:105BB400C40103EBC6020968396003EBC401A44BBA
:105BC40049681B6879600AEB840182ED010A91ED52
:105BD400009A29681160D2ED007A002B66D1F0EEAC
:105BE400E77AB0EEC00AB4EE670AF1EE10FA98BF95
:105BF400B0EE670A974B0AEB8606974AD3ED007A14
:105C0400D2ED006A954A66EEA76A9549D2ED007A0C
:105C1400944AE7EE896A86ED000A92ED006A924A98
:105C2400C3ED006A914BD3ED007A26EE276AD2EDDC
:105C3400007AA7EE896AD1ED007AF4EEC97AF1EE22
:105C440010FA83ED006A13D8DFED897AB4EEE79A8F
:105C5400F1EE10FA0CDD874B40F28176C1ED007A4B
:105C6400186800231A46904227DC0BB1C1ED007A74
:105C7400D1ED007A804BF4EEC07A80481A68804CEB
:105C8400F1EE10FAD4ED005A48BF81ED000A002A63
:105C9400C4BF02F1FF321A600278042A65D8DFE833
:105CA40012F01E00BC0033014A01680120EE000A14
:105CB400A7EEA70A1DF0C6FB9CE701340132B442EB
:105CC40008BF00240AEB840C9CED007AB4EEE77A5A
:105CD400F1EE10FAC4BFF0EE477A0123C3E791ED69
:105CE400007AB4EEE57AF1EE10FA0BDB37EE657A62
:105CF400644BB0EE656AD3ED007AA7EE276A84EDB3
:105D0400006A32E0604AD2ED007A66EEA76AF4EEE9
:105D1400E56AF1EE10FA05D50123037037EE657AD2
:105D24005A4BE6E75A4A11785A4A002966D05A492A
:105D3400D1ED007AB4EEE76AF1EE10FA5EDD0221ED
:105D4400B4EE006B0170554991ED007A5449D1EDE0
:105D5400007A27EE277AB7EEC77A27EE067BBDEEE8
:105D6400C77B83ED007A012313704E4B94ED007AC8
:105D7400D3ED007A4C4AB4EEE77AF1EE10FA4ABF5A
:105D840000230123C4ED007A1370484BD4ED007A4C
:105D940093ED009A464BB7EEC99A93ED00AA454B92
:105DA400B7EECAAA93ED000A20EE270A04F0D2FE49
:105DB400B5EEC00AF1EE10FA00F3EE80B7EEC00AB9
:105DC400AAEE409B94ED006A09F101090835B9F582
:105DD400807FB7EEC66A89EE067BB7EEC77BD7ED48
:105DE400007A67EE877A45ED027AD7ED017A67EE9D
:105DF400877A45ED017A7FF4BAAEADE6032337EE38
:105E0400657AB0EE656A03702B4BD3ED007A0023FC
:105E1400A7EE276A84ED006AA6E791ED007AB4EE56
:105E2400E57AF1EE10FA4DDB002303705EE700BF64
:105E34009A9999999999A93F609F002034C30020A9
:105E440090112420A41002200C100220E8980120B4
:105E5400E0C80020E09801209C100220280F0220B6
:105E6400F8F20120A0100220AC0F0220E4980120D7
:105E740000000000ACF40120B00F02208F2F02209C
:105E8400F0D40120B0F40120841102202C0F022050
:105E9400253002208E2F0220B80F0220C00F0220CE
:105EA4002014022048100220942F0220B010022057
:105EB400601C022018100220D80E0220D0C8002036
:105EC400F4D40120384AD2ED007AF4EEE57AF1EE0A
:105ED40010FA3FF523AF1B68002B02DD0223037089
:105EE40043E7324B37EE657A1B784BB903230370D3
:105EF4002F4BB0EE656AD3ED007AA7EE876AFEE613
:105F0400042303702B4BF4E791ED007AB4EEE57AA9
:105F1400F1EE10FA05DB00230370234BC3ED005AA6
:105F2400E4E61B68002B7FF420AF042337EE657A88
:105F34000370204BDDE6D1ED007AF4EEE57A37EE1E
:105F4400E57AF1EE10FA06DB00230370164BC3ED7D
:105F5400005A194BCDE7164BB7EEE56AD3ED007A3C
:105F640027EE277AB7EEC77AA7EE086BB7EEC66BB3
:105F7400C5E6D1ED007AF4EEE57A37EEE57AF1EE96
:105F840010FAE1DA0B4BF0EE657AD3ED006AE6EE37
:105F9400877AC4ED007AE8E69FED010B10E700BFB5
:105FA4000000000000000000DC9801208E2F022079
:105FB400D80E0220B40F0220B0F40120F5EE400AFE
:105FC400F0EE407AF1EE10FA08B52DED028B3BD0DD
:105FD400B0EEE07AF0EEC06AB4EEE67AF1EE10FAD2
:105FE4001FDDF5EEC00A87EEA00AF1EE10FA05DD1A
:105FF400BDEC028BBDE8084004F0F2BDF5EEC07ABA
:106004009FED198AF1EE10FA06DB04F0E9FD30EE9B
:10601400080ABDEC028B08BD04F0E2FD30EE480A2C
:10602400F7E7F5EEC07A9FED118A80EEA70AF1EE4C
:1060340010FA04DD04F0D4FD38EE400AE9E704F078
:10604400CFFDB1EE400AE9E7B5EEC00AF1EE10FA71
:1060540003DC05D59FED060ADBE79FED040AD8E7CC
:106064009FED040AD5E700BFDB0F4940DB0FC940B1
:10607400DB0FC9C0000000002DE9F0412DED048BB9
:10608400DFED678A0026674DB0EE689ADFF8D881A5
:10609400F0EE689A644F654C94ED000A1CF022FB04
:1060A400B0EE408A94ED000A1CF06AFBD5ED016A5B
:1060B40095ED006A26EE887A28EE468AF0EE470AC5
:1060C400F0EE487AA6EE807AE6EE000AE6EE007A72
:1060D400A6EE808AE0EEA98A77EE877AB0EE480AC7
:1060E400A7EEA99A77EEA87A77EEC97AE8EC017A56
:1060F40078EEA97AE7EC017AFFF760FF4C4B4D4A42
:1061040083ED000AD2ED007A4B4B4C49C3ED007A83
:106114004B4BD1ED006A93ED007A4A49A0EE267A02
:10612400D1ED006AB4EEE67A83ED007AF1EE10FA6E
:1061340002D5C3ED006A07E04349D1ED006AB4EE2D
:10614400E67AF1EE10FAF4DC93ED007A3F4BF0EED0
:10615400476A93ED006A0023E0EE066AC2ED006A26
:10616400D4ED006A77EEA67ADFED396AC4ED007AE1
:10617400F4EEE67AF1EE10FA3FDA0BB1C4ED007AF0
:10618400D4ED007A0023F5EEC07AF1EE10FA38D49B
:106194000BB1C4ED007A01360835B6F5807F7FF483
:1061A4007BAFDFED2C7A2C4C27EE277ADFED2B7AB0
:1061B40094ED006A2A4B87EE270A2A4D1B68002BB0
:1061C400F2EE047AB7EEC66A20EE270A9FED107B42
:1061D400B7EEC00A20EE070B9FED0F7BA6EE070B70
:1061E400B7EEC00B85ED000A01DA06F075FC2B68EA
:1061F400BDEC048B2360BDE8F08177EEE67A0123E1
:10620400B6E777EEA67A0123BDE700BFAFF30080BF
:106214009A9999999999A93F666666666666EE3F6A
:106224000000000090112420948924208011022071
:10623400E80E0220340F0220E40E0220680F022030
:10624400901002209810022094100220640F022063
:10625400DB0FC9400080BB46043F0120DB0F4941EE
:1062640090BF0020E427012094A92420000000000E
:1062740070B52B4E0346D0ED007A012496ED007ADA
:10628400284D37EEC77A90ED016AD5ED006A26EE07
:10629400477A76EE666A26EE066AA7EEA67AA7EE37
:1062A400A76A9FED1D5BB7EEC77AB7EEC66A27EE05
:1062B400057B87EE064BB7EEC44BA1EC014A944232
:1062C40003F1080309DB02F18042023A00EB820089
:1062D4000368336043682B6070BDD3ED007A0134EA
:1062E40013ED016A93ED017A26EE676A53ED026AB3
:1062F400A7EE266A27EE077AA7EEA77AB7EEC66A54
:1063040026EE056BB7EEC77A86EE074BB7EEC44BA5
:10631400A1EC014AD3E700BF58A99185E4C9D53F50
:1063240008F301200CF3012008B5354BB8EE006BDF
:106334009FED347AD3ED007A334BF8EEE77A2DED06
:10634400068B87EE879ADFED317A9FED31AAF7EE5F
:10635400008A9FED290B83ED009A2E4B93ED007A72
:106364002D4B27EE677AC7EE0A7AC3ED007AF1EE79
:10637400677A2A4BC3ED007A294BD3ED00AAB7EE16
:10638400EA7A27EE067BB7EEC96A27EE067B87EE2C
:10639400000B1DF0A9FA234BB7EE007B37EE400B40
:1063A400B7EEC08B2AEEC90A83ED008A80EE0A0A92
:1063B4001DF0AEFEF0EE409AB0EE680AA9EE490A6E
:1063C4001DF040F8CAEE8A7A27EE800A1EF0A8F97A
:1063D400E9EEC08AB1EE487A134BB0EE005BB7EE3B
:1063E400C77AB7EEE86ABDEC068BA6EE057BB7EE7E
:1063F400C77B83ED007A08BD000000000070D74021
:10640400C8CB00200000C842E41F0220DB0FC940B3
:106414000080BB46DCC800209810022094100220A3
:10642400BCC80020640F0220680F022000207047BF
:106434007047006910B10368DB681847704700694A
:1064440010B103681B6918477047006910B10368ED
:106454005B6918474FF0FF307047006910B103685B
:106464009B691847704707B5006920B94FF0FF30A2
:1064740003B05DF804FB036801220DF107019B687A
:1064840098470028F2D09DF80700F1E707B50069A6
:106494008DF8071028B1036801220DF10701DB68AC
:1064A400984703B05DF804FB10B50C4C0A220C4964
:1064B400204621F0FEFD204621F06AFFC0F10A03C8
:1064C400052B08D95F230A222354013021184FF4E5
:1064D4004E7020F029FB014810BD00BF2C2B022078
:1064E400DE6F002038B5856D04466DB94FF48070B9
:1064F40020F01CFB0146A06580B10570206D28B119
:106504004FF480720FF0B2FCA06D38BD606D0028AE
:10651400FAD04FF480720DF0AFFCF5E7014BA365A0
:10652400F2E700BF912F022038B5046D11464CB13B
:106534009BB920460EF0CFF878B12046BDE838402C
:106544000EF0B3BC446D44B120460CF083FA20B184
:106554002046BDE838400DF037B8002038BD036D43
:1065640013B50C4683B10DF1060201A918460EF0CD
:10657400A0FA30B1BDF80430BDF8062053EA020198
:106584000BD1002002B010BD406D0028F9D00DF1F0
:10659400060201A90CF022F9EBE702F01F01012029
:1065A40049002170C2F34511D20A6170A27003F050
:1065B4001F022271C3F343125B0A013A03F5EA6333
:1065C4006271A371DEE7036D13B50C4683B10DF15F
:1065D400060201A918460EF05CFA30B1BDF8043089
:1065E400BDF8062053EA02010BD1002002B010BD11
:1065F400406D0028F9D00DF1060201A90CF0DEF877
:10660400EBE702F01F01012049002170C2F345119C
:10661400D20A6170A27003F01F022271C3F3431205
:106624005B0A013A03F5EA636271A371DEE7036D65
:1066340013B1586900217047436D13B1D3E90001C8
:1066440070471846F6E710B103681B6B184770478C
:1066540010B50446C9B216F03FFD2046BDE810400F
:1066640016F007BD10B5044616F0FAFC2046BDE846
:10667400104016F0FEBC10B5044616F0F1FC20469E
:10668400BDE8104016F0F5BC16F0EABC13B504469C
:1066940061B10846019121F07BFE2368024601990D
:1066A4005B68204602B0BDE81040184702B010BD38
:1066B400FFF7ECBF10B50446FFF7E8FF2046BDE83E
:1066C400104016F0D6BC036D13B1D8690021704791
:1066D400436D13B1D3E9040170471846F6E7836BA1
:1066E40010B55BB1187810F008001EBFD8695B695B
:1066F400C01A0028B8BF6FF0004010BDC06B00285E
:10670400FBD090F8313013F008030ED0D0E9041315
:10671400D0E90024881A63EB0403B0F1004F73F14D
:10672400000328BF6FF00040E7E71846F5E708B517
:106734001030FFF7D4FF08BD08B51830FFF7CFFFBE
:1067440008BD836B33B11B7813F0700F14BF0120A5
:1067540000207047C06B0028FBD090F8313013F054
:10676400500FF3E708B51830FFF7EBFF08BD10B57D
:1067740004461830FFF7E5FF60B1206D10B1002129
:106784000DF0A9FF606D28B100220023BDE8104080
:106794000CF060B910BD836B23B9C06B003818BF0F
:1067A400012070470120704708B51830FFF7F3FF48
:1067B40008BD10B50446806D18B120F0BFF9002360
:1067C400A36518342046FFF7E6FF20B12046BDE854
:1067D40010400FF0BBBD10BD064B10B5036004465E
:1067E400FFF7E7FF044B04F11800A3600FF0AEFDC0
:1067F400204610BD043800206436002010B504463D
:10680400FFF7EAFF5C21204617F026FB204610BD67
:10681400836B13B118460DF02CBFC06B08B10CF09C
:1068240004B94FF0FF30704708B51030FFF7F0FFA0
:1068340008BD08B51830FFF7EBFF08BD836B13B133
:1068440018460DF053BEC06B08B10CF02BB84FF0D6
:10685400FF30704707B501220DF107011030FFF733
:10686400EDFF01280CBF9DF807004FF0FF3003B087
:106874005DF804FB08B51830FFF7E0FF08BD30B43D
:10688400856B114625B143B9284630BC0DF023BFB2
:10689400C06B10B130BC0CF0DDB8002030BC7047C8
:1068A40038B50446049811461D4620B904F1180071
:1068B400FFF7E5FF38BD01280ED1236D04F1180060
:1068C40013B15A69002303E0636D93B1D3E9002344
:1068D4008A1843EB0503EBE702280CD1236D04F17E
:1068E40018000BB1DA69EDE7636D13B1D3E9042342
:1068F400EEE71A46ECE70020DCE7836B13B1184699
:106904000EF00EB8C06B08B10CF090BC704708B51F
:106914001030FFF7F2FF08BD08B51830FFF7EDFFA0
:1069240008BDD0F838C0F0B49DF810409DF814505C
:106934009DF818609DF81C70BCF1000F07D06046EC
:10694400CDE90667CDE90445F0BC0EF059BAC06B39
:1069540030B1CDE90667CDE90445F0BC0CF0ACBD1F
:10696400F0BC70471FB58A79A2F150031B0612D4FC
:106974000C7802F26C724B79183003944C78013322
:106984000294DBB28C780194097900910421FFF719
:10699400C8FF04B010BD0020FBE71FB58A79A2F13F
:1069A40050031B0612D40C7802F26C724B79183027
:1069B40003944C7801330294DBB28C780194097906
:1069C40000910221FFF7ADFF04B010BD0020FBE7EA
:1069D400836B13B118460EF09DBAC06B08B10CF06E
:1069E40059BE704708B51830FFF7F2FF08BD07B568
:1069F40001228DF807100DF107011030FFF7E8FFB1
:106A040003B05DF804FB08B51030FFF7E1FF08BDE3
:106A140010B5044600694368013B43603BB9036811
:106A2400DB6A9847206910B103685B6898470023C4
:106A3400236110BD044B10B50360044603690BB118
:106A4400FFF7E6FF204610BD9C37002010B5044632
:106A5400FFF7F0FF1421204617F0FEF9204610BD81
:106A640010B50446006928B10368DB6A98472046DC
:106A7400FFF7CEFF10BD000038B50F4B00250446CC
:106A840010310360183051F80C3C40F8145C40F8A5
:106A94000C3C0A4B40F8103C51F8083C40F8083CC8
:106AA40011F8043C00F8043C0FF022FC044B20468F
:106AB400A565A36038BD00BF0438002060380020FD
:106AC400C83700202DE9F041002594B01A4B4FF44B
:106AD4007A772A461831044604A800938DF80C509E
:106AE400DFF85C80CDE90157CDE912550FF07EFC4B
:106AF40004A8FFF750FEC0B15C2017F0ABF90646BE
:106B04006946FFF7B9FF736825730133C4F8008041
:106B140026617360C4E90157084B04A800930FF081
:106B240015FC204614B0BDE8F081C4E901072073C8
:106B3400C4F800802061EFE7C837002064360020E5
:106B44009C370020012B70B5044694B027D0022B4B
:106B540040F2022318BF0023043168460FF0E2FC20
:106B640004A8144EFFF717FEE0B15C2017F072F989
:106B740069460546FFF780FF00234FF47A722660CA
:106B840023732561C4E901326B6801336B600A4BDE
:106B940004A800930FF0DAFB204614B070BD44F251
:106BA4000223D9E74FF47A7360602073A3602660F0
:106BB4002061ECE79C3700206436002070B5002883
:106BC40000F04181A04CA14BE26804F17C06D4EDB5
:106BD400097A1A602269FDEEE77A9D4B9D4D1A6091
:106BE40062699D4B1A60A2699C4B1A60E2699C4BD6
:106BF4001A60226A9B4B1A609B4BA26AC3ED007A0F
:106C04009A4B1A60E26A9A4B1A60226B994B1A608B
:106C1400626B994B1A60A26B984B1A60E26B984BAB
:106C24001A60226C974B1A60626C974B1A60A26CC4
:106C3400964B1A60E26C964B1A60226D954B1A6063
:106C4400626D954B1A60A26D944B1A60E26D944B81
:106C54001A60226E934B1A60626E934B1A60A26E96
:106C6400924B1A60E26E924B1A60226F914B1A603B
:106C7400626F914B1A60A26F904B1A600FCE0FC5D2
:106C84000FCE0FC50FCE0FC596E8030004F1B4066E
:106C940085E803008A4D0FCE0FC50FCE0FC50FCE6A
:106CA4000FC596E80300874B04F5B07685E803002A
:106CB400D4F8EC20844D1A60D4F8F020834B1A6089
:106CC400D4F8F420824B1A60D4F8F820814B1A606F
:106CD400D4F8FC20804B1A60D4F800217F4B1A6052
:106CE400D4F848217E4B1A60D4F84C217D4B1A60AD
:106CF400D4F850217C4B1A60D4F854217B4B1A6091
:106D0400D4F858217A4B1A60D4F85C21794B1A6074
:106D14000FCE0FC596E8070004F5BE7685E8070098
:106D2400754D0FCE0FC596E8070004F5CC7685E8BF
:106D34000700724D0FCE0FC596E8070004F5DA760A
:106D440085E807006E4D0FCE0FC596E8070004F5E1
:106D5400E87685E807006B4D0FCE0FC596E807006F
:106D640004F5F67685E80700674D0FCE0FC596E863
:106D7400070004F5027685E80700644D0FCE0FC5C1
:106D840096E8070004F5097685E80700604D0FCE04
:106D94000FC596E8070004F5107685E807005D4DF9
:106DA4000FCE0FC50FCE0FC50FCE0FC5336800220F
:106DB4002B602546584BD4F874120132083408333A
:106DC40043F8081C072AD4F8701243F8041CF2D1C3
:106DD400524BD5F8AC2252491A603222514821F064
:106DE40068F90A225049514821F063F90A225049AE
:106DF400504821F05EF9D5F8FC224F4B4F4E1A60F3
:106E0400D5F800234E4B4F4C1A60D5F808234E4B4F
:106E14001A60D5F804234D4B1A600FCE0FC496E8C0
:106E240007004B4B84E80700D5F828231A60D5F8EF
:106E34002C23484B1A60D5F83023474B1A60D5F8F9
:106E44003423464B1A6070BD0CA30020609F0020C1
:106E5400B4BA00206CC20020EC130220641C02208F
:106E6400A0CB00206CC300209CCB0020E8110220A2
:106E7400741002200CC2002010CB002014CB002080
:106E840014C20020D8C80020D4C80020E00E02207C
:106E94001C10022010C20020E0CA002018C20020EA
:106EA40080F401203CC30020E4C10020E8C100209C
:106EB400ECC10020F0C10020F4C1002038C3002040
:106EC400A4C2002008C20020E4C80020FCC10020A5
:106ED400F8C1002004C2002000C2002018CB00200A
:106EE4000C160120141601201CB2002020B2002030
:106EF400BCC80020DCC8002000C90020989F0020E6
:106F0400A0B40020ACB10020C8B10020E4B100203E
:106F140000B20020F0C20020C8C5002094BF0020A9
:106F2400BCA5002034300220EEA5002069300220E8
:106F3400F8A5002073300220B410022018A6002007
:106F440028140220AC0A02204CC6002050C600209F
:106F54008006022088BF00208CBF002084BF002050
:106F640016F06ABC000000000D4B32200D4A19686F
:106F74001368CB1A434307EE903A9FED076BB8EEC4
:106F8400E77B27EE067BFDEEC77B17EE900A10B178
:106F9400116001F051BC70479A9999999999D93F18
:106FA400881102202410022010B5114C10B109F0F0
:106FB400A4FB206023680BB9002010BD0D4B1B6897
:106FC400012B05D10C4B1B68012B01D123F008FFC9
:106FD4000A4B1B68013B022BEED9094A236810684F
:106FE400584303F00BFD002301202360E5E700BFB5
:106FF400941D0220E8110220E00E022090BF002020
:107004003CC30020000000002DE9F0478E4E336899
:10701400052B2DED088B82B039D0012B1AD18B4C66
:107024008B4B22688B4903EB82034FF48072084632
:1070340093ED000A1BF0E4FB2268874B03EB820309
:107044004FF4807293ED000A8449824803F01DFDD9
:1070540010243AE00BB1062BFAD17C4C7C4B22680D
:107064007C4903EB82034FF48072084693ED000AD7
:10707400B1EE400A1BF0C4FB2268774B03EB82039A
:107084004FF4807293ED000A30EE000ADCE76F4C97
:107094006F4B22686F4903EB82034FF480720846FA
:1070A40093ED000AB1EE400A1BF0AAFB22686A4B7A
:1070B40002246A4903EB820366484FF4807293ED1D
:1070C400000A30EE000A03F0E0FC3368B6EE008BF1
:1070D400634D052B9FED54BB9FED55AB9FED569B28
:1070E4007BD04FF480735F4A5A495F481AF07AF8AC
:1070F4004FF40073574A5B495C481AF073F84FF435
:107104008073584A55495A481AF06CF84FF4007382
:10711400524A544957481AF065F895ED007AB8EE8A
:10712400C77AB7EEC77A27EE0B0B1CF025F820EED2
:10713400081BB2EE040B1CF027FD80EE0A7B4549C8
:10714400E201084601929FED3E6B27EE097BB7EE04
:10715400C77BB7EEC77A87EE060B20EE080BB7EEB7
:10716400C00B8DED000A1BF04BFB019A3B496402F6
:107174000025DFF804A1DFF804810846DFF8D49085
:107184009DED000A1BF03CFB50460AF085FC009084
:1071940040460AF081FC80220746009909EB05006D
:1071A40019F07CF82D4880223946284405F50075ED
:1071B40019F074F850460AF089FC40460AF086FC3F
:1071C400A542E1D13368052B28D0052002B0BDECDF
:1071D400088BBDE8F04704F069B895ED007AB8EE85
:1071E400C77AB7EEC77A27EE0B0B1BF0C5FF20EE6C
:1071F400081BB2EE040B1CF0C7FC80EE0A7B154999
:107204004FF48072084627EE090BB7EEC00B8DEDE4
:10721400000A1BF0F5FA4FF48072A7E702B0BDEC48
:10722400088BBDE8F08700BF0000000000408F40DD
:107234001F85EB51B89E3F4025068195438B114035
:107244002FDD240681154040A00A0220E4C100205D
:10725400E4B100209469242000B200209449242041
:107264009CCB00209429242064FE002094FE00205E
:1072740070FE0020A0FE00201C2501208026012095
:107284004FF480722649274808B519F0BDF8264BFB
:10729400244A1B681146052B4FF4807335D02348CC
:1072A4001AF060FC1E4A4FF48073214811461AF00C
:1072B40059FC1C4A80231F4811461AF0C7F9184A82
:1072C40080231D4811461AF0C1F980231B4A154931
:1072D4001B4819F087FFB0EE0C0A4FF48072114975
:1072E40016481BF08DFA154A0D498023154819F0EC
:1072F40079FFB0EE0C0A4FF4807209490F481BF075
:107304007FFABDE80840FFF77FBE0A481AF09EF9ED
:10731400034A4FF48073084811461AF097F9F0E7CE
:107324009449242094692420A00A02204CFE0020C1
:1073340058FE0020B0F20020BCF200209429242042
:10734400C4FE0020D0FE00202DE9F0413C4EADF5F6
:10735400816D3C483368052B0CBF022710270AF0C7
:107364003DFCB8425FDD384D0024DFF8D88040464C
:1073740001340AF05EFC2946802205F5007518F0F8
:107384003DFF40460AF072FCA742F0D13368052B5A
:1073940019D02D4A4FF400632C4811461AF0E2FB31
:1073A400294A4FF400732A4811461AF0DBFB294B93
:1073B4001B68012B01D100F017FF0DF5816DBDE8AD
:1073C400F041FFF75DBF244B5A684ABB93ED027A44
:1073D400B8EEC77A9FED166BB7EEC77A27EE067B39
:1073E400B7EEC77BB7EEC77AE20102A9164800924E
:1073F4009FED116B87EE060BB7EEC00B1BF000FA86
:1074040016480AF049FB009A0146CDE9000202A899
:1074140018F044FF1148DDE900120AF07EFBC6E7CC
:107424009FED0F7ADEE70DF5816DBDE8F08100BFB9
:10743400101010101010703F7B14AE47E17A843F97
:10744400A00A02208019012094692420E0FD002074
:1074540010FE0020201E022090B80020B823012036
:1074640000000000F8B50C4E04460025374656F8D7
:10747400040B01350021C0B216F04EF9042DF6D1EB
:10748400064B1B68042B06DCE1B217F82300BDE8A9
:10749400F84016F041B9F8BD10BC0020E4C100204A
:1074A40070B51C4D06461C4C8022294618F0ACFFD2
:1074B40021463046802218F0A7FF184E2A46294656
:1074C400802317481AF0C2F8224621468023154823
:1074D4001AF0BCF8802332462946134819F082FE7C
:1074E400B0EE000A294630464FF480721BF088F94A
:1074F4003246214680230D4819F074FE2146304659
:10750400B0EE000A4FF480721BF07AF9BDE87040C7
:10751400FFF77ABD946924209449242094292420D7
:10752400B0F20020BCF20020C4FE0020D0FE0020F7
:107534000F4B1B6813B5052B4FF480740D4B00944F
:107544000DD10D4A64210D481AF06EF80C4B0D4A0A
:10755400009464210C481AF067F802B010BD0B4A7D
:10756400642106481AF060F8054B094A0094F0E7D4
:10757400A00A0220C8F2002034AC0020B0F200209F
:1075840054F8002054AF0020BCF20020A4AA00202C
:10759400C4AD0020000000002DE9F047B7EEE07A0A
:1075A40080460C4616462DED068B9FED8F8BC0EE64
:1075B400219AB4EEC87BB0EE409AF0EE41AAF1EE07
:1075C40010FAB0EE61AA4BD4DFED915AF4EEE50A5D
:1075D400F1EE10FA31DB9FED866B37EE467B9FEDC3
:1075E400866B27EE067BB7EEC78BA20000214046D0
:1075F40016F00EFCB0EE480A03F08AFAF0EE408A68
:107604008EBB39EEA99A6542B7EE00AA4746C24638
:10761400A9464C4500F38280012E40F0A38004EB80
:10762400D474601008EB8000B7EE007AD0ED007AD5
:1076340077EE877AC0ED007A41E037EE488BDFEDD4
:10764400750AB7EEC80B1CF0D7FDB7EEC00A9FED64
:107654006C7B9FED6D6B28EE077BA0EE067BC2E78B
:107664009FED6D8AC1E7012E06D1B1EE699A04EB54
:10767400D47424F00104C6E7B31E012B02D88AEEA9
:107684008A9AF4E7042EBED104EBD474B7EE009AC0
:1076940000214046671024F001040125DFED5F9AC4
:1076A400621E66105200764222EAE272920016F0DE
:1076B400AFFB08EBC70383ED009AA54203DDBDECE5
:1076C400068BBDE8F087AF4224D0C4EB450307EE38
:1076D400104AB0EE490A07EE903AF8EEC76AF8EE9F
:1076E400E77A87EEA67AA7EE470A1BF0ABFE20EEF8
:1076F400080A03F00DFA731907EE903AF8EEE77AE8
:1077040067EEA97A89EE277AC0EE287A27EE277ADF
:1077140088ED037A023508F11008CEE707EE909A57
:10772400B0EE4A0AF8EEE76A07EE904AB8EEE77A56
:10773400C6EE877AA7EEE70A1BF084FE20EE080A5D
:1077440003F0E6F9C0EE28AA484609F10209B0EEB2
:10775400490A03F0BFF960EE097A67EEAA7AEAEC07
:10776400017A56E7022E19D100269FED2C8AB442E5
:10777400A5DB07EE905AD7ED008A01360235B8EE44
:10778400E70A20EE080A20EE290A1CF0C9FF30EEB1
:10779400000A20EE280AA7EC010AE8E7032E8ED19E
:1077A400F8EE008A00269FED1D8AB44205DA04EB48
:1077B400D474641008EB840036E707EE905A97ED12
:1077C400009A01360235B8EEE70A20EE080A20EEE8
:1077D400290A1CF0A5FF20EE280A20EE090AA7ECCE
:1077E400010AE2E7AFF30080F6285C8FC2F534406B
:1077F400EC51B81E856B21404BEA04341136BC3F72
:10780400556AF6402B30B43FA857CA32C4B1E23FA0
:1078140000004842CDCCCC3E00000000DB0FC93F45
:107824002DE9F041AD4D0022AD4F1B219FEDAD1A66
:107834002846DFEDAD0A4FF40068D7ED001A4FF487
:107844000074AA4E2DED028B9FEDA98A84B0F5EE4B
:10785400008AB0EE480A8DED031ACDED020AFFF757
:107864009BFEA44B0422CDF804801B2100932B46DD
:10787400A1481AF059F9A14BCDF8048004220093D1
:107884001B212B469E481AF04FF905F16C03D7EDE6
:10789400001AB0EE480A9DED031A184661EEA81AC4
:1078A400DDED020A00222121FFF776FE05F1F00248
:1078B40005F16C0305F5176501942121009202225C
:1078C40090481AF031F9A5F60413019402220095A8
:1078D40021218D484FF480751AF026F906F1F8033A
:1078E400D7ED001A00229DED031A184661EEA81A7E
:1078F400DDED020A9FED850A3221FFF74DFE06F504
:10790400BE7206F1F80301940092322104228048E9
:107914001AF00AF906F6FC13D7ED001AB0EE480A7D
:107924009DED031A184661EEA81ADDED020A002245
:107934003021FFF731FE06F6BC2206F6FC1306F6EC
:1079440018760092022130220195724819F02EFC1B
:10795400A6F21C53009630226F4E022101956F4807
:1079640019F024FC06F51F73D7ED001AB0EE480A8F
:107974009DED031A1846DDED020A00222021684F0E
:10798400FFF70AFE06F53F7206F51F7306F6183672
:107994000194042100922022624819F007FCA6F603
:1079A4009C0301942022009604215F4819F0FEFBF9
:1079B4005E4BCDF804800422009330213B465C48A2
:1079C4001AF0B2F85B4B5C4E0422CDF804803021EF
:1079D40000933B4659481AF0A7F8DFF8B48106F53E
:1079E4000F7306F6F82601940222009330214346D1
:1079F40053481AF099F80096524E434601940222D5
:107A0400302151481AF090F806F52F724F4B30216F
:107A14000092022201954E481AF086F806F5EF62AC
:107A240006F63446494B009230210222019549481A
:107A34001AF07AF80096484E434630220221019506
:107A4400464819F0B3FBA6F16803302202210093E3
:107A540043460195424819F0A9FB06F57D7301944C
:107A64003022009304213B4606F542663D4819F056
:107A74009DFB01943C4C3B460096302204213B483C
:107A840019F094FB802604F5557204F5B664384B5E
:107A94000221009230220196364819F087FB344BBC
:107AA4003022022101960094334819F07FFB334AB7
:107AB400334B40213348009519F0B6FD324B2F4A21
:107AC40040213248009519F0AFFDFFF731FD04B0B5
:107AD400BDEC028BBDE8F04123F06AB9D0FB212054
:107AE40020140220000000000000B442C80C222030
:107AF40000A00C4618D42220F8FD0020B0B32220A8
:107B040004FE002028FE002034FE002000007A45F8
:107B140040FE00207CFE0020C01D222088FE0020A4
:107B24005CC00020ACFE0020B8FE00207092222031
:107B3400E0FD0020B4712220B82E2220ECFD0020AC
:107B440010FE0020B03F22201CFE00209CBF00201D
:107B54004CFE002058FE0020A850222064FE002085
:107B640070FE002094FE0020A0612220A0FE0020D0
:107B7400E4B00020C4FE0020D0FE00200CA20020AF
:107B8400ACE80020A0E80020B4ED0020A8ED00201F
:107B94001CC1002000000000C0EE017A531EC0EE9C
:107BA400816AB6EE007AF0B52DED108B0DEE103A29
:107BB4009FEDA9FA85B00C46B8EECDDA17469200CF
:107BC40000210026DFEDA5EA6DEE07FA029236EEFB
:107BD400E7EA054677EEA67A9FED859B67EE8F7AF6
:107BE4002EEE07EA9FED84AB9FED85BB9FED86CB20
:107BF400CDED017A16F00CF9029A0021204616F018
:107C040007F9BE4203DB05B0BDEC108BF0BD07EEF7
:107C1400906AF8EEE78A9FED7E6B78EEEFDAB0EECD
:107C2400ED7AB7EEC77AB4EEC67BF1EE10FA17D54B
:107C34003EEE0E8ADDED017A013667EEADDAB0EE86
:107C44006D0A1CF06DFD20EE080AA5EC010AB0EEE9
:107C54006D0A1CF061FC20EE080AA4EC010AD0E7CE
:107C64002DEEAE0A20EE0E0A1CF056FC7C4B6DEE97
:107C74008F7A1B78013B80EE278A032B00F28880E1
:107C8400DFE803F00239666F28EEAE0A80EE0D0AD3
:107C94001CF046FDB7EEC00A9FED5F6B9FED607B65
:107CA400A0EE467B9FED6F0A28EE800A80EE0D0A57
:107CB4008DED027B1CF034FDB7EEC00A9FED5A6BCC
:107CC4009DED027BA0EE067B9FED670A28EE800AFD
:107CD40080EE0D0A8DED027B1CF022FDB7EEC00A8A
:107CE4009FED536B9DED027BA0EE467BB7EEC88AF9
:107CF40028EE078B49E028EEAE0A80EE0D0A1CF050
:107D04000FFDB0EE4C7BB7EEC00AA0EE4B7B9FEDAF
:107D1400550A28EE800A80EE0D0A8DED027B1CF0D8
:107D2400FFFCB7EEC00A9FED446B9DED027BA0EE15
:107D3400067B9FED4D0A28EE800A80EE0D0A8DED3C
:107D4400027B1CF0EDFCB7EEC00A9FED3D6BC9E76A
:107D540028EE8F0A80EE0D0A1CF0E2FC20EE088A61
:107D640068E728EEAE0AB7EEC88A80EE0D0A1CF06A
:107D7400D7FCB6EE007B28EE078BF7EE007A37EEE1
:107D8400C00AB7EEC00A28EE008BB7EEC88B51E7E5
:107D940028EEAE0A80EE0D0A1CF0C2FCB7EEC00A53
:107DA4009FED296B9FED2A7BA0EE467B9FED2D0A6C
:107DB40028EE800A80EE0D0A8DED027B1CF0B0FCEB
:107DC400B7EEC00ADFED286A9DED027BA0EE097BC9
:107DD40028EEA60A80EE0D0A8DED027B1CF0A0FCB5
:107DE400B7EEC00A9DED027BA0EE4A7B7EE700BFA2
:107DF400A13193A8177CC13F189EF24300CB853F65
:107E0400B9E00CFE7E31DF3F2AA73D25E7C4D63F0B
:107E14007B14AE47E17A843F8EAF3DB32440DF3F0D
:107E2400F6285C8FC2F5D63FBD18CA897615C23FC5
:107E3400B2632310AFEB873FABB184B53176C23F59
:107E4400DEE8633E20D0893F3B191C25AF4EDF3F5F
:107E540004B97A04ED44D73FDB0F4940DB0FC94036
:107E6400F6CB0020DB0F4941E4CB9641BE490E23FB
:107E7400BE4ADFEDBF6A2DE9F14FD1ED017A013B36
:107E840001F10401F8EEE77A87EEA67AA2EC017A12
:107E9400F3D1DFF844A34FF48073DFF840B3DFF885
:107EA4004093DAF80020B349B34818F0A5FFDFF88F
:107EB4003483DBF800204FF48073AE49AF4818F0E8
:107EC4009BFFD9F800204FF48073AA49AC4818F0FE
:107ED40093FFD8F800204FF48073A649A94818F0FE
:107EE4008BFFA94A4FF48073A2491268A74818F07F
:107EF40083FFA7494FF48073A6480A689D4918F088
:107F04007BFFA548A54C4FF4807302689949A448A7
:107F1400A44D18F071FFA44E4FF480732268954964
:107F2400A24818F069FFA24F2A684FF48073914960
:107F3400A04818F061FF32684FF480738D499E4861
:107F440018F05AFF3A689D4F4FF480739C4E89494C
:107F54009C4818F051FF9C4D3A684FF48073854952
:107F64009A48824C18F048FF32684FF48073814974
:107F7400974818F041FF4FF480732A687D4995486B
:107F840018F03AFFDAF8001094ED000A4FF480720A
:107F94000846B1EE400A1AF033FCDBF8001094ED09
:107FA400010A4FF4807208461AF02AFCD9F800102E
:107FB40094ED020A4FF480720846B1EE400A1AF0BA
:107FC4001FFCD8F8001094ED030A4FF480720846A1
:107FD4001AF016FC6C4A94ED040A11684FF480728E
:107FE400B1EE400A08461AF00BFC694B94ED050A01
:107FF4004FF48072196808461AF002FC664894ED42
:10800400060A4FF480720168B1EE400A08461AF07D
:10801400F7FB624B94ED070A4FF480721968084627
:108024001AF0EEFB5F4A94ED080A11684FF480726F
:10803400B1EE400A08461AF0E3FB5B4B94ED090AE3
:108044004FF48072196808461AF0DAFB584A94ED26
:108054000A0A11684FF48072B1EE400A08461AF019
:10806400CFFB396894ED0B0A4FF4807208461AF07E
:10807400C7FB316894ED0C0A4FF480720846B1EEE8
:10808400400A1AF0BDFB296894ED0D0A4FF4807282
:108094000846424C1AF0B4FBDBF80010DAF8000092
:1080A4004FF48073334A1AF0A7FC324AD9F800100F
:1080B4004FF4807310461AF09FFC2E4AD8F8001033
:1080C4004FF4807310461AF097FC2A4A2E494FF455
:1080D4008073104609681AF08FFC264A2C494FF425
:1080E4008073104609681AF087FC224A2A484FF424
:1080F4008073016810461AF07FFC1E4A21684FF411
:10810400807310461AF078FC1A4A26494FF480739B
:10811400104609681AF070FC164A23494FF480731C
:10812400104609681AF068FC124A21494FF480731A
:10813400104609681AF060FC0E4A39684FF48073DF
:1081440010461AF059FC0B4A31684FF480731046FC
:108154001AF052FC074A4FF480732968104601B0A4
:10816400BDE8F04F1AF048BC84A30020F0110220AF
:108174000000C84294A92420D8B20020F0B2002004
:1081840008B3002020B300208CE8002038B300207E
:1081940090E8002050B3002094E8002098E80020E4
:1081A40068B300209CE8002068E8002080B3002029
:1081B4006CE8002098B3002024B2002070E800206E
:1081C40074E800203CB2002078E8002054B200207B
:1081D4006CB2002084B200207CE8002080E80020FB
:1081E40084E8002088E800209FEDC95BCA49002389
:1081F400CA4A2DE9F14F91ED017A01330431B8EE09
:10820400C77A0E2BB7EEC77A87EE056BBDEEC66B49
:10821400A2EC016AEFD1DFF86CA34FF48073DFF8AE
:1082240068B3DFF86893DAF80020BD49BD4818F058
:10823400E3FDDFF85C83DBF800204FF48073B8497A
:10824400B94818F0D9FDD9F800204FF48073B44927
:10825400B64818F0D1FDD8F800204FF48073B04927
:10826400B34818F0C9FDB34A4FF48073AC4912689F
:10827400B14818F0C1FDB1494FF48073B0480A68A1
:10828400A74918F0B9FDAF48AF4C4FF480730268AA
:10829400A349AE48AE4D18F0AFFDAE4E4FF4807317
:1082A40022689F49AC4818F0A7FDAC4F2A684FF4E8
:1082B40080739B49AA4818F09FFD32684FF480737D
:1082C400A84E9749A84818F097FDA84D3A684FF46E
:1082D40080739349A64818F08FFD32684FF4807379
:1082E4008F49A44818F088FD2A684FF480738C499C
:1082F400A14818F081FDA149884C4FF480730A68A5
:108304009F48874918F078FD2268DAF80010504237
:108314004FF4807200EE100A0846B8EEC00A1AF054
:108324006FFAD4ED017ADBF800104FF48072B8EEE6
:10833400E70A08461AF064FAA268D9F80010504215
:108344004FF4807200EE100A0846B8EEC00A1AF024
:1083540057FAD4ED037AD8F800104FF48072B8EECF
:10836400E70A08461AF04CFA724A11682269504228
:108374004FF4807200EE100A0846B8EEC00A1AF0F4
:108384003FFA6E4BD4ED057A4FF480721968B8EE5B
:10839400E70A08461AF034FAA2696A4801685042AA
:1083A4004FF4807200EE100A0846B8EEC00A1AF0C4
:1083B40027FA654BD4ED077A4FF480721968B8EE4A
:1083C400E70A08461AF01CFA614A1168226A504208
:1083D4004FF4807200EE100A0846B8EEC00A1AF094
:1083E4000FFA5C4BD4ED097A4FF480721968B8EE39
:1083F400E70A08461AF004FAA26A396850424FF4B0
:10840400807200EE100A0846B8EEC00A1AF0F8F9B5
:10841400D4ED0B7A31684FF48072B8EEE70A08465F
:108424001AF0EEF9226B296850424FF4807200EE84
:10843400100A0846B8EEC00A1AF0E2F94F4A94ED61
:108444000D0A11684FF48072B8EEC00A3E4C08461B
:108454001AF0D6F9DBF80010DAF800004FF4807354
:108464002F4A1AF0C9FA2E4AD9F800104FF4807333
:1084740010461AF0C1FA2A4AD8F800104FF4807353
:1084840010461AF0B9FA264A2A494FF48073104666
:1084940009681AF0B1FA224A28494FF48073104649
:1084A40009681AF0A9FA1E4A26484FF48073016835
:1084B40010461AF0A1FA1A4A21684FF48073104644
:1084C4001AF09AFA164A22494FF480731046096842
:1084D4001AF092FA124A1F494FF480731046096841
:1084E4001AF08AFA0E4A39684FF4807310461AF06B
:1084F40083FA0B4A31684FF4807310461AF07CFA01
:10850400074A29684FF4807344E000BFAFF300804A
:108514000000000000005940BCA30020A4C20020B9
:1085240094692420E4B20020FCB2002014B300209B
:108534002CB300208CE8002044B3002090E80020F5
:108544005CB3002094E8002098E8002074B3002075
:108554009CE8002068E800208CB300206CE8002030
:10856400A4B3002070E8002030B2002074E800209A
:1085740048B2002060B2002078B2002078E80020E1
:1085840090B200207CE8002080E8002084E80020ED
:1085940088E8002010461AF02FFA054A05494FF4DE
:1085A40080731046096801B0BDE8F04F1AF024BA90
:1085B4009469242078E8002070B5FFF7EDFA40F2C2
:1085C40001140F4800220F4B0F4950F8045B01328D
:1085D400083343F8085CA24251F8045B43F8045C96
:1085E400F3D140F2FC720021084815F011FC01237C
:1085F400002204490648BDE8704018F085BB00BF5E
:10860400B06D222080F42220AC69222084FC222038
:1086140014410020454BDFED467A10B52DED028B59
:1086240093ED008AF5EE008A424C82B0B8EEC88A17
:10863400D4ED001AB4EE678AF1EE10FA37FE888A98
:10864400031E00EE103A4BDDB8EEC00A9FED3A1A55
:108654000022DFED3A0A1B2139488DED010AFEF7AD
:108664009BFFD4ED001A00229FED331A212161EE05
:10867400A81ADFED320A9DED010A3248FEF78CFF9D
:10868400D4ED001A9FED2C1A002261EEA81ADFED3A
:108694002B0A9DED010A32212B48FEF77DFFD4ED14
:1086A400001AB0EE480A9FED241A61EEA81A0022BF
:1086B400DFED220A30212548FEF76EFFB0EE480AAE
:1086C400D4ED001A00229FED1C1A2021DFED1B0AB5
:1086D4001F4802B0BDEC028BBDE81040FEF75CBF42
:1086E400B0EE480A9FED141A0022DFED140A1B2194
:1086F4001348FEF751FFD4ED001AB0EE480A9FED7F
:108704000E1A61EEA81A0022DFED0C0A21210D4891
:10871400FEF742FFD4ED001AB0EE480A9FED061AA8
:1087240061EEA81A0022DFED050AB4E7A40A0220CC
:1087340000401C4620140220000000000000B44247
:10874400D0FB21203CFC2120C00D2220C416222075
:108754003C202220224BB7EE007BB2EE005B93ED6F
:10876400006A10B51F4CB7EEC66A2368052B07FED6
:10877400057B86EE071B012BB7EEC11B21D004DC61
:1087840033B140F6B832C82306E0023B072BF8D8D1
:10879400154B164A1B68126807EE902A144940F2DA
:1087A40001121448F8EEE70A07EE903AB8EEE70A29
:1087B400FFF702FF2368042B0AD0052B0ED00020FC
:1087C40008E00A4B084A1B6812685B425242E3E71E
:1087D400094B1868BDE81040FFF71CBF10BD00BF6F
:1087E40020140220A00A0220A80A0220A40A0220BF
:1087F400AC692220B06D2220B8C8002030B50B4DE2
:108804000B4C0C492D7822680B684DB1181A4ABFDD
:10881400002308600B600B68934200DD0A6030BDE2
:10882400101A9842ACBF20602360F8E7333002206E
:10883400A40A0220A80A022008B51B4B1B68092BB6
:108844000DD8DFE803F02D2D0505102D2D2D2D2D30
:10885400164A1368191AC01A154B11601860BDE83E
:108864000840FFF777BF134B1B78CBB1124BB6EE22
:10887400005B124A196813681160CB1A07EE103AAC
:108884000F4BD3ED007AB8EEE76BB8EEC77B96EEEC
:10889400057B37EE077BBDEEC77B83ED007ADEE711
:1088A400FFF7ACFFDBE700BFA00A0220A40A022006
:1088B400A80A02207D300220400F02202C10022042
:1088C400B8C800202DE9F0411D4F1E4E3D683368A5
:1088D400DFF894801D44D8F800301C681A4B1B68DC
:1088E40003B19847A5B1194B194A1B68106803FBDB
:1088F4000543984204DC174A10689842A8BF1846FA
:10890400D8F8003000221860134B196822F0F8F9E7
:10891400124B1B6853B1124B01221A700022114BE7
:108924001A7000233B603360BDE8F08107F0E2FE7B
:10893400431CF6D007F0E3FE0028ECD0F1E700BFBB
:10894400441002204C100220DC110220940F02205B
:108954009C0F0220980F0220A00F0220401002203A
:108964002330022021300220E01102202DE9F041C1
:10897400264E274D34682B68DFF8B8801C44D8F89D
:1089840000301F68234B1B6803B198470CBB07F0EA
:10899400B1FE431C04460BD007F0B1FE041E07DBF6
:1089A400012C16D0042C12D0003C18BF01246442C0
:1089B400194B1B6803B92CB9184B01221A700022F9
:1089C400174B1A70002333602B60BDE8F0814FF021
:1089D400FF3414493B19144A09681268994210DD9E
:1089E400531ED8F8002006214FF0FF3413600F4ABD
:1089F400126801FB02330E4A52F8230022F0B0F948
:108A0400D6E79342A8BF0023EBE700BF441002203F
:108A14004C100220DC1102204010022023300220DE
:108A2400213002209C0F0220980F0220A00F022068
:108A340004C60020E01102209B4B0122B0EE005B33
:108A4400B7EE007B2DE9F04F2DED0A8B1A70F7EE8F
:108A5400008A964B8BB0DFED969A93ED009A954B76
:108A640038EEC99A93ED006A934BB7EEC66A1A685A
:108A7400924BA6EE457B002A1B68B7EEC78B07EE28
:108A8400902AB8EEE75A07EE903AB8EEE76A08DCA7
:108A9400002BF1EE457AC0F2F480B0EE695A87FEFD
:108AA400866A874BB4EE004BB7EEC55A042193EDAA
:108AB400007AB7EEC66A834F0026B7EEC77A9FEDF9
:108AC4007CBA9FED73AB27EE047B9FED734B27EECF
:108AD400047B85EE074B86EE075BB7EEC44BFDEED9
:108AE400C47AB7EEC55BCDED007AFDEEC57A9DF88C
:108AF4000040CDED007A9DF800309C4204BF631C19
:108B0400DBB27E2C28BF7E24012C38BF0124802BAD
:108B140028BF802304EB4402012B38BF01239B466A
:108B2400694B03EB820209923C2212FB041267494F
:108B34000A44089203F5C06202EB8402049203F52E
:108B4400006202EB8402039203F5206203F5606382
:108B540002EBC40203EB8403079206935C490022F0
:108B640001F500752B46013251F8040B83ED01BA6F
:108B74000833802A43F8080CF5D14FF400723946C3
:108B8400534815F0ABF8534B39460022013251F8E3
:108B9400040B83ED01BA0833802A43F8080CF5D19D
:108BA4009FED3FCBF6EE00BAA9464FF0000807EE62
:108BB400908A08F10108B8EEE77AB7EEC77A27EE93
:108BC4000A7B87EE0C0BB7EEC00B1BF0A9FD38EE49
:108BD400C00AD9ED007A4B46B8F5807F09F108093F
:108BE40020EE2B0A67EE807AC3ED007ADFD10123F1
:108BF40000223949394818F087F8394B1B6801932A
:108C0400019A314B03EB820C2B4600226146D3EDD3
:108C1400017A013293ED007A084667EEA77A802A3A
:108C240001F10C0103F10803E7EE077AC0ED007AC5
:108C3400EDD12C4BF0EE086A244822461B682146ED
:108C44004FF03C08029300EB83030093099B8B4590
:108C540003F10C0340F3208153ED037A13ED027A00
:108C640077EEA97A009808FB010E013177EE877A36
:108C740013ED017A77EE877A87EEA67A8EED007A85
:108C8400E5E7B1EE465AB0EE676A0AE7AFF3008053
:108C940000000060FB211940000000000000703F4C
:108CA4000000000000E06F40102B02201CB20020E6
:108CB4000000000020B20020A80A0220A40A02201A
:108CC4002014022094A9242080042320803023200F
:108CD40080142320801A232080162320044100209E
:108CE40004F3012000F301205EF8041CF14619602E
:108CF4000121F9EC017A013193ED007AC9B2F4EE65
:108D0400C77AF1EE10FA48BFC3ED007A0F29F0D10B
:108D140008F101080EF13C0E0433C345E4DC814B39
:108D24004FF00C084FF03C0993ED007A2346DDE93F
:108D340003E19B4500F3B5807B4B4FF03C09DDF824
:108D44000CE04FF00C0A1B780593784BD3ED006AC6
:108D5400DDE90631934500F3BC80754B012293EDA8
:108D6400007A744B03F20441D3ED027A0132D3ED5D
:108D7400006A083368EE277A7F2AE6EE877AD3ED15
:108D8400026AE7EE267AE1EC017AEDD1694B77EEDF
:108D9400087A2A460020D3ED026A03F5806193ED38
:108DA400006A67EE266AE7EE866AC1ED006AD3EDD3
:108DB400FE6A67EEA67AD3EDFC6A5F4BE7EE267A8D
:108DC400C1ED7F7A92ED007A0130F1EC017A08323C
:108DD4008028A3F1080327EE277A02ED027A12ED28
:108DE400017A27EE277A02ED017A93ED027A27EED3
:108DF400277A83ED027A93ED037A67EE277AC3ED3F
:108E0400037ADFD1019B4D4A01334D494D48022B72
:108E140088BF00231360029B4B4A01330E2B88BF8B
:108E24000023136001231A4617F06EFF474B0021FD
:108E340003F50072184602EB8602AC46B0EC017AE8
:108E440001310835DCED007A802977EE877AE2EC8F
:108E5400017AF2D100253A4905F5806208350A44C1
:108E6400B5F5806F126843F8042BF5D1803607F509
:108E74000077B6F5807F7FF471AE2A4634493548D1
:108E840014F02CFF2A463249334814F027FF0BB064
:108E9400BDEC0A8BBDE8F08F049BA046DDF820E012
:108EA4003BE708FB03CAF1EC017A9AED006AC6EECF
:108EB400276AB4EEE67AF1EE10FA5CBF009809FB7B
:108EC400030A03F1010358BFDAED007AEEEC017AEC
:108ED4002FE70598BEEC017AF8B10AFB02C898EDB9
:108EE400006A01320831C7EE067A78EEE77AF5EEC9
:108EF400C07AF1EE10FA54BFC3ED007A83ED00BAE4
:108F0400F3EC017A11ED017A67EE897AE7EE267ABD
:108F140041ED027A41ED017A1CE7009809FB020851
:108F2400DDE700BF14160120112B02201CB2002023
:108F340020B20020800E2320781E232004F3012079
:108F4400801623200441002000F30120801E2320EA
:108F54008020232094A92420948924200000000048
:108F64007D4AB7EE001B7D4B2DE9F04FD2F800E0AF
:108F74007B4A1B687B4F2DED0A8B92F800A083B0CF
:108F8400794A019392ED009A784A794B92ED006AFE
:108F9400784A1B68D2ED00CA774AD2ED009A774A24
:108FA400D2ED00AA764A92ED00AA764A92ED007AB2
:108FB400754A92ED00BA754AD2ED00BA744A146843
:108FC400744AD2F8008000229FED610B10461146CE
:108FD400019D8D420EDC12B16A4A82ED007A20B105
:108FE400624A82ED006A624A136003B0BDEC0A8BE8
:108FF400BDE8F08F68484FEA810CDFED687A0026FF
:1090040000EB8100664DB0EE672A08EB030B90ED90
:10901400004AA94607EB830080ED004AB64573DC9D
:10902400B7EEE73ABAF1000F29EE066A29EE278A6D
:1090340033EE003BB7EEC66A81EE035B31EE466B5E
:10904400B7EEC55B74EE425AB7EEC44A28EE058A01
:1090540002FE25CAB7EEC22AB7EEE53AB7EEC88AD1
:1090640069EE255AA6EE424B31EE488B25EEA76AEF
:1090740028EE033B26EE056AB7EEC66AB7EEC33B9D
:1090840034EE464BB5EEC03AB7EEC44BF1EE10FAEF
:10909400B5EEC04A48BFB1EE433AF1EE10FA48BF0C
:1090A400B1EE444AB4EEC43AF1EE10FA10DD3CEEEF
:1090B400877AB4EEE97AF1EE10FA34DC37EE6A7AA4
:1090C400B4EECA7AF1EE10FA01D5B0EE4A7A012272
:1090D40067EE077A3348F7EE006A0026844465EEAB
:1090E400855A27EE8B6A8CED00CA08EB030C26EE3A
:1090F400276A26EE2B6AE9EE466AB64516DC234457
:1091040001310120234063E70BEB0600F9EC015A1F
:109114000136204007EB8000D0ED006AA5EEA62AB8
:10912400E6EEA67A7AE7B0EE697AD0E70CEB0600B1
:1091340095ED005A0136204007EB8000D0ED007A0F
:1091440065EEA77AE5EE267AE5EC017AD5E700BF6D
:10915400BBBDD7D9DF7CDB3D909F0020649F0020FE
:109164000C2B022068D70020949F00208C9F0020A5
:1091740068DF0020889F0020809F0020789F0020C7
:10918400849F00207C9F0020749F00206C9F0020FF
:109194006CDF0020689F002094A9242000000000B8
:1091A40070DF002094892420A14BA24A2DE9F04FBE
:1091B4002DED088B1A6087B09F4BA04A1A60A04B14
:1091C4001A68D10704D49F4A9F49116001221A608A
:1091D4009E4B1A68D20704D49D4A9E49116001220D
:1091E4001A609D4B9FED9D9A1A689D4B07EE902A3D
:1091F400002A1B68B8EEE75A07EE903AB8EEE76A21
:1092040008DC002BF1EE457AC0F2FA80B0EE495A40
:1092140087FE866A934BB4EE004BB7EEC55A924C68
:1092240093ED007AB7EEC66A2368B7EEC77A8F4E1D
:10923400012B8F4D27EE047B9FED754B27EE047BAE
:1092440085EE074B86EE075BF7EEC48BB7EEC58B56
:109254001DD14FF400720021864814F0D9FD864FC9
:10926400B4462B46854800224FF07E514FF07C5E79
:10927400013283ED009A59600833802A4CF8041BAC
:1092840047F8041B40F804EBF2D102232360FDEEFF
:10929400E87ADFF808B29FED609BCDED007AFDEE31
:1092A400C87A9DF80040CDED007A9DF80020531C4B
:1092B400DBB2944218BF1346802B28BF8023012BB6
:1092C40038BF01237E2C28BF7E240093012C38BF95
:1092D400012406EB8403059305EBC4039FED508B37
:1092E40004930023019363490022002501F5007AC9
:1092F4005346013251F8040B5D600833802A43F869
:10930400080CF6D14FF4007259465A4814F0E6FCA2
:109314005B4B59460022013251F8040B5D6008335F
:10932400802A43F8080CF6D1564B5246194603934B
:109334000023D2ED007A0133B1EC017A1046B3F583
:10934400807F02F1080267EE877AC0ED007AF0D1DF
:109354004D4D012300224D494D4817F0D5FC2946B7
:1093640053460022D3ED017A013293ED007A084688
:1093740067EEA77A802A01F10C0103F10803E7EEF6
:10938400077AC0ED007AEDD137490B68022B40F023
:10939400A081F6EE005A364A3E4800233A4E9FED2D
:1093A400224B374692ED007A01330C3697ED006A72
:1093B400B7EEC77A1746802BB7EEC66A02F10802E9
:1093C400A6EE047BB7EEC77B87ED007A27EE257AFD
:1093D400A0EC017AE5D1304A13780133DBB2132BC8
:1093E4005ED81370019B0BF5007B8033B3F5807F4F
:1093F40001937FF478AF07B0BDEC088BBDE8F08F24
:10940400B1EE465AB0EE676A04E700BFAFF30080DE
:10941400000000000000703FA301BC051214E73FE8
:109424000000000000408F409A9999999999A93FAA
:10943400BC9401205DCC4C3FB89401206C66663F1F
:10944400CC2C0120C498012021777DBFC82C012099
:10945400C09601200000CA42A80A022000000000B1
:10946400A40A022020140220B8B80020801223206D
:10947400802623208014232080242320C4960120C6
:10948400801A23207C30002080042320801623208F
:1094940004410020C09401208D2F022094A924208F
:1094A4000023137003230B60914E0027DFF888928A
:1094B400B046904991ED000AB7EE00ABD5ED00BA85
:1094C400B8EC01BA2BEE800A80EE0B0A1AF020FEEB
:1094D400894B8A48D3ED006AD0ED007A20EE260A43
:1094E40099ED007AB7EEE75A824927EE277AB7EE6C
:1094F400C00A3AEE455BB7EEC77A30EE0A0B8AEE45
:10950400006BB7EEC66BB7EEC66AA5EE067BF7EE48
:10951400C77B9FED7B7AF4EEC77AE9EC017AF1EE32
:1095240010FA03DC86FE4A7BB7EEC77BB7EEC75A58
:10953400744A2BEE077A0137B7EEEB6A0C353AEE34
:10954400455B802FB7EEC77AA5EE067BD2ED006AA5
:10955400B7EEE65A2BEE266A3AEE455BB7EEC66ADC
:10956400B7EEC77BB7EEC77AA5EE076BB7EEC66B4F
:1095740008ED016A9ED1644B644AD3ED002A0023AE
:109584006348B7EEE26A634D9FED554B3AEE466B86
:109594009FED555B03EB4301F6EC017AB0EC013A25
:1095A400294423EE223AD1ED003A5B4983EEA77AAF
:1095B40019440433B3F5007FB7EEC33AB7EEC77A64
:1095C40087FE487B87FE047BB7EEC77BA2EC017A5B
:1095D400B7EEC77A37EE4A7B87FE057BA6EE073BDC
:1095E40083FE057BB7EEC77B81ED007AD2D1254699
:1095F400009BAB4200F3A280484D524648480021EC
:10960400484B92ED007A0131F5EC017A0832F0EC26
:10961400016A802927EE877AA3F1080327EE267AC8
:1096240002ED027A12ED017A27EE877A27EE267A86
:1096340002ED017A93ED027A27EE877A27EE267AF5
:1096440083ED027A93ED037A67EE877A67EEA67A62
:10965400C3ED037AD5D10123334934481A4617F0B0
:1096640053FB5246002303990133D2ED007AB1EC47
:10967400017AB3F5807F67EE877A0391114602F190
:109684000802C1ED007AEED101995846284A294BC7
:10969400154603EB810300215646F5EC017A0131AE
:1096A4000AF1080A96ED007A802977EE877AE0ECD1
:1096B400017AE3EC017AEFD100231B4803F58061C2
:1096C40008330144B3F5806F096842F8041BF5D1EF
:1096D40088E6032B7FF486AEE6E600BFAFF3008096
:1096E400000000A09999B93F0000000000000000AC
:1096F400C0940120C4980120C0960120B894012090
:10970400A4707D3FBC9401201CB20020802A232039
:109714008024232080042320802C232080122320D3
:10972400802E2320781E232080162320044100202D
:10973400801E232094892420C49601208B4BAE00E4
:1097440003EB850393ED007A894B03EB850393EDDB
:1097540000BA27EE0B6AB7EEC77AB7EEC66A37EEE1
:109764000A7B86EE070BB7EEC00BB7EEC07A20EE8D
:10977400000AB7EEC00AA7EE090BB7EEC00B19F04A
:1097840061FEB7EECB6AB7EEC00A7A4A05980021AB
:109794008AEE067B9319A2F5606227EE007BB7EE92
:1097A400C77BDFED757AF0EE676A2BEE07BA83EDBF
:1097B400007A724B2BEE07BA33440C2683ED00BAC1
:1097C4006F4BC3ED007A6F4BC3ED007A2346009FC5
:1097D4009F424BDC6B4B21B1694AC3ED007AC2ED69
:1097E400006AD3ED006A664BD3ED007A86EEA77A61
:1097F400DFED657AB4EEE77AF1EE10FA45DC87EE38
:10980400276AB1EE005BB6EE007BB7EEC66A3AEEAD
:10981400466BA6EE057BFDEEC77B17EE903A5B0028
:1098240001331BB203EBD37E584A594926461380B1
:1098340004EB6E02009F4FEA6E0901EBC201104671
:10984400A7EB6E078C460297029F87421FDCDDF868
:1098540010C02046DFF81C9190424FDA09EB800ECD
:109864000646DFED457A03EB000836E0B0EC017AFA
:1098740006FB0321013327EE077A91ED006A0121EB
:1098840076EE866AE6EE077AA1E70123CAE7394F46
:10989400B646DFED397A07EB860809EB0007BE45CB
:1098A400CCED007A0DDD07EE103A674601300CF17D
:1098B400080CF8EEC76A013687EEA67A87ED007ABF
:1098C400C2E7B8EC017A0EF1010E77EE877AE6E78B
:1098D400BEEC017A013677EE877AB045CCED007A9A
:1098E400F6DC07EE103A664601300CF1080CF8EE8F
:1098F400C76A87EEA67A86ED007AADE70098244E13
:10990400C01ADFF8909006EBC006009F87421DDD69
:1099140009EB800E8446DFED187AA0EB030805E01E
:109924003EED017A0CF1FF3C77EE877AC445C6ED33
:10993400007AF5DC07EE103A374601300836F8EEC7
:10994400C76A87EEA67A87ED007ADEE7094B03EB58
:10995400820302980831904201DC013548E651F84F
:10996400080C013243F8040BF3E700BF802C2320DA
:10997400802A23208012232000000000802423203A
:10998400C8980120B4940120CDCCCC3E04240220FC
:109994008026232084122320024B034A1B68013BA8
:1099A40013607047709F00206CDF002010B54FF4E7
:1099B400805400211048224614F02AFA0F4B4FF429
:1099C40080620021184614F023FA4FF480620021CB
:1099D400104414F01DFA22460021094814F018FA24
:1099E40022460021074814F013FA224600210648B3
:1099F400BDE8104014F00CBA9419242080502320A0
:109A040090F9232090E9232090D9232030B5ADF597
:109A1400805D3448344B002283B0344950F8044B01
:109A24000132083343F8084CB2F5807F51F8044BF7
:109A340043F8044CF2D14FF480622D49294814F0C4
:109A44004DF94FF480622B49284814F047F928480F
:109A540028490022284B013250F8045B51F8044B8A
:109A64000833B2F5807F43F8085C43F8044CF2D124
:109A7400012300221C490DF58054204817F044F9B5
:109A84004FF400731E4A08341E49174818F08AFD23
:109A94001B4B02AAF3EC017A67EEA77A64ED017A14
:109AA4009442F7D1231FA4F108024FF480612046A9
:109AB40016F09CFD144BB6EE005B14ED026A93EDB8
:109AC400007AB7EEC66AB7EEC77A27EE057BA6EE34
:109AD400057BB7EEC77B83ED007A0DF5805D03B09F
:109AE40030BD00BF083F0120084701200843012082
:109AF40094A9242094892420084F01201441002093
:109B04000857012080F42220B0BA0020F7B5064699
:109B14003C480C463C4B00F5806500224FF0000C9D
:109B2400294650F8047B1F60002C67D00F6801326F
:109B34005F6004310833B2F5807FF2D14FF4806264
:109B44003249304814F0CAF8304F314A0021314BC1
:109B54004FF0000C57F8040B1CB1D3F800E0C5F823
:109B640000E01060002C4BD01868013150600433C1
:109B74000832B1F5807F05F10405EBD10123002201
:109B84002149254817F0C0F84FF40073234A2449AB
:109B94001D4818F007FD4EB3224B204AA3F580510F
:109BA400F2EC017A67EEA77A63ED017A9942F7D174
:109BB4001D4B1B68042B19D001AB6A464FF480611E
:109BC4001A4816F013FD1A4BB6EE005B9DED006AC1
:109BD40093ED007AB7EEC66AB7EEC77A27EE057B37
:109BE400A6EE057BB7EEC77B83ED007A01230B4914
:109BF40009481A4617F088F803B0F0BD674696E79F
:109C04006046B2E7805023209419242094A924208C
:109C14009421242094892420144100209009242094
:109C240080F42220B4040220A00A0220B4F401200B
:109C3400B0BA002007EE900A9FED067AF8EEE77AB4
:109C440087EE870AF1EE047A60EE277A27EE800A1F
:109C5400704700BF0000C84213B51D4A00211D4BC8
:109C6400814202F1100203F110030FDB20EAE072DB
:109C7400174919489200019214F030F8019A1549D5
:109C8400164802B0BDE8104014F028B853ED037A2A
:109C9400043152F80C4CF1EE677A12ED027A43F873
:109CA4000C4CB1EE477A53F8044C42ED037A53ED71
:109CB400027A02ED027AF1EE677A43ED027A52ED0E
:109CC400017A42F8044CF1EE677A43ED017AC7E772
:109CD40094A924209489242094692420944924203C
:109CE400454B464A1B68126845491A4470B52DED28
:109CF400068B0A60434A1268012A6DD1424A1268EF
:109D0400012A6BD0002A414A18BF00221344404E56
:109D1400404D07EE103A404B404CB8EEC77B9FEDE8
:109D240040AA9FED316B27EE067B93ED006AB7EEF8
:109D3400C66A87EE069BB7EEC99BB0EE490A1AF0D5
:109D4400EFFCB7EEC08AB0EE490A1AF0E5FB3549DC
:109D5400354AB7EEC00A3548002391ED005B92ED19
:109D6400007B9FED232B25EE006BB6EC013AB5EC9E
:109D7400014A013320EE471BB3F5006FA7EE086BD1
:109D840027EE077BA5EE081BA5EE057B23EE0A3A1A
:109D940024EE0A4AB7EEC33AB7EEC44A32EE477B22
:109DA40024EE069B21EE075B26EE077B26EE436B33
:109DB400A3EE019BA4EE016BB7EEC99BA4EC019A40
:109DC400B7EEC66BA0EC016ACDD1BDEC068B81ED7C
:109DD400005B82ED007B70BD002297E740F2EE222B
:109DE40094E700BFAFF30080182D4454FB211940C1
:109DF400333333333333FF3F1016012094BF002035
:109E0400BC2C0120E8110220A00A022012FDFFFF51
:109E140094692420944924202014022094A9242005
:109E2400CDCC8C3F589F002040D70020948924201B
:109E34002DE9F04FDFF890B28200814603460732E5
:109E44002DED088BADF20C4D22F00702DBF800403B
:109E540000AFADEB020D022C20FA04FAE846ADEB9C
:109E6400020DCCBF012502256E464246C8BFA5405F
:109E740087487960C8BF05EBD5758649C8BF6D10A2
:109E8400BAF5007FA8BF4FF4007A17F06BFE324694
:109E94004B468149814817F065FE42464146804859
:109EA400B9FBF5F33B6017F05DFE324631463B6883
:109EB40035467C4817F056FE7B4A0021C446136899
:109EC4000846DFF80882B3F5007F784EA4BF00236C
:109ED40013601368824500F3BD8001B11360DBF8A1
:109EE4000010B6EE00BB724D4FF0000A0329AB46DA
:109EF400CCBF012307EE904A1468C4BF8B4007EE21
:109F0400903A9FED5FABB8EEE78A9FED5F9B07EE5B
:109F140090AA0AF1010A0BF1080BB8EEE70B20EE48
:109F24000A0B20EE090B19F07FF95F4A08EB840352
:109F3400B0EE4B6B93ED007A06EB84030134A0EE94
:109F44004B6BB4F5007FA8BF0024BAF5007F28EE60
:109F5400077AB7EEC77A27EE067BB7EEC77B0BED21
:109F6400027A93ED007A28EE077AB7EEC77A27EEE5
:109F7400067BB7EEC77B0BED017AC8D14D4E0123AA
:109F8400146000224A494C4816F0BEFE32460023B3
:109F9400D5ED017A02F5806195ED007A013367EE23
:109FA400A77AB3F5807FE7EE077AC1ED007A05F56D
:109FB400006191ED007A05F6040105F10805D1ED83
:109FC400007A67EEA77AE7EE077AE2EC017ADFD14E
:109FD4007B68C3B30024DFF8F8809FED388A2546F8
:109FE400DFF8F09098ED000A96ED007A20EE080A6A
:109FF400DFED337A99F80030A7EE270AA6EC010AC0
:10A00400A8EC010A9BB100F0A5FDB3EE047ADFEDE4
:10A014002D7A07F10802E0EE077AFDEEE77A17EEF3
:10A02400903A1BB29D4222F81430B8BF1D46013449
:10A03400B4F5007FD6D199F8003023B1294607F151
:10A04400080001F0FDFA07F20C47BD46BDEC088B91
:10A05400BDE8F08F08EB83015CF804EB0130C1F834
:10A0640000E0591C55F804EB06EB8303B1F5007FBF
:10A07400C3F800E0B4BF0B46002301212AE700BF68
:10A084001F85EB51B81E1940000000000000603F1E
:10A09400DCFE002094A9242094892420F4FE0020CE
:10A0A400E8FE002000FF0020E81F02205C78012069
:10A0B40090F9232090E92320144100209A99993E95
:10A0C4003333333F0000C84210CB00205C680120CA
:10A0D40090D92320103002202DE9F041444C002572
:10A0E400DFF82481434F26462DED088B9FED3AABD4
:10A0F4009FED3B9BB6EE00BB07EE905AB8EC018A8D
:10A1040001350836B8EEE70B20EE0A0B20EE090BFA
:10A1140019F08AF8B5F5007FB0EE4B6BB7EEC87A4C
:10A12400A0EE4B6B27EE067BB7EEC77B06ED027AFB
:10A13400B7EC017AB7EEC77A27EE067BB7EEC77B9A
:10A1440006ED017AD8D10123002229492A4816F0C4
:10A15400DBFD2A4900230A46D4ED017A02F580602A
:10A1640094ED007A013367EEA77AB3F5807FE7EECA
:10A17400077AC0ED007A04F5006090ED007A04F6E9
:10A18400040004F10804D0ED007A67EEA77AE7EE44
:10A19400077AE2EC017ADFD19FED135B184A0023C2
:10A1A400DFED184AB1EC017A013392ED006A27EE33
:10A1B400247AB3F5007FB7EEC66AB7EEC77AA6EE87
:10A1C400057BB7EEC77BA2EC017AEBD1BDEC088B23
:10A1D400BDE8F081AFF300801F85EB51B81E194034
:10A1E400000000000000603F000000403333D33F14
:10A1F40090F92320948924201441002090E92320FD
:10A2040090D923203333333F94A924202DE9F04FF0
:10A21400BE4F8046BE483B68052B2DED028BADF545
:10A22400805D0CBF0224102483B007F0D7FCA04249
:10A2340007DA00200DF5805D03B0BDEC028BBDE8AC
:10A24400F08FB44807F0CAFCA042F2DB4FF084431D
:10A254004FF400124FF00009DFF8B8A2C3F88420CD
:10A2640013F01EFADFF8A8B263020090AA4D50461C
:10A27400019307F0DEFCA94E09EB0501802215F0DD
:10A28400BDFF584607F0D5FC09EB0601802209F50D
:10A29400007915F0B3FF584607F0E8FC504607F084
:10A2A400E5FC019B9945E1D19D4BB3EE048AB2EEE6
:10A2B400040BE401D3ED007A4FF0300BDFF88C92FD
:10A2C400F8EEE77ADFF888A287EE881AB7EEC11AAB
:10A2D40019F05AFCB7EEC00B2246294628468DEDEC
:10A2E400010A18F08DFA224631469DED010A3046E6
:10A2F40018F086FA06F005FAD9F800302246294605
:10A304000BFB03A3284693ED070AB8EEC00A18F026
:10A3140077FAD9F80030224631460BFB03AA3046BF
:10A324009AED070AB8EEC00A18F06AFA784807F0FE
:10A3340055FC322811DD774807F050FC32280CDD3B
:10A344002221784815F086FD774812F092FE704875
:10A3540007F04FFC6F4807F04CFCD9F80020734B12
:10A364006D4903EB8203DFF8ECA12246084693ED26
:10A37400000A3B68B1EE400A013B032B1AD818F0DF
:10A384003FFAD9F8003022460AEB830393ED000A22
:10A39400B1EE400ADFF8C0A160495F4800F075FBE8
:10A3A400DAF8003083B9B8F1000F01D0FFF794FE5A
:10A3B400C1460BE018F024FAD9F8003022460AEB23
:10A3C400830A9AED000AE5E74FF000092046FFF7FB
:10A3D40043FCDAF8000050B35549564AB8F1000F6F
:10A3E40013D00B68142B10D10023022813604FF0F4
:10A3F400010303DD834048BF03339B104FF4006027
:10A40400B0FBF4F00344013B0B601368086883421B
:10A414000DDA013398421360204602BF14234FF033
:10A4240001090B60494608BF1360FFF701FDFFF700
:10A4340057FC3B68053B042B4DD8DFE803F0144C74
:10A4440021031200344A4FF400633B48114617F0CD
:10A4540089FB324A4FF400633848114617F082FBF7
:10A4640001E001F0CFF83B68042B77D0072B00F014
:10A47400918001214846FFF749FBFBF751FB7FE040
:10A484002F4B4FF4805280212448C3F8842020F0BD
:10A4940087FC28B92A4B4FF48052C3F88820E2E79E
:10A4A4001E4BF6EE006A1C4A31461B6813602A46AE
:10A4B4000123D1ED007A01330832043191ED007AA1
:10A4C400802B77EE877A67EEA67A42ED017A82EDE9
:10A4D400007AEED1DEE7104A4FF4006316481146C5
:10A4E40017F040FB0D4A4FF400631448114617F06F
:10A4F40039FB094A4FF400731248114617F032FB36
:10A50400064A4FF4007310481146A7E7A00A022038
:10A5140018160120E81C012094A9242094892420E1
:10A52400EC130220736B0020BCB40020ACB10020FB
:10A53400B4B80020B0B80020F8FD002004FE0020CC
:10A544000040004228FE002034FE0020E4C1002028
:10A55400C0BA0020C8B1002010CB0020FFF756FA83
:10A56400AF4B2946002251F8040B0132083343F85B
:10A57400080CB2F5807F56F8040B43F8040CF2D1B2
:10A584003B68023B072B34D8DFE803F009744533FA
:10A594003333337700214846FFF7B8FAF0E7DFF8A2
:10A5A400E482AB460026DFF8E0A2DFED9E8A434654
:10A5B400D8ED010A013608F1080893ED000A00F00D
:10A5C400F5FADAED007AB6F5807FA7EEA80A70EE08
:10A5D400677A8AED000AEBEC017AE8D1924A3346B5
:10A5E4009249934817F012FF324690498E4815F06D
:10A5F4000BFF3B68032B47DC012B4DDC00228D480D
:10A6040002F5006108320144B2F5006F096845F8AB
:10A61400041BF5D13CE04FF4807284498048FBF779
:10A6240027FE82494FF480729FED830A084618F092
:10A63400E7F8F7EE006ABFEE007A804BFF21F3ECF7
:10A64400017AF4EEE67AF1EE10FA10DCF4EE477AD1
:10A65400F1EE10FA48BFF0EE477A013943ED017A82
:10A66400EDD14846FFF752FAFBF75AFAC1E7F7EE85
:10A67400007AF2E7FBF700FDBBE74FF48072704904
:10A68400674800F05BFFB4E7A3F10802012AB5D8DC
:10A69400062B1AD0072B26D06A4B1B68012B01D13D
:10A6A400FDF7E4FB684B1B68022B21D0032B4DD034
:10A6B400012B1FD1FEF7C0F9B3EE0E0A4FF48072DE
:10A6C4005A49084618F09CF814E04FF48073564A2F
:10A6D40056495E4816F086FD534A4FF400735C48B1
:10A6E400114617F03FFA80214F4820F069FBD3E769
:10A6F400FEF75AFD574B1B78012B09D1564A1370AC
:10A70400FEF72EFC4FF480724849474815F07CFE52
:10A71400524B1B784BB14449444820F0DDFA4FF4C6
:10A7240080724249404815F06FFE4D4B1B68022B66
:10A7340024D1FAF7B5FE4B4B1B68052B1ED0042B16
:10A744001CD8DFE803F00E67A3A9AF000022424B38
:10A754001A70FEF705FCB7EE080A4FF4807233490D
:10A76400AFE74FF48073304A30493F4816F044FB5A
:10A774004FF480722D492C4815F046FE3B68052B9A
:10A7840000F096804FF480732A4A28492F4816F027
:10A7940029FD4FF40073254A2649344816F022FD5A
:10A7A400F2EE006A324B224620491868FFF742FA5B
:10A7B40020EE260A084620EE080A18F021F8224660
:10A7C40002A91A4815F06AFD224602A9294807F091
:10A7D400A4F912F065FF009A274B821A09F10100CF
:10A7E40007EE102A4FF4001293ED006BB8EE477B8E
:10A7F40037EE067BB7EE006B83ED007B1F4B93EDCA
:10A80400007B37EE067B83ED007B4FF08443C3F877
:10A8140088200FE54FF48073034A04491848A5E7DC
:10A8240094212420A4707D3F9489242094A9242079
:10A8340040060220900924200AD7A33B98A924208B
:10A8440094692420E8130220741002207CFE002066
:10A8540040FE00200D2B02200C2B02200E2B022088
:10A86400EC11022014C200209CB20020ACFE002097
:10A87400B4BA0020B823012050D7002048D70020C4
:10A88400A8B2002090112420A49401204FF48073D6
:10A89400094A0A490A4869E74FF48073064A074996
:10A8A400084863E74FF48073034A044906485DE7A8
:10A8B400DFED066A76E700BF9489242094A924205A
:10A8C400B4B20020C0B20020CCB20020CDCCCC3D2C
:10A8D40038B538B1114C124D0120FFF797FC02280E
:10A8E40011D138BD0D4D0E4C0020FFF78FFC01280F
:10A8F400F7D12B6822689B1A0A2BF5D9F8F790FF39
:10A904002B682360F0E723682A689B1A0A2BE3D993
:10A91400F8F786FF23682B60DEE700BF741C022073
:10A924001467012008B505F0FBFE054B1B68012BDD
:10A9340005D10A210348BDE8084006F0E9B908BD7D
:10A94400EC11022038140220034A044B1268D11778
:10A95400C3E90021704700BF94BF002060D70020E6
:10A9640008B5104B1860002001F0DCF90E4B1B6891
:10A97400032B11D0042B08D06BB9F9F709FA20F096
:10A984001BFABDE8084020F0FFB920F015FA074B88
:10A994001B68012BF5D008BDF9F7FAF9BDE80840AA
:10A9A40020F00ABABC2C0120F00E022090BF002037
:10A9B40008B50F4A0F4B106819680844106000224C
:10A9C4001A60FFF7CDFF0C4B1B682BB1032B0AD089
:10A9D400BDE80840F9F768BCF9F7DAF920F0ECF9BA
:10A9E40020F0D2F9F4E7F9F7D3F920F0E5F9EFE72D
:10A9F40094BF002010160120F00E0220044B1A68A8
:10AA040010441860034B1B681844FFF7A9BF00BF2C
:10AA140094BF00201016012010B103681B6B184767
:10AA2400704713B520B1016800240094096A88476F
:10AA340002B010BD10B103689B681847704710B589
:10AA4400044612F00DFB2046BDE8104012F011BB85
:10AA540010B5044600230A2212F033FB2046BDE859
:10AA6400104012F006BB13B5044661B108460191CB
:10AA74001DF08EFC2368024601995B68204602B0F3
:10AA8400BDE81040184702B010BDF0B5940083B083
:10AA9400B5EEC00A0D46073400AF064624F007049D
:10AAA400F1EE10FAADEB040D6946C7E900210AD5B1
:10AAB40017F0A6FE3B682A467968104617F09CFFFB
:10AAC4000C37BD46F0BD284617F09AFE3B68324667
:10AAD400F2E7000008B52DED028BA0B107EE900A55
:10AAE400B8EEE78ADFED097A28EE278A28EE008A95
:10AAF400B0EE480A19F010FDC0EE087AB0EE670A0D
:10AB0400BDEC028B08BDF7EE007AF7E7DB0FC93F17
:10AB1400F6EE007ADFED0E5A20EE276AF7EE007AA1
:10AB2400B0EE677AB0EE670AB0EE675AC6EE276AEF
:10AB340077EE857A66EEA66A27EE267A30EE070A65
:10AB440060EE256AF4EEC76AF1EE10FAEED97047AA
:10AB54005F70893007B5B0EEC00A01A818F092FE04
:10AB6400DFED0D7A9FED0D7AA0EE277ADFED0C7AFA
:10AB7400E0EE077A9FED0B7AA0EE277ADDED017AFD
:10AB84009FED090AF8EEE77A77EE877A27EE800AD6
:10AB940003B05DF804FB00BFA8A19D3FF5CA83C0C4
:10ABA400FBB3C040E09248C09B209A3EB0EEC07A0E
:10ABB400DFED097AF0EEE00ADFED086AB4EEE07A40
:10ABC400F1EE10FAC7BF20EEA70AA7EE260A27EE79
:10ABD400270AA0EEA60A7047AFAFCB3EFEDE753F54
:10ABE4009FED057ADFED057A20EE077AE7EE007A2D
:10ABF40027EE800A704700BF018E44BED2EE783F34
:10AC0400114BD3F880205207FBD5104AD3F880307B
:10AC140092ED000A0E4AC3F30B23B8EE400A126801
:10AC24009B1A07EE903A0B4BF8EE677A93ED007A95
:10AC3400094B67EE877A93ED007AB8EE477AC7EE50
:10AC4400876A30EE660A704700810D400C140220BA
:10AC54000014022008140220181402201FB50A222E
:10AC64000C46694613F01DF968461DF091FB072850
:10AC740017D0082830D0062811D19DF80030237051
:10AC84009DF8013063709DF80230A3702E23E370A9
:10AC9400BDF80330A3803023A3710023E37104B013
:10ACA40010BD9DF800309DF8012023702E23A27062
:10ACB400637063719DF804309DF80220A3719DF8C0
:10ACC4000530E270E3719DF806309DF8032023728D
:10ACD400002322716372E2E79DF800309DF80220A0
:10ACE40023709DF80130E27063702E239DF80320D9
:10ACF400A370A3719DF805302271E3719DF80630AD
:10AD04009DF8042023729DF807306271637200235A
:10AD1400A372C4E7064B07B5186902220DF10601B8
:10AD2400FFF788FEBDF8060003B05DF804FB00BF22
:10AD3400DCC2002007B5054B042218690DEB0201A3
:10AD4400FFF778FE019803B05DF804FBDCC2002035
:10AD54002DE9F04F87B06F4C024600230E4601A840
:10AD64006D49FBF7EFFE236913B12046FBF750FE54
:10AD7400059B01A8236100230593FBF75BFE206973
:10AD8400FFF74AFE002800F0C28020690022002359
:10AD9400FFF747FE206910B103689B6A98475F4B31
:10ADA400042218600DEB02012069FFF743FEFFF750
:10ADB400C1FF0422074620690DEB0201FFF73AFEAA
:10ADC400042220690DEB0201FFF734FEFFF7B2FF06
:10ADD40020F002030546102B16D0282814D0504921
:10ADE4005048FFF740FE39464E48FFF731FE4E49C2
:10ADF4004C48FFF738FE4B482946FFF729FE6FF011
:10AE0400010007B0BDE8F08FFFF784FF8246FFF72B
:10AE140081FF8046FFF78EFF8346FFF78BFF814655
:10AE2400FFF778FF0746FFF775FF404BBAF1010FB4
:10AE3400188004D1B8F1010F01D1102823D03C4966
:10AE44003848FFF710FE51463648FFF7F8FD3949F8
:10AE54003448FFF708FE41463248FFF7F0FD364913
:10AE64003048FFF700FE314B2E481988FFF7E7FD05
:10AE740032492C48FFF7F7FD2A485946FFF7E8FD09
:10AE84006FF00200BDE7122D206933D12622002382
:10AE9400FFF7C7FD042220690DEB0201FFF7CAFD8D
:10AEA400FFF748FF0546B0FBF7F3B34226D9244920
:10AEB4001C48FFF7D8FD29461A48FFF7C9FD214968
:10AEC4001848FFF7D0FD39461648FFF7B8FD1E496C
:10AED4001448FFF7C8FD31461248FFF7B9FD1B4976
:10AEE4001048FFF7C0FD0F484946FFF7B1FD6FF06A
:10AEF400030086E7282DCDD13C22C8E7206910B194
:10AF040003685B6A9847124B1860002079E74FF09A
:10AF1400FF3076E7DCC20020E82701205C1C022019
:10AF2400566C0020BCB40020636C0020462A02202A
:10AF3400746C0020836C0020926C0020A36C0020B1
:10AF4400B16C0020C26C0020D06C0020DF6C0020AB
:10AF54008C1102202DE9F047DFF88880064600AF07
:10AF64000D46D8F8100010B103685B6A98476B006F
:10AF74000446D8F81000073323F00703ADEB030DA4
:10AF8400FFF74AFD8146EA4648B1154B2C441B683D
:10AF94009C4208D34FF000091248FBF761FD484674
:10AFA400BD46BDE8F087104B5146D8F810001A880A
:10AFB4006A4348BF0732D210FFF73CFD00239FEDE0
:10AFC4000B7AAB42EBDA3AF91320013307EE902AFD
:10AFD400F8EEE77A67EE877AE6EC017AF1E700BFEC
:10AFE4005C1C0220DCC20020462A0220000000383B
:10AFF400064B1B68062B9FBF5A20D84000F0010067
:10B0040080F0010088BF0120704700BFEC110220CE
:10B01400024808B5FBF724FD08BD00BFDCC20020D0
:10B0240008B513F0F7F8002108BD13F005B90000C6
:10B034000A4808B50DF0B0F801280DD1142002F02B
:10B0440005F9152002F002F9162002F0FFF8172086
:10B05400BDE8084002F0FAB808BD00BF5C10022049
:10B0640041F28831054808B50DF08CF8044A0549C9
:10B074000548BDE808401BF0C3B900BF5C100220BE
:10B08400C8B8002035320000DCC200202DE9F04FA2
:10B09400DFF8E88181B056494246564800AF12F0C5
:10B0A40003F8554ADFF8D8A1A2EB080353495148E5
:10B0B40011F0FAFF524652494E4811F0F5FF514A39
:10B0C400514CA2EB0A03514D51494A4811F0ECFF8F
:10B0D40022465049474811F0E7FF2B1B2A467D1BA7
:10B0E400DFF8A0B14C49434811F0DEFF4B4C2B462E
:10B0F4003A464B493F4811F0D7FFDFF88C91ABEB50
:10B1040007035A4647493B4811F0CEFF22464649B9
:10B11400384811F0C9FFD9F800204449131B3548B9
:10B1240011F0C2FF424ED9F80030424C3246F31AB5
:10B134004149304811F0B8FF224640492D4811F0EA
:10B14400B3FF3F4B3E4A1B1B3E492A4811F0ACFF5C
:10B154003D49284811F0A8FF3C4B42463C4908EBC6
:10B16400C3332448DFF82481013B11F09DFF0BF128
:10B17400FF33524637491F4811F096FF364B374A82
:10B1840037491C4811F090FF364B4FF0C042364906
:10B19400184811F089FF98F800303BB104EB0353D1
:10B1A40022463249013B134811F07EFF26491148DB
:10B1B40011F07AFF2A46AB122D490E4811F074FFA4
:10B1C400D9F800202B49B21A0A48931211F06CFFE7
:10B1D40098F800302849043704EB0352184B05480B
:10B1E400D21A9312BD46BDE8F04F11F05DBF00BF07
:10B1F400EB6C0020BCB4002008760200FF6C002039
:10B20400186D0020C0D20020C0D20020E0300220FF
:10B214002C6D0020456D0020596D0020E01825207C
:10B22400726D00208B6D0020A46D0020B86D00208D
:10B234000000282000000070D16D0020EA6D00207D
:10B2440040540770FE6D0020D46E002005000000FD
:10B25400176E00202D6E0020FFFF27200000202005
:10B26400436E0020FFFF7F60596E00206F6E002048
:10B27400856E00209F6E0020B96E00200000000043
:10B284000000002000800520C4B800201C300220EB
:10B29400014B1868FAF7ACBB901D0220024B1868EA
:10B2A40000EB4000FAF7A4BB901D02200449054BB3
:10B2B4000A681A600B689B1A9842FBD8704700BF53
:10B2C400741C0220CC0A0220014B1868FFF7EEBF61
:10B2D400901D02200000000070B52DED0A8B9FED3B
:10B2E4001CBBB7EE00AB1E4BB6EE008B00241D4E0C
:10B2F4000D201D4D1C6001F0A9FF9FED179B07EE6B
:10B30400904A0134B8EEE7CAB7EECCCA2CEE0BCBA8
:10B314003CEE0A0B20EE090B17F086FF30EE0A0B09
:10B3240020EE080BB7EEC00BA6EC010A2CEE090BBD
:10B3340017F07AFF802C30EE0A0B20EE080BB7EEE4
:10B34400C00BA5EC010ADAD1BDEC0A8B70BD00BFBD
:10B35400000000000000803F00000060FB21094065
:10B3640068100220D40C0220D40A0220024B1A686E
:10B37400024B1A60704700BF741C0220CC0A0220E2
:10B3840013B5044661B1084601911DF001F8236824
:10B39400024601995B68204602B0BDE81040184798
:10B3A40002B010BDFFF7ECBF10B50446FFF7E8FF8D
:10B3B4002046BDE8104011F05CBE00000000000013
:10B3C400F0EE607AB7EEC00A9FED254BB4EEC40BE5
:10B3D400F1EE10FA19D59FED246BB4EEC60BF1EE25
:10B3E40010FA12DDB7EE007AF4EEC77AF1EE10FA35
:10B3F4000BDDB7EEC15AB4EEC45BF1EE10FA04D51E
:10B40400B4EEC65BF1EE10FA23DC9FED195BB4EEEB
:10B41400C50BF1EE10FA1EDD9FED176BB4EEC60BF3
:10B42400F1EE10FA17D5BFEE007AF4EEC77AF1EE1A
:10B4340010FA10D5B7EEC11AB4EEC51BF1EE10FA2E
:10B4440009DDB4EEC61BF1EE10FA4CBF012000205A
:10B454007047012070470020704700BFAFF30080A1
:10B464009A9999999999B93F9A9999999999C9BF2A
:10B474009A9999999999B9BF9A9999999999C93F1A
:10B4840070B5294C0E460546284920462DED028B01
:10B4940086B0F0EE608AB0EE418A8DED010AFFF7C6
:10B4A40081FF3146224E204611F0DAFD3146204616
:10B4B400FFF778FF20461F49FFF774FF294620460F
:10B4C4001D4D11F0CDFD31462046FFF76BFF03AA59
:10B4D4009DED010A0221062012F0F4FC03A9204686
:10B4E400FFF760FF29462046FFF75CFFB0EE680ACD
:10B4F40003AA0221062012F0E5FC03A92046FFF767
:10B5040051FF29462046FFF74DFFB0EE480A03AA33
:10B514000221062012F0D6FC03A92046FFF744FFBF
:10B5240006B0BDEC028B70BDBCB40020D66E00200A
:10B534007C990020E26E0020F06E00202DE9F04F8F
:10B544000026DFF8B080DFF8B0A085B0DFF8AC905B
:10B554000C461746FAF78CFEBB1EB34202DC05B05C
:10B56400BDE8F08FD9ED007AB3EE047AD8ED000A85
:10B57400B4EC011A30EEE70ACAED000A89ED001AAC
:10B5840077EEE00A31EE671AC8ED007A20EE070A7A
:10B59400154D60EE870A21EE071A8DED010ACDEDF7
:10B5A400020A8DED031AFFF70BFFB8B1DFF850B0B4
:10B5B4000E49DBF800300E480133CBF80030FFF7BA
:10B5C400F1FE9DED031ADDED020A9DED010ADBF8A3
:10B5D40000102868FFF754FF00232B602B68013606
:10B5E40001332B60B8E700BFCC9801209D6B00208D
:10B5F400BCB40020D4980120D8980120D098012010
:10B60400BCB80020704738B50C46054614F0F4FC6D
:10B61400844205DA21462846BDE8384014F01ABCB5
:10B6240038BD38B50C46054614F0E6FC844205DA0C
:10B6340021462846BDE8384014F00CBC38BD000053
:10B6440030B5ADF5037D0446C1F1FF020D466846F1
:10B654000E491CF06BFB3B23A21E01A904F2FE342D
:10B664008DF8053232F9023FFF33A242A3EB050302
:10B6740023EAE37301F8013FF4D140F2062168465E
:10B68400FFF7CFFF0DF5037D30BD00BF966B0020A3
:10B6940070B5044614F0B0FC2378E3B100281ADD39
:10B6A40020461CF075FE054614F0A6FC854204DB1A
:10B6B4000B4D0026237833B970BD29462046BDE8DA
:10B6C400704014F0C7BB14F097FC0028F2DC14F0AF
:10B6D400B9FC2E70EEE7024B00221A70ECE700BFB3
:10B6E40010300220F2EE047A0346094920EE270ABC
:10B6F40000B5FDEEC07A89B0684617EE902A1CF0BA
:10B7040015FB6846FFF7C4FF09B05DF804FB00BFF2
:10B714003A6B002070B5044614F06EFC2378EBB14C
:10B7240000281BDD20461CF033FE054614F064FCA3
:10B73400854217DA2946204614F08CFBBDE8704098
:10B7440014F080BC14F058FC002808DD3078013572
:10B7540014F046FC635D6619002BF3D170BD14F040
:10B7640071FCF7E70025F5E770B504460E460025A1
:10B7740014F026FB002805DD14F05CFBC0B23B2866
:10B78400605503D12C440023637070BDB542F9DACF
:10B794000135EDE7034B1B68062B9ABF024AD056CE
:10B7A40002207047E4C10020C86A002010B5D2B05E
:10B7B40014F006FB002800F0BF814FF4807112A83A
:10B7C400FFF7D2FF9DF84830002B00F0B5813B2BEA
:10B7D40000F0B281413B132B00F2AE81DFE813F09D
:10B7E40014002300AC01AC01AC0164001401AC01F1
:10B7F4002801AC016101AC016C01AE01E601050256
:10B80400AC0121022F0259029DF84930492B40F026
:10B8140044819DF84A303B2B40F08A81AC4912A800
:10B824001CF058FD39E19DF84930552B07D19DF89E
:10B834004A303B2B0DD101201FF072FA7CE1442BDE
:10B8440040F02B819DF84A303B2B19D14FF0FF304B
:10B85400F2E79DF84B303B2B40F01F810DF14A007D
:10B864001BF011F938B9FFF795FF9A49024612A85F
:10B874001CF05CFA11E1FFF78DFF97490246F6E7E9
:10B884009DF84B303B2B40F008810DF14A001BF032
:10B89400FAF820B9FFF77EFF90490246E7E7FFF781
:10B8A40079FF8F490246E2E79DF84930413B132B6B
:10B8B40000F24281DFE813F0140030004B00400135
:10B8C4004001400140014001660040014001400147
:10B8D4004001400140014001400186009700A20060
:10B8E4009DF855303B2B0ED10DF14A001BF0CFF8DB
:10B8F40004461FF0FDF97B4B1868201AFFF77EF809
:10B90400794B1C6018E19DF84A303B2B40F0C58010
:10B91400754B76491A68AAE79DF855303B2B0DD133
:10B924000DF14A001BF0B3F804461FF0E1F96D4B2A
:10B934001868201AFFF762F86D4BE2E79DF84A3069
:10B944003B2B40F0AA806A4B6A491A688FE79DF83E
:10B9540055303B2B0DD10DF14A001BF098F8614B8B
:10B9640000221860644B1A60FEF7FAFFF8F79CFC9B
:10B97400E2E09DF84A303B2B40F08F80594B5F4901
:10B984001A6874E79DF84C303B2B40F0D5809DF845
:10B994004A30302B09D10DF14B001BF078F8584B8D
:10B9A4001B68C01A1FF0ECF9C6E0312B40F0C480CC
:10B9B4000DF14B001BF06BF8524B1B68C01A1FF0C3
:10B9C400D7F9B9E09DF84A303B2B01D14E4926E71F
:10B9D4009DF84B303B2B60D10DF14A001BF053F81E
:10B9E4001FF0B2F9A8E09DF84B303B2B55D10DF177
:10B9F4004A001BF048F801F0EBFD9DE09DF84A3049
:10BA04003B2BE5D141490AE79DF84930542B40F0DE
:10BA140093809DF84B303B2B40F08E800DF14A0013
:10BA24001BF035F83A4B1860012001F00FFC83E05D
:10BA34009DF84930442B09D19DF84A303B2B2CD139
:10BA4400052103201FF07CF93249E8E6462B24D176
:10BA54009DF84A303B2B20D12F4B1A680F92FFF7E9
:10BA6400C7FA00230121B0FA80F00F9A0893400925
:10BA7400CDE90B132949CDE909330968079102215E
:10BA8400CDE90430069112A82549CDE90233CDE968
:10BA9400003341F288331CF049F912A8FFF73AFE4B
:10BAA4004AE09DF84930532BF7D19DF84A303B2B9F
:10BAB400F3D10F221B49DAE69DF84930442B35D1E6
:10BAC4009DF84A303B2B33D102221749CFE600BF01
:10BAD400F36E0020F86E0020FF6E0020066F002039
:10BAE4000D6F002094BF0020F0C10020146F0020CF
:10BAF400F4C100201D6F002010160120266F0020C5
:10BB0400A0CB00206CC300202F6F0020346F0020D6
:10BB1400609F0020396F0020BC2C012080F401209C
:10BB2400406F00206E6F0020756F0020452BB4D14C
:10BB34009DF84B303B2BB0D152B010BD9DF849302D
:10BB4400462B18D19DF84A303B2B06D1674B6849E8
:10BB54001A68684B53F8222089E69DF84E303B2B37
:10BB64009BD1624B0DF14A001C681AF08CFF614BAB
:10BB740043F82400E0E7472B8FD19DF84B303B2B53
:10BB84008BD10DF14A001AF07EFF5B4B186058B957
:10BB9400564B58491A68594B03EB820351F822203B
:10BBA400C3F80C231FF0D8F805203EE79DF8493070
:10BBB4004D2B7FF472AF9DF84B303B2B07D1022302
:10BBC4009DF84A204E4912A81CF0B0F865E79DF88C
:10BBD4004C203B2A7FF461AF002211A88DF8443039
:10BBE4008DF845201AF04FFFA6E79DF84930432B06
:10BBF4000DD19DF84D303B2B7FF44FAF0DF14A0032
:10BC04001AF041FF3F4B18601FF06EF894E7532B76
:10BC14007FF443AF9DF84A303B2B7FF43EAF3A4963
:10BC2400FDE59DF84930582B7FF437AF9DF84A3035
:10BC34003B2B7FF432AF354B00221A707CE79DF822
:10BC44004930462B15D19DF84B303B2B7FF425AF63
:10BC54000DF14A001AF017FF024640B92C4B02219D
:10BC64001B6812A800912B491CF060F815E72A4BB9
:10BC7400F5E7502B7FF411AF9DF84B303B2B3FF48D
:10BC84005BAF9DF84A303B2B7FF407AF002223497A
:10BC9400EDE59DF84930422B07D19DF84A303B2B06
:10BCA4007FF4FBAE00221E49E1E54D2B12D19DF835
:10BCB40055303B2B7FF4F1AE0DF14A001AF0E7FE4C
:10BCC40012F0BAFA0DF14A001AF0E1FEC11704F0BD
:10BCD400C1FD31E7582B7FF4E0AE9DF84A303B2B91
:10BCE4007FF4DBAE094B0122A7E700BFE4C10020CB
:10BCF4007B6F0020AC0A0220301002200CA300202D
:10BD0400836F00209CCB00208B6F00201F3002200B
:10BD1400F0C10020906F0020F4C100209D6F00202E
:10BD2400A36F0020704713B5044661B10846019122
:10BD34001CF02EFB2368024601995B68204602B082
:10BD4400BDE81040184702B010BD00002DE9F041D5
:10BD54002C4B002401212C481C600DF0A9FD214628
:10BD640029480DF0F3FD214627480DF0A1FD274D8C
:10BD740001212548264F0DF041FD264E0421DFF810
:10BD8400BC8021480DF07CFD15F8013BC3B133683C
:10BD940057F82400C01A1EF0C3FF1F4B58F82400A4
:10BDA4001860FEF7DDFD326830211C4B01FB0233C5
:10BDB4001B4A52F824209A611A4A52F824205A61E4
:10BDC4000134052CE0D101201EF0AAFF164B18689F
:10BDD4001EF09AFF154B4FF0FF3118681EF0B0FFAC
:10BDE400134B18680B4B1B68C01A1EF099FF114BBC
:10BDF4001A68094B1A601EF08BFF0F4B00221A7051
:10BE0400BDE8F081F00E0220941C0220A5CD002094
:10BE1400AC2C0020E4C10020BC2C0120C0BA0020BE
:10BE2400AC110220C0110220A8110220083D0120FB
:10BE340090110220D41102200B3002209411022010
:10BE440038B5054604F062FD044604F069FD3C2360
:10BE54004FF46162434302FB043404F06BFDB422EB
:10BE6400231893FBF2F102FB11330A2293FBF2F342
:10BE7400581B4CBF12230023184438BD002809DD89
:10BE840006233B2890FBF3F30B6005DC044A52F8CD
:10BE940023007047002070474FF47840704700BF7C
:10BEA40040BC00202DE9F04F002589B06D4E05906F
:10BEB40029466D4807950DF0E3FC6B4C6B4B0393DF
:10BEC400012200212046DFF8CCB10CF0EBFD002369
:10BED400B6F920202046B6F91C1000270CF05EFDB0
:10BEE4004FF47842002120460CF03CFFB168204614
:10BEF400DFF88C91FFF717FF5D4B03EB050A039BFB
:10BF04000493049B07A9F3EC017AFDEEE77A04930A
:10BF140017EE900AFFF7B2FF0021804620460CF08E
:10BF2400ECFD326AF169002321322046394412B211
:10BF340009B20CF033FD1BF8013B73B1B8F1000FEB
:10BF440040F08C8042464FF6FF7120460CF00AFF09
:10BF5400D9F800102046FFF7E6FE464B1B7843B1A4
:10BF64001BF8013C1BB1079B092BA8BF09238AF8C6
:10BF740000300A370AF1010A09F10409BFB2322F6D
:10BF8400BFD1039B05352C3614335A2D039397D117
:10BF940000243C234FF4CD720A213348364ECDE9B8
:10BFA4000034AA230DF070FE21462F480CF0A5FDA5
:10BFB4004FF6FF712C480DF070F923464FF4CD7203
:10BFC4000A2129480CF0EAFC2C492748FFF7ABFE6C
:10BFD40033682B4A244852F82310FFF7A4FE29495A
:10BFE4002148FFF7A0FE23464FF4D7720A211E48CA
:10BFF4000CF0D4FC2C231B4A05991B4803FB012598
:10C00400A968FFF790FE69681748FFF78CFE23467E
:10C014004FF4E1720A2114481B4C0CF0BFFC1B497D
:10C024001148FFF780FE21680F4811F019F8114BF1
:10C034001B7883B116484223602103704D2343705B
:10C0440033688370059BC370236803713B2380F8B6
:10C054005F30FFF7D8FA09B0BDE8F08F1FFA88F215
:10C06400002172E768BC0020941C0220C80402204E
:10C07400AE2F022009300220C40402205B6B002092
:10C084002CBC0020CB9C0020B4BA0020686B00209C
:10C09400A92F0220A5CD002010B50A2404F04AFCE3
:10C0A40090FBF4F303FB14000028F7D1034B1A6848
:10C0B400034B1A600122034B1A7010BD741C02203A
:10C0C400300602200C3002207F4B2DE9F0471C780B
:10C0D4002DED028B002C32D07C4D2B68002B40F0D0
:10C0E40097807B4C7B4A21781068F9B10130042891
:10C0F400D8BF03461360784AD25C5AB1774A52F8E3
:10C104002300774B1B68984202D0C01A1EF008FE29
:10C1140000232370BDEC028BBDE8F087F0EE487A73
:10C12400B7E02A606A4B01221A70F3E7FFF788FE32
:10C134006C4B1B688342EDD02B680133C2E06A4F1D
:10C144006A4B3A68664D1A602A68694B624E1A60F7
:10C15400684BDFF888A11A68674BDFF8C8811A605A
:10C16400664BDFF8C4911A68654B1A6016F8013BF8
:10C174000BB32B685AF82400C01A1EF0D1FD3B689B
:10C1840059F8240048F82430FEF7EAFB2B683021E4
:10C194005C4A01FB03225C49936941F824305B4902
:10C1A400536941F824304FF4FA7340F2DC51C2E988
:10C1B4000531484B1C600134052CD7D101201EF0F9
:10C1C400AFFD4FF0FF3101201EF0BAFD00201EF03C
:10C1D4009BFDFFF761FF04F099FB054604F0A0FB0B
:10C1E4003C2303FB00F44FF4616303FB054404F0B8
:10C1F400A1FBB423204490FBF3F203FB12000A23B7
:10C20400002290FBF3F0374B1860304B1A6089E73B
:10C2140080DDDFF818813E4FD8F800303D4E013301
:10C22400DFF8B0A0DFF8BC90C8F8003004F05CFA86
:10C23400D7ED007ADAF80000F4EEC07AD6ED007A91
:10C24400F1EE10FAF4EEC07AC8BF87ED000AF1EE01
:10C2540010FA48BF86ED000AFFF7F2FDD9F8003066
:10C26400044683423FF456AFD8F80020DAF8003091
:10C27400172A9FED298A3FF451AFD6ED007A97ED46
:10C28400007A77EEC77AF4EEC87AF1EE10FA77FE08
:10C29400887A04EB840220461A44204B03EB820381
:10C2A400C3ED007AFFF7FEFD1D4B0022C9F80040E4
:10C2B40033602B68C8F80020013387ED008A122B05
:10C2C4003FF72FAF2B6025E70C300220FC3E012006
:10C2D400692B0220C4040220A5CD0020AC2C002030
:10C2E400E4C10020F43E0120BC2C0120D411022022
:10C2F40090110220E8110220083D0120A00A02202A
:10C30400A8110220C0BA0020AC110220C0110220E2
:10C31400F83E01209CB8002000000000C804022060
:10C3240000007AC494110220982C0020003F0120C0
:10C3340008B5002114480DF009FB012112480DF045
:10C34400B7FA002110480DF001FB00210E480DF052
:10C35400AFFA0E4B022200211A6000220C4B01316D
:10C364001A605A601433122943F80C2C43F8082C31
:10C3740043F8042CF3D10022064811461EF0D8FCE1
:10C38400054B01221A7008BD941C0220F00E0220F5
:10C39400C804022008C700200B30022010B1036833
:10C3A4005B6B184700487047D56E002010B10368D6
:10C3B4001B6B1847704703681B68184713B504467E
:10C3C40061B1084601911BF0E3FF2368024601991D
:10C3D4005B68204602B0BDE81040184702B010BDAB
:10C3E400FFF7ECBFF8B504461BF0D2FF012802D1D9
:10C3F4002378422B0DD10D4900230E46012500223E
:10C4040082420ADB012D06D011F8402F0133002AA5
:10C41400F3D14FF0FF331846F8BD14F802C00132CF
:10C4240016F8017BBC4518BF0025E9E720C500606C
:10C4340008B5264B2DED068B93ED00AAB0EE408A8D
:10C44400DFED239AB0EE609A30EE4A0A20EE290A14
:10C4540018F066F9F0EE408A2AEE290A18F060F91D
:10C46400B0EE40AA28EE290A18F05AF9194BB0EE9A
:10C47400408AD3ED007A39EE679A28EE0A8A29EECB
:10C48400290A18F04DF9F7EE007AF6EE006A37EE55
:10C49400C00A28EE008A28EEA60A28EE267AB7EE0D
:10C4A400C00AB6EE006BB7EEC77A36EE400B37EE35
:10C4B400000BB7EEC00B16F0C5FF16F041FFDFED21
:10C4C400067ABDEC068B20EE270A08BDC40F0220B5
:10C4D40034FA8E3CC80F02200018474600000000C2
:10C4E40038B5554C2DED0E8BFFF77CFF00212060F5
:10C4F40052480DF052FA2268531C00F08C80504BC5
:10C504000121504C03EB82134F4D4C4893ED0C7BAF
:10C514009FED43EBB7EEC77B84ED007A93ED0E7B82
:10C52400B7EEC77B85ED007A0CF0E7FAD4ED00DABC
:10C5340095ED00DAB7EEEDCA2CEE0ECBB0EE4C0B57
:10C5440016F072FE414BB0EE409B93ED008A38EE3C
:10C554004D8AB7EEC88A28EE0E8BB0EE480B16F063
:10C56400AFFE3B4BB0EE40BB93ED00AAB7EECAAAB8
:10C574002AEE0EABB0EE4A0B16F056FEB0EE40EBD0
:10C58400B0EE4C0B16F09CFEB0EE40CBB0EE4A0B76
:10C5940016F096FEB0EE40ABB0EE480B16F044FE3B
:10C5A40029EE0AAB20EE4A8BF0EE4D0AB0EE6D0A8E
:10C5B400FFF73EFF29EE0B9B264BAEEE0C8B83ED73
:10C5C400000AB7EEC90BF7EEC80B16F0E5FEB7EE9E
:10C5D400C00A9FED157B9FED161B20EE070BB7EEEF
:10C5E400C00BB7EEC00A16F09FFDB7EEC00B1A4B96
:10C5F400B5EEC00A83ED000A184BF1EE10FACABF7B
:10C60400DFED177AB1EE400A37EEC00A83ED000A77
:10C61400BDEC0E8B38BDBFEE000AF9E7AFF3008026
:10C624004DC9077746DF913FCB67791EDCA54C40A7
:10C634000000000000807640DCC10020941C022031
:10C6440020C50060F80E0220FC0E0220C80F022054
:10C65400C40F02203806022034060220EC0E022009
:10C664000000B44338B50546F9F7FDFEC4B22846C8
:10C67400F9F7F9FE60F30F24A0B238BD38B50024F1
:10C684000546F9F7F0FE60F307042846F9F7EBFED8
:10C6940060F30F242846F9F7E6FE60F317442846B2
:10C6A400F9F7E1FE60F31F64204638BDC900044B6E
:10C6B40001F4FC6103EA002041EAD202104370470E
:10C6C40000F8FFFF2DE9F0438BB00D460024294FFD
:10C6D400DFF8AC800646DFF8AC900023264A6846B3
:10C6E4002649FAF72FFA2C60049981B30B680022CB
:10C6F40005A8DB6B98470998FFF758FE80B3C4EB95
:10C7040004123221002340465200373212B20CF098
:10C7140045F90998FFF742FE49461BF039FD48B137
:10C724000998FFF73BFE0146322000FB0460013408
:10C734001BF0D0FD099810B103689B6B984705A8BE
:10C744002C60FAF78DF905A8FAF774F9CCE74FF4E1
:10C754007A7306918DF82010079305970991CAE71B
:10C7640005A8FAF767F96846FAF764F920460BB0AA
:10C77400BDE8F0839C370020449B0020E82701207B
:10C78400941C0220048C00202DE9F8433724002651
:10C794004FF03209DFF8F480054664200F4610F0AC
:10C7A400A5FFBE424FF0000360DB37223221374839
:10C7B40000240CF0F3F8DFF8D8804FF4FC62002179
:10C7C4003248324E0CF0CEFA29463048FFF708FEC4
:10C7D400D8F80030B3B3C4EB04120023322130463E
:10C7E4005200373212B20CF0D9F800224FF6FF7122
:10C7F40030460CF0B7FA3221304601FB0451FFF702
:10C80400EFFDD8F800301C44A7423DDD002C00DACF
:10C814007C1EC4EB0412002332213046520037320E
:10C8240012B20CF0BBF84FF4FC62002130460CF05D
:10C8340099FA3221304601FB0451FFF7D1FD002360
:10C84400C8F8003003F056FF03F059FF8146642016
:10C8540010F04CFFB9F1000FBAD14A464FF6FF7100
:10C864000A480CF07FFA2046BDE8F88322B2322150
:10C8740040461E340CF092F809FB0651404601363E
:10C88400A4B2FFF7ADFD8CE70024C2E7941C02209C
:10C8940044100220034B044A596B11609A6B034BFA
:10C8A4001A60704754C60020C40F0220C80F02202B
:10C8B40013B5044661B1084601911BF069FD236874
:10C8C400024601995B68204602B0BDE81040184753
:10C8D40002B010BDFFF7ECBF254BB7EE006BDFEDE8
:10C8E400257A93ED007A244BB4EEE77A1A68F1EED8
:10C8F40010FA9FED1B7B58BFB0EE467B9FED1A6B81
:10C9040027EE067BB7EEC77BFDEEC77A17EE901ACB
:10C91400F9B101EBD1734FF487705B1000FB023364
:10C9240093FBF1F24B4300D5013A144B1A60144BBC
:10C934001B6881B101EBD1724FF48770521000FB78
:10C94400032393FBF1F24B4300D5013A0D4B1A60DC
:10C9540070478722E9E78722F8E700BFAFF300803A
:10C96400676666666666FD3F00000000006AB840C0
:10C974002014022000C82F47A80A02203C0F0220DE
:10C98400A40A0220380F02202DE9F341FFF7A4FF87
:10C99400344B1B68042B58D054DC012B5DD8324B2C
:10C9A4004BF2B2541B78002B16BF25464FF4FC659E
:10C9B4004FF4FC642D4F39684B1EB3F5867F09D8BC
:10C9C400002301F2112130222948009309B2742373
:10C9D4000CF096FE274E31684B1EB3F5867F09D8BE
:10C9E400002301F2112130222148009309B274235B
:10C9F4000CF086FEDFF88880D8F800104B1EB3F5E3
:10CA0400867F08D801F2112174233022184809B214
:10CA140000940CF075FE184C21684B1EB3F5867F0C
:10CA240008D801F2112174233022114809B200956B
:10CA34000CF066FED8F800303B602368336002B027
:10CA4400BDE8F081053B042BA8E70C4B1B78002BB9
:10CA5400A5D04BF2B2552C46ACE74FF4FC654BF233
:10CA6400B254A7E7A00A022033300220AC9401207C
:10CA7400941C0220A8940120380F02207D3002204B
:10CA84003C0F022037B52023002540F2C112044692
:10CA940005210F48CDE900354FF400730DF0F4F88B
:10CAA40001210B480CF029F84FF6FF7108480CF0EF
:10CAB400F4FB2B4640F2C112052105480BF06EFF32
:10CAC4002146034803B0BDE83040FFF703BF00BF71
:10CAD400941C02200000000030B51D4C00212DEDF7
:10CAE400028B204683B0B0EE408A0CF006F8002397
:10CAF4002F22204640F24F110BF050FF0021204618
:10CB04000BF02CFC0546002120460BF04EFC1F23A5
:10CB1400C5EBC5052F2200B2019340F24F112BB291
:10CB2400009020460DF0B0F8B7EEC80A0221204666
:10CB34009FED057B20EE070B03B0BDEC028BBDE837
:10CB4400304010F0C9BA00BFF0F06E9E9A99C93F08
:10CB5400941C022007B51B23272205210448CDE994
:10CB640000321A2309220BF0A5FB03B05DF804FB85
:10CB7400941C022013B5044661B1084601911BF0D0
:10CB840007FC2368024601995B68204602B0BDE8B1
:10CB94001040184702B010BD70B5124E86B005465D
:10CBA4000C46304600210BF0A8FF30464FF4FC61E0
:10CBB4000CF073FBFEF724F802232A462146009367
:10CBC400002003AB1EF008F96A1D04F116014FF4AE
:10CBD400FC6312B23046009309B203230CF05AFFEF
:10CBE40006B070BD941C022010F03ABA38B5054660
:10CBF4000C460B4800210BF080FF4FF4FC61084801
:10CC04000CF04BFB002321B205482AB20BF0C6FE00
:10CC1400044B03481968BDE83840FFF7E5BF00BF7F
:10CC2400941C0220EC13022038B505460C460B4830
:10CC340001210BF062FF4FF4FC6108480CF02DFB5E
:10CC4400002321B205482AB20BF0A8FE044B034886
:10CC54001968BDE83840FFF7C7BF00BF941C022025
:10CC6400B4BA002013B5044661B1084601911BF023
:10CC74008FFB2368024601995B68204602B0BDE839
:10CC84001040184702B010BDF0B58BB00746134CE6
:10CC94000E46684619F0FCFF684619F0F9FF089D36
:10CCA400204600210BF029FF2046AD0A4FF4FC6119
:10CCB4000CF0F3FA20463AB2002331B20BF06EFEC8
:10CCC400294600230A22204610F0FBF90449204695
:10CCD4000BB0BDE8F040FFF7C5BF00BF941C0220B5
:10CCE400D0970020B0B5054600AF0C460D48002192
:10CCF4000BF003FF4FF4FC610A480CF0CEFA00235A
:10CD04002AB2084821B20BF049FE07490548791AAE
:10CD14008912FFF769FF05490248BD46BDE8B040E6
:10CD2400FFF7A0BF941C0220E0300220D09700201F
:10CD3400574B2DE9F3411B6880B2012B00F1140617
:10CD440000F1280036B204B274D152495248FFF7B8
:10CD540089FF524B524F19684F48FFF745FF3B7804
:10CD6400002B61D04F4B1B78002B5AD04FF6E0714B
:10CD740049484FF000080CF090FA002146480BF0A7
:10CD8400EDFA0546002144480BF00FFB324600B291
:10CD940040F2152105EB4515CDF8048000902BB227
:10CDA4003D480CF071FF4346324640F215213A48A3
:10CDB4000BF0F4FD3C4B222137481A683B4B01FB36
:10CDC4000231FFF74FFF3B788BB34FF6FF713248C8
:10CDD40000260CF062FA00212F480BF0BFFA05463A
:10CDE40000212D480BF0E1FA224605EB451540F2EF
:10CDF400152100B201962BB2009027480CF044FF95
:10CE04003346224640F2152123480BF0C7FD284B38
:10CE140028491B682048CE5402B0BDE8F041FFF712
:10CE240021BF4FF4FC61A3E74FF6FF71A0E74FF475
:10CE3400FC61CCE7002118480BF090FA054600216C
:10CE440015480BF0B2FA002705EB4515324600B23F
:10CE540040F215212BB2019700900F480CF014FFFB
:10CE640039460D480BF07AFA054639460A480BF064
:10CE74009CFA224605EB451540F2152100B20197B4
:10CE84002BB2009004480CF0FFFE02B0BDE8F08124
:10CE9400201002207C990020941C022010C2002043
:10CEA4007ECD002032300220341402202ACC00200F
:10CEB4006810022094C924202DE9FF4104460D4640
:10CEC4004448002124B20BF018FE4FF4FC614148A1
:10CED4000CF0E3F90023224629B23E480BF05EFD34
:10CEE40040F26A233B489D420CBF3B4B3B4B1968C5
:10CEF400FFF77AFE3A4B1B78002B5AD040F26A2790
:10CF0400354B364EBD4237D11B68002131480027CE
:10CF140033600BF023FA054600212E480BF045FA46
:10CF2400224600B24FF43B7105EB85050197009052
:10CF34002BB228480CF0A8FE3B4622464FF43B7126
:10CF440024480BF02BFD31682248FFF74DFE0021E9
:10CF540020480BF003FA0023A0EB8000224600F2E5
:10CF6400AB211C4809B20BF019FD1E49194804B045
:10CF7400BDE8F041FFF776BE3268002115484FF056
:10CF840000081A600BF0EAF90546002111480BF07D
:10CF94000CFA224600B2394605EB8505CDF804802B
:10CFA40000902BB20B480CF06FFE434622463946E4
:10CFB400C6E71946074803930BF0D0F9A0EB8000AD
:10CFC400039B224600F2AB2001B202480BF0E6FCC0
:10CFD4000549CBE7941C02205CC3002058C3002001
:10CFE400ABCD0020716B00207C99002010B50C4C57
:10CFF400E36C012B12D10B4B1B686BB90A490B482C
:10D00400FFF730FE0A490948FFF72CFE216D074857
:10D01400BDE81040FFF7E8BD0649F0E710BD00BFCA
:10D024000CA30020B4100220509F0020941C022066
:10D034007C9900207497002008B5084B1B68012BCD
:10D044000AD107490748FFF70DFE074B0548196841
:10D05400BDE80840FFF7C8BD08BD00BF8006022038
:10D064007C990020941C022008C2002000000000CB
:10D074002F4B024693ED006A9FED275BB7EEC66A1D
:10D08400F0B585EE067B2B4D2B4E0C46B3EE006BB4
:10D0940096ED005B95ED004B2DED028B89B027EEEC
:10D0A400067B84EE056B9FED1E5B27EE057B86EE0B
:10D0B400078B9FED1D7B28EE078BB4EEC78BF1EE3B
:10D0C40010FA24DBB0EE478B4FF4784700211B485D
:10D0D40003920BF012FD394618480CF0DEF80223D7
:10D0E400039AB7EEC80B21460093002005AB1DF050
:10D0F40073FE13491148FFF7B5FD00220023C6E96A
:10D104000023C5E9002309B0BDEC028BF0BD4FF448
:10D11400FC67DBE7AFF30080000000000000604024
:10D124000000000080842E410000000000005940EF
:10D134002014022050D7002048D70020941C02203D
:10D14400596B0020F8B505B20C46002309B23848E3
:10D154002A460BF023FC374BA4B24FF478411F68E6
:10D1640004F11906324836B2002F3BD00CF095F882
:10D1740031492F48FFF776FD4FF4FC612C480CF041
:10D184008CF8314600232A4629480BF007FC2B492A
:10D194002748FFF767FD04F137010023244809B24B
:10D1A4002A460BF0FBFB264B50344FF478411E68A3
:10D1B40024B21F484EB30CF070F822491C48FFF704
:10D1C40051FD4FF4FC611A480CF067F82146002326
:10D1D4002A4617480BF0E2FB18491548BDE8F84009
:10D1E400FFF740BD0CF059F813491148FFF73AFD19
:10D1F4003B462A4631460E480BF0D0FB4FF6FF71F2
:10D204000B480CF04AF81049C2E70CF046F80D49F7
:10D214000748FFF727FD4FF6FF7105480CF03DF86E
:10D22400214633462A4602480BF0B8FB0649D4E7A8
:10D23400941C0220E8130220536B002082940020E7
:10D24400201E0220566B0020249400202DE9F04F6C
:10D254002427404E85B004464743F519D5E9068393
:10D2640002933D4B1B5C002B71D017286FD8297B90
:10D274004FF0000939480FFA88FB0BF03EFC0021FF
:10D284003648BDF908A00BF069F82B69002113FB9F
:10D2940000F332481BB203930BF087F800B2039BF0
:10D2A400524659460090CDF804902C480CF0ECFC02
:10D2B4004FF6FF7129480BF0F0FFF75938461BF081
:10D2C40067F84946039025480BF048F8039BA8F1FA
:10D2D4000501524603FB10114B46204809B20BF0DE
:10D2E4005DFB39461D48FFF7BDFC6F68D7B169691E
:10D2F400494529DDAB681B68FBB94FF6FF71174838
:10D304000BF0CBFF00235946144852460BF046FB62
:10D314002423124803FB04639B681B6857F82310FB
:10D32400FFF7A0FC242303FB0466336A7BB1414668
:10D33400029805B0BDE8F04F1847022904D1012B2B
:10D3440002D14FF47841DAE74FF4FC61D7E705B036
:10D35400BDE8F08F1C2D002012CC0020941C02206C
:10D3640007B51423002240F21221CDE9003202B2A3
:10D374004FF4857302480CF087FC03B05DF804FB9E
:10D38400941C022037B5204C002120460BF0B5FB3D
:10D3940020464FF4FC610BF080FF002120460AF088
:10D3A400DDFF05460021204605EB85050AF0FDFF5B
:10D3B4004FF4AB726B00002500B240F28F211BB218
:10D3C4000195009020460CF05FFC2B464FF4AB72A5
:10D3D40020464FF424710BF0E1FA20460B49FFF785
:10D3E40041FC0B4B03224FF496611B68204693FBD0
:10D3F400F2F391FBF3F10FF033FE0649204603B03C
:10D40400BDE83040FFF72EBC941C0220AD9E0020E6
:10D41400D40E02204D6B00201C4BDFED1D7A93EDE2
:10D42400007AB4EEE77A07B5F1EE10FA0EDD4FF4A8
:10D43400FC6301930F234FF4AB724FF4367115481C
:10D4440000930CF021FC03B05DF804FBFBD5124AF9
:10D45400124BD2ED007AF8EE677AC3ED007A104BE6
:10D4640093ED007A77EEC77A9FED0E7AF4EEC77AE1
:10D47400F1EE10FAE7DDD2ED007AF8EE677AC3ED4B
:10D48400007A002301931123D5E700BF740602201C
:10D4940000004842941C0220741C022070E7002003
:10D4A40074E700200000FA4407B54FF491734BF27F
:10D4B400B2524FF404710548CDE900324FF4887339
:10D4C400BE220CF0B7FB03B05DF804FB941C0220F1
:10D4D40008B54FF4BF70FFF743FF4FF4C970FFF76F
:10D4E4003FFF4FF4D370FFF73BFFBDE80840FFF761
:10D4F400DBBF000007B540F21D13002240F21221E9
:10D504000548CDE900324FF48673C0220CF0BCFB11
:10D5140003B05DF804FB00BF941C022008B5FFF7BC
:10D52400E9FFBDE80840FFF7BFBF10B50024FFF7CF
:10D53400F5FFE0B20134FFF789FE182CF9D110BDD4
:10D5440017282DE9F0410E4629D82423DFF8588006
:10D5540003FB00F4134808EB0403197BD3E90657D3
:10D564000BF0CBFA0F48B1B2053D0BF096FE58F81C
:10D57400046030461AF00CFF0446002109480AF002
:10D58400EDFE04FB10503AB2002301B205480BF043
:10D5940005FA31460348BDE8F041FFF763BBBDE837
:10D5A400F08100BF941C02201C2D002008B500222D
:10D5B400064B4FF4FC6103201A70FFF7C1FF4FF6CE
:10D5C400FF710220BDE80840FFF7BABF68300220AF
:10D5D400012808B503D1BDE80840FFF7E7BF074BB2
:10D5E40001224FF4FC6102201A70FFF7A9FF4FF6E5
:10D5F400FF710320BDE80840FFF7A2BF6830022096
:10D60400024B187880F00100FFF7E2BF6830022077
:10D6140030B589B000233E4904A88DF808308DF850
:10D6240010301AF057FE03F071F90A2202A919F01A
:10D634007BFA02A81AF0ACFE012803D8354904A8E5
:10D644001AF0F6FC02A904A81AF0F2FC324904A864
:10D654001AF0EEFC03F064F90A2202A919F064FA44
:10D6640002A81AF095FE012803D82A4904A81AF042
:10D67400DFFC02A904A81AF0DBFC274904A81AF06D
:10D68400D7FC03F057F90A2202A919F04DFA02A8AF
:10D694001AF07EFE012803D81E4904A81AF0C8FC1B
:10D6A40002A904A81AF0C4FC00211C4800250BF0B0
:10D6B40024FA002119480AF051FE044600211748B3
:10D6C4000AF073FEC022C4EB041440F21A2100B223
:10D6D400019523B2009011480CF0D6FA2B46C022D3
:10D6E40040F21A210D480BF059F94FF6E0710B483E
:10D6F4000BF0D3FD04A90948FFF7B4FA0849074819
:10D70400FFF7B0FA07490548FFF7ACFA09B030BD96
:10D71400098C0020568E002040950020941C022085
:10D7240078990020C59A0020054808B50AF034FD10
:10D73400012803D1BDE80840FFF76ABF08BD00BF58
:10D74400501002204FF4FA7101480AF01BBD00BFCB
:10D754005010022013B5044661B1084601911AF035
:10D7640017FE2368024601995B68204602B0BDE8B3
:10D774001040184702B010BDFFF7ECBF13B50446C4
:10D7840061B1084601911AF003FE2368024601992B
:10D794005B68204602B0BDE81040184702B010BDD7
:10D7A4002DE9F0412DED048B0B7DF1EE0E7AF2EEB6
:10D7B4000E8A9FED4F8A002B0446CB68F0EE006A78
:10D7C40047FEA88ADFED4B7A82B00D4607FE888AB1
:10D7D400D1ED027A4FF000089FED479AF8EEE77A10
:10D7E40067EE887AFDEEE77A17EE900AC4ED037AC5
:10D7F40090FBF3F323610B69584307EE900A6061D1
:10D804008000B8EEE77AC6EE877AC4ED067A10F0A7
:10D81400BFF967690646E06147454FDC00260421ED
:10D82400384619F039F901AB3246314620623846A0
:10D83400019600F0D5FC019810F0AAF901AB02465C
:10D844003146A064606900F0CBFCC8EE887AE064DD
:10D85400FDEEE77A17EE901AD5ED007A68EE277A96
:10D86400FDEEE77A17EE902AC4ED017AD5ED017A40
:10D8740068EE277AFDEEE77A17EE903A0133A3605B
:10D884009B1AD5E90302C4E90916C4E90B3002FB6B
:10D8940000F648435E43504362635843E66310F026
:10D8A40077F9A0632B7D84ED008A84F84030134B14
:10D8B400636402B0BDEC048BBDE8F08107EE908A8E
:10D8C40007EE107A08F10108F8EEE77AB8EEC70A15
:10D8D40067EE897A87EE800A16F01EFED4ED067A8A
:10D8E40020EE000A67EE807AE6EC017A94E700BF46
:10D8F4000AD7233EA69B443DDB0F49400000F0C2FB
:10D9040010B50446806B10F053F9A06C10F050F978
:10D91400206A10F04DF9E069BDE8104010F048B9F4
:10D9240000238362014B4364704700BF0000F0C2D0
:10D934002DE9F04FD0E909352DED048B9D4283B0DC
:10D94400044688460BDAC36B00269FED528A5D437A
:10D954003746236BB34207DCA36A0133A36203B0E7
:10D96400BDEC048BBDE8F08F6069800010F010F905
:10D974006369814603EBD3735B100133D80010F065
:10D9840007F900238246D4E90421A1EB020C4FEAF3
:10D99400820E9C4520DC08EB870E6046814228DC21
:10D9A4006145B8BF0022CC4617440022914229DCCD
:10D9B4004FF0000BDFED388A52464946E06C00F028
:10D9C4008FFC636B5B452DDC4846013610F0F0F8A4
:10D9D400504610F0EDF8BCE7206A00EB0E0B00EBAC
:10D9E40083000EF1040E0133DBF800B0C0F800B080
:10D9F400CFE7236A5EF804BB03EB80030130C3F86E
:10DA040000B0CBE7E36903EB8200236A03EB8203F4
:10DA1400D0ED007A013293ED007A67EE877AECEC70
:10DA2400017AC3E7B2EE049A6168A268636B8A4222
:10DA340002DC0BF1010BC4E703FB01B301910AEB18
:10DA4400C30393ED000AD3ED017A20EE000AA7EE9A
:10DA5400A70A30EE080A15F0C5FCB0EE007A20EEF5
:10DA6400090AA36BF0EE687A01990131E0EE077AB6
:10DA7400FDEEE77A17EE902A82F308025A55013533
:10DA8400D4ED117AF4EEC07AF1EE10FA48BF84EDC9
:10DA9400110ACAE7CCBC8C2B000070432DE9F04F6F
:10DAA4002DED048B89B016460F46044606FB03FA97
:10DAB400DDE916254FEACA0A1168D2F804B00391C9
:10DAC4000BFB01F9BBF1010F00EBC90916D10346A9
:10DAD40097E80300574483E8030008339945F7D1D6
:10DAE40005F584730493039B023B032B00F26382CA
:10DAF400DFE813F01B005600DE007F0108324FEA16
:10DB0400CB080492039A7243049901950091394613
:10DB140005905744CDE90623FFF7C0FF059840441C
:10DB24008145DDE90623EFD1DAE70BF10103F600C5
:10DB340004EBC3030834D5ED436ABBF1010B53ED89
:10DB4400015A04F10804D5ED427A03F1080326EEE4
:10DB5400E57A13ED046A3544A6EE277A67EEA57AD2
:10DB6400E6EE267A54ED046A76EEC76A43ED046A5B
:10DB740054ED036A76EEE76A43ED036A54ED046AF2
:10DB840036EE877A04ED047A14ED037A77EE277A79
:10DB940044ED037ACFD109B0BDEC048BBDE8F08F1E
:10DBA40006FB0BF304EBCB0204EB0B10B6EE005BAD
:10DBB40005EBC30359464FEAC60C2F4693ED434A7F
:10DBC40004F1080314463601F1EE443A043492EDAC
:10DBD400016A013995ED437A03F1080354ED016AB2
:10DBE40002F1080267EE464AD5ED427AD0ED012AE9
:10DBF400654490ED003A04F10804E6EEA74A00F10A
:10DC0400080067EE867A97ED436AE6EE877A97ED29
:10DC1400427A66EE626A3744E3EE076A27EE227AB6
:10DC2400A3EE067A13ED046A74EEA62A74EEE64AAD
:10DC3400B7EEC66AB7EEE21A37EE873A77EEC77ADE
:10DC4400A1EE456BB7EEC31AB7EEC66B04ED036ADB
:10DC540013ED036AB7EEC66AA1EE456BB7EEC66B69
:10DC640002ED016A13ED047A37EE227A03ED047AA9
:10DC740013ED037A37EE037A03ED037A14ED037A96
:10DC8400A4EE277A00ED027A12ED017AA3EEA47ACB
:10DC940000ED017A14ED037AA3EEA77A04ED037A7A
:10DCA40052ED017AE4EE247A42ED017A8FD172E7E3
:10DCB4004FF0180E04EB0B134FEAC609DC464FEA8B
:10DCC40006180EFB06FED5F804A004EBCB0003EB0C
:10DCD400CB01221D2E462F46D0ED015AD5ED437AB5
:10DCE400D0ED006A27EEE56A95ED427AD3ED014A5C
:10DCF40093ED005AA6EE876A91ED014A27EE257A44
:10DD0400D7ED435A12ED013AA6EEA77AD7ED427A3F
:10DD140065EEE46AE5EE276A67EEA47AD1ED004A7F
:10DD2400E5EE257A96ED435AD6ED425A65EE443A2D
:10DD3400E4EEA53A65EE845A94ED014AE4EE855A80
:10DD440073EE664A34EE675A76EE836A77EE847A27
:10DD540036EE233A37EE254A42ED016AC4ED017AE4
:10DD640036EE636A76EEC36A77EEC47A37EE657A86
:10DD7400C3ED006A75EE466AC3ED017A52ED017A8D
:10DD840074EE875A34EEC77A77EE837A42ED017ADD
:10DD9400D4ED017A34EE274A75EE067ABAF1000F13
:10DDA4000BD0B0EE476AB0EE657AF0EE465AB0EEAC
:10DDB400676AF0EE667AF0EE466ABCF1010C84ED17
:10DDC400014A00F1080040ED025A40ED016A04F1F5
:10DDD400080481ED007A4D44C1ED017A03F1080392
:10DDE400474401F10801764402F108027FF474AF5C
:10DDF400D1E60BFB06F3049A4FF018094FEA061A12
:10DE040002EBC307AC4609FB06F904EBCB0097ED24
:10DE1400013AAE46D7ED003A07EBC30704EB0B1308
:10DE2400F1EE431AD7ED002A4FF0000897ED012ACE
:10DE3400F70003EBCB017601039703EB0B122F469C
:10DE44000496C34504F1080400F1080003F1080333
:10DE540001F1080102F108027FF79DAED5ED436A96
:10DE640008F1010810ED015AD5ED425A26EEC54AD3
:10DE740010ED026A53ED010AD7ED434AA6EE254A96
:10DE840013ED021A65EE855A97ED425A11ED010A17
:10DE9400574452ED018AE6EE265A12ED028A65EEE7
:10DEA400206A14ED027A24EEE06A51ED020A54ED80
:10DEB400017AE1EE246ADEED434AA1EE056A9EEDA5
:10DEC400425A24EEC01A039ECE443544049EA0EE6A
:10DED400851A25EE005A9CED430AA0EEA45ADCED07
:10DEE400424A60EE680AB44436EE019A36EE416A5C
:10DEF400E8EE240A64EEA84A76EE858A76EEC56AD0
:10DF0400E8EE004A26EE421A34EE208A34EE604AE5
:10DF140062EE260A38EE095A35EEA40A75EEE45A82
:10DF240035EE075AF0EE474AA2EE887A04ED025A1B
:10DF340030EE285AE3EE884AE3EE250A35EE275AF6
:10DF440065EEC25AA1EE841A04ED015AB0EE675A86
:10DF5400E2EE894AE2EE807AA3EE805AE3EE265A94
:10DF6400A3EE897A66EE436A74EEE09AE3EEA87A49
:10DF7400A2EEA85AE2EE046A40ED029A37EE256A50
:10DF840074EEA04A37EE657A75EE419A35EE015A81
:10DF940040ED019A42ED024A02ED015A03ED026A94
:10DFA40037EEA66A77EEE67A03ED016A01ED027AAE
:10DFB40041ED017A45E7039BD5F800A0DD00284632
:10DFC4000FF0E6FD4FF0000C4FEACB020346079238
:10DFD4000BFB06F20692421965460592AB451EDC20
:10DFE400184609B0BDEC048BBDE8F04F18F0A6BD8F
:10DFF40004EBCE01DE4403EBC208013203C988E816
:10E00400030003999142F3DC04EBC502E0464FF0B0
:10E01400000E0399714505DC0135B444DEE7AE46D4
:10E024000022EEE793E8030082E8030003F108000E
:10E034000021059FB84206D107990EF1010E0A444A
:10E0440006998844E5E74144049FD0ED015A08301D
:10E054008A4510ED026AD8BFA1EB0A0107EBC1099A
:10E0640099ED017AD9ED007A67EE656AE6EE276AE2
:10E0740067EEA57AE6EE077A92ED007A37EE267A15
:10E0840082ED007A92ED017A77EE277AC2ED017A79
:10E09400CFE70000000000002DE9F04105462130E3
:10E0A4000F461446C0002DED068B23BB0FF070FD08
:10E0B400044610B307EE905AA0460026B8EEE7AB2C
:10E0C4009FED2D9BC4E90057AE4221DBB0EE4A0B15
:10E0D40004F1080615F084F80423BBFE400B95FBFD
:10E0E400F3F203FB125191BB012A1546C6E9003233
:10E0F40003DD0836F3E72AB918602046BDEC068B29
:10E10400BDE8F0811A6818608242D3D20024F4E793
:10E1140007EE906AB8EEE77B27EE097B87EE0A8B61
:10E124000FB1B1EE488BB0EE480B013615F07CF818
:10E13400B7EEC00B08F1080888ED400AB0EE480BB2
:10E1440015F0BEF8B7EEC00B88ED410ABCE7022B10
:10E154000DD0042B0DD0023307EE903AB8EEE77BD6
:10E16400B4EE470BF1EE10FA48BF2B46B7E7032392
:10E17400F2E70223F0E700BF182D4454FB2119C035
:10E184002DE9F341914204460D4610461F4604F121
:10E19400080817D12068C0000FF0FAFC3B46294656
:10E1A40001220646CDE90084FFF778FC2268314657
:10E1B4002846D2000FF092FD304602B0BDE8F0418F
:10E1C40018F0BCBC0122CDE90084FFF767FC02B063
:10E1D400BDE8F0810123FFF7D3BF00000000000079
:10E1E4002DE9F043002510F001060F4690461C4629
:10E1F4002DED068B83B001950CD0374B2C46374858
:10E204001B68D96819F038FD204603B0BDEC068BB5
:10E21400BDE8F083451001AB32462846FFF73CFFCA
:10E22400019805EB45030C3003EBD3735B1000EB53
:10E23400C300002C44D10FF0ABFC0446002CE3D007
:10E2440004F10C02019B05EBD579B6EE009B134457
:10E2540039464FEA69092846636003EBC503226027
:10E26400A36001ABFFF718FF9FED19ABB145CBDD00
:10E27400013607EE906AB8EEE76B07EE905AB8EEF7
:10E28400E77B86EE078B38EE098B28EE0A8B0FB1FD
:10E29400B1EE488BB0EE480B14F0C6FFA368F20051
:10E2A400B7EEC00B083A03EB020888ED000AB0EEA3
:10E2B400480B15F005F8B7EEC00B88ED010AD5E759
:10E2C40023682060834201D234469DE74446B5E783
:10E2D400182D4454FB2109C090BA00202A81002043
:10E2E400F8B5064600681446436843B1344B3548D4
:10E2F4001B68D96819F0C0FC012018F0EBFB7268A8
:10E304000568FFF767FF7368002104EBC502B6EEEA
:10E31400006AD3ED007A05EBD57793ED017A03EB30
:10E32400C5057F1077EE876A77EEC77AC4ED006A79
:10E33400C2ED007A6160516001218F4200DAF8BDBC
:10E344004FEAC10CB068D3ED035A0131ACF1080CAB
:10E3540055ED017A55ED024A0833D3ED006A604465
:10E3640035EEE75A083D77EEA57A90ED004A34EE93
:10E37400A67A083476EEE46AD0ED014A083A64EEEF
:10E38400E75A67EE847AE6EE845AE6EEA47A77EEEC
:10E39400256A37EE657A66EE866A27EE067AC4ED5C
:10E3A400006A77EE856A77EEC57A66EE866A67EE6E
:10E3B400867AC4ED016A82ED007AC2ED017ABCE787
:10E3C40090BA002004810020002270B51346144640
:10E3D40042F257758A4202DBC3F30D0070BD560743
:10E3E40002F1010202BF065D013483EA861313F4CD
:10E3F400005F4FEA430318BF6B409BB2EAE7C27A5F
:10E40400837A520942EAC302437ADB0203F460537B
:10E4140042EA0300704738B54A1E431E0C460930D1
:10E4240013F8011F834202F8011FF9D1657A002312
:10E434005221204605F0F805A3726572FFF7C4FF68
:10E4440045EAD025C30840016572A372E07238BD65
:10E45400B1F902208B7910B5C46804FB0233046956
:10E46400CA7904FB03228468B1F90430406904FBCF
:10E474000233184410BD00002DE9F84F00258046F2
:10E48400FFF7E6FFB1F902B02A462B460BEB05076E
:10E494000024002F04EB050135DBD8F804A0BA45AD
:10E4A40035DDD8F818E01E4E01FB0E01365D11F87B
:10E4B40006C056B101EB0609062E02F1010219F855
:10E4C400019CACEB09094B4407DC01EB0609013262
:10E4D40099F80190ACEB09094B4454B13FB1A6EB58
:10E4E4000E09013211F80990ACEB09094B44062CD2
:10E4F40009D007F10109CA4505DD71440132895D7E
:10E50400ACEB010C634401340137072CC1D1243531
:10E514006C2DBBD10AB193FBF2F31846BDE8F88F1A
:10E524006F7800202DE9F74F00248046FFF790FF15
:10E53400B1F90210DFF8A8E0224601312346019127
:10E54400019900250F19611C00910099002F29449D
:10E5540035DBD8F804B0BB4535DDD8F818901EF883
:10E56400056001FB090111F806C056B101EB060A6A
:10E57400022E02F101021AF801ACACEB0A0A534470
:10E5840007DC01EB060A01329AF801A0ACEB0A0A97
:10E59400534455B13FB1A6EB090A013211F80AA060
:10E5A400ACEB0A0A5344032D09D007F1010AD34501
:10E5B40005DD49440132895DACEB010C634401354E
:10E5C4000137042DC1D121340EF1040E842CB7D1AE
:10E5D4000AB193FBF2F3184603B0BDE8F08F00BF15
:10E5E4005178002000222DE9F0415400631C0234CC
:10E5F4008B422CDA30F9336030F93250AE4226DAED
:10E604008C4206DA30F9346030F93350AE42B8BF88
:10E6140023469A421DD050F8326000EBC20400EB4E
:10E62400C30530F93380B5F904C0EF88B5F902E0C9
:10E6340040F8336066686E6020F832801A46A4F8A9
:10E6440002E0A4F804C0E780CFE71346DAE78C427F
:10E65400FBDBBDE8F08100002DE9F04F87B01446E4
:10E664005A4A01F1FF3903930646037F8A4604EBB5
:10E67400C908002B564B18BF1346029314BF082336
:10E684000423009300231F46F2688DF8163093424A
:10E694007ADB04EBC7033946012977DC384607B037
:10E6A400BDE8F08F4FF6F673ADF812300023009AF0
:10E6B400ADF814301344B268934215DDBDF812303E
:10E6C40001331BB2132BADF81230EFDD9DF8173078
:10E6D4000133DBB232698DF817309342E2DB9DF8E7
:10E6E40016300133DBB2CFE7029B04A930469847CA
:10E6F400039B00B29842ADF810001ADB57451DD1B8
:10E70400B4F90030834214DAD8F800304946204680
:10E714004D462360D8F804306360FFF763FF04AB11
:10E7240004EBC5026F1C03CB44F835005160002D87
:10E7340007DCBDF8143001331BB2B8E7F9DA3D4603
:10E74400EDE76B1E34F9350004EBC5025B1034F9B8
:10E7540033C004EBC3016045EBDAB1F90400B1F84E
:10E7640006E0019054F83500B1F902B044F83300E2
:10E7740050684860019924F835C01D46A2F802B0DB
:10E784009180A2F806E0D2E70023A3E72268A3F170
:10E79400080513F8010C013933F9088C33F906EC38
:10E7A40033F904CC13F8026C43F8082C626843F87C
:10E7B400042CE0712046A4F80080A4F802E0A4F838
:10E7C40004C0A671FFF70EFF2B4665E779AC000085
:10E7D40025AD00002DE9F04F0646ADF55F7D1D46E1
:10E7E4009146FFF735FE337F8846E89F30AC002B17
:10E7F40040F09F80B6EE005A05224FF0000BDFED8B
:10E80400C94A1A44B8F9021011EB020C02D4716817
:10E814008C4548DBC4F800B0C4F804B00133572B6E
:10E8240037D19FEDC10A30AC0023F0EE407A224686
:10E834000133B2EC017AAE2BA7EE070A77EE877AA2
:10E84400F6D167EEE77A9FEDB97AA7EE870AF3EE81
:10E85400087A20EE070A87EE800A14F0F3FD0023FD
:10E8640030A8D4ED007A013360EE277AAE2BE4ECC5
:10E87400017AF6D107F1080304AA494600F066FDBF
:10E88400BB68002B40F3068100200DF55F7DBDE8D9
:10E89400F08F1C2B05DD3A2BB4BF09220D2208345E
:10E8A400AFE70522FBE7B1690DF1100EDFF884A292
:10E8B4004FF0000C01FB02021AF8011BB0EE647A5F
:10E8C4000CF1010C515CBCF1040F07EE901AF8EE48
:10E8D400677AA7EE857AAEEC017AEDD1DDED066AB2
:10E8E4009DED076A9DED047AF4EEC66ADDED057AC6
:10E8F400F1EE10FAB4EEE77A66FE865AF1EE10FAFB
:10E90400B4EEE76A27FE274A75EEC45AF1EE10FA10
:10E91400F4EEC76AC4ED005A88BFF0EE467AF1EE11
:10E9240010FA88BFB0EE667A77EEC77AC4ED017A42
:10E9340074E7B6EE001A002107234FF0000EDFED56
:10E94400790A0B44B8F9022012EB030C02D4726862
:10E9540094450FDBC4F800E0C4F804E0C4F808E010
:10E9640001310C343A293FF45CAF1D29B4BF0723AD
:10E974000E23E6E7B2690DF1100ADFF8BCB14FF0DF
:10E98400000C02FB03031BF8012BB0EE607A0CF1C0
:10E99400010C9A5CBCF1080F07EE902AF8EE677A36
:10E9A400A7EE817AAAEC017AEDD19DED086ADDED3E
:10E9B400095ADDED0A4AB4EEE56ADDED0B3A9DED48
:10E9C400047ADDED057AF1EE10FA9DED064AF4EED7
:10E9D400E34A9DED073A66FE252AF1EE10FA24FE7D
:10E9E400A32AF4EEC22AF1EE10FAB4EEE77A62FE3C
:10E9F400821AF1EE10FAB4EEC34A27FE275AF1EE5A
:10EA040010FA64FE036AB4EEE65AF1EE10FAB4EEBC
:10EA1400E62A25FE260A71EEC01AF1EE10FAF4EE8B
:10EA2400C52AC4ED001A88BFF0EE426AF1EE10FA6E
:10EA3400F4EEC37A88BFB0EE625AF1EE10FAF4EE47
:10EA4400E35A76EEC56A67FE837AF1EE10FAC4EDF6
:10EA5400016A65FEA35AF4EEE75AF1EE10FAB4EE39
:10EA6400C47A88BFF0EE657AF1EE10FAB4EEE46A87
:10EA740027FE047AF1EE10FA26FE246AB4EEC76A81
:10EA8400F1EE10FA88BFB0EE467A77EEC77AC4ED9D
:10EA9400027A65E7002204A9802310460392CDE997
:10EAA400012211F8014B34B101AC0DF1040CA45C4A
:10EAB4001C430CF802405B0800F1010004BF013262
:10EAC40080235B28EDD101A8FFF799FC9DF80D3058
:10EAD400B881522123F0070301A88DF80D300023DB
:10EAE4008DF80E30FFF770FCBB89F88183427FF408
:10EAF400CBAE6B81337F73B96B1E01A80C4909350A
:10EB040011F8014B10F8012B624003F8012FAB42BE
:10EB1400F6D10120B9E601AA03CA13882860696006
:10EB24002B81F6E70000F0C2000000006452BC3BF9
:10EB34006578002061780020767800202DE9F8437C
:10EB4400C1F30934172307460E465C43134DE4B260
:10EB54004FEA041805EB041315F80890B9F1000FF7
:10EB64000ED10F4918460A6801320A600B22394651
:10EB740019F09FFA80F80B904544EE60BDE8F883E5
:10EB8400DA68C2F31502B24205D13946184619F0C3
:10EB940097FB0028F0D00134E4B2D9E7E42C01203B
:10EBA400E43C01200228F8B50D4613D001280CBF1F
:10EBB4000A260026C6F10C0117230E4F25FA01F18F
:10EBC4004B4303F0FF03180107EB0311385C18B93A
:10EBD40010700BE00C26EDE7CC68C4F31504F44088
:10EBE400AC4204D1104619F075FB0120F8BD013385
:10EBF400DBB2E8E7E42C01200021034B4FF4805200
:10EC0400024819600FF004B9E43C0120E42C01200F
:10EC1400F0B50021114F124B3C680D468C461A7812
:10EC24009AB1DA68B0EB126F4FEA12662BBFC2F3E7
:10EC3400150204F1FF340136012135BF83F800C009
:10EC440042EA0662C3F80CC0DA6001351033B5F548
:10EC5400807FE4D101B13C60F0BD00BFE43C012001
:10EC6400E42C01202DE9F04F00F124094F4D0A2333
:10EC74004E4A06468B4648468C214FF0000805F55F
:10EC8400A56A2DED068B9BB0FFF7E6FCC822049025
:10EC9400002147480FF0BCF8049B984507DB0A2085
:10ECA4001BB0BDEC068BBDE8F04FFFF7B1BF736836
:10ECB4001922294648460293B5F90430D6ED0D8A47
:10ECC4000393EB79D6ED00AA08EE103AB5F90230B9
:10ECD40096ED0CAA09EE103AAB7909EE903A0DAB19
:10ECE40000930AABFFF776FD18B908F1010808355F
:10ECF400D2E7BDF832303227B3FBF7F407FB143404
:10ED0400A4B22A4A02EB840CDCF8600480B1428984
:10ED14009A4207D10A220AA9059319F05FF9059BC3
:10ED24000028E2D00134B4FBF7F207FB1244E8E711
:10ED34000C220AAB624303CB0AEB02044AF802003A
:10ED440011AA186807AB6160A0600AA81949CCF839
:10ED5400604401F0F3FA034620B1174A232111A8B5
:10ED640018F0B0FFB8EE488AB5F90010F8EEE88A5A
:10ED74005846F8EE699AB8EECAAAC8EE280A89EE8F
:10ED84008A0AB8EEC99ADDE90223134411AA07EEF0
:10ED9400903AF8EEE77A30EE090A70EEA70A20EE10
:10EDA4002A0AC0EEAA0A1BF0FFFF9EE7C04C0770B8
:10EDB40020510770B8C300203A6C00200D4B30B5C9
:10EDC4001C68A4B10C4B1B688BB10C4D53182D68F7
:10EDD400AB420CDC04EB820200238B4201DB0120FA
:10EDE40030BD50F8044B013342F8044BF5E70020E2
:10EDF400F6E700BFF83C0120F03C0120D42C0120B0
:10EE04000A4B01461B6810B573B1094A094C1068D6
:10EE14002468C26851430A44A24205DC03EB810121
:10EE2400FEF786FD012010BD0020FCE7F83C012020
:10EE3400F03C0120D42C0120084B1B685BB1084B2B
:10EE44001B6843B14E28D7BFDA6A00239B6B50433B
:10EE5400D8BF03EB80031846704700BFF83C01207D
:10EE6400F03C0120074B01461B6810B54BB1064C22
:10EE7400206830B1FFF7F6FE2068BDE81040FEF7C9
:10EE84004FBD10BDF83C0120F03C0120F8B52DED3C
:10EE9400088BF0EE409A0446F7EE08AA00EB400710
:10EEA400B6EE00AA0E4600259FED15BAAF4202DC6D
:10EEB400BDEC088BF8BD07EE905A29EE8B9A01350C
:10EEC400B8EEE77A07EE904AF8EEE77AC7EE278ABB
:10EED40078EEEA8A38EE8A0A78EECA8A20EE090ABF
:10EEE40014F0D2FAB0EE408A28EE890A14F0CCFA73
:10EEF40038EE408A28EE0A8AA6EC018AD6E700BFDB
:10EF04002AC4AA40000000002DE9F04F2DED068B25
:10EF1400B6EE00AA08EE902A85B01D46B8EEE87A4F
:10EF24008146F0EE4A7A8846F0EE40AACDED010A19
:10EF3400E7EE017A9FED749BFDEEE77AB8EEE76B9E
:10EF440017EE904A01FB04FA630089EE067B0393F3
:10EF54000AEB440398000093B7EEC78B0EF018FE3B
:10EF640006460C206043B3460EF012FE002C2246E7
:10EF74009DED010AB8BFE21D0746009B3146D21041
:10EF840001920022934237DC39462046FFF77EFF88
:10EF9400002204EB440E134643453BDB4FEA840E48
:10EFA400BC4607EB840000224FEA8A04C84406EBFF
:10EFB4008A01039B93424DDCAB4606EB0E09A8463F
:10EFC40000239FED538ADFED538A534564DB019B95
:10EFD400B7EE008A254400244FEA4308019B9C4273
:10EFE4006EDB30460EF0E4FD384605B0BDEC068B12
:10EFF400BDE8F04F0EF0DCBDB7EEEA6A0132B8EEC0
:10F00400E85B26EE096B86EE057BB7EEC77BA1ECC9
:10F01400017AB7E706EB820000210297009100997C
:10F024008E4502DC01332244B6E719F803C0029985
:10F0340007EE90CA90ED007AF1EC016AF8EEE77AF7
:10F044000291009967EE887A0131A7EEA67AA0ECC6
:10F05400017AE3E799F800300132F0EC016A07EE37
:10F06400103ADBED007A66EE886AB8EEC77AE6EE0F
:10F07400877AEBEC017A18F8013CFCEC016A07EEA4
:10F08400103AD1ED007A66EE886AB8EEC77AE6EEF9
:10F09400877AE1EC017A8CE7B0EE480A009315F028
:10F0A4003BFAA8EC010AB9EC010AF0EE680A30EE6A
:10F0B400080A14F073F9009BB0EE408A013384E728
:10F0C40007EE904A06EE908A0134B8EEE77BB8EE7C
:10F0D400E66B27EE097B87EE060BB7EEC00B15F047
:10F0E4001FFB38EE400ADBED007A20EE0A0A67EED9
:10F0F400807AEBEC017A75ED017A67EE807AC5EDE2
:10F10400007A6BE7AFF30080182D4454FB211940BB
:10F1140000000000DB0FC940014B1868704700BFB6
:10F12400FC3C012000232DE9F0430B2BD4BFC25C2F
:10F134000022CA540133162BF7D10B22174E4FF07D
:10F14400000C102400EB0208471EB646002517F8F1
:10F15400019F1EF8013BB84503EA0903A94683EA67
:10F16400131383EA930383EA530303F0010385EA49
:10F174000305ECD14B450CF1010C06F10C061EBF46
:10F184008B5C23438B54640802BF01328024D2B2C7
:10F19400BCF1530FD8D1BDE8F08300BF207D00201F
:10F1A400F0B58BB00E46274D01A9FFF734F904A939
:10F1B40001A8FFF7B7FF0020802323490246062851
:10F1C40007DC2C783454013001354F28F7D10BB0CB
:10F1D400F0BDA0F12404062C02D815F8244CF1E764
:10F1E400A0F14804062C02D815F8484CEAE702F1CD
:10F1F40028046C4414F8184C234214BF012400243E
:10F204005B084FEA840404BF0132802302F128071B
:10F214006F4417F8187C3B4218BF44F002045B08A3
:10F2240004BF0132802302F128076F4417F8187CC9
:10F234003B4218BF44F001045B080C5D04BF01327B
:10F244008023BFE76F780020767800200022DFF863
:10F254003CC0F0B511460C4D00231CF801EB2F46C1
:10F264001C4606E017F8016B0133064416F8016CDE
:10F2740074409E45F6DC04B1013101320735532A4E
:10F28400EAD10846F0BD00BF887A0020CD7C00207A
:10F2940020EE007ADFED0C7A9FED0C6AA7EE276A68
:10F2A400DFED0B7AF0EE676AE6EE076A9FED096A16
:10F2B40026EE800ADFED086AE7EE066AE6EE877A54
:10F2C40080EE270A704700BF0000804200C037C4A8
:10F2D40000406C4400006143004083C4DFED167AB3
:10F2E400B4EEE70AF1EE10FA1FD4DFED147AB4EEAF
:10F2F400E70AF1EE10FA1BDC60EE006A9FED107A6B
:10F30400DFED107AF2EE0E5AB0EE476A76EEA77A87
:10F31400A6EEA76A60EE067A9FED0B6AA6EEA56AD2
:10F32400A6EE867A87EE870A7047BFEE000A70471A
:10F33400B7EE000A704700BF3D0A9FC03D0A9F40D8
:10F3440000406C440000D2420000D2432DE9F04F4B
:10F35400ADF58A5D044687B0049100210292002233
:10F36400059307AB013299605960AE2A43F80C1B30
:10F37400F8D1B6EE005A4FF0000A5325049B9A4583
:10F3840006DB059B1D600DF58A5D07B0BDE8F08FB7
:10F39400029B214604F52E7700225E1E07ABF1EC9A
:10F3A400017A0C3313ED037A77EE877A13ED027A40
:10F3B40077EE877A13ED017A77EE877AF5EEC07AE5
:10F3C400F1EE10FACCBF01200020B942024406F845
:10F3D400010FE4D1002AD4D00298FFF737FF854209
:10F3E40002DD05460028CCD0DFF804910DF6440771
:10F3F4000022C2EBC2013C4B19F801BBB846CB1842
:10F40400002601932AE001994FF00C0C11F8013BFE
:10F41400013B0191354904EB830090ED000A03EBB5
:10F424004300084407A90CFB03134FF0000C10F829
:10F4340001EB0CF1010C04330EF1FF3E96451CBFA9
:10F4440053ED017A30EE270ABCF1030FEFD10136F8
:10F4540020EE450AFFF742FFA8EC010AB345D2DCCF
:10F4640001321C37532AC4D1F8EE005A1F4807AEA4
:10F4740000224FF01C0BB1468046002118F8013BD6
:10F48400B7EE000A1A4F013BFF5C03970DF64407E1
:10F494000BFB037C144FC3EBC3033B4400270193D2
:10F4A400039BBB4210DC0131FFF7F2FE20EE250A7C
:10F4B4000329A9EC010AE1D1013203300C36AE2A4A
:10F4C400D9D10AF1010A59E7019B01370CF1040C67
:10F4D40013F801EB0EF1FF3E019396451CBF5CED62
:10F4E400017A20EE270ADBE7887A00207E78002064
:10F4F400CD7C00202DE9F04700240646851C00F150
:10F5040007092746A0464FF01B0A15F8010F50B112
:10F5140000F0CCFF38B9287800F0BAFF60B108F1E8
:10F5240001084D45F1D1B8F1030F13D147B9F01CCF
:10F53400BDE8F04717F0A7BA287800F0AFFF18B974
:10F544004FF0FF30BDE8F0872B780137403B0AFBD2
:10F554000434E6E7B8F1000FF2D1042FF0DC04F52F
:10F564007A70EFE77FB505461C46084611463DB95B
:10F5740000250F49204618F0ADFE284604B070BDA2
:10F584002B6801AA984705460028F1D001A818F075
:10F59400FFFE3C230646204601A900F8013B324603
:10F5A4000EF09CFB34443E2363700023A370E4E715
:10F5B4004F8100202DE9F84F002507460E4690465E
:10F5C40099462C46AA464FF0260B705DB8B92623FF
:10F5D4000B2D16D003FB0AF20135A4FB034A924417
:10F5E400F6E7012101F032F8002824DBA4FB0B43E9
:10F5F40001350BFB0A33041943EBE07AE5E70B2DE5
:10F60400EFD10A250D4B654303FB0A55A4FB0343C5
:10F61400EC18A10AB8F1000F01D0C8F80010B9F134
:10F62400000F02D08B0AA9F8003017B17B6830466E
:10F634009847012000E00020BDE8F88F7309BFF46B
:10F644002DE9F74F9046734A0446894690421F4677
:10F65400DDE90C5652D2022813D830B96E49284637
:10F6640018F038FE0223337021E001284FF0020421
:10F6740028460CBF69496A4918F02CFE34700024EE
:10F6840015E040F2EA3398420CD86649284618F04F
:10F6940021FE03220023E11EA81800F084FF0323A7
:10F6A4003370ECE7604B984205D94FF0FF342046A5
:10F6B40003B0BDE8F08F0023A0F2EB3003244FF039
:10F6C4001B088DF804300321B0FBF8F708FB170082
:10F6D40000F090FF0DF8040014B13846013CF2E745
:10F6E4005049284618F0F6FD2021684600F08EFEA9
:10F6F4000146284618F09CFC0323B4E7821AB2F5AD
:10F70400800F06D22B4600213846FFF72BFF042337
:10F71400C6E746480023032120441B248DF8063005
:10F72400B0FBF4FA04FB1A0000F064FF03218DF827
:10F734000500BAFBF4FB04FB1BA000F05BFF0321F4
:10F744008DF80400BBFBF4FA04FB1AB000F052FF7E
:10F754008DF803000A200521BAFBF0F400FB14A085
:10F7640000F048FF8DF8020024200421B4FBF0FAD5
:10F7740000FB1A4000F03EFF02218DF801005046C4
:10F7840000F038FF2A498DF80000684600F09CFE1E
:10F7940020B39DF8030000F089FEF8B9254B2846F4
:10F7A4000DF103011B6840F8043B00F056FE2846A7
:10F7B40018F0EEFD02287FF678AFB9F1000F06D0FD
:10F7C400B8F1010F1ED11C49284618F031FC002362
:10F7D400294638461A46FFF7EDFE98E79DF80030B3
:10F7E400512B0CD19DF8010000F058FE38B1134B99
:10F7F40028460DF101011B8820F8023BD5E7694634
:10F804002846D2E7B8F1020F01D10D49DCE76FF0C9
:10F8140001044CE7E87C1F00DA9500203B9F0020A0
:10F824003C9600203F9F0020DB1F08001883A0FFA8
:10F83400439F0020479F00204F9F00204C9F0020A3
:10F84400529F0020427AC2F3C203052B17D8DFE887
:10F8540003F005141403101207207047037A9B0069
:10F8640003F0040343EA9213052B08D8054AD05C3D
:10F8740070470820704709207047062070470A2007
:10F88400704700BFCF6A00202DE9F04F89B00646CB
:10F8940089461046594915461F46DDF848A000F030
:10F8A40039FEA0B95649284600F00EFE0446284603
:10F8B40018F06EFD8046384618F06AFD002C76D1AB
:10F8C400B8F1020F77D8012009B0BDE8F08F012408
:10F8D400EDE7A3467EE000239B46ADF8123083E0BB
:10F8E40002F8010B012102930192039200F0AEFE93
:10F8F40000285EDB2623019AA5FB035103FB0811B4
:10F904004519029B41EBE0780133F85C18B13C28BF
:10F9140001D00B2BE4D1203305A948460DEB03029B
:10F92400002302F80C3C1A46FFF744FE002840D09E
:10F9340074B93449504600F0EDFD90BB324950464D
:10F9440000F0E8FD78BB3149504600F0E3FD60BBB0
:10F954000022BDF81210A40100200B0944EAC214CD
:10F9640033704FEA985344F0200443EA011374724D
:10F9740073704FEA9833B3704FEA9813F370AB0F78
:10F9840043EA88033371AB0D7371AB0BB371AB09ED
:10F99400F3714FEA4B0343EA850343EA520333729C
:10F9A40092E70122D5E70222D3E70322D1E7022816
:10F9B40091D8022088E70228FBD93B783C2B88D1D8
:10F9C400B84418F8013C3E2B83D13B464FF0010B61
:10F9D4002F461D460DF11203002229464846FFF723
:10F9E400E9FD00283FF46FAF3B783C2B00D1013791
:10F9F400002505AAA8462B4687E700BF3C960020B1
:10FA04003F9F00203F960020517300205373002035
:10FA140001F109020930002310B512F8014DDB0988
:10FA240043EA44038A4200F8013D137803F080035B
:10FA3400F3D1002010BD2DE9FF41054608460E46CE
:10FA440018F0A6FCC7B20D2F03D9052004B0BDE8F9
:10FA5400F08100240DF104080194C8F8044088F8EA
:10FA64000840A7424FF00001CCBF305D202000F0D9
:10FA7400EDFD43B25A1CE8D09BB20DF10D0111F813
:10FA8400012D02EB42024145C2EBC20203EB4203E9
:10FA94009BB20B704FEA1323F1D101340D2CE0D14A
:10FAA4002846FFF7B5FF00236B72CFE72DE9F04F2F
:10FAB4008946044690460A272DED028B417808EECC
:10FAC400903A03788DB04FEA111BC678A279890564
:10FAD4004BEA031390F808B0B60101F0707108EE18
:10FAE400103A837894F809A046EA8336037940797A
:10FAF400189D800540EA837046EA930308AE40EA05
:10FB04008230E2791943CBF3400340EA8212CAF30C
:10FB140080140193002342EA9B008DF82B302622A7
:10FB2400002316F02FFE029003911046012100F0ED
:10FB340061FDF05527B1013FDDE902031946EEE707
:10FB4400314604A800F089FC04A818F021FC02281E
:10FB540005D93B463A4604A94846FFF72BFD3346F0
:10FB640018EE102A01214846FFF7FCFC019B2BBB31
:10FB7400314604AE7CBB4FEA4B07404618F0AAFB63
:10FB8400042307F00207199A47EADA171370012FC2
:10FB940016D116490224284618F09CFB199B3146BD
:10FBA40018EE900A9C7018F095FB0423199A002013
:10FBB40053700DB0BDEC028BBDE8F08F04A9D9E7FA
:10FBC400022F01D10A49E5E7032F01D10949E1E7F1
:10FBD4002C700124E2E70849404618F07BFB00231F
:10FBE400199A2B7002231370D8E700BF3F960020A8
:10FBF40051730020537300203C960020421E0139AB
:10FC04000830002310B512F8014FDB0143EA540316
:10FC1400824201F8013F137803F00103F3D110BDD0
:10FC2400F0B589B00D460C242A2701A904AEFFF7CC
:10FC3400E5FF00238DF81D30002201A910460B7842
:10FC4400013243EA0023092A9BB2B3FBF7F007FB16
:10FC5400103301F8010B98B2F1D1002100F0CAFC75
:10FC64003055013CE8D2304600F0E8FB0146284616
:10FC740018F030FB09B0F0BD7FB50C4601A9FFF7C1
:10FC8400BDFF01A80022661C10F8015B05F00F03FC
:10FC940029099F2D8CBF37313031092B04F81210FC
:10FCA4008CBF3733303306F812300132092AEBD1D6
:10FCB4000023A37404B070BD02292DE9F341044666
:10FCC4000D467CDD3F4B404918689B8800902046D8
:10FCD400ADF8043000F0F8FB002849D06B1F022B6C
:10FCE40046D83A4B211D0DF103001A889B78ADF8D4
:10FCF40000202A1F8DF802300DF0F0FF02219DF83C
:10FD0400000000F0A3FC042180469DF8010000F0EF
:10FD14009DFC052107469DF8020000F097FC032195
:10FD240006469DF8030000F091FC032105469DF86A
:10FD3400040000F08BFC032104469DF8050000F04C
:10FD440085FC48EA070333432B432343034336D458
:10FD5400242303FB08770A2303FB07661B2303FB07
:10FD6400065503FB054403FB040002B0BDE8F08123
:10FD74001749204600F0A8FB68B1A07800F08EFB7C
:10FD840048B1072D07DC5123AA1EA11C8DF80030B1
:10FD94000DF10100B0E7A07800F07AFB28B1062D40
:10FDA40003DC2A4621466846A6E7607800F070FB2B
:10FDB4000028A3D0052DA1DC2A462146E8E74FF010
:10FDC400FF30D2E777990020479F0020439F00200F
:10FDD4004C9F00202DE9F34100240F46324905468B
:10FDE4001470164600F096FB002856D12F49284679
:10FDF40000F090FB002852D12D49284600F08AFBE0
:10FE040000284ED1284618F0C3FA2A4904468046F1
:10FE1400284600F059FB68B1072C0BD82846FFF799
:10FE240069FB002802DA4FF0FF3000E0033002B033
:10FE3400BDE8F0812049284600F056FBA8B1012313
:10FE4400A4F10208337041462846FFF735FFB0F1AC
:10FE5400000811DB0023294638461A46FFF7AAFB9F
:10FE64000028E0D015484044E1E71549284600F051
:10FE74003BFB0028E3D1E6E7033C082CD3D800235E
:10FE840001AA29463846FFF795FB0028CBD000236A
:10FE94000C483370019B1844C9E72046C7E701208A
:10FEA400C5E70220C3E700BFDA9500203B9F00208E
:10FEB4003C9600203F9F0020529F0020E87C5F007A
:10FEC4004F9F0020E87C1F002DE9F74F16469A4605
:10FED4000F460DF10602054630460C9CFFF77AFFEB
:10FEE40081460DF1070239465046FFF773FFB9F119
:10FEF400000F8046C0F2EE80002803DA022003B02F
:10FF0400BDE8F08F7449304600F0EEFA30B1734921
:10FF1400304600F0E9FAE8B10320F0E76E495046B4
:10FF240000F0E2FA0028F2D101272F21504618F000
:10FF34008EF86B498346304600F0ECFA90B9694973
:10FF4400304600F0C1FABBF1000F0DD1FCB947F601
:10FF5400916462E06149504600F0C6FA0028DBD1A2
:10FF64000227E2E70120EEE7ABEB0A03012BEDDD0C
:10FF74000028EBD05849584600F0CCFA0028E5D1C7
:10FF84005649584600F0C6FA0028DFD1B6E7237870
:10FF9400002BDCD05449204600F0BCFA002840F085
:10FFA40086805249204600F0B5FA002840F082804D
:10FFB4004F49204600F0AEFA00287ED1522241215A
:10FFC400207800F078FA00285AD052224121607833
:10FFD40000F071FA002853D0A07800F059FA0028F4
:10FFE4004ED0E07800F054FA002849D023786278A3
:0CFFF400413B413A03EBC3035B009BB2AE
:02000004600298
:100000001344A278E47803EB8303303A303C5B007E
:100010009BB2134403EB830304EB4304A4B29DF8A7
:10002000063030462E4943EA49099DF8073043EA35
:10003000480800F05BFA002844D049F001094FEA73
:1000400059530020FF002B704FEA593347EA8417B9
:100050006B704FEA59136F72AB704FEA986343EAC3
:10006000C903EB704FEA98432B714FEA98236B71E9
:100070004FEA9803AB71A30A43EA8813EB71A30814
:100080002B723EE723780321522B0AD1601C00F02B
:100090006EFA00F5FD4433346FEA44446FEA544489
:1000A000BCE7204600F063FA00F5FD40333084B22F
:1000B000B5E747F69264B2E747F69364AFE747F6D1
:1000C0009464ACE70549304600F010FA0028B6D039
:1000D00049F001090227B2E7012012E7529F0020F0
:1000E0004F9F00203C9600203F9F00203F9600201D
:1000F00051730020537300202DE9F041064690B063
:10010000884610463049154600F0E0F900283DD0F9
:10011000EA1C00230C2108A803920793CDE90533BC
:1001200000F00AFA2846FFF7E7F90028039A08DBEF
:10013000264B09210DF11700059300F0FDF9024649
:1001400006E0234B19889B78ADF814108DF8163013
:100150000BAF0C2108A800F0EFF914210246384635
:1001600000F0EAF99DF81F303BBB9DF82B3033BB04
:100170009DF83F302BBB047864B129463046FFF729
:100180005CFC0446204610B0BDE8F0812A460C21F4
:1001900005A8D2E708AB05AA414630460097FFF70D
:1001A00095FE0028EED008AB05AA414630460097E0
:1001B000FFF76CFB0028E0D1E4E70124E2E702242A
:1001C000E0E70424DEE700BF3F9F0020435120000A
:1001D000C46A00202DE9F04F90F801C099460378D9
:1001E00087B04FEA4C3CC67890F809A088464CEAA4
:1001F000435C83781146CAF3C2024CEA431C43793C
:1002000090F804B002934CEAD60C8379C479039336
:10021000037A4FEA5C00059204930023DDE910574E
:100220002B7089F800300B704346CDE90017C6F3F8
:10023000C001FFF707FA002875DBB106029B059A9B
:1002400001F0E05141EA8B4141EA941141EA8321F6
:10025000039B41EA83007B1C01F001014008CDE9CA
:1002600000934346FFF7EEF900285EDBA102049AF3
:10027000C4F3401301F4F84141EA820147F6906269
:1002800041EA9A11914228D82BB1294B1A889B78C0
:100290002A8005F8023F0A240020B1FBF4F304FB96
:1002A00013119BB228713031B3FBF4F204FB12330B
:1002B000E97012213033AB70B2FBF1F301FB132272
:1002C00041326A70B3FBF1F201FB123341332B7000
:1002D0000523BB7007B0BDE8F08FA1F5FD41A1F18A
:1002E0001102032A13D8DFE802F002060E100020E4
:1002F00001232870EDE70F49284617F0EDFF022390
:100300000020BB70E6E70C49F6E70C49F4E713B1AF
:10031000522305F8013B012302223339284600F01D
:1003200044F90623ECE70120D4E70220D2E700BF1E
:100330004E7300203F96002051730020537300201D
:100340002DE9F0411E4690464FF6FF7300228EB015
:10035000074688F80020B380F3803280B270338182
:100360000391FFF771FA0399054608284BD8DFE897
:1003700000F03B4A4A4A424A054A31000CAC0DF1B2
:10038000220305AA384601960094FFF723FF05468D
:100390000DF1220705A9404600F0C5F80023B380FF
:1003A000A7B11A4900F0BFF8A0EB08033946F38063
:1003B00000F0B9F854B1237843B1144900F0B3F810
:1003C000A0EB08032146338100F0ADF828460EB0BB
:1003D000BDE8F0810CAC0DF1220305AA3846019668
:1003E0000094FFF765FBD2E70024384605A92746AD
:1003F000FFF718FCCEE70024384605A92746254616
:10040000FFF73CFCC6E70525E0E700BF7C9900202C
:10041000034601301A788A42FAD01846704738B538
:1004200004460D4617F0B6FF00212318A34203D05F
:1004300013F8012CAA4200D038BD03F8011DF5E7DE
:10044000034607B5184601330278202AFAD0202146
:100450000190FFF7E4FF019803B05DF804FB70B56D
:1004600005460E4611F8013B202BFAD0304617F016
:1004700091FF441E631C02D0335D202B08D0284618
:10048000621C3146254417F016FE00236B7070BDC8
:10049000013CEFE7303809288CBF0020012070476D
:1004A00000F0DF00413819288CBF00200120704780
:1004B000A0F12003584258417047884204D390422B
:1004C0008CBF0020012070470020704713B5044600
:1004D0000846019117F05EFF01990246204617F089
:1004E0007FFDB0FA80F0400902B010BD70B50D4636
:1004F000064617F04FFF0446284617F04BFF241A14
:10050000024607D42946301917F06AFDB0FA80F088
:10051000400970BD0020FCE708B517F0D3FEB0FA23
:1005200080F0400908BD013911F8013F0BB9037093
:10053000704700F8013BF7E738B50B4614462546EF
:1005400015F8012B12F0DF0109D123EAE3720DF057
:1005500061FC204601340378202BFAD038BD012BF2
:100560002C46C4BF03F1FF3300F8012BE7E7F0B5D9
:1005700003782D2B14D0A3F12B02002553425341B5
:1005800000220A2602E006FB024201338B4204DA13
:10059000C45C303CE7B2092FF5D925B91046F0BD4F
:1005A00001231D46ECE75242F8E7002930B500F17F
:1005B000010417DA2D234942037000200123013A78
:1005C0000A25824214DC0A20B1FBF3F203FB12116C
:1005D00002F13005B3FBF0F304F8015B002BF3D11B
:1005E000237030BD13B12B230370E6E70446E4E724
:1005F0006B430130E5E700000B1F012B07D900B367
:10060000032900F1FF300AD0092807DC01E009289E
:1006100002DC3030C0B27047052914D00A381928DE
:1006200001DC4130F6E71A3821B904280BDC074B0E
:10063000185C7047012906D1002814BF5F202F20C5
:100640007047202070475F20704700BF487300202C
:100650000B1F012B10B50DD9202845D003294FF0D1
:1006600001020CD0A0F13003DCB2092C04D81344F1
:10067000184610BD0022F5E705291FD00A32A0F167
:100680004103DCB2192CF2D902F11A0329BB2F283D
:1006900012D82A2812D92B3804280FD801A151F8D2
:1006A00020F000BF6DCE0000B9CE0000BFCE00002C
:1006B000C5CE0000CBCE00003F280BD04FF0FF335B
:1006C000D6E702F11B03D3E702F11C03D0E702F1E6
:1006D0001D03CDE702F11E03CAE70129EED12F2841
:1006E00018BF4FF0FF33C3E70023C1E79FED010AB6
:1006F000704700BF000000004FF0FF30704700203F
:10070000704700207047704770470000034B00227D
:100710001A600122024B1A60704700BF8811022044
:100720002410022070470A200CF0E2BF2DE9F041AE
:100730003C2440F26D184FF0640C4FF4C87EB0FBBF
:10074000F4F3B3FBF4F104FB130004FB113310705A
:1007500018205370B1FBF0F300FB131107209170C8
:10076000191DB1FBF0F0C0EBC000091A00200131E7
:100770000446D170C6B206F2B27111F0030741D13E
:1007800091FBFCF50CFB1515002D3ED191FBFEF500
:100790000EFB1515002D14BF45464FF4B7752C44BC
:1007A0000130A342E6D264209671B1FBF0F600FB63
:1007B00016164FF4C870B1FBF0F500FB15113FBBE6
:1007C0004EBB002940F26D1008BF4FF4B7701B1BE1
:1007D000DFF858C0034400200128C5B21ED107BB72
:1007E0000EBB002914BF1C241D249C4204D80130D8
:1007F0001B1B0C28F0D105460135013355711371CF
:10080000BDE8F08140F26D15C9E74FF4B775C6E752
:1008100040F26D10DBE74FF4B770D8E710F80C40EA
:10082000E3E71C24E1E71D24DFE700BFE96F0020B8
:1008300070B5074C06460D46D4E900238B4208BF2D
:10084000824204D0034AFFF771FFC4E9006570BD1E
:1008500038D70020382B0220074B084A1860084B75
:100860001B68034413600222064B1A70064B1A6879
:10087000064B1A60704700BFF43C0120E02C0120B9
:100880008CB800205F2B0220741C0220D82C012081
:10089000F8B518480025184C03682268174F3968C6
:1008A000561CC91AB1F57A7F13D20DB103602260CC
:1008B000134D23682A689A4208D8124B1B682BB143
:1008C000984750EA010309D0FFF7C6FF20680021CE
:1008D000F8BD03F57A7332460125E0E70A4A23683A
:1008E00012681344094A2B601378003B18BF012398
:1008F0001370EBE7D82C0120F43C0120741C02207B
:10090000E02C0120A40F02208CB800205F2B0220D5
:1009100008B5FFF7BDFFFFF78BFF014B987808BDC7
:10092000382B022008B5FFF7B3FFFFF781FF014B1B
:10093000587808BD382B022008B5FFF7A9FFFFF74C
:1009400077FF014B187808BD382B0220034B186045
:10095000034B1A68034B1A60FFF79ABFA40F0220DB
:10096000F43C0120E02C012010B504460CF00AFAFA
:10097000204610BD024A0349034815F043BD00BF9D
:10098000C8B8002065D10000E43E012013B504463C
:10099000084659B1019117F0FDFC23680246019900
:1009A00020465B6802B0BDE81040184702B010BD99
:1009B00000207047002070470368C9B21B681847C1
:1009C00000290CBF0A232A2303727047F8B5037A63
:1009D0000E461F4C01275B000546090A204684F895
:1009E000A53084F8307184F82F71FFF7E5FF3146A8
:1009F0002046FFF7E1FF002120460BF0E5FD08B19E
:100A00000020F8BD3B460222297A20460BF04EFE1C
:100A10000128F5D994F8A23094F8A32093423BBF63
:100A2000591C1B194FF0FF3084F8A21038BF987E74
:100A300094F8A2300002934237BF5A1C4FF0FF33A4
:100A400084F8A220E41838BFA37E1843D9E700BF7A
:100A5000CCB400202429034670B508BFC28001260B
:100A60001B7A0D460F4814465B00090A80F8306176
:100A700080F8A53080F82F61FFF79EFF29460948CE
:100A8000FFF79AFF0748210AFFF796FF214605481E
:100A9000FFF792FF314603480BF096FDB0FA80F065
:100AA000400970BDCCB400202DE9F04104465B48FC
:100AB0000E4617461AF032F905200CF019FE0621F1
:100AC0002046FFF783FF46B1B02806D10023012559
:100AD000237165722846BDE8F0814FF0010844F2A9
:100AE00060023021204684F80480FFF7B3FF0546FA
:100AF0000028EFD06C2226212046FFF7ABFF4FF4F1
:100B0000F97228212046FFF7A5FF40F622722C211A
:100B10002046FFF79FFF44F246423C212046FFF764
:100B200099FF40F2371224212046FFF793FF002E51
:100B30006AD03B4B342120469E428CBF4246002265
:100B4000FFF788FF07EE907A32212046B8EE677AE9
:100B500007EE906AF8EE676AB7FBF6F2C7EE267A00
:100B600002F01F0207EE102AB8EEC77A77EEC77AB6
:100B70009FED2C7A67EE877AFCEEE77A17EE903AD3
:100B8000C3F30A0343EAC222FFF764FF44F2FF52B1
:100B900030212046FFF75EFF732202212046FFF737
:100BA00059FF4FF4C8700CF0A3FD41F61D522E21E1
:100BB0002046FFF74FFF56B3072204212046FFF7D8
:100BC00049FFB02206212046FFF744FF10220A21E8
:100BD0002046FFF73FFF00220E212046FFF73AFF95
:100BE00043F63C4210212046FFF734FF47F67F7260
:100BF00022212046FFF72EFF362224212046FFF730
:100C000029FF0123637265E744F2FF02C0E7042273
:100C100020461146FFF71EFF3022D3E7CCB4002058
:100C20004066030100000045014A0021FFF73CBF78
:100C30000040C40A10B5044669B955222021FFF7C7
:100C400009FFD0B1E28842F0040220462421BDE829
:100C50001040FFF7FFBE01290FD140F273122A2185
:100C6000FFF7F8FE48B1882220212046FFF7F2FE68
:100C700018B1E28822F00402E7E7002010BDF8B5C1
:100C80001F4605460E461446FFF7A0FE20EA07035E
:100C9000314628461C432246FFF7DCFE002814BFDD
:100CA00020460020F8BD38B5044679B9012347F63F
:100CB0007F7222210371FFF7CDFEE288242142F0EA
:100CC00010022046BDE83840FFF7C4BE80290379F2
:100CD00094BFC1F1800500253BB10023C2882421C7
:100CE00022F010020371FFF7B5FE45EA052222212A
:100CF000E7E700009FED057ADFED057AE0EE077A81
:100D0000FCEEE77A17EE901AFFF7CDBF0000014323
:100D1000EE7CFF3E272938B5054617D9283903222E
:100D2000490042F4B87228462F2996BF03230F24A6
:100D3000B1FBF3F42A21FFF78DFE90B144EA0412CF
:100D400028462021BDE83840FFF784BE1D2902D97E
:100D50001E390222E4E7132986BF1439012200223A
:100D6000DEE738BD0F2928BF0F210F2A28BF0F2229
:100D700042EA01122021FFF76DBE0D2938BF0D2177
:100D80001F2928BF1F2108B541EA012241F61F7320
:100D90002E21FFF774FF80B208BD08B5012203239E
:100DA0000E21FFF76CFF80B208BD000037B502AB23
:100DB00003E90600C27C0B46002A39D072B6C27C19
:100DC000D10708D54FF0E0244569D4F880112940B7
:100DD0008162C4F88011950708D54FF0E024856939
:100DE000D4F884112940C162C4F88411540708D58D
:100DF0004FF0E024C569D4F8881129400163C4F894
:100E00008811110708D54FF0E024056AD4F88C1139
:100E100029404163C4F88C11D20608D54FF0E02177
:100E2000446AD1F8902122408263C1F8902162B6D1
:100E30008268934226D01C4A836092691B49C2F3A0
:100E40000114C2F3826251F824400132B4FBF2F182
:100E50002BB38B420BD8B1FBF3F2B1FBF2F18B4217
:100E600000D20132B2F5817F03D2022A03D80023D7
:100E700002E040F20112931E59080A0442EA0122DC
:100E80001343C360036800221A6103225A62C268D6
:100E90001A64019A1A6601221A6103B030BD9442A5
:100EA000EAD30A46DDE700BF00C00F40A4390020A6
:100EB000C37C13B3D90704D5816A4FF0E022C2F88E
:100EC00000119A0704D5C16A4FF0E022C2F804115C
:100ED000590704D5016B4FF0E022C2F808111A0738
:100EE00004D5416B4FF0E022C2F80C11DB0604D5AB
:100EF000826B4FF0E023C3F810217047024A034988
:100F0000034815F07FBA00BFC8B8002065D10000C3
:100F10002C3E0120024A0349034815F073BA00BF72
:100F2000C8B8002065D10000943D0120024A034961
:100F3000034815F067BA00BFC8B8002065D10000AB
:100F4000BC3D0120024A0349034815F05BBA00BFCB
:100F5000C8B8002065D10000343E0120024A034990
:100F6000034815F04FBA00BFC8B8002065D1000093
:100F70003C3E01202F4B70B51A6819792E4B12692F
:100F8000D9772E4B9A4251D22D4A127822B14FF086
:100F9000E0224021C2F808122A4C2268002A44D0DC
:100FA000294D2A88402A40D81846BFF34F8F03F5B1
:100FB000007603F12001B1428CBF012110214FF0D6
:100FC000E02603EB4111C6F85C0F20308842FAD1CD
:100FD000BFF34F8FBFF36F8F02F14001023208332E
:100FE00029801A4925680868194905EB420500EB74
:100FF00042000C68174904EB4204096801EB420106
:10100000002233F9086C083325F8126033F90E6CAE
:1010100024F8126033F90C6C20F8126033F90A6C72
:1010200021F812600132402AEBD170BDA3F50073A4
:10103000B2E700BF543E012000800E40E0CB2420E8
:10104000662B02205C3E0120FA1F0220603E012038
:10105000643E0120683E01202DE9F34180460BF0FB
:101060008DFC07460BF08AFC06460BF087FC054614
:101070000BF084FC04462FB10EB105B190B938468F
:101080000BF0C4FC16B130460BF0C0FC15B128467D
:101090000BF0BCFC1CB1204600240BF0B7FC25462D
:1010A0002646274672B6294B1A887F2A31D9284A04
:1010B00011681760274A17681660274A1668156076
:1010C000264A1568146000221A8062B640460191D3
:1010D0000BF0C4FC019908460BF098FC012239463C
:1010E00040460BF0BBFC38460BF090FC0222314628
:1010F00040460BF0B3FC30460BF088FC4046032220
:1011000029460BF0ABFC284602B0BDE8F0410BF0DD
:101110007DBC57B10E490A685AB90F600D491A8053
:101120000E600D490D600D490C6062B602B0BDE85D
:10113000F08162B638460BF069FC30460BF066FC75
:1011400028460BF063FC2046DEE700BFFA1F0220B2
:101150005C3E0120603E0120643E0120683E01208B
:1011600070B52C4D012101242B4E28460BF0B2FD09
:10117000002000F067F9294A294B4FF44031032041
:10118000C2F89410C3F87C01C3F864010220C3F8CC
:101190009405C3F898452B681E60224E98824FF440
:1011A00080705E6006F13F46A6F590369E606FF057
:1011B0000706DE601C4E1E61D8821C4ED8830620B6
:1011C0009E61988300202B79194E9B0003F1804388
:1011D00003F56C2318601E60164BC2F88800C2F835
:1011E0009410C2F888300BF04FFD134B2A79187019
:1011F000124B02F110011248DA76124B43F821002B
:10120000531102F01F0203F13823944040339B0036
:101210001C6070BD543E0120A24038400040384060
:1012200000801F4004000101E0C9242000FCFFFFF2
:101230001300008001000092662B022000800E4007
:1012400071D7000000D00020024A0349034815F07E
:10125000D9B800BFC8B8002065D10000543E0120B5
:10126000024A0349034815F0CDB800BFC8B80020B2
:1012700065D100009C3D0120024A0349034815F056
:10128000C1B800BFC8B8002065D10000C43D01202E
:10129000024A0349034815F0B5B800BFC8B800209A
:1012A00065D10000443E0120024A0349034815F07D
:1012B000A9B800BFC8B8002065D10000A43D012036
:1012C000024A0349034815F09DB800BFC8B8002082
:1012D00065D10000CC3D01202DE9F04F00F5807E66
:1012E000B1E8A00AB2E84015C5EA0643C6EA2544BB
:1012F000C7EA0845C8EA2746C9EA0A47CAEA2948A8
:10130000CBEA0C49CCEA2B4AA0E8F8078645E7D19E
:10131000BDE8F04F70474FF000022DE9F00F00F5E7
:10132000807C00BFB1E8A00AC5EA0203C2EA2544F6
:10133000C7EA0205C2EA2746C9EA0207C2EA294803
:10134000CBEA0209C2EA2B4AA0E8F8078445E9D1B2
:10135000BDE8F00F70474FF000022DE9F00F00F5E7
:10136000807C00BFB1E8A00AC2EA0543C2EA0504D6
:10137000C2EA0745C2EA0706C2EA0947C2EA090803
:10138000C2EA0B49C2EA0B0AA0E8F8078445E9D192
:10139000BDE8F00F70472DE9F00F089C00F5007BC9
:1013A00051F8045B53F8046BC5EA0647C6EA2549C1
:1013B00052F8045B54F8046BC5EA0648C6EA254AAD
:1013C000A0E880078345EBD1BDE8F00F704700BF70
:1013D00010B500F58074036831FB03F231FB13F3A1
:1013E00002F30F0203F30F03C2EA034340F8043B86
:1013F0008442F0D110BD70B5866905463EB93146CC
:101400000BF040FBE0B1BDE870400BF0FFBAB6F561
:10141000803F4FF000010AD10BF034FB044678B155
:101420002846002221460BF019FB2046EBE70BF083
:1014300035FB044620B131460430FFF7C9FFEFE722
:1014400070BD000038B52E4C0546E36F43F44023D1
:10145000E3672C4B9A68002A49DBD3F88830002BCD
:1014600045DB002342F210724FF40C611C2019F08E
:1014700065FCE369244A23F4406343F40063E361B9
:10148000A36A23F4FF7323F0010343F0CE03A362A6
:10149000536823F4002323F0070343F4002353602D
:1014A0001A4B25B90322C3F82021C3F824210322B3
:1014B000012400254FF48030C3F82821114B144A31
:1014C0001D661449DC601A61134A58619961DA613A
:1014D000C3F8E050C3F88C4004F1E064C3F89040D6
:1014E000C3F89400C3F89810C3F89C2038BD002DB1
:1014F000FCD1064B0322C3F82021C3F82421F5E7D1
:1015000000C00F400040384000C00A4000801F402B
:10151000010000471B1F0100001F1F1F024A034953
:10152000034814F06FBF00BFC8B8002065D10000A9
:10153000D43D0120024A0349034814F063BF00BFB1
:10154000C8B8002065D100001C3E0120024A0349B2
:10155000034814F057BF00BFC8B8002065D1000091
:101560006C3E0120024A0349034814F04BBF00BF00
:10157000C8B8002065D10000743E0120524B1A68A3
:101580002DE9F3411268514C1979A242504BD97799
:101590006AD2504B1B7823B14FF0E0234022C3F8AE
:1015A0000822DFF86481D8F8001000295FD04A4B88
:1015B00004311B8801EB4301484F3A68002A58D098
:1015C000474B04321B8802EB4302464E3368002B24
:1015D00051D045480433008803EB4003434D28684D
:1015E00000284AD0DFF808C10430BCF800C000EB86
:1015F0004C0000902046FFF7CEFEBFF34F8F04F162
:10160000200204F50073934234BF012310234FF0EE
:10161000E02204EB4313C2F8704F20349C42FAD10D
:10162000BFF34F8FBFF36F8FD8F8000020B12A4B64
:101630001A8822BB40221A80386820B1284B1A88A9
:101640003ABB40221A80306820B1274B1A884ABB27
:1016500040221A80286820B1254B1A885ABB4022A4
:101660001A8002B0BDE8F081A4F5007499E7214921
:10167000A2E7204AA9E71F4BB0E71E48B9E70024BC
:101680001C800BF0C3F91C4B1A681C60C8F80020C2
:10169000D2E700241C800BF0B9F9184B1A681C60C3
:1016A0003A60D0E700241C800BF0B0F9144B1A68A4
:1016B0001C603260CEE700241C800BF0A7F9114BB0
:1016C0001A681C602A60CCE7B43E0120E0CF2420D9
:1016D00000800E40672B0220FC1F02209C3E012050
:1016E000FE1F0220A43E012000200220AC3E01206B
:1016F000022002207C340020983E0120A03E0120E0
:10170000A83E0120B03E0120943E012038B50021C2
:1017100004460BF0B7F9034640B172B63749086882
:10172000002830D10B60364B188062B6012120466C
:101730000BF0A8F9034640B172B632490868002898
:101740002FD10B60304B188062B6022120460BF07F
:1017500099F9034640B172B62C49086800282ED189
:101760000B602B4B188062B6032120460BF08AF9E0
:1017700040B172B627490B68002B2ED1264A08606B
:10178000138062B638BD254A15680DB91360CCE7E1
:10179000136000221A4B0D601A8062B60BF036F906
:1017A000C4E71F4A15680DB91360CDE71360002226
:1017B000154B0D601A8062B60BF028F9C5E7194A7F
:1017C00015680DB91360CEE713600022104B0D6051
:1017D0001A8062B60BF01AF9C6E7134A14680CB9FE
:1017E0001060CEE710600C6000210B4A118062B6D9
:1017F0001846BDE838400BF009B900BF943E0120FF
:10180000FC1F02209C3E0120FE1F0220A43E01205E
:1018100000200220AC3E012002200220983E012040
:10182000A03E0120A83E0120B03E012070B5314D00
:1018300001210024304E28460BF04CFA2F4B214654
:101840004FF480621C6030462D4B1C602D4B1C6099
:101850002D4B1C600CF0DEFA2046FFF7F3FD2B4AFF
:101860004FF440312A4B03205161C3F88001C3F883
:101870006C012B6827481E60274EC3E9016027488A
:101880006FF00706D86026489E6118610420988290
:101890004FF48070D882D8830620988328798300FB
:1018A00003F1804303F56C231C601E4C1C601E4B2F
:1018B000D876D2F8883043F01043C2F888301B4BFA
:1018C000936051610BF0E0F92A79194B02F1100194
:1018D0001870184B184843F821005311012102F0E9
:1018E0001F0203F1382301FA02F240339B001A6011
:1018F00070BD00BFB43E0120E0CD2420943E012005
:101900009C3E0120A43E0120AC3E01200040384016
:1019100000801F4004E0FF7F0200010100FCFFFF88
:10192000224038401400008000800E4001000090EA
:10193000672B022000D0002079DD0000024A034915
:10194000034814F05FBD00BFC8B8002065D1000097
:10195000B43E0120024A0349034814F053BD00BFBE
:10196000C8B8002065D10000DC3D0120024A0349CF
:10197000034814F047BD00BFC8B8002065D100007F
:101980007C3E0120024A0349034814F03BBD00BFDE
:10199000C8B8002065D10000BC3E012010B5054C40
:1019A00004F108000BF0EEF92046BDE810400BF002
:1019B000E9B900BFE43D012010B5084C00212046E4
:1019C0000BF088F904F1080000210BF083F9044AB8
:1019D00004490020BDE8104014F014BDE43D01208E
:1019E000C8B8002099E10000024A0349034814F0F6
:1019F00009BD00BFC8B8002065D100004C3E0120E1
:101A0000024A0349034814F0FDBC00BFC8B80020D7
:101A100065D10000843E0120024A0349034814F0C6
:101A2000F1BC00BFC8B8002065D100008C3E012089
:101A3000024A0349034814F0E5BC00BFC8B80020BF
:101A400065D10000F43D0120024A0349034814F027
:101A5000D9BC00BFC8B8002065D10000243E0120D9
:101A600038B590F8611190F86041CBB2A14214D022
:101A700090F8621101330022994298BF002300EBD5
:101A80008304DBB2A56980F8613129460AF0E6FFDC
:101A900028460AF0BBFF0023A36138BDD0F85831B7
:101AA00010B504467BB990F86331012B07D00AF0DA
:101AB00065FFC4F8580130B90EF03AFBF7E70AF0B9
:101AC0005DFFC4F85801D4F8580100B1043010BDCE
:101AD000D0F8581110B501B390F8603190F8622138
:101AE00001339A4298BF002390F86321012A0ED057
:101AF00090F861219A42FBD09A1DDBB240F8221087
:101B000080F860310023C0F85831184610BD90F8B5
:101B100061419C42F0D11046F8E70846F6E72DE90E
:101B2000F04705460F461446FFF7B8FF0646D5F8BE
:101B30005C91C9F18008A04528BFA0468EB1B9F1DB
:101B40007F0F0CD92846FFF7C3FF40B9C5F85C01E9
:101B50002846FFF7A3FF0646002CE8D100E01CB999
:101B600000242046BDE8F0874FEA480A394606EBD4
:101B70004900A4EB0804524657440CF0B1F8D5F8DC
:101B80005C3143447F2BC5F85C31E5D92846FFF72B
:101B90009FFF0028E5D1C5F85C01002CE0D0284665
:101BA000C2E710B5002104460AF06CFFB8B194F802
:101BB00066331BB9BDE810400AF028BF94F86433BF
:101BC00094F865130133D12BA8BF00239942F1D0BB
:101BD000991DDBB204EB8101486084F8643310BDC9
:101BE00090F8641390F86523CBB29142D0B238BF1D
:101BF000D133181A704738B50546D0F8600320B1C4
:101C00000AF004FF0023C5F8603395F86543E4B299
:101C100095F86433A34203D1E4B285F8654338BD37
:101C20000134D12C28BF0024A31D05EB8303586881
:101C30000AF0ECFEECE7D0F8602310B5B2B990F8EA
:101C4000651390F86443CBB2A1420DD00133D12B80
:101C500028BF00239A1DDBB200EB8202526880F895
:101C60006533C0F860230432104610BD0022FBE744
:101C700010B50446D0F8600320B10AF0C7FE002377
:101C8000C4F8603310BDC38B89B21B0406D4C1F302
:101C90000E01C183C38B9BB2C3827047C38BC1F358
:101CA000080103F47E430B43C383F3E743682DE944
:101CB000F047D3F80080B8275968D8F8002022EA06
:101CC00001027B49C8F800208A6922F0E05222F024
:101CD000300242F0006242F010028A61057C754ACF
:101CE00003EB050C03EB85059CF8101002EB0111CA
:101CF00089680F60447C1E190A3496F8241002EBA0
:101D0000011189680F6090F812A003EB0A0E9EF88B
:101D1000389002EB0919D9F80890C9F80070596891
:101D2000D8F800700F4303EB8A01C8F800706F69A0
:101D30009CF8105002EB05156D682F6053F8245085
:101D400096F8244002EB041464682560C96B9EF881
:101D5000384002EB0412526811609A6C9EF84410ED
:101D600011601A6A9CF81C105B6B116096F83020A9
:101D70001A60022203681A610F229A65C37C002B45
:101D800039D072B6C37CDC0708D54FF0E021446936
:101D9000D1F8802122408262C1F88021990708D5BC
:101DA0004FF0E0218469D1F884212240C262C1F859
:101DB00084215A0708D54FF0E021C469D1F8882161
:101DC00022400263C1F888211F0708D54FF0E021A7
:101DD000046AD1F88C2122404263C1F88C21DE06CE
:101DE00008D54FF0E022416AD2F890310B4083636E
:101DF000C2F8903162B6304983688B4226D02C4BB2
:101E000081609B692D4AC3F30114C3F3826352F8C6
:101E100024200133B2FBF3F2294B9A420BD9B2FBD7
:101E2000F1F3B2FBF3F28A4288BF0133B3F5817F4D
:101E300003D2022B03D8002302E040F20113023B3D
:101E400059080A0442EA01221343C36003680022CE
:101E50001A6103225A62C2681A6407221A660122B2
:101E60001A61C37C13B3DD0704D5816A4FF0E02209
:101E7000C2F800119C0704D5C16A4FF0E022C2F8F5
:101E80000411590704D5016B4FF0E022C2F8081184
:101E90001A0704D5416B4FF0E022C2F80C11DB06A3
:101EA00004D5826B4FF0E023C3F81021BDE8F08722
:101EB00000C00F404441002000093D00A43900202B
:101EC000FF083D00436893F824208A4205D093F828
:101ED0002500431A58425841704701207047436813
:101EE0001A7C8A4204D0587C431A584258417047A1
:101EF00001207047436893F838208A4205D093F850
:101F00003900431A58425841704701207047000079
:101F10004368427C1A4470B592F824208A4223D048
:101F200093F824208A4220D093F825208A421BD19E
:101F300001221C6825685C68254214D00C4CB82529
:101F400004EB011189680D6002F10A0153F8215078
:101F500099185B6B91F8246004EB061464682560A3
:101F600091F830101960427470BD0022E1E700BFA3
:101F7000444100204368027C1A4470B5127C8A42B6
:101F80001ED01A7C8A421CD05A7C8A4218D1012267
:101F90001C6825685C68254211D00B4CB82504EB01
:101FA000011189680D6003EB82014D6999181B6A64
:101FB0000E7C04EB061464682560097F19600274C6
:101FC00070BD0022E4E700BF444100204368827CEA
:101FD0001A4470B592F838208A4222D093F83820FB
:101FE0008A421FD093F839208A421AD101221C68F4
:101FF00025685C68254213D00B4CB82504EB011111
:1020000089680D6003EB8201CD6B99189B6C91F888
:10201000386004EB06146468256091F84410196078
:10202000827470BD0022E2E74441002070B5D3B154
:10203000046840F2012525611C46A9B111F8015B35
:102040000668013B756605682E6FB60704D46D6F90
:102050000AB102F8015B013C05686D69ED07F2D534
:10206000002BEAD11CB970BD90F83C50E8E703683A
:10207000196F8907F6D45B6F0AB102F8013B013C86
:10208000F0E743681A6811685A68114210B50446AF
:102090001AD00268002111610521027C1344187CCA
:1020A0000BF06EFB627C63680521134493F82400F7
:1020B0000BF066FB6368A27C05211344BDE8104069
:1020C00093F838000BF05CBB10BD00002DE9F04127
:1020D000876C0446194B3D79DD77406C06791E7795
:1020E0001D77226CAAB1B2F5004F08D3A2F5FF42CA
:1020F0007F3A124B2264DD76DE76BDE8F081114630
:102100000068FFF7C0FD114638680022FFF7BBFDED
:10211000EFE723680F21E06C996540F20131DA6145
:1021200019614FF47C5159610323114684F83D3005
:102130000368BDE8F0411B68184700BF00800E40EF
:10214000024808B5FFF7C2FF08BD00BFB0B30020CA
:10215000024808B5FFF7BAFF08BD00BF00B4002071
:10216000002070477047000037B505460C460CF05C
:1021700053F81C4B984204D800232B80238003B0D3
:1021800030BD69460BF040F89DF806209DF805101B
:10219000503A9DF8043092B27F2A1ED80131C9B25C
:1021A0000C291AD81F2B18D843EA411343EA4223BB
:1021B0009BB29DF802102B8017299DF801309DF8E5
:1021C00000200CD83B2B0AD83B2A08D85B0143EAF5
:1021D000C12343EA52039BB2D0E70023E9E700237F
:1021E000CCE700BFFFA5CE1210B5044640F2D441A3
:1021F0000BF034FE204610BD0A46D0F8841400B51A
:102200008FB059B100236846009302F022FC10B150
:10221000684602F0B2FA0FB05DF804FBD0F888040B
:102220000028F8D00B460C910146684600F08FFE5E
:1022300008B90020EFE7684600F060FF0028F8D0FA
:10224000E9E7D0F8843430B50D4691B014468BB12F
:10225000002203F5896102A8134602922A460191E1
:1022600002F0A8FB019918B1224602A802F002FD73
:1022700011B030BDD0F888040028F9D000F589618C
:102280002A4602A80E93019100F0FEFD019908B9BB
:102290000020EDE7224602A801F0C6F80028F7D09A
:1022A000E6E70A46D0F8841400B58FB061B1002388
:1022B00068460093012302F0CCFB10B1684603F09E
:1022C0003FFA0FB05DF804FBD0F888040028F8D07E
:1022D0000C9101230146684600F039FE08B9002040
:1022E000EFE7684600F0C4FE0028F8D0E9E70A46A8
:1022F000D0F8841400B58FB051B1002301F5896185
:1023000068460093012302F063FC0FB05DF804FB04
:10231000D0F888040028F8D00C91012300F58961D9
:10232000684601F022F8F0E70A46D0F8841400B5B8
:102330008FB039B100236846009302F08AFB0FB0DA
:102340005DF804FBD0F888040028F8D00B460C9107
:102350000146684600F0FBFDF1E7D0F880342BB170
:102360009B794FF40070984080B27047D0F8840495
:1023700008B1D0F83C047047034690F8D00410B57B
:1023800088B1D3F88424181D32B1D469013CFFF719
:10239000E4FFA4FB000110BDD3F88844002CF6D064
:1023A000D4F83044F3E70146F5E770B50546D0F8B8
:1023B0008C0488B90026D5F8800440B303F0BAFE37
:1023C00004463EB1D5F88C0488B1036800215B6CEB
:1023D000984760B1204670BD0368DB6B98470028C2
:1023E000E8D0D5F88C0420B9D5F88C0438B900248D
:1023F000F0E703681B6C98470028DBD1F4E703681B
:1024000001215B6C984706460028D4D1EFE7D5F848
:1024100084040028D4D001F015FFD1E738B590F836
:10242000D044B4B1D0F88434051D5BB1DC69013C03
:102430002846FFF7BAFF241A2846FFF78EFFA4FBB1
:10244000000138BDD0F88844002CF1D0D4F83044D5
:10245000EEE720462146F4E770B5FF2300F59265CC
:10246000044680F8C81480F8BC34284605F01AFAEF
:102470002846C4F88C5404F093FD40B90123D4F8E5
:102480008C1420461A46BDE8704003F0E3BF0020DC
:1024900070BD70B58AB0044601A804AE07ADC4F89B
:1024A000C43480E80E00BDF80420A4F8BC24029ACD
:1024B000C4F8C02407C886E80B0004F29C4685E8EF
:1024C0000B00304695E80E0004F05EFC94F8AD3445
:1024D000C4F88C6443B90123314620461A460AB039
:1024E000BDE8704003F0B6BF00200AB070BD1FB554
:1024F00090F8BC24FF2A06D190F8C814FFF7ACFF6F
:1025000005B05DF804FBD0F8C024D0F8C434B0F8AE
:10251000BC14CDE9022304ABADF8041013E90E009E
:10252000FFF7B7FFECE7F0B5D0F890548FB007464F
:102530001DB9002420460FB0F0BD2A68284601933B
:10254000D2699047B0F5405F0446F2D94FF400706D
:1025500014F0EEFA06460028EBD0B4F1806F024684
:10256000294603A8019B0FD901F038FA04463046EA
:1025700014F0E6FA002CDCD02B6828461B6A98473A
:10258000381DFFF7B4FFD5E703F056FBEEE7000078
:1025900030B5D0F8905485B0044625B9002084F8B1
:1025A000D00405B030BD90F8D02490F8D13482B377
:1025B000FE2B09D094F8D20436280ED80BF0CEF8B2
:1025C000003818BF0120EAE72B6828465B6D984762
:1025D000421CEFD038B10120E1E72B68694628465C
:1025E0009B6C9847DBE794F8D134FE2BD6D10321BE
:1025F0002E200BF0C5F81A491A4B48681A4A1B6876
:10260000B3FBF2F303EB83034A68121A9342FBD83D
:10261000C4E7FE2B1AD1154B9B689B03BED5201D2A
:10262000FFF765FF0028D6D103212E200BF0A8F874
:102630000B490C4B48680C4A1B68B3FBF2F303EBE5
:1026400083034A68121A9342FBD8A7E790F8D20492
:102650003628E4D80BF082F80028E0D19EE700BFCE
:10266000001000E0A8B1002040420F0000800042AE
:1026700030B50D46044685B01C4805F02DFCFE2DF6
:1026800084F8D1541ED14FF00001201DFFF7E4FE65
:102690002E2384F8D00484F8D23488B91846032154
:1026A0000BF06EF81249134B4868134A1B68B3FBD2
:1026B000F2F303EB83034A68121A9342FBD800201B
:1026C00005B030BD362DFAD800230C4A8DF80450E1
:1026D000201D8DF80530CDE9022304AB13E90E006F
:1026E000FFF7D7FE84F8D004EAE700BF65E90000F1
:1026F000001000E0A8B1002040420F0040787D01AA
:102700001548164A164BC0F89424164A0360002355
:10271000C0F8A8240722C0F88434C0F88834C0F870
:102720009034A0F89C34C0F8AC24292280F8B53449
:1027300080F8BC3480F8CC344FF47F4380F8B12467
:10274000A0F8D034FF23084A0849C0F8A02480F834
:10275000D234074A13F056BEE8270120E43800209F
:102760008438002000093D00D036002061E90000D7
:10277000C8B80020F0B500F1240385B004460F4628
:1027800001AD164693E8070085E807007A0129465F
:10279000206A01F0EDFC012806D132462946206A64
:1027A00001F099FC05B0F0BD0020FBE710B5044630
:1027B00000F03EFD002384F8313084F8333010BD42
:1027C00038B50D46144600F124010022006A01F0DC
:1027D00082FC20B143892B8003890120238038BDEE
:1027E00038B50D46144600F124010022006A01F0BC
:1027F00072FC20B1C3892B8083890120238038BDDE
:1028000038B50D4690F83110044651B938220BF016
:1028100001FB40230120256284F8313084F8330025
:1028200038BD0020FCE70000F0B40D4611F8014B64
:10283000202CFAD01B4F156095602E4616F8014BE0
:102840000CB12F2C0BD12C4615F8011B2029FAD0E6
:102850002F29F8D01C601146F0BC01F067BB3C2C5E
:1028600012D8212C06D8611E1E290AD9202C11D17C
:102870003546E2E7A4F12201C9B227FA01F1C907FE
:102880000DD50020F0BC70475C2CFAD004D83E3C3B
:10289000012CF6D99660EBE77C2CF2D0FAE72E2CCF
:1028A000E5E700BF012100052DE9F04F2DED028B7A
:1028B00090F8333083B004468946DD07164663D569
:1028C000580603D494F8313019070BD5D4E9002306
:1028D000D4E90410B51843F10003A94270EB0303D7
:1028E00000D28E1A04F11803B04608EE103A71E0D7
:1028F000206AD4E90032D0F838741F40C7F3080AC0
:102900004FB913432CD194F831305A064CBFD0F84C
:102910003434E369A361D4F820B0780AA2699BF843
:102920004514951EDBF82C248D4005EB57251544E6
:10293000BAF1000F31D1B8F5007F2ED3DBF81C229D
:1029400095422AD0B8F5806F4ED2DBF814024A4681
:10295000294603681B699847B0B14FF400772FE010
:1029600094F83330A1695B0602D50131A161D2E749
:1029700018EE102A01F0C9FB002805DBCBD194F832
:10298000313013F0500F28D194F832304FF0FF302F
:1029900043F0020384F8323021E0CAF500770022C8
:1029A00029460BF50470474528BF474605F066FAEF
:1029B0000028E9D000EB0A013A4648460BF090F9AE
:1029C000B944A8EB0708D4E90032DB1942F1000250
:1029D000C4E90032B8F1000F8AD1A6EB080003B0B9
:1029E000BDEC028BBDE8F08F01238B404FEA5821EC
:1029F0001B1A8B4228BF0B4695424FEA43270AD940
:102A0000DBF8140229460268D2F814B04A46D847C7
:102A10000028D5D1B8E7E9188A42F1D20BF5047045
:102A2000019305F004FA019B0028E9D1ACE7F7B562
:102A300001220DF1070104468569D0E90067FFF71F
:102A400033FF0128A5610CBF9DF807004FF0FF3050
:102A5000C4E9006703B0F0BD2DE9F84F90F831C02C
:102A6000044616461F46D0F81880BCF1000F5BD014
:102A7000D0E90003BB4208BF904206D056EA0702E5
:102A800005D10023A361C4E9006701204FE01CF0D9
:102A9000080F04D0D4E90412B142BA4144D3D4F8A7
:102AA00020E0751E9EF8451447F1FF3A0931C9B27E
:102AB000C1F12009A1F12002CD400AFA09F92AFA50
:102AC00002F2A1F1200A45EA0905C1F120091543E6
:102AD00094F8332012F0400F02D0E3692B44D1E781
:102AE00010F1FF3B43F1FF322BFA01F102FA09F931
:102AF00022FA0AF241EA090111438D4201D303434C
:102B000017D11CF0400F14BFDEF83434E369A36121
:102B100004F11809002DB6D04A46A169206A013D8A
:102B200001F0F3FA0028F5DC0020C4F81880BDE8B5
:102B3000F88F6D1AECE700002DE9F04F9A4690F8F7
:102B400031308DB004460E461546002B43D191F826
:102B5000313013F0500F3ED00AF00309B9F1030FE2
:102B600039D009F101090AF0080349EA0309002AEA
:102B700038D017690F23002208460E37B7FBF3F74A
:102B800002370023FFB2FFF767FF4FF0000BD84674
:102B9000202204A93046FFF787FE002800F0C380FA
:102BA000202818D19DF910109DF8102000291EDB57
:102BB000BBF1000F05D13168A1F120030193B36986
:102BC0000093BB453CBF0BF101035FFA83FB5AB98D
:102BD000002D40F0A8804FF0000884F8318084F880
:102BE00033806AE00327D0E700208046D0E7B8F1C1
:102BF000000F27D1BB4538BF4FF0000B852AF3D11A
:102C00003822414620460BF005F99DF811209DF829
:102C10001410012084F8302001F03702C90658BF93
:102C200042F0080284F83120326A2262B26962629C
:102C30003268203AA26296F83320C2F3801284F8F8
:102C40002C20D2E7C02A50D19DF8112084F833906F
:102C50009307DDE9060148BF49F04002C4E90401D9
:102C600048BF84F83320099ADDE90A01E261C4E92A
:102C7000020135BB1AF4006FADD11AF4884F03D1AD
:102C800094F83330980705D594F83130D906A2D49A
:102C9000DA07A0D41AF4806F3CD094F833309B0745
:102CA00099D5002200232046FFF7D6FE002892D0B7
:102CB000204600F08BFC00288DD040460DB0BDE8CA
:102CC000F08F2A684FF0000329696A609DF813208D
:102CD000AB81914288D1A88ABDF81420A0EB020CE8
:102CE000DCF1000040EB0C007FE7C12A7FF47CAFF1
:102CF0002A4604A9204601F09DF800283FF475AF4C
:102D0000AA89002A7FF471AFD5E9011291427FF4BC
:102D10006CAFAFE71AF4804FCFD02046D4E904233C
:102D2000FFF79AFEC7E71AF4007F3FF454AF19F09B
:102D3000020F3FF450AF002D3FF44DAFBB4526D3FB
:102D400038220021204696F833800BF063F8336A6E
:102D5000C8F3801807F1FF3A2362082384F82C8017
:102D60005FFA8AFA84F831304FF00008009B636202
:102D7000019BA3622B68A5F80C806B605FFA88FB4F
:102D80005F4526D8204600F053FA804695E720227A
:102D900004A93046FFF788FD50B93046D6F81880B0
:102DA00000F067FA00283FF416AFC6F81880C5E7B0
:102DB00020287FF410AFBBF1000F05D13268A2F1DB
:102DC00020030193B36900930BF101035FFA83FBC6
:102DD000B4E7012259462046FFF7CCFC06460028FE
:102DE0003FF4F9AE90F90020002AFFF6F4AE20225D
:102DF00000210BF00FF8BBF1000F20D185233370B9
:102E0000204B84F830A086F801A01B688BB10DF12F
:102E10000B020DF10E0103A89847BDF80C30738129
:102E2000BDF80E3033819DF80B30337508F1010881
:102E3000A4E745F621437381F3817382F6E7BBF182
:102E4000010F0CD169F07F03C02286F801B0327007
:102E500084F833302B69F370AB8AB380E6E7C12383
:102E600006F11E0B3370AA891AB9D5E901129142F5
:102E7000DCD0284605F03CF826F8020FB345F2D125
:102E8000D4E700BF0C3D0120F0B51F4697B00023EA
:102E900005460C4601921493ADF8143090F8313089
:102EA00013B1002017B0F0BD91F8311011F0500FA0
:102EB000F7D011782F291CD1104612F8011B2F29A9
:102EC00008D003B10190246A31B921462846FFF7A2
:102ED00097FCE7E70123EFE73822002108A80AF072
:102EE00099FF4023109408AC8DF8513001238DF8E0
:102EF000533001AB02AA01992846FFF795FC002840
:102F0000CFD0019B1B78DBB1002302AA21462846C3
:102F1000FFF712FE0028C4D008AE2A4605F1300C97
:102F200034461068083252F8041C3346624503C325
:102F30001E46F6D1106818602846FFF737FCD8E720
:102F40003B4602AA21462846FFF7F6FDAAE719B13B
:102F500001F58961FFF798BF08467047134610B422
:102F600090F8312062B991F8312012F0500F07D05B
:102F70000A6812F01F0203D15DF8044BFFF7DCBDB5
:102F800000205DF8044B704710B500230478CA0395
:102F9000012B42EA5102C15C11FA82F291B208D1CE
:102FA000852C14BF0122032213441F2BEFD908469E
:102FB00010BD0122F8E710B5044604F038FF58B1FF
:102FC00004F5047004F033FF30B1D4F84004036812
:102FD000BDE810401B6A1847002010BDF8B5044634
:102FE000006AA16901B10131012200F0D0FF01287E
:102FF000054602D800263046F8BD01230146206A66
:103000001A4601F018F806460028F3D0A26994F891
:1030100033302AB943F0400384F83330A561EAE73E
:10302000590611D44FF0FF322946206A01F0C0F84A
:103030000028DFD0A1690029F0D02A46206A01F0DB
:10304000B7F80028EAD1D5E70132AA42E6D023F04A
:103050004003E16984F83330A369206A8B42E1D9E7
:103060004F1C3A4601F0A4F80028C3D03946F3E7D4
:10307000F8B590F8333004469A0701D40020F8BD23
:10308000C169D1B900250122E9B22046FFF772FBE0
:103090000028F3D00378013503F07F030370EBB20F
:1030A00094F830209A42EED20023206A84F831301E
:1030B00084F83330FFF77FFFE1E75B06006A1AD53B
:1030C00090F84534D4E902250933013ADBB245F1E1
:1030D000FF35C3F12007A3F12006DA40002305FAEB
:1030E00007F725FA06F63A433243013200F0A3FF10
:1030F0000028C7D1C2E701F078F8F9E710B590F8D9
:10310000313088B00446DB0602D4002008B010BD80
:1031100000220023FFF7A0FC202269462046FFF78B
:10312000C3FB48B12028F0D19DF900209DF8003064
:10313000002AEADB002BEFD10823204684F8313047
:1031400094F8333043F0020384F83330FFF790FFF4
:10315000DCE700002DE9F34100270446DFF8CC80CE
:103160003E460022F9B22046FFF704FB0546002840
:103170003DD00378C02B44D0C12B21D0852B36D134
:1031800094F8313003F037038380D8F8003083B1EE
:103190000DF103020DF1060101A898479DF80330D7
:1031A000BDF806206B75BDF80430AA81EB812A8238
:1031B0006B82226A92F8103243F0010382F81032D7
:1031C000013731462846FFF7DFFE94F83020FBB286
:1031D00006469A42C5D2012204F12401206A00F079
:1031E0007AFF20B14680206AFFF7E5FE30B994F8F7
:1031F0003230002043F0010384F8323002B0BDE8E1
:10320000F08194F83320437852064CBF43F0020318
:1032100003F0FD034370D4E90423C0E90223E3690A
:103220004361D4E90223C0E90623C2E70C3D012033
:1032300010B590F8313004460BB9012010BD90F95B
:10324000332090F83330002A07DA03F07F0380F848
:103250003330BDE81040FFF77DBF006AFFF7ABFEDB
:103260000028EAD194F8323043F0010384F8323078
:10327000E4E7F8B590F8313004465A063FD5006AC5
:1032800001F080F8236AD3F83C341844B0F1806F21
:1032900045D22046FFF7A2FE002840D0236A002630
:1032A000A569012793F84524023DD3F82C349540B5
:1032B0001D44206A90F8453407FA03F39E4220D358
:1032C00094F831305B0615D494F8333063F07F0303
:1032D00084F83330D0F83C24D4E902319B1841F112
:1032E0000001C4E90231D4E904319B1841F1000125
:1032F000C4E904312046BDE8F840FFF799BF806873
:10330000C0E70522A91900F5047004F0B7FD30B13B
:103310004FF40072002101360AF07CFDC9E700205D
:10332000F8BD10B591F83130044613F0500F1AD0A3
:1033300040F60223FFF700FCA8B11023204684F8D2
:103340003130FFF796FF70B1A36920460022E36198
:103350000023FFF781FBC123204684F83330BDE80A
:103360001040FFF765BF002010BD2DE9F0419846E1
:1033700096B0002305460C460192ADF81430149324
:1033800090F831301BB1002016B0BDE8F08191F803
:10339000313013F0500FF6D013782F2B0AD1019A49
:1033A00013782F2B2CD0216A08A8FFF729FA0028C0
:1033B000E9D008AC01AB02AA01992846FFF734FA1C
:1033C0000028E0D0019B1B7843B3002302AA2146CA
:1033D0002846FFF7B1FBB0B108AE2A4605F130032D
:1033E00034461068083252F8041C37469A4203C724
:1033F0003E46F6D1106838602846FFF7D7F9D9E77E
:1034000001320192CBE7B8F1000FBCD002AA2146ED
:103410002846FFF786FF0028DED1B4E702AA21463E
:103420002846FFF77EFFAFE7F0B504469DB00020C9
:103430000C901A9094F8310010F0180F02D100206F
:103440001DB0F0BD206A0B6A9842F8D140F6012306
:103450006846FFF719FD0028F1D00EAA234604F1B3
:10346000300716461868083353F8041C1546BB424B
:1034700003C52A46F6D1186809AA04F12403286076
:1034800007CA83E807009DF83030204684F83030C2
:1034900094F8333063F07F0384F83330FFF7C8FECD
:1034A0000028CCD000233046159302238DF86B30D2
:1034B00008238DF86930FFF7DBFDC1E72DE9F84FF0
:1034C0001F4690F83130044689461B079DF8285066
:1034D0009DF82CA09DF830B09DF8346001D40020F8
:1034E00054E0A2F2BC721FFA82F8B8F17F0FF6D84E
:1034F0007B1E0B2BF3D86B1E1E2BF0D8BAF1170FC7
:10350000EDD8BBF13B0FEAD83B2EE8D8FFF790FE91
:103510000028E4D045EA4713770816F0010643EA8D
:10352000482547EA4B174FF0000BADB218BF642691
:1035300047EACA27D84609F0010ABFB200225FFA5B
:103540008BF12046FFF716F90028C8D00378852BA9
:103550001ED04033DBB2012BC1D80BF1010B414629
:10356000FFF712FD94F830205FFA8BF380469A4201
:10357000E4D2012204F12401206A00F0ACFD00280D
:10358000ADD0A0F80280206AFFF715FDBDE8F88FE6
:1035900094F83130226A03F03703838092F81032B6
:1035A00043F0010382F81032BAF1000F01D0078214
:1035B000458219F0020F1EBF06750781458119F07B
:1035C000040F1EBF46758781C581C6E7F7B590F821
:1035D00033200446930702D4002003B0F0BDC36932
:1035E000002B56D012F04002816937D0006A90F863
:1035F0004554D4E902260935013AEDB246F1FF36C9
:10360000C5F1200CA5F12007EA4006FA0CFC26FAC9
:1036100007F742EA0C023A430132A9B1013B4D1CC3
:103620005B1A01951A4492B92046D4E90023C4E9F3
:103630000223C4E9042394F8333063F07F0384F851
:103640003330FFF7F5FDC8E70193E161EBE70023B5
:10365000019900F0F0FC0028E6D1BDE7B1B101927C
:1036600001AA006A00F051FD0028B5DB07D04FF039
:10367000FF32A169206A00F09BFD0028ACD00199BF
:103680000029D1D0206A00F0B0FDE4E70193C161C8
:10369000F5E70120A1E700002DE9F74F90F833305E
:1036A00088460446914699071ED51A0716D44F46F8
:1036B00004F1180A4FF0010BD4E90053EFB9D4E933
:1036C0000212A9429A4180F0E180C4E9025394F8C1
:1036D000333063F07F0384F83330DCE0D0E9042337
:1036E000FFF7BAF90028E2D194F832304FF0000920
:1036F00043F0010384F83230CDE0206AA169D0F8AC
:1037000038341D40C5F3080625BB002955D094F870
:1037100033305B064AD590F84504D4E902320930CB
:10372000013BC0B242F1FF32C0F1200EA0F1200CEB
:10373000C34002FA0EFE22FA0CFCE26943EA0E03D1
:1037400043EA0C0313448B422DD82046FFF746FC76
:103750000028C9D0D4F820C06B0AA1699CF8452480
:103760000239DCF82C04914001EB5521014486BB61
:10377000B7F5007F2DD3B7F5806FDCF81CE2DCF8DD
:1037800014026AD27145424602BF4FF0FF338CF8F3
:103790001062CCF81C3203685B6A98470028A3D0FB
:1037A0004FF400753FE00131A161D3E7524600F0CC
:1037B000ACFC002898DBC8D0CCE7E3693BB92046D5
:1037C000FFF70CFC00288FD0A369E361C2E7A36177
:1037D000C0E7C6F50075BD4228BF3D46002E3AD170
:1037E000636920680193236962689842019B72EBC8
:1037F000030330D305220CF5047004F03FFB0028CE
:103800003FF472AF30442E442A4641460AF068FA2B
:10381000B6F5007F206A06D100F5047004F007FBBE
:1038200000283FF461AFA8447F1BD4E90032D4E9FB
:103830000401EB1842F10002984291413CBF94F818
:10384000331061F07F01C4E900323CBF84F83310CB
:10385000C4E9043230E70122CDE70BFA02F2D31AB1
:103860007A0A934228BF134671454FEA432508D888
:10387000CA18724582BF4FF0FF328CF81062CCF844
:103880001C220268966A4246B047C9E7044B1B688F
:10389000002B7FF41CAF484603B0BDE8F08F00BF9B
:1038A0000C3D012013B5044661B10846019114F0A6
:1038B00071FD2368024601995B68204602B0BDE8AD
:1038C0001040184702B010BD8368C3F3080310B45A
:1038D00083B100210269D1540133B3F5007FF9D1DE
:1038E000C36801681A68546A0269184623465DF87D
:1038F000044B184701205DF8044B7047826803466B
:103900000069C2F3080210B48154586801EB7001D9
:10391000596099680131996040F2FF118A420AD1D9
:10392000D86819680268546A4A1C1A601A692346E2
:103930005DF8044B184701205DF8044B704738B51B
:103940000C46C9B20546FFF7D9FF28B1210A28461F
:10395000BDE83840FFF7D2BF38BDF8B500240546B2
:103960000160C0E90144A0B204F0BAFBA0420146E4
:103970000CD02846FFF7E3FF10B30134B4F5803FC5
:10398000F1D12846BDE8F840FFF79EBF661CB6F5AA
:10399000803F06D0B0B204F0A3FBB04201D10136A3
:1039A000F5E7371BB7F5007F13D34FF6FF712846B5
:1039B000FFF7C5FF20B1B9B22846FFF7C0FF58B9DD
:1039C0000020F8BDA1B228460134FFF7B8FF002857
:1039D000F6D0A642F6D8D1E73446CFE72DE9F04F2E
:1039E0001E4689B00B680D4602901446DB69C0E99B
:1039F000031208469847B0F5801F07460CD216B947
:103A00004FF0000A01E291493046FFF74BFF904921
:103A10003046FFF747FFF3E700230122013352004E
:103A2000DBB2202B04D09742F8D81C2B40F2E38065
:103A3000A3F10B02C2F347021A2B01924FF00001CF
:103A4000204686BF013301224FF4005A4FF001098E
:103A500084BFC3F3460302FA03FA019A4FEA8A03CA
:103A60004FEA4A0B0493A7EB8A03D34003FA02F808
:103A700003934FF4007208EB4A034AF65528059366
:103A80000AF0C8F9072384F8BF9184F8C091224650
:103A900084F8C231FE230021284684F8C331FF2375
:103AA000C4F8C6B184F8C43184F8C531059BA4F8C4
:103AB000FE81C4F8CA312B685B6A9847002800F081
:103AC000A8814FF40072002120460AF0A3F9EB23ED
:103AD00084F86E904FF00009237076234FF4C37280
:103AE000F4216370902304F17800C4F840B0A3700F
:103AF0004523C4F858B0E3705823237146236371FB
:103B00004123A3715423E371202323726372A372B0
:103B1000059BA364039BE3650423C4E918374FF4B2
:103B200080734F46A4F86830092384F86C30019BF9
:103B300084F86D308023C4E914AA84F86F300AF049
:103B400069F9A4F8FE81A9F16A03012B06D9B9F13C
:103B5000700F1CBF14F8093003EB770709F1010956
:103B6000B9F5007FEFD12B682246594628465B6A9B
:103B70009847002800F04D812B6822460BF10C017C
:103B800028465B6A9847002800F043814A46002196
:103B900020460BF101080AF03DF94AF65523A4F836
:103BA000FE310BF109030793631E059304F2FF1323
:103BB0000693059B13F8012F02EB7707069A9342B1
:103BC000F8D12B682246414628465B6A9847002870
:103BD00000F01F812B68224608F10C0128465B6A21
:103BE0009847002800F0158108F10109079B9945C5
:103BF00003D0C846DDE708221EE708F103084FF4AA
:103C00000072002120460AF005F9059B13F8012FE8
:103C100002EB7707069A9A42F8D12B68224649466A
:103C200028465B6A9847002800F0F3802B682246FC
:103C300009F10C0128465B6A9847002800F0E980EA
:103C400009F10101884505D08946DEE75C70002056
:103C5000B3700020231F04F5FE7243F8047F9A42DC
:103C6000FBD12B68224628465B6A9847002800F063
:103C7000D0802B68224609F10D0128465B6A9847DF
:103C8000002800F0C6801EB164493046FFF70AFEE6
:103C9000039B4FF40072002120464FEA8308DA4468
:103CA0000AF0B8F8204608F20728F8230027DFF8C2
:103CB00080B14FEA582913224FEA9838FF2100F8C3
:103CC000013B0AF0A7F8B7FBF8F308FB137323B91D
:103CD0001EB159463046FFF7E5FD2B6822460AEB38
:103CE000070128465B6A9847002800F092802FB9A8
:103CF0004FF40072394620460AF08CF80137B94576
:103D0000E1D11EB146493046FFF7CCFD039F4FF08D
:103D10000109019B073709FA03F9FF0807F2FF13AE
:103D2000B9EB532F4FEA532A73D34FF4007200219B
:103D300020464FF000080AF06DF8072323702B6827
:103D40002246049928465B6A41449847002860D07F
:103D5000B8F1000F01D184F8008008F10108C245D4
:103D6000EDD11EB12F493046FFF79CFD049B029810
:103D700003EB0901FFF7F1FD00284AD0019A4FF447
:103D800000739340029A92689A4242D81EB1264923
:103D90003046FFF787FD019B4FF0020A4FF4007297
:103DA00000210AFA03F8049B204698440AF032F8EE
:103DB000822103228123C4F834A084F840100299A0
:103DC000227084F82030002349686265029AA76354
:103DD0001F4661649268C4E916232B68224608EBEB
:103DE000070128465B6A9847824690B12FB94FF485
:103DF0000072394620460AF00DF80137B945ECD17A
:103E00001EB10A493046FFF74DFD504609B0BDE8E6
:103E1000F08F002E7FF4FBADF2E500BF7270002042
:103E2000277000207F70002096700020A570002071
:103E3000946B00202DE9F04116460D4601F11E0855
:103E4000B38935F8024F43B9D6E901239A4204D128
:103E5000B4FA84F04009BDE8F081304604F048F837
:103E600004F03EF90746204604F03AF9874203D1B0
:103E70004545E5D10120EEE70020ECE72DE9F84FBC
:103E800090F8313082468846002B48D0013A0C46E3
:103E90004FF0020900258F189AF830304B4533D384
:103EA000002249465046FEF765FCC0B30378C12B9B
:103EB00035D1064600F11E0B1B4B36F8020FDDB163
:103EC00000F5105292B2B2F5806F28D203EA852530
:103ED000C0F30900284300F5803021463A4604F03B
:103EE00072F80446D8B100250F4BB345E5D109F16E
:103EF00001095FFA89F9CFE700F5205292B2B2F5D5
:103F0000006F07D30028E8D10023A4EB080023703A
:103F1000BDE8F88FB2F5806F01D20546E5E70020D5
:103F200088F80000F4E700BF00FC0F0000200B68D9
:103F300070B50C4606464FF6FF754B608881A38925
:103F40002061EBB9D4E901239A4219D10138A68244
:103F5000FE288CBF0020012070BD04F0C1F8F303DF
:103F600043EA560353FA80F3000A9AB2C3F34E03AE
:103F700043EAC23310FA83F320699EB20130DEE7D0
:103F8000204603F0B5FFA842E7D10020E4E72DE981
:103F9000F84F074693468A46C9B18D1ED7F830348C
:103FA0000124AB4298BF002505F00703C5F3C809FB
:103FB000A8462E469C40E4B2D7F82C14002238467E
:103FC00001EB163103F05AFFC0B9BDE8F88FD0F805
:103FD0002054E3E7B046B5422BD0D7F83024B242A4
:103FE00021D9640014F0FF040AD109F1010301246E
:103FF0004FF00009B3F5007FDED2994610F8093082
:10400000234206F10106E5D1A6EB08025A45E2D1AA
:10401000BAF1000F04D1BBF1010F08BFC7F820842B
:1040200008F10200D1E74FF000084FF4007946464E
:10403000DBE70120C9E702392DE9F84305461F46B1
:10404000D0F830048B18164683423FD8D5F8202488
:10405000BFB3914206D8934204D9834228BF0023BC
:10406000C5F8203401F007034FF00109C1F3C8047B
:1040700009FA03F9D5F82C345FFA89F903EB113802
:10408000012241462846904403F0F8FEF0B103199E
:10409000494600F500701A780A4214BF0124002432
:1040A000BC4213D04A40013E1A7012D0490011F0B0
:1040B000FF01F0D101330C46012198428946EAD133
:1040C000DEE7914238BFC5F82014CBE70020BDE8F9
:1040D000F8830120FBE738B5D0F838340C4649683E
:1040E00000F5047090F8355219402368023BAB404C
:1040F00003EB5123D0F81C12194403F0BFFE18B192
:104100006368C3F30803184438BD38B5D0F83034B9
:104110000C46154601338B4202D24FF0FF3038BDBA
:10412000D0F82414002200F5047001EBD41103F040
:10413000A5FE0028F1D0A400C4F3080403595A1CBA
:1041400016BF012000202B60E9E737B505460024A3
:10415000019101AA01992846FFF7D7FF002805DB46
:1041600004F10104F5D1204603B030BD0024FAE784
:1041700070B54B680646D0F838440D461C401444D0
:104180001A444A6090F845340933DBB2DC400CB97C
:1041900001200CE02B7A29681BB101312960013C18
:1041A000F5E72A463046FFF7B0FF0128F7D070BD8B
:1041B000012938B50C46154601D8002038BDD0F885
:1041C000303401338B42F8D3D0F82414012200F5A7
:1041D000047001EBD41103F051FE0028EDD0A400CF
:1041E000C4F3080405510120E8E72DE9F34107462F
:1041F0000C46884601AA21463846FFF786FF061E70
:1042000004DA0025284602B0BDE8F08100222146EC
:104210003846FFF7CDFF05460028F2D0621C16B1E4
:10422000019B93420AD00023A2EB08024146384684
:10423000FFF701FF0028E4D0DDF80480019C002E88
:10424000D8D1DFE72DE9F04100240646D0F82C74E0
:1042500000F504782546394600224046013703F030
:104260000DFE68B1013805F5805C10F8011FFF29CB
:1042700008D108340835D6F83034AB420FD8181BB3
:10428000BDE8F0810029F5D00822012319424FEA48
:10429000430318BF0134013ADBB2F7D1EAE76545C1
:1042A000E3D1D8E7F8B54FF0FF33164600F50477B1
:1042B0000022C0F8401404464160C0F814121146B0
:1042C00080F844240270C36080F81022C0F81C32C9
:1042D000384603F0D3FD042E054601D90020F8BD71
:1042E0000028FBD0B6B1731E00EB031393F8BE2178
:1042F00012F07F02F2D193F8C231002BEED000EB26
:1043000006163846D6F8B661314603F0B7FD0546C5
:104310000028E3D01A490522E81C13F0BAFE014632
:104320000028DBD195F86C30092BD7D12B6D3344A5
:10433000C4F824346B6DC4F82834AB6D3344C4F82E
:104340002C34EB6DC4F830342B6EC4F8343495F84B
:104350006D300125C4F82004204684F84534093323
:104360002A4605FA03F3C4F83C34013BC4F8383458
:10437000FFF70DFE4023284684F84434AFE700BF22
:10438000C370002010B50446D0F83414FFF7DDFEEA
:1043900094F845340933DBB2984010BD38B50D466A
:1043A00004462422002109F035FDA560EB79102B8D
:1043B00003D0202B06D00C2B06D120230120237004
:1043C000A07038BD4023F9E70020FAE710B5044695
:1043D000283003F02CFD50B104F50E7003F027FDDA
:1043E00028B120680368BDE810401B6A1847002008
:1043F00010BD024638B552F8105F04468068294661
:1044000001F034FE40B1A3783DB943F04003A370FE
:10441000A37863F07F03A37038BD01352269AA42F7
:10442000F6D023F04003F2E7F8B50578044615F01E
:10443000200502D000263046F8BD4269154B9A424D
:10444000F8D2FFF7D6FF06460028F3D0A26823690A
:104450009179023B57698B401F44A068E9B2037908
:104460008B4208D882794FF400739340626912FA44
:1044700083F36361DFE7052239442830013503F017
:10448000FDFC0028D6D04FF40072002109F0C2FCD8
:10449000E3E700BF00FE1F0010B5044680680A462F
:1044A0002830A16903F0EAFC20B1A38803F00F03D0
:1044B00000EB431010BD03780BB9FFF76FBF00206E
:1044C000704738B5CB6804460D4623B98968BDE806
:1044D0003840FFF7F0BF2422002109F09BFC102395
:1044E00001202370A070AB68A360EB68236238BD25
:1044F0002DE9F04F2DED028B8378044683B088467A
:10450000D807154671D52378190713D5E369626971
:104510009B1A9D4228BF1D4604F110032E464FF002
:10452000000908EE103A76B9A81B03B0BDEC028B67
:10453000BDE8F08F9A06EFD5A3685A896369C3EB8B
:1045400042139BB2E5E7227867699306A068C7F338
:10455000080B4FEA57211BD5026A1144D4F808A072
:10456000BBF1000F48D1B6F5007F45D3DAF834200F
:10457000914241D0B6F5806F56D2DAF82C0042460F
:1045800003681B69984700282FD04FF4007745E057
:1045900090F8059009EA0109BBF1000F08D1B9F1C3
:1045A000000F05D16FB952064CBF026A226A226120
:1045B000A2682169907902395269814011444944C5
:1045C000CCE71307216905D5A278570602D501313A
:1045D0002161EDE718EE102A01F081FC002804DBD0
:1045E000E6D1237813F0700F9ED163784FF0FF303F
:1045F00043F00203637098E7CBF5007700220AF1DD
:104600002800B74228BF374603F038FC0028ECD01A
:1046100000EB0B013A46404609F062FB6369B8447F
:10462000F61B3B4463617EE72078730A800606D45C
:104630009AF80400A0EB0900834228BF0346914288
:104640004FEA432709D9DAF82C000268D2F814A0FF
:104650004246D0470028E1D1C7E7C8188242F2D2CB
:104660000AF12800CDE9001303F0E1FBDDE90013B6
:104670000028E8D1B9E773B501220DF1070104461E
:10468000D0E90456FFF734FF01280CBF9DF807005E
:104690004FF0FF30C4E9045602B070BD436913F413
:1046A000F07F37B50446C3F3431500D099B9012212
:1046B0000DF107012046FFF71BFF40B2012802D091
:1046C000002003B030BD63691F33A06863613830D8
:1046D00000EB4510F5E72033F7E72DE9F0410D46F3
:1046E00001780446076981B14069A84206D03DB906
:1046F0002561A378656123F02003A370012006E003
:104700000B0706D5E369AB420BD200202761BDE859
:10471000F0818E0605D5A3685B89B5EB431FF4D8FD
:10472000E7E7D4F808C06E1EA2789CF8063052065F
:1047300003F10903DBB226FA03F603D5236A3344F7
:104740002361D6E7421E22FA03F39E4200D390B9BA
:104750004B064CBFDCF82030236A236104F11008BB
:10476000002EC6D042462169A068013E01F0B7FB89
:104770000028F5DCC9E7F61AF0E710B5037804461F
:10478000DA0609D50021FFF7A8FF01212046FFF72F
:1047900085FF18B963785BB1002010BD03783BB189
:1047A000E52BF2D02E2BF0D0C37A1B07EDD4F3E724
:1047B000082320462370A37843F00203A370BDE8CA
:1047C000104000F0BDBFF8B50F4616460021242268
:1047D00004461D4609F01EFBB8683B6AA68006F039
:1047E0000F06E36000F13803A06003EB4613DA7AAA
:1047F00011073AD402F017022270D97A11F0180F7B
:1048000004BF42F0080222709DF81820E27005F003
:104810000302012A21D0022A21D032BB6A0524D406
:104820000122970704D52178CE061ED4C9071CD4CF
:1048300005F008010A43A270426B598BA2619A8A63
:1048400041EA02416A0514D559B9A37863F07F03A0
:10485000A3706B0411D40120F8BD0222E1E703220A
:10486000DFE701F044FC0028EFD100202070A070A9
:10487000F2E72162DB69E361EBE7E1692046FFF7DC
:104880002CFF0028E7D1F0E72DE9F043134602782A
:1048900085B007460E46002A42D10A7812F0700F02
:1048A0003ED04C6914F01F043AD1A1460021304695
:1048B000D6F814800393FFF7F1FE88B3017879B33B
:1048C0002E29039B21D0E5291FD0C27A12F0080CB3
:1048D0001DD184B1411E00F10A054FEACC1211F836
:1048E000010F42EA5C02A94250FA82F25FFA82FCAE
:1048F000F3D1E14514D1C8F34F1231463846009444
:10490000FFF761FF05B0BDE8F0830024CEE70F2A72
:10491000FBD14A06CAD501F01F0490F80D90C5E7F7
:104920000020EFE737B503780446002B35D090F927
:104930000230002B2BDA0121FFF7AEFD054630B91E
:104940006378002043F00103637003B030BD037847
:10495000E52BF5D023781B0744BFE369C361236AC5
:1049600043831B0C83820E4B1B6863B10DF1030262
:104970000DF1060101A89847BDF804302B836B8226
:10498000BDF80630EB82A37803F07F03A370A06824
:10499000FFF71CFD0028D3D0D7E70120D5E700BFE3
:1049A0000C3D012010B50446FFF7BCFF0023237027
:1049B000A37010BDF0B51F4695B0002306460C4607
:1049C00001920293ADF83830037813B1002015B08E
:1049D000F0BD0B7813F0700FF8D013782F2B12D195
:1049E000019A13782F2B05D0A16833B93046FFF711
:1049F00062FDECE701320192F2E702A8FFF7CEFC7C
:104A00000028E3D002AC01AB0BAA0199304600F0BC
:104A100041FE0028DAD0019B1B789BB100230BAA32
:104A20002146304600F0F4FC0028CFD0354602ACD9
:104A30000FCD0FC40FCD0FC42B6830462360FFF796
:104A4000B1FFDFE73B460BAA2146304600F0E0FC11
:104A5000BDE719B101F58961FFF7ACBF08467047A2
:104A600070B506460C46FFF75DFF054610B90025F8
:104A7000284670BD00213046FFF70EFD0346002892
:104A8000F5D0214600F1200253F8040B934241F87F
:104A9000040BF9D1ECE730B589B00D4614466946F0
:104AA000FFF7DEFF28B1BDF810302B80BDF80E30C7
:104AB000238009B030BD30B589B00D461446694633
:104AC000FFF7CEFF28B1BDF818302B80BDF81630A7
:104AD000238009B030BDF0B50B7889B004460E468E
:104AE00013F0700F02D1002009B0F0BD40F6022390
:104AF00000F08EFC0028F6D0012710252046A77074
:104B00002570FFF791FC0028EDD023690021204695
:104B10002362FFF7E2FD2046FFF704FF0028E2D002
:104B200039462046FFF7B8FC0028DCD06A46C5723B
:104B3000034600F1200C15461868083353F8041C8E
:104B40001746634503C73A46F6D14FF02033A068B5
:104B5000216A0122CDF801302830CDF80530023924
:104B6000ADF8093010F8223C994050F8143C194433
:104B700003F084F903460028B5D02E22AC46074640
:104B80000DF1200E8DF800206246083703CA7245E9
:104B900047F8080C47F8041C9446F5D12E22203320
:104BA0008DF80120326A08AE110CADF81A202A46A1
:104BB000ADF814101546083303CDB54243F8080C80
:104BC00043F8041C2A46F5D1A068FFF7FFFB8BE7EA
:104BD000F0B51F4695B0002306460C460192ADF88D
:104BE00014300B93037813B1002015B0F0BD0B788F
:104BF00013F0700FF8D013782F2B0AD1019A137885
:104C00002F2B24D0A1680BA8FFF7C8FB0028EBD0FE
:104C10000BAC01AB02AA0199304600F03BFD002825
:104C2000E2D0019B1B78FBB1002302AA214630464B
:104C300000F0EEFB70B135460BAC0FCD0FC40FCDBD
:104C40000FC42B6830462360FFF7ACFEE0E701326B
:104C50000192D3E7002FC7D002AA21463046FFF7C2
:104C60003AFF0028E7D1BFE702AA21463046FFF706
:104C700032FFBAE72DE9F04303789BB04FF000090B
:104C8000044613F0180F0F469046CDF82090CDF84B
:104C9000449003D100201BB0BDE8F08382688B688C
:104CA0009A42F7D12646FFF73DFE11AD0FCE0FC554
:104CB0000FCE0FC53368494620462B60FFF7ECFB4B
:104CC0000028E7D06A46034600F1200C1546186814
:104CD000083353F8041C1646634503C63246F6D122
:104CE000237808AE13F008030AD040F601234246A9
:104CF00039463046FFF75EFE0028CBD0002707E09C
:104D0000424639463046FFF763FF0028C2D0109F65
:104D10000E9B01212046A361BDF82430A3809DF89D
:104D20002330E3700B9BE36000238DF820308DF877
:104D30002230FFF7B1FB0028ACD00DF10D0300F1DC
:104D40000D020DF11D0153F804CB8B4242F804CB48
:104D5000F9D1198811809B7893709DF80B30C3723C
:104D6000002F3DD0A068BB1E8279283050F8141C5B
:104D700093400022194403F081F800288AD000F102
:104D80002002AE4600F140031068083252F8041CBD
:104D9000F4469A42ACE80300E646F5D13946A068ED
:104DA00001F0A5F900283FF475AFA0680122216A3F
:104DB000837928300239994050F8143C194403F0A3
:104DC0005DF800283FF466AF00F120032A4608335F
:104DD00003CAB24243F8080C43F8041C1546F5D147
:104DE000002311A8199302238DF8463008238DF86B
:104DF000443000F0A5FC00283FF44CAFA068FFF75A
:104E0000E5FA48E72DE9F84F9B46037805460E463C
:104E10001B079DF828409DF82C709DF830809DF868
:104E2000349002D40020BDE8F88FA2F2BC721FFAC1
:104E300082FABAF17F0FF5D80BF1FF330B2BF1D8C3
:104E4000631E1E2BEED8172FECD8B8F13B0FE9D814
:104E5000B9F13B0FE6D8FFF765FD0028E2D001214C
:104E60002846FFF719FB0028DCD044EA4B134FEA31
:104E7000590243EA4A2342EA48129BB242EAC72255
:104E8000F70748BF4382B40792B208D519F0010969
:104E90000382C28118BF4FF0640980F80D9071073A
:104EA00044BF0383C282A868FFF790FABBE713B53B
:104EB000837804469B0702D4002002B010BD036A29
:104EC0003BB30169E1B1002301AA8068019301F0BD
:104ED00006F80028F0DB07D06FF070422169A06867
:104EE00001F05CF80028E7D0019961B963692046B8
:104EF000E361A37863F07F03A370FFF713FDDCE7A2
:104F000001930162F0E7A06801F0F1F80028EDD10B
:104F1000D2E70120D1E700002DE9F047837804466D
:104F2000894617469D071AD5190713D46369DB19FB
:104F300015D2B84604F1100A6369B8F1000F14D114
:104F4000E2699A4280F0AF80E361A37863F07F0367
:104F5000A370ADE0C169FFF7C0FB0028E6D163781C
:104F6000002743F001036370A2E0A068C3F30805C3
:104F70002169467916EA53260AD14DB900293BD05A
:104F8000A27852062CD5E2699A4229D901312161D1
:104F9000D4F808C021699CF8063002399940DCF841
:104FA000143019443144002D32D1B8F5007F2FD38D
:104FB000B8F5806FDCF83420DCF82C0058D2914230
:104FC0004A4602BF4FF0FF338CF82850CCF83430FB
:104FD00003685B6A98470028C1D04FF400763CE034
:104FE000524600F07CFF0028B9DBD1D12046FFF704
:104FF00000FA0028CCD1B2E7236A3BB92046FFF77C
:10500000F8F90028ABD023692362C1E72361BFE729
:10501000C5F50076464528BF46462DBB6269E36963
:105020009A4223D2A37813F0200F0CBF012205224D
:105030000CF1280002F022FF002890D028443544CB
:105040003246494608F04CFEB5F5007FA06804D111
:10505000283002F0ECFE002881D06369B144A8EB4F
:1050600006083344636167E70122E1E70522DFE7D1
:105070009CF804309B1B4FEA5826B34228BF3346A6
:1050800091424FEA432609D801EB030E964582BFB1
:105090004FF0FF328CF82850CCF834200268956A23
:1050A0004A46A847D7E7044B1B68002B7FF44DAF57
:1050B0003846BDE8F08700BF0C3D0120411E00F1DD
:1050C0000A030020C20142EA500211F8010F50FA0F
:1050D00082F29942D0B2F5D1704710B54901044629
:1050E000FFF7FBFA28B120460021BDE81040FFF78A
:1050F000D5BA10BD2DE9F04F05468DB016460746CE
:105100008946984603AC0FCD0FC40FCD0FC42B6852
:1051100023600124336873600023B381444501D9BF
:10512000012008E0A9EB040103A889B2FFF7D5FF2D
:10513000824618B900200DB0BDE8F08F0025EAB214
:105140005146384600F0CAFDB38983463BB9D6E9DB
:1051500001239A4203D1B0FA80F04009EBE73046D0
:1051600002F0C6FE0190584602F0BAFF019B83464A
:10517000184602F0B5FF8345DCD101350D2DDED197
:105180000134E4B2CAE72DE9F04F05468DB014466C
:1051900089461F4603AE4FF00F0A0FCD0FC60FCD45
:1051A0000FC62B6804F1160001253360FFF786FF58
:1051B0000026236880466360A681BD4203D9012092
:1051C0000DB0BDE8F08FA9EB050103A889B2FFF788
:1051D00084FF0028F4D0059ABD424FF0000100F191
:1051E000010B92F8283043F0010382F828300CBFFD
:1051F00045F040032B4680F80BA00173037080F844
:105200000D804183A089A8B9D4E901239A4211D124
:10521000B6B101364FF6FF70F6B20429CBB211D801
:10522000ABF8000001310BF1020B0D29EAD1013579
:10523000EDB2C2E72046019102F05AFE0199ECE777
:105240000126EAE70A2B94BFABF80300ABF8050090
:10525000E8E702464FF0203152F8163B2DE9F043C3
:1052600086680546C0F816105160C2F80710187815
:105270002E3818BF01201F4613F8012B2E2AFAD012
:10528000731EBB429E4603D913F801292E2AF8D17A
:1052900000224FF0070C4FF00809114690460AE033
:1052A0003B782E2B15D1BE4521D14FF00A0C082199
:1052B0004FF010090137B742F2D3AB7D202B58D005
:1052C00000284CD018EA020F18BF02226A75BDE808
:1052D000F083222B0BD07C2B09D0A3F15B04022C92
:1052E00005D9A3F12A04052C06D82D2B12D061452F
:1052F00012D800205F2320E0A3F13A04052C03D943
:10530000A3F121045D2C05D903F0C003802BEED15D
:105310000020CFE7614507D9BCF10A0F1DD0BE457B
:105320001BD30EF1FF37F3E7A3F16104192C0DD85D
:10533000203B49EA0202DBB2D2B24C1C2944E4B25F
:105340008B75062C00D82C752146B3E7A3F14104D8
:10535000192C98BF49EA0808EFE70020ADE72B7D3C
:1053600001227E212B446A75104699753121D97529
:10537000ADE70020ABE700002DE9F04707460D46FA
:105380000E7D62244FF0000ADFF8808001F11609DB
:10539000D8F80030032E534428BF03261FFA83FA9F
:1053A000331DDBB20AF00F02E918013B4FEA1A1A6B
:1053B000092ADBB294BF303237329E428A75F1D16E
:1053C000AB197E22002138469A75FFF786F9012134
:1053D0003846FFF763F9014628B97878B0FA80F0CB
:1053E0004009BDE8F087037873B1C37A1B07EED498
:1053F0000B22484612F0F4FD0028E8D1601E10F0A0
:10540000FF04C5D12046ECE70120EAE7741C022026
:105410002DE9F04F2DED028B8BB00D46174604930E
:105420008B68079005930B7813F0700F05D100205F
:105430000BB0BDEC028BBDE8F08F079B1B78002BF7
:10544000F5D113690D22002128460C334FF0000AD4
:10545000B3FBF2F3DBB2D0465446D34606937B7DD2
:105460009A0717BF069B012303F101095FFA89F32D
:10547000D1460293FFF731F907F11603CDF80CA0DE
:1054800008EE103A6E6900212846C6F34F16FFF762
:1054900005F9002861D16B78002BC8D1049B9A05CF
:1054A000C5D503F00303013B012BC0D8039B002C9F
:1054B00008BF33460393029B9C42C0F0C080BBF1FF
:1054C000000F40F0D780029B3A4628465E1E039BA1
:1054D0005FFA86FB53FA86F6B6B25B463146FFF7B3
:1054E00052FE0028A3D031462846FFF7F6FD0446B9
:1054F00000289CD02022002108F08CFCD7F8163020
:105500002360D7F81A306360FB8B238197F8203033
:10551000A3727B7D03F0180323735D4B1B68002B84
:1055200000F0B0800DF123020DF1260109A8984783
:10553000BDF824302382BDF82630E3819DF8233066
:105540006373059B059A93F8283043F0010382F8B2
:1055500028306BE04FF0010B94E70278E52A00D089
:1055600082B9039B002C08BF33460393029B9C42E5
:105570003CBF0134E4B2002A90D0E52A06D14FF0B6
:1055800000097FE7029B9C4238BF00242E2AF6D0F8
:10559000C17A0F2929D1B9F1000F1CD102F01F08DF
:1055A000069B43457FF46EAF12F040093FF46AAFAB
:1055B00090F80DA09946B8F1010F7FF463AF711C0C
:1055C0004B463A46284689B2FFF794FD002808BFAB
:1055D0004FF0000956E708F1FF385FFA88F84245B6
:1055E000CDD1427B5245E6D0C9E70B07C7D4B9F10C
:1055F000000F0AD0B8F1010F7FF419AFFFF75EFD7D
:1056000050457FF414AFCB460CE00B2218EE101A75
:1056100012F0E6FC00287FF435AF97F815B01BF0C8
:10562000010B97D1049B19053FF501AF049B32464E
:1056300029460798CDF800B0FFF7C5F8F8E6002135
:105640002846FFF72BF890B96B78002B7FF4EFAE6C
:105650002846FEF7E9FE00283FF4E9AE059B1B79DA
:1056600004EB0313DCB2029BA342F1D827E7013419
:10567000E4B220E739462846FFF77EFE00287FF493
:1056800022AFD4E645F6214323822383638258E781
:105690000C3D0120F7B514461E46084611F8013BA3
:1056A000202BFAD00025254F2060037833BB2369D7
:1056B000013BFE2B13D8024610F8013B202BFAD0F9
:1056C0002F2BF8D02046326003B0BDE8F040FFF742
:1056D000C0BD2239C9B227FA01F1CA072BD5002073
:1056E00003B0F0BD5C29FAD005D83E390129F6D9BE
:1056F0002561A060D9E77C29F1D0F9E72F2BD6D01E
:1057000001AA011D02F0A8FC0028E8D0019BB3F516
:10571000803F34BF012202227F2B1544E8D83C2B66
:10572000D9B2DFD82129D4D81F29D8D92E2BBCD063
:10573000202BBAD0DCE72E2BFBE700BF01210005B0
:105740002DE9F04100238AB00446019383789A073B
:1057500003D400200AB0BDE8F081016A002945D1D8
:1057600001212046FEF798FE05460028F1D0FFF7FC
:10577000A5FCE527002306462F702370A068A370C0
:10578000FEF724FE0028E4D0E378002BE2D0214687
:1057900001A8FEF796FE0028DBD001255FFA85F808
:1057A000E3784345D5D3A18801A8491B89B2FFF707
:1057B00094FC0028CDD0C37A0F2BCAD1027802F016
:1057C0001F034345C5D1437BB342C2D107700135A6
:1057D000A168ADB291F8283043F0010381F8283078
:1057E0005306DBD5A068FEF7F1FDB3E7806800F053
:1057F0007EFC0028B4D1ACE713B5044661B108467D
:10580000019112F0C7FD2368024601995B682046AA
:1058100002B0BDE81040184702B010BD486810B58E
:105820000C4658B10B894A8901339BB29A420B81CD
:1058300004D80349FFF7E0FF00232381206810BD4F
:10584000946B0020F0B5044687B00E461546002143
:105850004FF40072406A08F0DDFA206A10B1204966
:10586000FFF7CAFF636A03AAE0690393236AE1684A
:10587000049300230131ADF814306B09ADF81630F4
:10588000036800926A1EDF6A164BB84710B9002001
:1058900007B0F0BD206A10B11349FFF7ADFFF82241
:1058A000636A102E4FF0FF001A704FF001030CBF17
:1058B00004220C22616AC85401339A42FAD1E06989
:1058C000626A0368E1685B6A98470028DFD0E06994
:1058D000626A0368D4E902155B6A29449847D7E7EE
:1058E00072700020192001002770002038B5436A2B
:1058F0004FF40075044600212A46184608F08AFA3B
:10590000EB22A0F80B500270762242709022827037
:105910004FF02032C0F80320C0F8072094F82B2065
:105920004273228DC28102220274F82242752269DA
:10593000C261A26902624AF65522A0F8FE2138BD72
:1059400070B504464FF400720021406A08F062FA14
:10595000656A2269216805F2BF1002F0EDFAA369B9
:10596000226905F2C31021681A44013A02F0E4FAF0
:1059700094F82A30002185F8C2312369E069C5F81E
:10598000C631A369626AC5F8CA314AF65523A5F83B
:10599000FE310368BDE870405B6A1847F8B5D0F87F
:1059A00014C04FF480730446456A90F82B6043603E
:1059B0006368ACEB0301B1FBF6F101F20110000AE0
:1059C000420002F1A107BB4210D3DB1BA06003F130
:1059D00080002061A1F6F570B0F5704F09D3206A00
:1059E00010B12B49FFF708FF0020F8BD803363603A
:1059F000DEE781330120E36001FB0623208520469A
:105A00002133B3F5803FA36134BF0423062384F818
:105A10002A30FFF795FF0028E6D02046FFF766FF03
:105A20004FF40073A5F81130A368EB82802385F84A
:105A30002430292385F82630164BC5F827304FF03F
:105A40002033C5F82F30C5F82B30C5F83230462347
:105A500085F83630412385F83730542385F83830BF
:105A6000312385F83930362385F83A30E069626AA7
:105A7000036821695B6A98470028B5D062682046B0
:105A8000E3681021D21ABDE8F840FFF7DBBE00BF83
:105A90004870002087D61200F8B54FF40053044632
:105AA000456A42F2090C03614FF48043476990F85C
:105AB0002B6043606368F91AB1FBF6F101F18102D2
:105AC000D2090CEB420E5000734503D203F500538C
:105AD0006360EFE7A2604FF6F472914206D8206A45
:105AE00010B14F49FFF788FE0020F8BDA3F5005222
:105AF00001FB0633121A204692B2228502F50052AB
:105B0000E260A3F50052A261464A934294BF0B2380
:105B10000C2384F82A30FFF713FF0028E4D0204636
:105B2000FFF7E4FEA36802226B623F4BC5E90B233B
:105B3000802385F84030292385F842303B4BC5F857
:105B400043304FF02033C5F84B30C5F84730C5F827
:105B50004E30462385F85230412385F85330542384
:105B600085F85430332385F85530322385F8563084
:105B7000E069626A036821695B6A98470028B3D0CC
:105B8000E06921690368626A06315B6A9847002808
:105B9000AAD04FF400720021606A08F03BF9244B50
:105BA000E069C5F8FC31036821695B6A626A023109
:105BB0009847002898D0E06921690368626A083133
:105BC0005B6A984700288FD01A4BE0692B6003F17D
:105BD000FF53626A03F500532033C5F8E4314FF0F8
:105BE000FF33C5E97A33036821695B6A013198475D
:105BF00000283FF479AFE06921690368626A0731E0
:105C00005B6A984700283FF46FAFA268204694F87B
:105C10002B30202103EB4202BDE8F840FFF712BE13
:105C2000487000200004FB000100060087D6120027
:105C3000000055AA5252614138B504460846C4E9ED
:105C400008320B68E161DB69984700F2FF7360611D
:105C5000DB0A062B236008D8206A10B900252846E5
:105C600038BD1B49FFF7C8FDF8E7102B1ED9202BC4
:105C70001ED9402B1ED9802B1ED9B3F5806F1DD99C
:105C8000B3F5004F8CBF80234023B0F5800F84F81C
:105C90002B30204614D2FFF781FE0546206A95B1CD
:105CA0000028DCD00B49FFF7A7FDD8E70223ECE77B
:105CB0000423EAE70823E8E71023E6E72023E4E7E4
:105CC000FFF7EAFEE9E70028C8D00349EBE700BF89
:105CD000157000202A70002038700020042A04D893
:105CE00001EB4202B2F8010070470A2A03D801EB27
:105CF0004202908870470C2A9ABF01EB4202D0887A
:105D000000207047F8B504780D461746BCB314F070
:105D1000600407D0012A32D92F2301200B70002301
:105D20004B70F8BD2146FEF7B7FB40B3064621464F
:105D30000822082933780BD1202B1CD010222E23C7
:105D4000A4460134BC421AD2E4B205F80C300FE08C
:105D5000A3F1410C0136BCF1190F07D890F80CC023
:105D600012EA0C0FECD02033DBB2E9E7202BE7D1AD
:105D700001310C29DDD1002320462B55D1E700202D
:105D80002870CEE72DE9F04F00258BB0037806464A
:105D900088461746019563B1C37823B9FFF7B2FF70
:105DA0000BB0BDE8F08F014601A8FEF78AFB002882
:105DB00055D1002088F80000F2E7B18801A8A1EBD6
:105DC000090189B2FFF789F982460028F1D0C37A28
:105DD0000F2BEED1037803F01F039B45E9D14FF061
:105DE000000B5FFA8BF251463046FFF777FF25B381
:105DF00000F5105292B2B2F5806FDAD21B4BC0F3AD
:105E0000090003EA8525284300F5803021463A46FB
:105E100002F0D9F804460028CBD000250BF1010B85
:105E2000BBF10D0FDDD109F101091FFA89F95FFA04
:105E300089FBF3785B45C0D207E000F5205292B2AF
:105E4000B2F5006F06D30028E0D10023A4EB0800D0
:105E50002370A5E7B2F5806FABD20546DEE7013FC0
:105E600044464FF001094744E1E700BF00FC0F0042
:105E7000FFF788BF1368B3F5807F30B51C4628BF95
:105E80004FF4807401EB4405A94202D31B1B13603D
:105E900030BD31F8020B0028F6D150680130506057
:105EA000F2E71368802B30B51C4628BF802401EB35
:105EB0008405A94202D31B1B136030BD51F8040BAB
:105EC0000028F6D1506801305060F2E7037A00F5FF
:105ED0000E70022B08BF42F0020201F0CFBF012971
:105EE0002DE9F04106460C46174603D84FF0FF3027
:105EF000BDE8F081C3698B42F8D3C379202B12D15E
:105F00008169002201EBD411FFF7E0FF0028EDD0FA
:105F1000A40004F4FE740359F2699A422ABF0120D6
:105F200000203B60E4E7102B0DD1C1F3072183690A
:105F300000221944FFF7CAFF0028D7D0640004F4F8
:105F4000FF74035BE8E70C2BD0D1C1F34E088369E3
:105F5000002218FA81F81FFA88F5C8F346289844F9
:105F60004146FFF7B3FF0028C0D0C5F30803C55C66
:105F70000133B3F5007F08D1002208F1010130465A
:105F8000FFF7A4FF0028B1D00023C35CE20745EA75
:105F900003234CBF1B09C3F30B03BDE701292DE904
:105FA000F04180460C46154602D80020BDE8F0813D
:105FB000C3698B42F9D3C379202B0DD181690122AA
:105FC00001EBD411FFF782FF0028EED0A40004F407
:105FD000FE7405510120E9E7102B0DD1C1F3072113
:105FE000836901221944FFF771FF0028DDD06400A6
:105FF00004F4FF740553EDE70C2BD6D1C1F34E0723
:106000008369012217FA81F7BEB2C7F346271F44FE
:106010003946FFF75BFF0028C7D014F00104C6F330
:1060200008031CBF2A01C15C00EB030603F1010356
:106030001BBF02F0F00201F00F01EAB20A43B3F510
:10604000007F327007D101224046B918FFF73EFFAA
:106050000028AAD00023C5F30715C21824B9C35CD1
:1060600023F00F0343EA15151570B3E72DE9F3414B
:10607000C46805460E4690468C4201D3012701E0D4
:106080000C4600270134EB69A34202D2C7B9EC6881
:10609000F4E7A64214D001AA21462846FFF71FFFC5
:1060A00000280DDBEED0019B002BEBD107B1EC609B
:1060B0006FF0704221462846FFF770FF074620B96F
:1060C0000027384602B0BDE8F0812EB96B6A002B7C
:1060D0000ADAC8F80040F4E7224631462846FFF7BE
:1060E0005DFF0028F2D1EBE7013B6B62F1E773B58E
:1060F00005460C4601AA21462846FFF7F0FE061E7B
:1061000015DB002221462846FFF748FF78B16B6A6D
:10611000002BA4BF01336B62EB68A34284BF04F180
:10612000FF34EC60019C002EE4D102B070BD002071
:10613000FBE70000F0B50446406A87B0002838DA73
:10614000E3790025E6690C2B06F1010633D094F8BB
:1061500038222369D207CDE904652ED40022E579DF
:10616000206804AE84F83822202D4FF0FF32A16958
:106170000568C4F8442204F5127227D10196154E21
:106180000096AD69A84748B10598606211E004AA7D
:1061900039462046FFF7A3FE002802DA4FF0FF3011
:1061A00007E002D0049B03B901350137B742EED3B3
:1061B000284607B0F0BD0227F8E704F50E700393F8
:1061C00001F035FE039B0028C8D1E7E70196024E97
:1061D000D6E700BF9F26010071260100F8B5002315
:1061E000044601601546C371012004F12806E162EE
:1061F000E0604FF0FF3084F828306063C4F83C1250
:1062000084F83832C4F84402CAB1042A01D9002003
:10621000F8BD05F180551A4619463046013D01F09A
:106220002DFE00F5DF732A0103EB05150028EED0E3
:1062300029790029EBD09B5C5B06E8D1AD68002290
:106240002946304601F01AFE0028E0D0B0F80B30A5
:10625000B3F5007FDBD1037C2372013B012BD6D841
:10626000417B092600224B1E217163710123994253
:1062700033D1A271C38A23610BB9436A2361C389F5
:10628000B0F811102B44266961814901A361077C94
:1062900001F2FF1106FB0733236203EB5123B0F831
:1062A0001310636101B9016AED1A0D44D5406B1CEE
:1062B000E3614FF0FF33636240F6F4739D4215D9FA
:1062C0004FF6F4739D4213D9C36A23622023012041
:1062D000E3712663C4F840629AE7013E01D1A271DE
:1062E00095E701325B00D2B2DBB2C0E70C23EEE7E8
:1062F0001023ECE7F8B500278C6B06460D46C0E985
:106300000E7784B10146242000F0A1F80780877041
:106310000446AD6BB0630FCD0FC40FCD0FC42B6817
:1063200023603046F8BDCB6B002BFAD001463820F5
:1063300000F08DF880F831404486EB6BF06303F198
:10634000340253F8041B934240F8041BF9D1E8E7E8
:1063500010B50446806B28B1FEF724FB10B1002372
:10636000A36310BDE06B08B90020FAE7FCF71EFA42
:106370000028F9D00023E363F3E773B504460D4624
:1063800011B9002002B070BDCDE90023FFF7E0FF96
:10639000D5F88064DDE9002396B10026214624204B
:1063A00000F055F806808670A063D5F88014DDE90A
:1063B0000023FEF74EFB08B10120E3E7A063E1E70D
:1063C000D5F88414CDE900230029DAD021463820FD
:1063D00000F03DF880F831604686E063D5F884141B
:1063E000DDE90023FCF7B3FD0028E5D1E063C9E750
:1063F00073B50D4601920446FFF7AAFFAE6B019AF2
:106400008EB12146242000F022F80021019A01805B
:106410008170A063A96BFEF737FA10B1012002B0BA
:1064200070BDA063FBE7E86B01920028F7D021461E
:10643000382000F00CF8019A80F831604686E0635D
:10644000E96BFCF78BFD0028E8D1E063E7E708463D
:10645000704700002DE9F843002704461E46C0F8A7
:106460008814C0F8807401464FF490609146FFF79D
:10647000EEFF324680F84474054680F87974A0F83F
:106480007A74C4F88404D4F88814DFF89880FDF78F
:1064900009FFB8B105F589673846FCF787F9294641
:1064A0003846FCF7ADF968B11C4B1A6802B91D609B
:1064B000B9F1000F02D1D8F800300BB9C8F800408C
:1064C000012028E00027214640F26C40C4F8847483
:1064D000FFF7BDFF0223C771324603720546A0F8DD
:1064E000487480F84A74C4F88004D4F88814FFF71C
:1064F00075FE58B105F589663046FEF753FA294610
:106500003046FDF7D8FF08B1054BCEE70020C8F8AC
:106510000000C4F88004BDE8F88300BF903D01206E
:10652000F03E0120EC3E012038B504464FF47A7568
:106530000020C4E901052073044DC4E9120020467F
:1065400040F8105BFFF719FF204638BDC837002020
:106550004FF0FF307047407C7047007D7047407DB2
:10656000704701207047007F7047036810B45C6972
:106570000123A4465DF8044B604738B50368044620
:106580000D461B6A984700B1257738BD2DE9F047C5
:106590001F46C37C04460D46022B1646DDF82090AC
:1065A00002D183698B4209D02368294620461B6E9D
:1065B000984710B90020BDE8F087A56105EB0608F3
:1065C00045450BD1A369207F3344A3610028F2D154
:1065D000236820465B6EBDE8F047184749462846C9
:1065E000B847236801462046DB6D013598470028EF
:1065F000E6D1DFE77047043001F0F1BB10B5044687
:10660000202107F02BFC204610BD1FB5036869460A
:10661000DB6C984710B39DF8003013F0C00320D115
:106620009DF806309DF8070003F003039DF80A204B
:10663000800040EA83209DF8083040EA93109DF8DE
:10664000093003F0030301305B0043EAD2139DF8E5
:10665000052002F00F021344073B984005B05DF897
:1066600004FB402B0ED19DF809009DF80730013046
:1066700003F03F0300EB03409DF8083000EB0320DC
:106680008002EBE70020E9E72DE9F0411E46C37CDC
:1066900004460D46022B174602D183698B4209D06E
:1066A0002368294620461B6E984710B90020BDE894
:1066B000F081A5610025AE4207EB45210BD1A3690E
:1066C000207F3344A3610028F1D1236820465B6E0C
:1066D000BDE8F041184723682046DB6D9847002845
:1066E000E4D00135E7E770B5867C04466EB9051D38
:1066F000284601F036FB3146207C01F030FBFF21BB
:10670000284601F086FB0123A37470BD837C13B57A
:1067100004466BB10121007C01F021FB201DFF210B
:10672000019001F076FB019801F032FB0023A37485
:1067300002B010BD70B5C37C0446012B10D0867C1E
:106740000EB9FFF7D0FF201D01F04CFBB0F1FF05A3
:1067500018BF012516B92046FFF7D8FF284670BD9F
:106760000025FBE7F7B5184F0446061D3D6805F503
:106770009675ADB23046CDE9001201F033FBFF282B
:106780002075DDE900120FD0FE2818D1304601F047
:1067900034FB2075A8B9304601F024FB304601F0E7
:1067A00021FB012003B0F0BD3B68EB1A1B04E1D5CF
:1067B0001D2320466374FFF7A9FF0020F2E718238A
:1067C000F7E72523F5E700BF741C02204FF40072A1
:1067D000FFF7C8BF70B5094E051D336819448CB268
:1067E000284601F0FFFAFF2801D1012070BD33686F
:1067F000E31A1B04F4D50020F8E700BF741C022044
:1068000003682DE9F3411B6A044601920D4698473F
:10681000002838D0A37C13B92046FFF764FF0C2D65
:1068200028D1261D03270DF1040845F0400130460C
:1068300001F0EFFA18F80710304601F0EAFA013FCC
:10684000F8D2002D30464FF00A050CBF9521872164
:1068500001F0DFFA304601F0C5FA304601F0C2FA25
:106860000306207503D5013DADB2002DF5D102B070
:10687000BDE8F0814FF496712046FFF7ABFF00288A
:10688000CFD1002DCDD0FF20F1E7F8B500220D4685
:106890003A210446FFF7B4FF30B112232046637457
:1068A000FFF734FF0020F8BD2E1D271D384601F0EC
:1068B00099FA06F8010DAE42F8D12046FFF726FFFF
:1068C0000120F0E738B5154600220446FFF798FF8F
:1068D00030B11B23637420460025FFF717FF0AE041
:1068E000294610222046FFF73DFF05460028F2D03A
:1068F0002046FFF70BFF284638BD0A460921FFF75F
:10690000E1BF0A460A21FFF7DDBF38B503680D462F
:1069100004469B6D984703284FF01201204618BF8C
:106920006D022A46FFF76CFF30B10C2320466374DA
:10693000FFF7ECFE002038BD0120E074FBE738B51E
:1069400000240C2105462246C474FFF759FF30B1DC
:10695000092328466B74FFF7D9FE204638BD284628
:10696000FFF7D4FE0120F9E7C27C022A02D10368B6
:106970005B6E1847012A01D1FFF7E1BF0120704784
:10698000F8B51E46C37C04460D46012B174602D1BE
:1069900083698B4207D029462046FFF7B6FF08B926
:1069A0000020F8BDA5610025B54207EB45210AD1BD
:1069B000A369207F2B44A3610028F2D12046BDE8C3
:1069C000F840FFF7BCBF2046FFF700FF0028E7D0E4
:1069D0000135E9E72DE9F0471E46C37C04460D4624
:1069E000012B1746DDE9089A02D183698B4208D052
:1069F00029462046FFF789FF10B90020BDE8F0873F
:106A0000A56105EB060845450AD1A369207F3344FB
:106A1000A3610028F2D12046BDE8F047FFF78FBF01
:106A200039462046FFF7D2FE0028E6D028465246D7
:106A300039460135C847E6E738B503680D460446D0
:106A40009B6D984703284FF01901204618BF6D022F
:106A50002A46FFF7D5FE30B10E2320466374FFF7B8
:106A600055FE002038BD02230120E374FAE7000040
:106A70002DE9F04788B004460026174601ADA674FC
:106A80006674667585E80E009DF80400207401F0B8
:106A900063F90121207C01F062F94F480723C4E922
:106AA000020395E8070005AB251D83E8070028468B
:106AB0000ECB01F05DF92046E6740A26FFF713FEBF
:106AC0000121207C01F04BF9013EFF21284601F015
:106AD000A0F916F0FF06F7D131460A26207C01F016
:106AE0003EF9002220461146FFF78AFE0128804623
:106AF0000AD0013E16F0FF06F3D10123204663744D
:106B0000FFF704FE002055E008214FF4D57220461F
:106B1000FFF776FE410750D4022304266375013E39
:106B2000284601F05FF9207516F0FF06F7D1AA2874
:106B30004ED123682046DFF8A4A09B6D9847821EA3
:106B4000DAF80030504203F5FA6850411FFA88F82D
:106B50008607002237212046FFF752FE32462921C0
:106B60002046FFF74DFE814650BB236820469B6DB3
:106B70009847022817D14A463A212046FFF740FE9F
:106B800040BB284601F02EF900F0C000C02828467E
:106B900004BF0323637501F025F9284601F022F9AB
:106BA000284601F01FF92046FFF7B0FD072301201A
:106BB000A760E36008B0BDE8F08784F81580B8E707
:106BC000DAF80030A8EB03031B04C2D5172395E7BE
:106BD000062393E7122391E7801A0600741C022013
:106BE0007FB503680E4669460446DB6C1546984738
:106BF00080B19DF80A305A0611D403F03F039DF886
:106C00000B205B0043EAD2136A1C3243134206D0C6
:106C10002723637420460025FFF778FD26E0637D77
:106C200020212046032B1CBF76026D023246FFF75F
:106C3000E7FD08B12623ECE72A4621212046FFF78D
:106C4000DFFD02460028F5D126212046FFF7D8FDBA
:106C50000028EFD142F210712046FFF7BBFD054638
:106C600008B92823D5E72046FFF750FD284604B091
:106C700070BD38B54FF416710446FFF7ABFD0546FD
:106C800030B91E2320466374FFF740FD284638BD07
:106C9000FD21201D01F0BDF82046FFF737FD002340
:106CA000E374F3E737B5154604460430019001F06C
:106CB000B0F84FF400722946019801F0B3F8FF21B3
:106CC000019801F0A6F8FF21019801F0A2F80198BF
:106CD00001F088F8207500F01F00052807D0202358
:106CE00020466374FFF712FD002003B030BD012081
:106CF000FBE713B501914FF416710446FFF76AFDE7
:106D0000019A30B9242363742046FFF7FFFC00206A
:106D100005E0FC212046FFF7C5FF0028F4D002B0B3
:106D200010BD036870B59B6D0D4604461646984726
:106D300003284FF01801204618BF6D022A46FFF7BE
:106D40005FFD30B10D23637420460025FFF7DEFCA4
:106D50000AE03246FE212046FFF7A4FF0546002840
:106D6000F2D02046FFF7D2FC284670BD10B4047F55
:106D700034B103689C6A0123A4465DF8044B604764
:106D80005DF8044BFFF7CDBF30B585B0054601ACCB
:106D900084E80E0094E80E00FFF76AFE20B19DF82B
:106DA000053003F001032B7705B030BD2DE9F84322
:106DB000089D06460C46174603EB0108444502D1E0
:106DC0000120BDE8F88333683A46214630461B6906
:106DD00004F1010998470028F3D02046099A394662
:106DE0004C46A847EAE72DE9F04105460C461F4608
:106DF0005618B44201D101200CE02B6820460699B8
:106E0000D3F82480B8472146024628460134C047BB
:106E10000028EED1BDE8F0810020704700207047C7
:106E20000020704770470000074B0021074A996314
:106E3000186B106012681A639A6C22F081029A64CF
:106E4000034B1970704700BF00002C40043D012027
:106E5000602B0220064BC3F8CC01C3F8D001C3F865
:106E6000BC01C3F8C001C3F8C401C3F8C80170472E
:106E700000801F40034B04481B6B1840B0FA80F0A1
:106E80004009704700002C4001000F00024B586A77
:106E900000F00100704700BF00002C40034B586A0F
:106EA00080F08070C0F30060704700BF00002C408D
:106EB000014B1878704700BF602B0220034B586AC3
:106EC00080F40060C0F3C020704700BF00002C4079
:106ED000034B586A80F48060C0F38020704700BF85
:106EE00000002C40034B04481B6B1840B0FA80F0A4
:106EF0004009704700002C4002007F114FF47A7364
:106F00005843234B5A6AA3F51033D3F800110623D4
:106F1000C2F3C22201F03F010132B1FBF3F11D4B7C
:106F2000B3FBF1F30921B3FBF2F3012230B51401F5
:106F3000B3FBF4F4844201D9013902D11446012192
:106F400003E05200F3E701312C46B3FBF4F5854230
:106F500003D9102902EB0405F5D14FF47A700139F9
:106F6000520844430C48B3FBF4F303600B48C36A74
:106F700023F47F2323F47F6343EA011343EA0223CC
:106F800043F46023C362436A1B07FCD530BD00BFD6
:106F900000C00F4000EC695ED02C012000002C40A6
:106FA000014B1878704700BFFACB0020014B1868DE
:106FB000704700BF043D0120054B03F1100253F858
:106FC000040B934241F8040BF9D10120704700BF34
:106FD0003F2B0220054B03F1100253F8040B9342A0
:106FE00041F8040BF9D10120704700BF4F2B02205C
:106FF000024B01201B680B60704700BFE83C01207A
:1070000070470000F8B50546064F06F04BFB0646F4
:10701000A847044620B106F045FB801BB842F7D9CB
:107020002046F8BD40420F002DE9F0410B4F0546C8
:10703000DFF82C80386006F035FB0646A84704468A
:1070400020B9002320463B60BDE8F08106F02AFB12
:10705000801B4045F5D809F06BF8EFE7003D0120B3
:1070600040420F0010B504460C2106F0F7FE204602
:1070700010BD000008B5002047F2B802FFF7EAFE95
:1070800041F2B801064BC3F8BC23C3F8C023C3F8D0
:10709000AC23C3F8B013C3F8B423C3F8B82308BDB6
:1070A00000801F402E4B0520D3F8002142F08002C3
:1070B00010B5C3F80021D3F800212A4C22F03F027A
:1070C000C3F80021D3F8002142F01802C3F80021D0
:1070D000D3F8002122F08002C3F8002103F5103319
:1070E000D3F8802042F00C02C3F880205A6A22F4C0
:1070F00060525A62DA6942F48032DA615A6A42F4C2
:1071000000625A62FFF7A6FEA36C43F00043A3643B
:10711000E36A43F0807343F40043E362E36ADA0115
:10712000FCD44FF4C870FFF7E9FEFFF7A3FF0E4B46
:107130000E4A63630E4BC3F8F8210E4B602283F8AE
:107140006E204FF0E0234FF48042C3F80C21E36A35
:10715000044A43F00063E362D36A1B01FCD410BD10
:1071600000800D4000002C400B007F1125360100EF
:1071700000D0002000E400E0044B1B7823B1044B56
:1071800018780230C0B27047012070472B2B0220C4
:10719000362B022038B5044614480D46FFF732FF5F
:1071A000F8B9134BA1029D6007D59A6C22F0FF023B
:1071B0009A64E2B2996C0A439A6424F0FF040C4D7D
:1071C0000C48EC60FFF71EFF58B92A6B0A4B1A6097
:1071D0001A682A631A68D20703D51B6813F4702F44
:1071E00001D0002038BD0120FCE700BF8936010036
:1071F00000002C4071360100043D012008B5044B0D
:1072000004481968FFF7C6FF08B1034B186908BDA9
:10721000EC3C012000001A0D00002C4008B5FFF7DF
:10722000EDFF80F48070C0F3002008BDFFF7E6BFDB
:10723000134B30B50C4685B01968FFF7ABFFE8B1CA
:10724000104B04F10F051A6900925A6901929A696C
:107250000292DB690393002323F0030203F003018E
:1072600001331032C9000F2B6A4452F8102C22FA55
:1072700001F205F8012DEFD10023E37305B030BD15
:10728000EC3C012000002C4008B50848FFF7CCFE7C
:1072900050B9074B1A68920705D51A68054B1A4270
:1072A0000CBF0120002008BD0020FCE7AD36010026
:1072B000043D012000007F11F8B51D4693070746E5
:1072C0000C46164600D145B9184B25221A7040F2DB
:1072D000F512174B1A600020F8BD1648FFF7A4FE00
:1072E00030B1124B0A221A704FF4FC72104BF1E7C6
:1072F000114B012211491A70114B1860114B0E608D
:1073000003EA054343F400734B600F4B8B630F4B51
:107310001B7803B9640221463846FFF73BFF00287B
:10732000D9D0BDE8F840FFF7AFBF00BFFACB0020CF
:10733000DC2C0120193A0100602B022000002C40B7
:10734000043D01200000FF1F02007F11362B0220A8
:10735000F8B50746007A0C461546C0071E460ED4FF
:107360000E44B44210D03B682A46214638461B6979
:10737000013405F5007598470028F2D10DE090071B
:1073800011D00E44B44201D1012007E03B682A46E7
:10739000214638461B69984708B90020F8BD0134DA
:1073A00005F50075EEE70648FFF786FF0028EBD1EC
:1073B000044B0C221A7040F2A132034B1A60EDE725
:1073C00037003A12FACB0020DC2C0120F8B5074632
:1073D000007A0C461546C0071E460ED40E44B44231
:1073E00010D03B682A46214638465B6A013405F5D1
:1073F000007598470028F2D10DE0900711D00E4497
:10740000B44201D1012007E03B682A4621463846B4
:107410005B6A984708B90020F8BD013405F500758E
:10742000EEE70648FFF748FF0028EBD1044B0E2299
:107430001A7040F23D42034B1A60EDE727003A19FB
:10744000FACB0020DC2C0120164A137813F0C0037D
:1074500018D19379D07903F00303917A800040EA40
:107460008320137A40EA9310537A527903F003038E
:10747000013002F00F025B0043EAD1131344073BD3
:1074800098407047402B0BD1507AD379013003F0EC
:107490003F0300EB0340137A00EB032080027047A8
:1074A000002070474F2B0220037ADB0708D50A4BD8
:1074B0001B6803B11847094B187860B1FFF7AEBEDF
:1074C000074B1B780BB1FFF70DBD064B586A80F0D8
:1074D0008070C0F300607047003D01202A2B02201D
:1074E000372B022000002C4038B51546284A937AE5
:1074F00013F0400412D103F03F03D27A5B0043EA59
:10750000D2136A1C0A43134208D0224B27221A7056
:1075100040F20232204B1A60204638BD1F4B1B78C8
:107520000BB949026D021E48FFF734FE044630B91C
:10753000184B0F221A7040F20A32174BEBE729461C
:107540001848FFF727FE044630B9124B10221A7074
:1075500040F20D32104BDEE700211348FFF71AFE10
:10756000044630B90B4B11221A704FF444720A4B87
:10757000D1E70E48FFF746FD0028CDD0054B282265
:1075800000241A7040F21332034B1A60C4E700BFA4
:107590004F2B0220FACB0020DC2C0120362B0220BE
:1075A00000001A2000001A2100001B26193A0100D1
:1075B00010B50F4C23780BB9012010BD0D48FFF713
:1075C00021FD00230C4A2370116B0C4B19601968C4
:1075D000116318B91A680A4B1A42EDD0094B1F22E1
:1075E00000201A7040F27A22074B1A60E5E700BFCC
:1075F000372B0220E136010000002C40043D012021
:1076000000007F11FACB0020DC2C0120F0B5057AB8
:10761000ADF5017D04460F4615F0010516461BD059
:10762000930706D031466E464FF40072684606F066
:1076300057FB0123324639461A48FFF73DFE0546FF
:1076400030B9194B0D221A7040F21142174B1A60D3
:1076500028460DF5017DF0BDFFF7AAFF0028F7D001
:10766000637A022B02D16368BB420FD023682046A5
:107670001B6A98470028EBD02368394620461B6ECA
:1076800098470028E4D0022367606372236831467C
:107690002046DB6D98470028DAD063680546013341
:1076A0006360D5E701003A18FACB0020DC2C0120FA
:1076B00038B5174C00211748A36A23F48033A3621E
:1076C000FFF768FD054640B9134B09221A7040F2D6
:1076D0003D22124B1A60284638BD1148FFF7A4FC22
:1076E00040B10D4B0A2200251A704FF410720B4B5B
:1076F0001A60F0E7636A9B07EDD5616BA36AE26AE3
:1077000023F4803342F08062E2626163A362E2E7C5
:1077100000002C400000DB0CFACB0020DC2C012008
:107720009936010070B50C46FFF742FF0546D8B107
:10773000194B5A6AD20507D49A6A22F480329A62A7
:107740009A6A42F400329A629A6A144842F4803289
:107750009A62FFF757FC48B1114B212200251A709D
:107760004FF47E720F4B1A60284670BD04F500710D
:10777000094A536A5B05FCD5231F04F13C0053F80A
:10778000046F83421662FAD140348C42F1D1064B29
:1077900001221A70E8E700BF00002C40CD3601003E
:1077A000FACB0020DC2C0120372B022010B5144826
:1077B0000C46FFF739FC40B1124B0A2200201A7028
:1077C00040F24B42104B1A6010BD104B9A6A22F4E3
:1077D00080329A624FF400725A600D4B1B7803B9E5
:1077E000640221460B48FFF7D5FC0028ECD1054B7D
:1077F0000E221A7040F25742034B1A60E4E700BFB2
:10780000193A0100FACB0020DC2C012000002C40AA
:10781000362B022020003A1938B5044618480D4688
:10782000FFF7F0FB40B1174B0A2200201A704FF40B
:10783000CC72154B1A6038BD144B012221461A70C8
:10784000134B144A1860144B14481D605A60144AB4
:107850009A63FFF79FFC38B90A4B04221A7040F272
:107860009F12094B1A60E6E7FFF70EFD0028E2D1F0
:10787000044B25221A704FF4D172034BF2E700BF7C
:10788000193A0100FACB0020DC2C0120602B0220E9
:10789000043D01204000010000002C4011003A0688
:1078A00002007F112DE9F04F0024834F834D91B0EA
:1078B000DFF84882824E017244723C702C7088F866
:1078C00000403470FFF7EEFB21462046FFF762FCD4
:1078D000044648B9012340F28E222B70794B1A607E
:1078E000204611B0BDE8F08F0324DFF814924FF466
:1078F000D5714846FFF74EFC80B1734B1B69B3F559
:10790000D57F07D006234FF425722B706D4B0024D2
:107910001A60E5E7012333706C4E0FE0013CE6D1BD
:107920003378002BF8D1FFF7BDFB21462046FFF747
:1079300031FC3378002BEFD14FF4401605F0B2FE46
:10794000DFF8AC910446DFF8BCA1DFF8BCB1002140
:107950004846FFF71FFC28B917234FF42A722B70F3
:10796000584BD4E731465046FFF714FC0028F3D0BB
:1079700005F098FE001B5845EED8534B1A69002AB3
:10798000E5DA1969524A5348116000211B695A000F
:1079900044BF012388F80030FFF7FCFB044628B9F8
:1079A000022340F2B1222B70464B98E700214A484F
:1079B000FFF7F0FB044628B903234FF42D722B7018
:1079C000404B8CE7404EDFF84481336943491B0C40
:1079D00043481B04C8F80030FFF72AFC044628B9C6
:1079E000072340F2B9222B70364B78E73D493E48D9
:1079F000FFF71EFC044628B908234FF42F722B70A2
:107A0000304B6CE7D8F800103848FFF7C3FB04464A
:107A100028B9052340F2BF222B702A4B5FE7D8F824
:107A200000103348FFF7B6FB18B302213148FFF7C7
:107A3000B1FB0446E8B1B36A69466FF07F4023F0BA
:107A40000603B362B36A43F00203B3624FF010134C
:107A50007364FFF7E1FE90B946F2A8120520FFF724
:107A6000F9F91046FFF74AFAFFF704FB01233B70D0
:107A700036E7142340F2C3222B70124B47E79DF8E0
:107A80000D309B07E8D50F4E69461B4895F80090CE
:107A9000D6F80080FFF7C0FE9DF8103018B103F053
:107AA0000F03012B04D085F80090C6F80080D3E7BF
:107AB0004CF25032D2E700BF2A2B0220FACB002032
:107AC0002B2B0220DC2C012000002C400000304039
:107AD000E83C01200000090200001A034F2B02209D
:107AE000000009093F2B02200000090A00001B07C3
:107AF00000001A3700001A06F1FFFF80362B022023
:107B000000001A080000022940420F00EC3C01204E
:107B100038B5254B0C465A6A90050DD49A6A22F462
:107B200080329A6272B69A6A42F400329A629A6A13
:107B300042F480329A6262B61C48FFF763FA40B1A1
:107B40001B4B1A221A7040F256321A4B00201A6050
:107B500038BD04F50072144D6B6A1905FCD5231F5E
:107B600004F13C01286A43F8040F8B42FAD14034F7
:107B70009442F1D11048FFF745FA30B10C4B1D2269
:107B80001A7040F261320B4BE0E72A6B0B4B1A6024
:107B90001A682A631A689207DAD51A68084B1A42DB
:107BA0000CBF01200020D3E700002C40B9360100B3
:107BB000FACB0020DC2C0120E1360100043D01203D
:107BC00000007F1110B514480C46FFF72DFA40B1A4
:107BD000124B0A2200201A7040F2B132104B1A6088
:107BE00010BD104B9A6A42F480329A624FF40072D0
:107BF0005A600D4B1B7803B9640221460B48FFF70E
:107C0000C9FA0028ECD1054B0C221A7040F2BD32A3
:107C1000034B1A60E4E700BF193A0100FACB0020D9
:107C2000DC2C012000002C40362B022030003A12C0
:107C3000F0B5057AADF5017D04460F4615F0010556
:107C400016461FD0930721484FF001030CBF14467E
:107C50006C462246FFF730FB054650B91C4B0B2201
:107C60001A704FF45D721B4B1A6028460DF5017DAA
:107C7000F0BDB442F9D04FF400726946304606F0C8
:107C80002FF8F2E7FFF794FC0028EED0637A012B7F
:107C900002D16368BB420ED0236820461B6A984716
:107CA0000028E2D039462046FFF78CFF0028DCD0C0
:107CB00001236760637231462046FFF729FF0028E1
:107CC000D3D06368054601336360CEE711003A11F3
:107CD000FACB0020DC2C012070B5134A00250E469B
:107CE00045722946936A114823F480339362FFF763
:107CF00051FA044640B90E4B09221A7040F2D332B1
:107D00000C4B1A60204670BD002EFBD00A48FFF7CE
:107D10008BF90028F6D0064B0A222C461A7040F246
:107D2000D732044B1A60EDE700002C400000DB0C5A
:107D3000FACB0020DC2C01209936010010B5044656
:107D4000FFF736FC38B1637A2BB120460121BDE83C
:107D50001040FFF7C1BF10BD012105F011BD05F0B6
:107D6000DDBCD0E9011208B50068F9F71FF808BDBD
:107D700084B00DF1100C0CE90E00044A002B08BF72
:107D800013460360184604B0F9F790BFB0B3002063
:107D90000368DA7C12B3D00704D5986A4FF0E0216B
:107DA000C1F80001910704D5D86A4FF0E021C1F86D
:107DB0000401500704D5186B4FF0E021C1F8080109
:107DC000110704D5586B4FF0E021C1F80C01D20621
:107DD00004D59A6B4FF0E023C3F810217047006878
:107DE000FAF74FB90368FF221B685A66DA6D12F47E
:107DF000F81FFBD0586FC0B2704708B50068134633
:107E0000FF2280F83C200A460021FAF70FF90020F3
:107E100008BD03681B685966DA6D12F4F81FFBD0C1
:107E20005B6F7047134600680022FAF7FFB873B51E
:107E300003780446DA071FD5406804F11002E168B0
:107E4000036801925B6A9847019A054618B90025B4
:107E5000284602B070BD23789B0704D4237823F012
:107E600001032370F4E7201D43C8036831445B6AB3
:107E700098470028F2D1EAE70125E9E7436870B5A1
:107E800004460E4615460BB9002070BDC3688B42F0
:107E900008D0FFF7CCFF0028F6D06B070AD50023E7
:107EA000E6602370237805F0030520462B4300F895
:107EB000103BEAE7606804F11002314603681B6971
:107EC00098470028EBD1DFE700231370014B1B68B4
:107ED000184700BF103D0120024B034A1A60034BB4
:107EE000186070470C3D0120C5460100103D01207F
:107EF000838913B5044623B100228281184602B05B
:107F000010BDD0E901018842F8D201AA00F0A4F81E
:107F100010B94FF6FF73F1E7019A6060B2F5803F48
:107F200093B2EBD3C3F30903920AA3F51053A2F55E
:107F30002152A38193B2E1E7B1F5807F30B52FD80C
:107F400010294FF020042DD920292DD980292DD991
:107F5000B1F5FC7F2CD9B1F57C7F2BD9B1F5FC6F45
:107F60002AD9B1F57C6F94BF8023FF2313FB04F360
:107F7000B2FBF3F1B1F5806F20D203FB1123B2FB0A
:107F8000F4F5B3FBF4F304FB1522DBB20132D2B2F9
:107F900003708B08817023F03F031A43427030BD99
:107FA0003F24D3E70223E1E70423DFE70823DDE7EB
:107FB0001023DBE72023D9E74023D7E73F22FE2326
:107FC00040F2FF31E4E70346501A7F2B05D8002822
:107FD00041D0084600F8013B7047B3F5006F0DD261
:107FE000012837D99A0903F03F03084662F03F029F
:107FF00063F07F0300F8022B4B707047B3F5803FAE
:1080000011D2022826D91A0BC81C62F01F020A706E
:10801000C3F3851203F03F0362F07F0263F07F0336
:108020004A708B707047032814D99A0C081D62F0AF
:108030000F020A70C3F3053262F07F024A70C3F385
:10804000851203F03F0362F07F0263F07F038A70C2
:10805000CB70704700207047884230B505463AD251
:10806000037890F90000002802DB681C136030BD23
:1080700003F0E000C0281ED103F01F0302242819DA
:10808000884228D8013515F8011B01F0C004802C66
:1080900021D101F03F01854241EA8313F3D1A3F1DD
:1080A00080040E498C4216D8A3F55841B1F5006FF3
:1080B00011D31360DBE703F0F000E02803D103F0F5
:1080C0000F030324DBE703F0F800F02803D103F0EB
:1080D00007030424D3E70020C9E700BF7FFF100097
:1080E0007E2830B527D8A0F16103192B8CBF00235F
:1080F0000123A0EB431398B230BD03EB520231F8D9
:10810000225085428CBF14461346E21A012AF4D845
:108110009AB231F8223098422DD301EB8201C31A72
:10812000CA78934227DA91F90220012A07D103F095
:108130000103C31ADFE7352400231149E5E71AB12B
:1081400092B2024490B2D7E74EF2A032F9E703EBC5
:10815000520231F8225085428CBF14461346E21A6F
:10816000012AF4D89BB231F82320824204BF01EBEC
:1081700083014888C0E74B2400230249EFE700BF92
:10818000F0690020DA670020002281600270024A54
:1081900012684260704700BF741C022010B5094C81
:1081A000D0E901322168C91A914208D30AB1017895
:1081B00019B123684360012010BD1344FAE7002081
:1081C000FAE700BF741C0220026E22F47F6323F0E2
:1081D0000F0343F00F0303664166036F9B07FCD454
:1081E0000266406F80B270474166C36D13F4F81F9A
:1081F000FBD0406FC0B27047B0F92C20B0F924100A
:10820000B0F92EC01144F8B5B0F85430B0F9284098
:108210009942B0F856701444B0F92620A8BF194608
:10822000B0F954509C42624421EAE171B0F95660C1
:10823000A8BF1C46B0F92A30BA4209B2634424EA06
:10824000E474A8BF3A460186BB4224B222EAE27235
:10825000A8BF3B46A14212B2848623EAE37342865A
:108260001BB2C3861CD0A2EB030CDCF1000747EB6A
:108270000C07AC42077215D10A4313D19A1B534223
:108280005341437207F054FF074B1B783BB1074B38
:108290001B78DB0703D5064B1B68064B1B68F8BD34
:1082A0000127E6E70023ECE7AB300220AA300220EA
:1082B000741C0220001E022070B5164D4FF480760B
:1082C00080F88230056000259DF8143080F87250E7
:1082D00080F881309DF81030C56080F8833001232C
:1082E0000582856380F83C50A0F8485080F88010E3
:1082F00080F8A02080F88C3080F87250C0E90156D8
:10830000054EC0F894604FF07E56C0E92155C0F884
:108310009C6070BDEC3700200100010811B1B0F87D
:1083200050007047B0F85400704711B1B0F85200D7
:108330007047B0F856007047084A01EB81015318A6
:10834000525C80F85F205A7880F860209A78DB7859
:1083500080F8612080F86230704700BF0170002013
:1083600090F8632090F85F30D20902D043B91846E4
:10837000704790F8E920C2F3810202FB0333DBB2BD
:1083800090F85C2071B1012AB0F9541003D891FB28
:10839000F3F3DBB2EBE713FB02F3DBB291FBF3F198
:1083A000CBB2E4E7012AE2D913FB02F3F1E790F83C
:1083B000632090F86030D20902BF90F8E92002F003
:1083C000030202FB033390F85D2008BFDBB279B1F2
:1083D000012AB0F9561003D891FBF3F3DBB205E0A4
:1083E00013FB02F3DBB291FBF3F1CBB218467047FB
:1083F000012AFBD913FB02F3F0E7D0F8A4300020E8
:1084000010B51A78824202DC4FF0FF3010BD5C6874
:1084100014F830408C42F9D00130F3E72DE9F041F7
:1084200090F86330054688461446DB0906D190F87B
:108430005F3013FB04F318B2BDE8F08122B908469F
:108440000FF0A8FF84B21CB395F85F600EB1EB6E1D
:10845000EFE7374618F80610202908D1EB6E3B44A9
:108460009FB20136B3B2A342F4D338B2E4E70D2988
:10847000F7D00A29F5D02846FFF7BFFF0028F0DB28
:10848000D5F8A4305B6803EBC0035B681B79E6E7B3
:108490002046D1E7F0B5BDF820609DF814509DF856
:1084A00018009DF81C40BDF8247056B9D20033481E
:1084B00002F4FC6200EA012142EAD30343EA01002C
:1084C000F0BDBE4209D3C3002C4803F4FC6300EAAC
:1084D000052043EAD4031843F2E707EE906A07EE5B
:1084E000107A06EE905AB7EE004BF8EE677AB8EEC7
:1084F000C77AB8EEE65A06EE900AC7EE872AB8EEBB
:10850000E66AB7EEE27A25EE225A26EE226A34EEC9
:10851000474B07EE901AB7EEC55AB8EEE77BB7EEB9
:10852000C66AA4EE075B07EE902AB8EEE77BA4EEDE
:10853000076B07EE903AB8EEE73B07EE904AFCEE89
:10854000C55BB8EEE77A15EE903A27EE227AFCEE9C
:10855000C66B1B02B7EEC77A03F4784216EE903A68
:10856000A4EE037BDB0003F4FC631343FCEEC77B48
:1085700017EE900AC0F3C400ADE700BF00F8FFFF9C
:10858000F0B587B0BDF830408BB3A34232D240F291
:10859000031C40F20F2701F01F06C1F34515C90A5D
:1085A0000CFB05F57E437943213517361731CDE9AC
:1085B0000334C2F3451402F01F03C1F387110CFB0F
:1085C00004F47B4321341733C4F38714C3F38713B4
:1085D0000194D40A0293C5F387127C43C6F3871330
:1085E0001734C4F387140094FFF754FF014608467C
:1085F00007B0F0BD1146FAE7000000009FED097AD0
:10860000C0EE077A37EEA70A9FED047BB7EEC00AEB
:1086100020EE070BB7EEC00B0CF084B8182D4454B5
:10862000FB2109400000B443000000009FED097ADF
:10863000C0EE077A37EEA70A9FED047BB7EEC00ABB
:1086400020EE070BB7EEC00B0BF068BF182D44549B
:10865000FB2109400000B443436F73B50093044607
:10866000174B0D46D0F88400019302AB13E90600C6
:10867000F8F79CFB94F88020362A07D8114B10019C
:1086800003EB02111B58C968C3F88810D4F8844062
:10869000002126683046FFF7A7FD29463046FFF740
:1086A000A3FD362A07D8074B110103EB02125B58D2
:1086B000D268C3F884202046F8F7FAFB02B070BDF8
:1086C000070000C044410020436F73B50093054686
:1086D000174B0E46D0F88400019302AB13E9060055
:1086E000F8F764FB95F88040362C07D8114B210130
:1086F00003EB04125B58D268C3F88820D5F8845085
:1087000000212A681046FFF76FFD31461046FFF73B
:108710005BFD362C07D8074B220103EB04149B5852
:10872000E268C3F884202846F8F7C2FB02B070BDA7
:10873000070000C04441002090F8A830F7B5044677
:108740000E460BB1C36F4367636FD4F88400009388
:108750001B4B019302AB13E90600F8F727FB94F8D3
:108760008020362A07D8174B100103EB02111B5843
:10877000C968C3F88810D4F884703D68EEB1C02190
:108780002846FFF731FD28460021FFF72DFD362A48
:10879000054607D80B4B110103EB02125B58D26858
:1087A000C3F884203846F8F783FB94F8A8300BB15F
:1087B000A36F6367284603B0F0BD4021E0E700BF28
:1087C000070000C0444100200121FFF7B5BF0000B1
:1087D000436F73B500930446174B0D46D0F88400E1
:1087E000019302AB13E90600F8F7E0FA94F8802051
:1087F000362A07D8114B100103EB02111B58C96828
:10880000C3F88810D4F88440802126683046FFF7EA
:10881000EBFC29463046FFF7E7FC362A07D8074B22
:10882000110103EB02125B58D268C3F88420204682
:10883000F8F73EFB02B070BD070000C044410020C5
:10884000F8B50B4E05460C463768012C03D1BF2105
:108850002846FFF7BDFF2846FFF7B6FF32680346FC
:10886000D21B0A2A02D834EA0303EED0F8BD00BFB7
:10887000741C022038B590F84E3004460D468B42E9
:108880001AD04021FFF7A4FF94F84F306DB143F0A8
:10889000800384F84F30012384F84E3094F84F1051
:1088A0002046BDE83840FFF7D7BE03F07F0384F8C9
:1088B0004F3084F84E50F1E738BD38B504461546C0
:1088C000FFF786FF29462046BDE83840FFF7C4BEC3
:1088D00070B5044616460A4688211D46FFF7EDFF8F
:1088E000012004F005FF324689212046FFF7E5FF0D
:1088F000012004F0FDFE20462A460421FFF7DDFF9B
:108900000120BDE8704004F0F3BE90F8E83049B1B2
:1089100043F008034AB143F00402202180F8E82024
:10892000FFF7CBBF03F0F703F4E703F0FB02F4E734
:1089300090F8E92002F0FC02032910D8DFE801F0EA
:108940000402090C42F00102212180F8E920FFF71E
:10895000B4BF42F00202F7E742F00302F4E77047C7
:10896000F8B504460E461546CAB22A211F46FFF73F
:10897000A4FFC6F307222B212046FFF79EFF2C21E0
:10898000EAB22046FFF799FFC5F307222D212046C2
:10899000FFF793FF1FB1A4F85860A4F85A50F8BD30
:1089A000F0B490F8AB70154621EAE17422EAE27265
:1089B00042F20E7680F8CC30002F4BD090F88C101D
:1089C00011B1214614460A46B2420ED1B0F95420E4
:1089D00002EBD272521043B9012180F8CB1090F80B
:1089E000631041F0400180F8631042F20E718C4236
:1089F0000ED1B0F9564004EBD474641043B9012190
:108A000080F8CB1090F8631041F0200180F86310DB
:108A100090F8631049070DD4B0F95410A142DCBF9F
:108A200001F1FF310CB2B0F956109142DCBF01F1F7
:108A3000FF310AB290F8CB10A0F85840A0F85A20A5
:108A400061BB5BBB90F86310C90927D12146F0BC1C
:108A5000FFF786BFB1420ED1B0F9544004EBD47495
:108A6000641043B9012180F8CB1090F8631041F0F5
:108A7000200180F8631042F20E718D42C8D1B0F926
:108A8000562002EBD2725210002BC1D1012180F886
:108A9000CB1090F8631041F04001B7E7F0BC70478D
:108AA0000A464421FFF709BF002380F85E3090F8A2
:108AB0006330DB0970B506460D4614460FD101F050
:108AC000030590F8EA3002F00304222123F00F039B
:108AD00044EA85021A4380F8EA20FFF7EEFE0135EA
:108AE0000134EDB2E4B2012D86F85C5086F85D40A9
:108AF00001D8012C02D9012386F85E3070BD0A46E8
:108B0000FFF7D2BF38B50D4690F8C91004460129C9
:108B10002ED190F86330DB092AD1012D14D0022D1B
:108B20001CD02DBB90F8EB3003F03F0380F8EB3006
:108B3000FFF702FC94F8EB20204684F8C8502E2161
:108B4000BDE83840FFF7B9BE90F8EB30022103F0E2
:108B50003F0343F0400380F8EB30E9E790F8EB3057
:108B6000032103F03F0363F07F0380F8EB30DFE77E
:108B700038BD4FF0807337B5C0F88830044690F8A0
:108B80004E300D4613B90121FFF774FE94F863309F
:108B900003F07F0384F8633045BB29462046FFF786
:108BA000CBFB94F86330DB0707D52946FFF7AAFF14
:108BB0002A462F212046FFF780FE94F8E920204620
:108BC000212102F05F0284F8E920FFF776FE0023FE
:108BD000012084F8C93004F08BFD94F85F30E3661F
:108BE00040F20113A4F85C3003B030BD012DFBD17D
:108BF00094F8631011F0010129D094F8E9202121A3
:108C0000204684F8C95002F07F0242F0200284F826
:108C1000E920FFF752FE284604F06AFD03220621F0
:108C20002046FFF74AFE00212046FFF76BFF94F82D
:108C3000EC202F212046FFF740FE042004F058FDD1
:108C4000204628220521FFF738FE0420C3E72046EE
:108C50000191FFF78EFF01992046FFF76DFBBCE7FE
:108C600038B590F8DA3004468B4211D00F2910D86D
:108C700008230022102180F8DA30032380F8BD3069
:108C8000FFF71BFE94F8D03013B1022384F8CD30E7
:108C900038BD102100250C2280F8DA1080F8BD5074
:108CA000FFF70BFE94F8D03013B1012384F8CD30D8
:108CB00084F8CF50ECE7000070B5144E01F4784210
:108CC00090F8BD3005460C46A0F8B810F35C63215F
:108CD0001A41D2B2FFF7F1FD95F8BD3004F4FC6201
:108CE0002846334464215B781A41D2B2FFF7E5FD90
:108CF00095F8BD3004F01F0228461E446521B37864
:108D00001A41BDE87040D2B2FFF7D7BDE36F002033
:108D100070B5144E01F4784290F8BD3005460C460B
:108D2000A0F8BA10F35C60211A41D2B2FFF7C5FD7A
:108D300095F8BD3004F4FC622846334461215B7829
:108D40001A41D2B2FFF7B9FD95F8BD3004F01F0209
:108D500028461E446221B3781A41BDE87040D2B261
:108D6000FFF7ABBDE36F002038B590F888300446BC
:108D7000154643B1174A41EA01431340436145EAAE
:108D8000054313408361B4F8BE308B4204D02046C3
:108D9000A4F8BE10FFF790FFB4F8C030AB4205D086
:108DA00029462046A4F8C050FFF7B2FF002384F8FC
:108DB000BC3094F86330DB090BD194F8EA202046EC
:108DC000222102F0BF0284F8EA20BDE83840FFF714
:108DD00074BD38BD1FF8E00790F8AB3013B521EA39
:108DE000E174A3B1B0F9523048210190A342DCBF35
:108DF00003F1FF331CB2E2B2FFF75FFDC4F30722B9
:108E00004921019802B0BDE81040FFF756BDB0F906
:108E1000503046210190A342DCBF03F1FF331CB266
:108E2000E2B2FFF74AFDC4F307224721E9E790F8D1
:108E3000AB3013B521EAE174A3B1B0F9503046214B
:108E40000190A342DCBF03F1FF331CB2E2B2FFF793
:108E500034FDC4F307224721019802B0BDE8104059
:108E6000FFF72BBDB0F9523048210190A342DCBF7F
:108E700003F1FF331CB2E2B2FFF71FFDC4F3072278
:108E80004921E9E738B504461546FFF7A5FF29460D
:108E90002046BDE83840FFF7CABF90F8AB3037B581
:108EA0000D4614460BB115460C46EAB25C21019002
:108EB000FFF703FDC5F3072201985D21FFF7FDFCD5
:108EC0000198E2B25E21FFF7F8FCC4F307225F21AC
:108ED000019803B0BDE83040FFF7EFBC90F8AB302D
:108EE00037B50D4614460BB115460C46EAB254216F
:108EF0000190FFF7E2FCC5F3072201985521FFF727
:108F0000DCFC0198E2B25621FFF7D7FCC4F307223C
:108F10005721019803B0BDE83040FFF7CEBC90F870
:108F2000AB3037B50D4614460BB115460C46EAB2C8
:108F300058210190FFF7C1FCC5F307220198592180
:108F4000FFF7BBFC0198E2B25A21FFF7B6FCC4F36D
:108F500007225B21019803B0BDE83040FFF7ADBCAC
:108F60000A465121FFF7A9BC2DE9F84F894604466E
:108F700016462DED028B9DF83C1008EE103ABDF917
:108F800030B0BDF934A0BDF938809DF840209DF87F
:108F900044309DF848509DF84C709DF8500009B938
:108FA00094F8CF100AB994F8CF20022905F0F00503
:108FB00004BF6FEA46466FEA5646022A04BF6FEACC
:108FC00048486FEA584893B377B345F00A05402103
:108FD0002046FFF735FC94F84E201AB100212046B8
:108FE000FFF748FC324649462046FFF777FF5A46CE
:108FF00018EE101A2046FFF750FF51462046424611
:10900000FFF78DFF29462046FFF7AAFFD7B1C02200
:1090100020465021FFF751FC20464021BDEC028B39
:10902000BDE8F84FFFF70CBC45F00505CFE717B1D9
:1090300045F00B05CBE710B145F00305C7E745F058
:109040000205C4E78022E3E710B5044661B30022BD
:109050003021FFF732FC002231212046FFF72DFCA2
:1090600094F8502034212046FFF727FC94F8512033
:1090700035212046FFF721FC002232212046FFF750
:109080001CFC002233212046FFF717FC94F85220E5
:1090900036212046FFF711FC94F853202046372153
:1090A000BDE81040FFF709BC90F8AE203021FFF773
:1090B00004FC94F8AF2031212046FFF7FEFB94F822
:1090C000B02034212046FFF7F8FB94F8B120352179
:1090D0002046FFF7F2FB94F8B22032212046FFF73A
:1090E000ECFB94F8B32033212046FFF7E6FB94F81D
:1090F000B42036212046FFF7E0FB94F8B520CDE7F9
:1091000030B490F8AB40BDF908502CB114462A4653
:1091100025460C4619462346B0F95040A0F8AE103B
:1091200000219442A0F8B230A8BF1446B0F95220F2
:10913000AA42A0F8B040A8BF2A4630BCA0F8B4208C
:10914000FFF782BF0022B0F9503090F8AB10A0F8C2
:10915000AE20A0F8B220B0F95220A0F8B030A0F8AC
:10916000B42019B1A0F8B020A0F8B4300121FFF765
:109170006BBF2DE9F04104460F461646CAB2912155
:109180001D46BDF91880FFF798FBC7F3072220465C
:109190009221FFF792FB2046F2B29321FFF78DFB5D
:1091A000C6F3072220469421FFF787FB2046EAB248
:1091B0009521FFF782FBC5F3072220469621FFF792
:1091C0007CFB20465FFA88F29721FFF776FBC8F315
:1091D000072220469821BDE8F041FFF76EBB0A4602
:1091E000C721FFF76ABB38B590F8AA3004460D4690
:1091F000033B012B01D8FFF7F2FF65B18A2220461D
:109200001146FFF75AFB94F8DB208B212046BDE87E
:109210003840FFF752BB0A228A21F7E701F0030129
:10922000022910B5044680F8AC102AD003292ED0AC
:10923000012904D00022002184F8AB2002E00022A2
:1092400080F8AB10FFF761FB94F8AB00B4F9503035
:10925000B4F9521094F8EA20D8B142F01002204636
:10926000A4F85410A4F85630222184F8EA20FFF71D
:1092700024FB002320466362636DA362FEF7BCFFFC
:1092800010BD0023012280F8AB301146DAE701223D
:10929000D1E7184602F0EF020B460146DFE7B0F8CF
:1092A000BE208A4210B5044603D0A0F8BE10FFF7D6
:1092B00003FD012384F8BC3094F86330DB090BD143
:1092C00094F8EA202046222142F0400284F8EA2065
:1092D000BDE81040FFF7F1BA10BD0D2970B5044686
:1092E0000D4643D00A2925D190F8601092B290F82B
:1092F0005D304B4390F8C41090F8AB0088B9A4F8E7
:109300005800B4F85A0001440A441A4412B2B4F99D
:1093100058102046A4F85A200023BDE87040FFF7FB
:109320001FBBB4F8580001440A4413440022A4F8B7
:109330005830ECE790F84E3013B90121FFF79AFA54
:1093400002212046FFF744FA29462046FFF784F918
:1093500080212046FFF774FA94F8AB2094F85F3030
:109360002AB9B4F858201344A4F8583070BDB4F8A2
:109370005A201344A4F85A30F8E773B51D4690F804
:109380004E3004460E4623B100210192FFF772FAD7
:10939000019A31462046FFF775FD02212046FFF76E
:1093A00017FA94F8DA30082B06D92946204602B07D
:1093B000BDE87040FFF788B9290A2046AB09C5F31C
:1093C000C10521F01F0103F01C031943294302B01A
:1093D000BDE87040FFF740B92DE9F7431D4690F80E
:1093E0004E3004460E46904613B10021FFF742FA74
:1093F000BDF9282029462046FFF744FD02212046DA
:10940000FFF7E6F9636FD4F884000093264B0193CD
:1094100002AB13E90600F7F7C9FC94F88050362D2B
:1094200007D8224B290103EB05125B58D268C3F819
:109430008820D4F8847006EB48080021D7F8009003
:109440004846FEF7D1FEB0450FD1362D07D8174B51
:109450002A0103EB05159B58EA68C3F884203846B7
:10946000F7F726FD03B0BDE8F08394F8DA0036F88C
:10947000021B0F280FD80B0A08284FEA9112C1F3DC
:10948000C10123F01F0302F01C0243EA020341EA78
:10949000030104D989B24846FEF796FED3E7484651
:1094A000FEF7A2FECFE700BF070000C04441002046
:1094B0002DE9F04F1C4642F20E7385B015469942D5
:1094C00042F20E73BDF9389007460CBFB0F95460F4
:1094D0008EB2DDF83CA04FEA440802BF361B06EB13
:1094E000D676C6F34F069A4290F8AB3009BFB0F972
:1094F0005650ADB2A5EB090505EBD57508BFC5F310
:109500004F05002B36D0013CA8F10203DFF86CB008
:109510001FFA89F234449A44A4B2B44219D205B075
:10952000BDE8F08FB1F800C041442BF810C098B2EC
:1095300001334845F6DB2BB2594638460392009377
:1095400023B2013CFFF748FFAAF1020A039AA4B232
:10955000E3E751460023EAE72BB201355146C24406
:10956000ADB20093224633463846FFF735FF4D45EE
:10957000F2DBD4E7A94436B2A4B2F8E7062402200D
:1095800010B50446FFF724F900212046BDE810403D
:10959000FFF7D2B82DE9F843DFF8308005460E46D4
:1095A00017461C46D8F8009031462846FFF7E8FFDA
:1095B000384208D0D8F80030A3EB0903A342F3D90E
:1095C0000020BDE8F8830120FBE700BF741C0220E7
:1095D0002DE9FF411F4604460D461646B942BDF926
:1095E0002880BDF82C3006D1424504D104B0BDE836
:1095F000F041FFF7C2BE94F8AB202AB13A46474685
:1096000090462A463546164694F84E202AB1002147
:1096100020460393FFF72EF9039B012284F8C22012
:10962000B4F8B8209A4203D019462046FFF744FB0D
:109630003B46324629462046CDF80080FFF799FD8B
:10964000204680229021FFF738F9142380229021B0
:10965000204604B0BDE8F041FFF79CBF2DE9F04182
:109660002DED048BBDF8284005460E461746012C0B
:10967000BDF82C80DDF830C006D84346BDEC048B25
:10968000BDE8F041FFF779BE013C6344A4B208EEA7
:10969000903A07EE904AF8EEE88AB8EEE78AB0EE24
:1096A000680AFEF7ABFF284628EE000AB8FE409A8B
:1096B000B0EE680AFEF7BAFF07EE906A28EE000ADD
:1096C000CDF82C80B8EEE77A07EE907A3A4631462C
:1096D000F8EEE77AB8FE400A37EE097A284677EEC8
:1096E000807ABDEEC77AFDEEE77A17EE903A1BB2AC
:1096F0000A9317EE103ABDEC048B1BB2BDE8F041A3
:10970000FFF766BF73B51D46BDF81830012D04DCA8
:1097100002B0BDE87040FFF730BE541E01930B4607
:109720002C4424B20094FFF753FF02B070BD13B570
:109730004C1E2344BDF810401BB2CDE90024FFF7B6
:1097400047FF02B010BD012B10B4BDF8044004DC8B
:1097500023465DF8044BFFF710BE01945DF8044BFF
:10976000FFF7E5BF2DE9F341B0F90E5004468846F6
:1097700017461E469DB1038AADB2B34204D10135EE
:10978000C58102B0BDE8F081B0F90A10B0F90C2033
:109790000D44013DCDE900232BB2FFF719FF012352
:1097A000A4F80A80A781E3812682EAE738B50D464E
:1097B0008E210446FFF7E4FE5DB100F07F012046F4
:1097C000FEF74AFF4DB920468021BDE83840FFF73B
:1097D00037B860F07F03D9B2F1E738BD38B50D4630
:1097E0008E210446FFF7CCFE35B100F0BF012046C4
:1097F000BDE83840FEF730BF40F04001C9B2F6E79F
:1098000038B590F8CE3004460D468B4238D090F8EB
:10981000D0306BB190F8DA30082B09D90821FFF766
:109820001FFA80212046FFF70BF8022384F8CD3081
:1098300094F8E830E5B1012163F07F0384F8CE109D
:1098400084F8E8302046FFF7C9FF94F8E82020218B
:109850002046FFF732F894F8CE308BB994F8DA301E
:109860000F2B0DD820461021BDE83840FFF7F8B97E
:1098700003F07F03294684F8CE5084F8E830E1E70E
:1098800038BD000038B590F8CE3005460C4613B907
:109890000121FFF7B5FF611E2846C9B2052996BF11
:1098A000034B00225A5C5221BDE83840FFF705B84F
:1098B000DA6A002038B50C4641210546FFF760FE04
:1098C000042C44D8DFE804F003141B3A3E000023C4
:1098D00000F0F20185F8CF302846FEF7BDFE95F87E
:1098E000CE30A3BB28460121BDE83840FFF788BF32
:1098F000012300F0F30185F8CF301943ECE795F927
:10990000E93000F0F70195F8E920002B41F004045C
:109910000EDA02F07F022846212185F8E920FEF7C1
:10992000CCFF224628464121BDE83840FEF7C5BF9E
:1099300021462846BDE83840FEF78EBE40F00C01B7
:10994000C9B2F6E700F0FB0141F00801F1E738BDCC
:1099500037B5B0F852200446B0F850300D46013A01
:10996000013B12B21BB2009200221146FFF701FC2C
:1099700029462046FFF7A0F920469021FEF728FF50
:109980002046B021FEF768FE142380229021204655
:10999000FFF700FE012384F8C23003B030BD13B5D9
:1099A00004460191FFF7CEFB0199204602B0BDE8C5
:1099B0001040FFF7CDBF00002DE9F341154690F8A8
:1099C000AB201F4604460E46BDF820309DF824808B
:1099D0000AB12E460D46012F07DC2A4631462046A5
:1099E00002B0BDE8F041FFF7C8BCB4F9522002EB69
:1099F000D272B7EB620F4FEA6201C4BF01F1FF32CE
:109A000017B294F84E202AB1002120460193FEF7A8
:109A100031FF019B012284F8C220B4F8B8209A4299
:109A200003D019462046FFF747F9F2B299212046A4
:109A3000FEF743FFC6F307229A212046FEF73DFFBB
:109A40009B21EAB22046FEF738FFC5F307229C218E
:109A50002046FEF732FF9D21FAB22046FEF72DFF89
:109A600090212046FEF7B4FE0A4B6367B8F1000F61
:109A70000ED060212046FEF7EFFD4B2340229021BF
:109A80002046FFF787FDA36F636702B0BDE8F08152
:109A90004021EFE78096980037B542F20E75BDF889
:109AA0001840A94242F20E7502BFB0F9541001EB02
:109AB000D1714910AA4202BFB0F9562002EBD2720E
:109AC0005210002B0CDD012B05D1234603B0BDE85D
:109AD0003040FFF752BC0025CDE90045FFF76CFF91
:109AE00003B030BD37B542F20E75BDF81840A9423B
:109AF00042F20E7502BFB0F9541001EBD17149105A
:109B0000AA4202BFB0F9562002EBD2725210002BCB
:109B10000CDD012B05D1234603B0BDE83040FFF733
:109B20002CBC0125CDE90045FFF746FF03B030BD51
:109B30002DE9F04F90F8AB4085B09C46BDF83C90C5
:109B4000BDF938309DF840802CB164469C462346D0
:109B50000C461146224611EA0C0F6AD4B0F9507037
:109B60008F4201DC674564DD1A4262D4B0F952606D
:109B7000964201DC9E425CDD21EAE17422EAE27554
:109B80002CEAEC7A23EAE37BA74290F84E30DCBF64
:109B900007F1FF3424B2AE42DCBF06F1FF352DB22F
:109BA0005745DCBF07F1FF370FFA87FA5E45DCBF88
:109BB00006F1FF360FFA86FB23B100210390FEF772
:109BC00059FE0398012380F8C230B0F8B8304B45F5
:109BD00004D049460390FFF76FF80398544509D124
:109BE0005D4507D14B462A46214605B0BDE8F04FFA
:109BF000FFF7C3BB53462A462146CDF800B0039079
:109C0000FFF7B7FA03989021FEF7E2FD0398B8F149
:109C1000000F0BD0B021FEF71FFD03981423802204
:109C2000902105B0BDE8F04FFFF7B4BC9021039040
:109C3000F1E705B0BDE8F08FF0B51C1E85B0074612
:109C40000D461646BDF928C0BDF82CE01CDDBCF160
:109C5000000F19DD012C08D1BCF1010F05D17346AD
:109C600005B0BDE8F040FFF788BB6A1E0023294617
:109C700038462244741E644424B2CDE901E30094C2
:109C800013B23246FFF754FF05B0F0BDF0B51C1E0D
:109C900085B007460D461646BDF928C0BDF82CE034
:109CA0001CDDBCF1000F19DD012C08D1BCF1010F46
:109CB00005D1734605B0BDE8F040FFF75EBB6A1EF4
:109CC0000123294638462244741E644424B2CDE957
:109CD00001E3009413B23246FFF72AFF05B0F0BD4E
:109CE0002DE9F04F85B00F4615461946BDF938905D
:109CF0000026BDF93CA0BDF840B0002406E0BA5DE6
:109D00003346013301349D42E4B204DAAE42F6DB5D
:109D100005B0BDE8F08F17F803C0944501D19D420E
:109D2000EFD11FFA84F892B190F85D2090F85C3082
:109D300002FB0A9C13FB08F3CDE9002B1BB20FFAC0
:109D40008CF2CDE90201FFF7A1FFDDE9020190F8F5
:109D50005C30264413FB08F30B4419B2CDE72DE920
:109D6000F04F8BB01C468246884604AF0125B7F8F9
:109D700044307A613B61D0F8A4303A6C5B6803EB05
:109D8000C2035B681A689B68FA60BB60E31D23F03E
:109D90000703ADEB030D00230DF1100B1E461A4611
:109DA000B9688E4203DB1C37BD46BDE8F08FF96809
:109DB0004FF00709895D7960A24218DB9BB19C4294
:109DC00025D19AF85D109AF85C307A69386913FBEE
:109DD00004F305FB01221BB212B2CDE9001041468B
:109DE0005046FFF753FF01350023EDB21A4679685C
:109DF00041FA09F1B9F1010901F0010C0BF802C0B7
:109E000002F101026344D2B2D6D20136C8E73B69FF
:109E1000224659465046CDE901537B69009343469B
:109E2000FFF75EFFDFE70D29F7B5044616461F462C
:109E3000BDF820C051D00A2926D190F86030B6B2C2
:109E400090F85D2090F8AB105A4390F8C43091B967
:109E5000A0F85810B0F85A100B441E44324412B205
:109E60000023B4F958102046A4F85A2003B0BDE8E6
:109E7000F040FEF775BDB0F858100B441E44324454
:109E8000A0F858200022EBE7202939D1C26E90F8C3
:109E90005C3090F85D1013FB02F390F8602090F8AE
:109EA000AB6012FB01F2B0F95850B0F95A101BB276
:109EB00012B2CDE9002C96B90A462946FFF7E6FE14
:109EC000B4F8580094F8C33094F85C20B4F96C10DE
:109ED000034401FB0233A4F8583003B0F0BD2A4616
:109EE000FFF7D4FEB4F85A0094F8C33094F85C201D
:109EF000B4F96C10034401FB0233A4F85A30ECE7C8
:109F0000FEF77BFA0028E8DBD4F8A43094F863105D
:109F10005B684907B4F9542003EBC0035B681D7903
:109F200094F8AB304DD5B3BB94F85CC0B4F958107D
:109F30000CFB051191420FDBB4F85A1094F8C420C1
:109F4000A4F858300A4494F85D10324494F86060E4
:109F500006FB0122A4F85A2094F86A2062B9B4F9E9
:109F60005A10B4F95860CDE90007CBBB0A462B461E
:109F700031462046FFF7F3FE94F85C3094F8AB20AE
:109F80005D4394F8C33072BBB4F8582013441D44A9
:109F9000A4F85850A1E794F85DC0B4F95A1005FB35
:109FA0000C119142D8DBB4F8581094F8C4200A443C
:109FB00094F86010324401FB0C22A4F858200022CF
:109FC000C8E743B194F85D60B4F95A1006FB051177
:109FD0009142C1DB81E794F85C60B4F95810F5E771
:109FE0002B463246C5E7B4F85A2013441D44A4F862
:109FF0005A5072E72DE9F04F044689B08B469046DF
:10A0000042B908460EF0C6F91FFA80F8B8F1000F01
:10A0100000F07C81B4F8B83094F863700493FF09C1
:10A02000B4F8BA3007935FD194F85D3094F861507A
:10A0300094F862A094F8639015FB03F51AFB03FAF9
:10A0400019F00109EDB25FFA8AFA03D003EB43037A
:10A050005FFA83F994F8CC3053B994F8CB203AB92D
:10A06000002F00F0238194F8BC10002940F02181DA
:10A070004246594620460393FEF7D0F994F85C60B7
:10A0800094F860101FFA8AF216FB00F0AA44039BB2
:10A0900086B294F85D0011FB00F1A1EB0A05ADB2A8
:10A0A0003BB336B30023B4F8581084F8CC30A1EB9E
:10A0B0005601B4F85A3009B29B1A94F8AB20A4F8B0
:10A0C0005810A3EB55031BB2A4F85A301AB1A4F8E8
:10A0D0005830A4F85A100023B4F95A20B4F9581093
:10A0E0002046FEF73DFC50E04FF00009CA464D46C1
:10A0F000B0E794F8CB30002B45D0002E45D000239C
:10A1000084F8CB3094F86330990612D594F8AB30CC
:10A1100043BBB4F9543003EBD3717308C3EB610351
:10A120001BB2A4F8583094F8633003F0DF0384F8CE
:10A13000633094F863305B06CDD594F8AB30D3B977
:10A14000B4F9563003EBD373C2EB6302A2EB5502B2
:10A1500094F8633012B203F0BF03A4F85A2084F8D5
:10A160006330B8E7B4F9563003EBD373C2EB630343
:10A17000A3EB5503D4E7B4F95430720803EBD3735F
:10A18000C2EB6302E4E7002EA5D194F84E3023B968
:10A190001FB901212046FEF76DFB94F84E3023B124
:10A1A0001FB100212046FEF765FB94F84E30B4F84D
:10A1B000BEA01BB194F8C230002B7DD1B4F8C030E2
:10A1C000079394F86430002B00F09080B4F8BE3010
:10A1D00000225049049303921BF802300A3BDBB281
:10A1E000162B03D841FA03F3D80703D5039B013399
:10A1F0009BB20393013293B24345EDD387B194F8F8
:10A20000BC306BB966B1B4F8BA302DB2B4F95A208B
:10A210002046019333B2B4F958100095FFF736FD8C
:10A2200000250BF1FF3B05951BF8013F069394F8C1
:10A230006430002B5CD0069B0A3BDBB2162B04D8A3
:10A24000344A42FA03F3DB0752D5039B6E1CB4F881
:10A250006610204600932B46B4F86820B6B2FEF78D
:10A260008FF90146002F4ED135462046FFF717F8EB
:10A270004A469BF800102046FFF72FF8059B013354
:10A280009BB243450593CFD394F86430002B3DD067
:10A29000002384F86430002F38D1B4F8BA20204667
:10A2A000049909B0BDE8F04FFEF75EBD3D463E465D
:10A2B0006BE71546164668E7B4F8B830534506D044
:10A2C00000235146204684F8C230FEF7F5FCB4F86E
:10A2D000C010B4F8BA308B4205D00023204684F871
:10A2E000C230FEF715FDDDF810A06AE7039385E79D
:10A2F000002FBDD0079B4A4606992046009353463F
:10A30000FFF791FDBAE735468246F3E709B0BDE8AD
:10A31000F08F00BFF6FFBFFF2DE9FF47868D1C467B
:10A32000B0F934703144BDF93050BDF834301FFA03
:10A3300081FE09B28F4248DDC68D3244B0F93660E5
:10A340001FFA82FC12B296423FDDB0F9309001EB69
:10A350000408C84539DDB0F9328002EB050AC24570
:10A3600033DD8945C1BFAEEB090E4946A6440FFA5D
:10A370008EF49045C1BFACEB080C4246AC440FFADA
:10A380008CF501EB040CBC45C4BF7F1A3CB25719D5
:10A39000B742C4BFB61A35B2002C16DD002D14DD4D
:10A3A000012C06D1012D04D104B0BDE8F047FEF721
:10A3B000E4BF4E1E26440124CDE90134541E33B2BD
:10A3C0002C4424B20094FFF7B3FB04B0BDE8F0873F
:10A3D000B0F90E3013B504464BB1028AB0F90A1039
:10A3E000019201220092B0F90C20FFF795FF0023A3
:10A3F000E38102B010BD000070B590F8A0300025D8
:10A400000446FF2B80F8A85010D10121FEF7E0F997
:10A4100001212046FEF720F9142003F069F92046B7
:10A420002946FEF719F9C82003F062F994F8AD1037
:10A430002046854DC1EB01116A18695C937852780A
:10A44000FEF746FA94F8DA300F2B00F2F68000227D
:10A4500010212046FEF731FA032384F8BD30204650
:10A4600094F8AD301421C3EB03132B44DA78FEF7D4
:10A4700024FA94F8AD3020461521C3EB03132B4486
:10A480001A79FEF71AFA94F8AD3020461621C3EB7C
:10A4900003132B445A79FEF710FA94F8AD30204696
:10A4A0001721C3EB03132B449A79FEF706FA94F8AD
:10A4B000AD3020461821C3EB03132B44DA79FEF7A5
:10A4C000FCF994F8AD3020461921C3EB03132B445B
:10A4D0001A7AFEF7F2F994F8AD3020461A21C3EB50
:10A4E00003132B445A7AFEF7E8F994F8AD3020466E
:10A4F0001B21C3EB03132B449A7AFEF7DEF994F881
:10A50000AD3020461C21C3EB03132B44DA7AFEF74F
:10A51000D4F994F8AD3020461D21C3EB03132B442E
:10A520001A7BFEF7CAF994F8AD3020461E21C3EB22
:10A5300003132B445A7BFEF7C0F994F8AD30204644
:10A540001F21C3EB03132B449A7BFEF7B6F90121BD
:10A550002046FEF779FD0A2003F0CAF820460A21BA
:10A56000FEF79EFA20460021FEF7E2F92046002180
:10A57000FEF7FFFA94F8AD103448C1EB011300EB7D
:10A58000410210F811101D4420465278AB78002586
:10A59000FEF79EF90123012084F8A830A36F013350
:10A5A00004BF2B4BA367E36F013304BF294BE36761
:10A5B000A36F6367636703F09BF800212046FFF7F2
:10A5C000F5F8012003F094F8802201212046FEF7DF
:10A5D00074F9012003F08CF820460021FFF7B8F948
:10A5E00020460121FEF7FFFD20460021FEF716FE62
:10A5F00000212046FEF73EF92046FEF7A3FDB4F801
:10A60000BE102046FEF758FBB4F8C0102046FEF7F7
:10A610007FFB94F8EA202046222102F0BF0284F852
:10A62000BC5084F8EA20FEF748F92B462A46294612
:10A630002046BDE87040FEF7B3B90C221021204639
:10A64000FEF73BF9002308E7A96F0020D66F002032
:10A6500080A81201808D5B0038B504460020FF25DC
:10A66000A367049B84F87100E3674FF6FF7384F8D7
:10A670004E00A4F8BE30022384F8A15084F8633061
:10A6800084F8CD3094F8633084F8DB5040F2011543
:10A6900043F0040384F8B60084F8AA1084F8633009
:10A6A000944B84F8AC0084F8AB00A4F8A80084F8BC
:10A6B000D000A4F8A200A4F8C00084F8C200A4F856
:10A6C000CE00A4F8D200C4F8D400A4F8D800A06545
:10A6D000A4F85C5084F85E0084F8C80084F8C300D5
:10A6E000C4F8C400A4F8CA00C4F8DC306FF0590301
:10A6F00084F8BD0084F8CC0084F86400C4E93833E1
:10A7000010239A4284F8DA301FBF082384F8DA3025
:10A71000032384F8BD300123042900F2E680DFE83A
:10A7200001F0030909030900734B6365002384F8F2
:10A73000AD3010E084F8D03094F8DA306F4A102B46
:10A74000626534BF02230123022984F8CD3040F032
:10A75000B68084F8AD100025B4F95420B4F9563011
:10A76000012140F20110A4F8502084F88D102177C7
:10A77000A4F85230A4F8B020A4F8B430A4F88E00A5
:10A78000204622856385A4F8AE50A4F8B250A4F800
:10A790004850C4E90855FDF72FFD2046E562FDF756
:10A7A0002BFD94F88110564884F8E85084F84F50F7
:10A7B00084F8E950A4F8EA50A4F8EC50F7F78FFBBE
:10A7C00068B194F882104E48F7F77CFB38B194F8E2
:10A7D00083104B48F7F78EFB002840F0898094F8EF
:10A7E00081104848F7F77BFB00286AD194F8811064
:10A7F0004548F7F774FB002873D094F8821042485C
:10A80000F7F760FB00286CD094F883103E48F7F708
:10A8100071FB002865D03C4894F88110C4F884008E
:10A82000F7F7A8FB94F88210D4F88400F7F770FBD0
:10A8300094F88310D4F88400F7F7C8FB012194F84A
:10A84000800002F09DFFD4F88400F7F72FFA94F807
:10A850008000012102F062FF94F8A000FF281BD0C5
:10A86000012102F08DFF012194F8A00002F056FFB3
:10A870000A2002F03DFF002194F8A00002F04EFFF4
:10A88000DC2002F035FF94F8A000012102F046FF21
:10A890004FF4967002F02CFF1C4B636794F8B630AF
:10A8A0002BBB2046FFF7A8FD94F8AA30033B012BF1
:10A8B0001DD820460121BDE83840FEF790BC012399
:10A8C00035E794F882100F48F7F7FCFA00288DD08E
:10A8D00094F883100B48F7F70DFB002886D0094841
:10A8E0009AE794F8B63043F0020384F8B63038BDE6
:10A8F000034891E70000B443E00110012003E001A8
:10A90000B0B3002000B4002050B4002000093D0086
:10A910002DE9F04F2DED068B8FB092460446884608
:10A92000BDF87C20BDF878B00792B0F954209DF8AE
:10A9300080608A429DF884704FDDB0F95620524500
:10A940004BDD06EB46014A0008EB4101002944DDDE
:10A950000AEBC7014FEAC70E00293EDD07998B4578
:10A9600040F03C8103EB8303012E069340F01D81F0
:10A97000012F40F01A811FFA8AF94FF0000A069B56
:10A980000525954A0026134413F8012B013D3A4250
:10A99000ADB218BF46F001067600F6B2002DF3D135
:10A9A00076080FFA89F26EB11F2EADB21AD105EBFF
:10A9B00008010523CDF800B00FFA89F2204609B24C
:10A9C000FEF7B5FE0AF1010A7F0009F10109BAF1AB
:10A9D000080FFFB21FFA89F9D1D10FB0BDEC068B79
:10A9E000BDE8F08F1E2E05D105EB08010423CDF83C
:10A9F00000B0E1E706F01C031C2B0FD1360105EB7C
:10AA0000080104350323F6B2204609B2CDF800B0A0
:10AA10000292FEF78CFE2DB2029AC4E706F01803EC
:10AA2000182B0DD105EB0801F6000223204609B2D0
:10AA3000CDF800B00292F6B20335FEF778FEEAE7F1
:10AA4000F3060BD505EB0801B6005B46204609B2BC
:10AA50000292F6B20235FEF790FCDCE77600013593
:10AA6000F6B22DB29FE713F8011B013D0498ADB279
:10AA7000014218BF49F001094FEA49095FFA89F913
:10AA8000002DF0D193B207FB02A24FEA59090793B8
:10AA900033B212B20AEE103A3BB20593B9F1000F8D
:10AAA0000FD0B9F11F0FADB220D1029B13FB05F1FE
:10AAB00018EE103A4144CDE9007B09B22046FFF779
:10AAC000E5F8049B5B00DBB20493079B01331AB2E9
:10AAD000039B013B9BB20393002B3FF47EAF069B8D
:10AAE00005253D494FF000090B44BCE7B9F11E0FA5
:10AAF00008D1029B13FB05F118EE903A4144CDE9D1
:10AB0000007BDAE709F01C031C2B16D1029B4FEAED
:10AB100009192046CDF804B013FB05F1059B5FFA37
:10AB200089F904354144009319EE103A089209B2AC
:10AB3000FFF7ACF82DB2089AB0E709F01803182B0C
:10AB400014D1029B4FEAC9092046CDF804B013FB8B
:10AB500005F1059B08925FFA89F94144009319EECB
:10AB6000903A033509B2FFF791F8E3E719F0100FB7
:10AB700014D0029B4FEA89092046CDF804B013FB9C
:10AB800005F1059B08925FFA89F9414400931AEE9A
:10AB9000103A023509B2FFF779F8CBE74FEA4909D5
:10ABA00001355FFA89F92DB278E7B3B2002202933A
:10ABB000730009EE903A06EB460309EE103AB30033
:10ABC00008EE903A06EB860308EE103A082303934A
:10ABD0000123049383E700BF56730020838DB0F9EF
:10ABE0002E509844B0F934001FFA88F304930FFAFA
:10ABF00088F3984202937FF7F0AE5544B4F936904B
:10AC00001FFA85FC2DB2A9457FF7E7AEB4F93010E5
:10AC10001A448A427FF7E1AEB4F93220AE44964539
:10AC20007FF7DBAEB3B206EB46060393BBB276000A
:10AC30000A93FF00029B9942CDBF049B194636B28E
:10AC4000A3EB010EC8BF76441FFA81FEC8BF36B21F
:10AC500001EB06088045C8BFA0EB0E000EF1FF3ED9
:10AC6000C8BF06B2AA42CDBFACEB020C2A463FB227
:10AC7000674490B2C8BF3FB202EB070CCC45C8BFD7
:10AC8000A9EB000300F1FF30C8BF1FB20EEB0603B3
:10AC900038441BB200B200902046FEF731FA636FD1
:10ACA000D4F884000C934E4B0D930EAB13E90600C1
:10ACB000F6F77CF894F88030362B07D8494A19010A
:10ACC00002EB03135258DB68C2F888300221204699
:10ACD000FDF77EFD039B4FF0000A5B000693B4F97D
:10ACE0003630AB4216DD0A9B2B441BB2099305E0BC
:10ACF000B4F93230AB425BDD01352DB2099BAB427A
:10AD000003D0B4F93630AB42F2DC0AF1010ABAF1F1
:10AD1000080FE4D194F88030362B58D9D4F8840049
:10AD2000F6F7C6F859E6B4F93030BB420BDCB4F99B
:10AD30003430BB4207DD5B460FFA88F120460B92A8
:10AD4000FEF71BFB0B9A013708F102083FB21FFA0E
:10AD500088F8089B4345E6D1039B03991E44059B55
:10AD60008944013BB7B21FFA89F913F0FF0336B2E9
:10AD7000059325D1069B0AEB050907EB03080FFA9B
:10AD800089F91FFA88F8B845B6D0B4F93030B34223
:10AD900009DCB4F93430B34205DD079B4A4639B2C9
:10ADA0002046FEF7EAFA0136023736B2BFB2EAE7CA
:10ADB00005EB0A020523DDF81090029E12B20593FE
:10ADC000069BC84637464B449BB20893C1E7054AE9
:10ADD000190102EB03135258DB68C2F884309DE777
:10ADE000070000C0444100202DE9F04F89B004461F
:10ADF000DDE91279DDF850800592CDE903138AB9B7
:10AE0000002970D0B0F8C0300FFA89F239B213932C
:10AE10000FFA88F31293BDF9103009B0BDE8F04F76
:10AE2000FEF734BF00250FFA88F3DDF810A0BB460B
:10AE30002E460FFA89F206930AF1FF3A012305998B
:10AE400003FA0AF30B423CD07DB1039B6BB1B4F81B
:10AE5000C030ABEB050120460792019309B2069B77
:10AE600000932BB2FFF758FA079A013600250BF131
:10AE7000010BBAF1000FDFD1049B1F446EB1B4F88F
:10AE8000BE30B91B0FFA89F2204601930FFA88F3FE
:10AE900009B2009333B2FFF73FFA25B3039B13B314
:10AEA000B4F8C0307F1B0FFA89F2204613930FFAD3
:10AEB00088F339B212932BB209B0BDE8F04FFFF717
:10AEC0002BBA6EB1B4F8BE30ABEB06012046079248
:10AED000019309B2069B009333B2FFF71DFA079A5C
:10AEE00001350026C3E709B0BDE8F08FB0F948305E
:10AEF0008B422DE9F04342DD836B046C1D7A5E6862
:10AF0000641B9F7AB0F946C006EBC40595F906802C
:10AF100008EB570890F88F7018FB07CE72452EDBB0
:10AF200095F80390C84407FB08CC624527DA90F8EF
:10AF30008EC0A2EB0E0295F90580B0F944003A44A8
:10AF40001B6818FB0C00013A091AA878614492FBAF
:10AF5000F7F210FB02F2013936F8340091FBFCF1F4
:10AF60000A440344C2F3CC0102F00702595C802377
:10AF70001341194214BF01200020BDE8F0830020D6
:10AF8000FBE700002DE9F04F0D2997B0044606912C
:10AF900000F08481816B069A0B7A934200F27E81E5
:10AFA0004A7A06988242C0F07981C31A4F6807EB4B
:10AFB000C302039292780992039AD2780B92039A71
:10AFC00092F905508A7A50080A90039890F9060081
:10AFD00000EB52000890207FB0B1099894F88EC021
:10AFE0002E18B4F9580006FB0C00B4F95460B042B6
:10AFF0000ADD002094F88F60A4F85800B4F85A00D5
:10B0000006FB0200A4F85A0037F8333009680293AF
:10B0100094F8BC300C91002B00F0F0804FF0000A47
:10B02000BDF82070D346D0465FFA8AF30B9A9A4255
:10B0300000F2E0804FF00003A4F84830039B94F83E
:10B040008E201979B4F8583001FB0233A4F8583037
:10B0500024E11BF0070F07D1029B029901330C9AE0
:10B060009BB212F801800293B9F1070F30D9B8F101
:10B07000FF0F30D194F88FC0A819B4F85A101CFBF8
:10B0800007F294F88E300A44B4F8581000FB03110C
:10B09000B4F8BE00DB0012B209B2CDE900C0204610
:10B0A000FEF7F4FD08231E44A9EB03099B4408FAAC
:10B0B00003F3F6B25FFA89F95FFA8BFB5FFA83F864
:10B0C000B9F1000FC5D101370AF1010ABFB2ABE7F0
:10B0D000B9F1030F1DD908F0F003F02B1AD194F841
:10B0E0008FC0A819B4F85A101CFB07F294F88E30E0
:10B0F0000A44B4F8581000FB0311B4F8BE009B00DA
:10B1000012B209B2CDE900C02046FEF7BFFD04230C
:10B11000C9E71ED108F0E003E02B1DD194F88FC0E1
:10B12000A819B4F85A101CFB07F294F88E300A44A0
:10B13000B4F8581000FB0311B4F8BE0003EB43034E
:10B1400012B209B2CDE900C02046FEF79FFD0323ED
:10B15000A9E7B9F1010F1DD008F0C003C02B19D128
:10B1600094F88FC0A819B4F85A101CFB07F294F891
:10B170008E300A44B4F8581000FB0311B4F8BE0036
:10B180005B0012B209B2CDE900C02046FEF77EFD99
:10B19000022388E718F0800F15D0B4F88E0040F233
:10B1A000011CB4F858106045B4F85A20B4F8BE3009
:10B1B0000BD108982944024431442046524409B234
:10B1C00012B2FEF7DAF801236DE794F88F0094F8D5
:10B1D0008EC010FB07FE724405EB060E0EFB0C1131
:10B1E00012B2CDE9000309B294F88E302046FEF782
:10B1F0004DFDE8E7DDF82490002661E7B4F858003B
:10B20000A18D099F014494F93CA0EF1994F88F8017
:10B210008BB209B2059103990E7994F88E10BE4253
:10B2200006FB01FEB4F92E60B4BF07FB013703EB48
:10B230000E0705FB0133002DB4F934501BB2B4F9ED
:10B240005A10A8BFDDF814B0BFB2B8BF9B46049334
:10B25000BCBF002304935D451DDD31441FFA88F314
:10B2600012FB08FC0AFB0816079306EB5C06B4F910
:10B2700036C01FFA86F936B2B4450CDD3FB2B4F9D8
:10B280003030BB4207DC079B02FB0393B4F932204A
:10B290001BB29A4205DD7044A4F8580017B0BDE80F
:10B2A000F08F9C45D4F88400A8BF9C46B4F9463082
:10B2B0008B42CDF838C01CBF0023A4F84830636F20
:10B2C0001493AD4B159316AB13E90600F5F76EFD1D
:10B2D00094F88030362B07D8A84A190102EB0313E3
:10B2E0005258DB68C2F88830BD422B460A9AA8BF84
:10B2F0003B460793089B9D1AA5EB0A0515FB08F52D
:10B3000059FA85F52DB2AE4230D14FF0000A049BB8
:10B31000D146A3EB0B03CDF820A011935FFA8AF37B
:10B320000B9A9A4204D9B4F93630AB4200F30F813C
:10B330000E9BAB4200F31681069BA28D2364B4F8EA
:10B3400058301344E28DA4F84430B4F85A30134412
:10B35000A4F84630079BA4F84830B4F8BE30A4F8EF
:10B360004A30B4F8C030A4F84C3067E6B4F9323053
:10B37000B34205DD01362046FFF72AF836B2C2E7B0
:10B38000B4F93630B342F5DD5F4612E0B4F930303F
:10B39000BB420CDC324639462046FFF7A7FD60B1C0
:10B3A000B4F84A30324639462046FEF7DBF9013719
:10B3B0003FB2079BBB42E9DCDCE7059B9F42B4BF81
:10B3C000B4F84C30B4F8C030ECE7B4F93230934202
:10B3D00067DD089FDDF80880CDF8289020460F92A1
:10B3E000FEF7F6FF0F9A013212B2531B94F88F103A
:10B3F000DBB2994203D9B4F936309342E5DC0AF165
:10B40000010A1546DDF828900897CDF8088085E7F1
:10B41000B4F93030B34213DCB4F93430B3420FDD49
:10B42000314620460A92FFF761FD0A9A002835D07E
:10B43000B4F84A30314620460A92FEF793F90A9A48
:10B44000013636B2049BB342E2DC119E089F9B4555
:10B45000C8BF00260D9BDDF808805E440A934B466A
:10B4600036B20D998B421ED1079BB342B6DDB4F9BB
:10B470003030B3420FDC314620460F92FFF736FDE5
:10B480000F9A00285BD0B4F84A30314620460F921C
:10B49000FEF768F90F9A013636B2E5E7B4F8C03026
:10B4A000C8E75E46CEE7591C5B07C9B208BF08F182
:10B4B00001030F9102BF0C9911F808701FFA83F86D
:10B4C00031467BB210938B1B94F88E00DBB298420E
:10B4D00004D87F000E460F9BFFB2C2E7B4F93030AC
:10B4E0008B420FDCB4F934308B420BDD109B002B08
:10B4F0000BDAB4F8BE302046CDE91212FEF732F96D
:10B50000DDE91212013109B2DDE72046CDE9121260
:10B51000FFF7ECFCDDE9121248B1B4F84A302046DE
:10B52000CDE91212FEF71EF9DDE91212EAE7059BDA
:10B530009942B4BFB4F84C30B4F8C030EFE7059B83
:10B540009E42B4BFB4F84C30B4F8C0309DE7099BBC
:10B550002A46089F4B44DDF80880CDF82890DBB2DE
:10B560000D9342E7B4F93230AB4228DD0135204675
:10B57000FEF72EFF2DB2DBE6070000C0444100209D
:10B58000B4F93030B3420CDC2A4631462046FFF78E
:10B59000ADFC60B1B4F84A302A4631462046FEF789
:10B5A000E1F8013636B2079BB342E9DCDEE7059BE2
:10B5B0009E42B4BFB4F84C30B4F8C030ECE75E46FD
:10B5C000F1E700BFF7B51F46838D05461944B0F972
:10B5D00030300EB2B34221DCB0F93430B3421DDD5D
:10B5E000C38D1A44B0F9323014B2A34216DCB0F95C
:10B5F0003630A34212DD3346224631460094FDF731
:10B600007FFD28460221FDF7E3F83B4622463146FE
:10B61000284603B0BDE8F040FDF7AFBE03B0F0BD73
:10B62000D308D243C85C02F00702104100F00100C9
:10B630007047F0B50020012602F00707D508C7F1D2
:10B6400008044D5DA3420ED306FA04FCA040224438
:10B65000A7F108040CF1FF3C1B190CEA050540EAB0
:10B660000500E9D1F0BDE41A9E4098402541013E15
:10B6700035402843F6E710B51C46FFF7DAFF0122F4
:10B68000631E02FA03F303421CBF02FA04F3C01A5A
:10B6900010BD2DE9F04F076A85B0044615461E46D9
:10B6A000DDF84080002F00F0BF800A2908D1002378
:10B6B00013803B7E32881344338005B0BDE8F08FA1
:10B6C0000D29FAD0BA7B8A4200F29E80FB7B8B4226
:10B6D000C0F09A808B1ABA7C5A43BB7C20463968EA
:10B6E000FFF7A7FFB9680323002201442046FFF7B4
:10B6F000A0FF00900028E0D197F813900322204685
:10B700004B4609F10309FFF794FF97F814A04A4646
:10B71000019053462046FFF78CFFCA4497F815B0B6
:10B72000524602905B462046FFF7A5FF0BEB0A024C
:10B7300097F816B08146204603925B46FFF79BFFC1
:10B74000039A8246FB7D5A442046FFF772FF3188F8
:10B750007B7E1FFA8AFABDF808E01FFA89FB0B44CA
:10B760002A88BDF80410A3EB0E0312FA89F20390A5
:10B77000A3EB0A030FFA82FC94F81C9011FA82F2F0
:10B7800018B21EFA83F312B21BB2B9F1000F19D02E
:10B79000B4F95440944215DA009B2B8032883B7EEA
:10B7A00013449BB233809A442A880FFA8AF01EFA17
:10B7B0008AFA93440FFA8AF30FFA8BFC11FA8BFB87
:10B7C0000FFA8BF20E99B1F900106145C4BF0E99C2
:10B7D000A1F800C00F99B1F900108142C4BF0F99C0
:10B7E0000880B8F900109142B8BFA8F80020119A5B
:10B7F000B2F900209A42BCBF119A1380039A2B8899
:10B800001A4413462B8058E73B7C8B423FF655AFDA
:10B81000787C8842FFF451AFCB1AF97B0B449B1A1A
:10B82000BA7C03FB022258E7806B002873D00A29F8
:10B8300007D1178094F88F10827A338801FB023386
:10B840003AE70D293FF439AF037A427A9942FFF47F
:10B8500034AF91423FF631AFCB1A416890F80A906D
:10B8600001EBC301207F8B78CA7891F804A091F98D
:10B8700005E0897901EB590149B290B10EEB030C57
:10B8800094F88EB0B5F900000BFB0C00B4F954C06D
:10B89000604506DD2F8094F88F70308807FB090023
:10B8A000308094F88E0094F88F40B5F800C013FBF8
:10B8B00000F3368812FB04F20EFB00CC013B01FBC7
:10B8C0000466013A0FFA8CF713FA8CFC12FA86F32D
:10B8D0000E9A31B2B2F900200FFA8CFC1BB2BA42B8
:10B8E000C4BF0E9A17800F9AB2F900208A42C4BFD3
:10B8F0000F9A1180B8F900206245119AB8BFA8F8D4
:10B9000000C0B2F900209A42BCBF119A13802B8864
:10B910000AFB003376E794F88A30012B70D194F853
:10B92000633094F85C7013F001031EBF94F85D302F
:10B9300003EB4303DBB20D295FD00A290CD194F845
:10B940005D1094F8600094F8C42000FB01220021EF
:10B950001344DBB20A460AE020293FD1B4F96C3027
:10B96000002194F8C32003FB07220B46D2B228889B
:10B97000024407FB01222A8094F8600094F85D409D
:10B9800000FB043303301BB23380B5F9002004FB05
:10B99000003301FB0722B8F90010013B013A914244
:10B9A000B8BFA8F80020119AB2F900209A42BCBF93
:10B9B000119A13800E9AB5F90030B2F900209A421C
:10B9C000C4BF0E9A13800F9AB6F90030B2F9002066
:10B9D0009A427FF772AE0F9A13806EE62046FCF70C
:10B9E0000CFD002809DBD4F8A4305B6803EBC0032E
:10B9F0005B68197900231A46B9E700210B46A9E7CD
:10BA000094F88B30012B52D10A2905D1108094F87B
:10BA1000601094F85D2010E70D293FF44EAE237FAF
:10BA200083B194F85D2094F86030B4F9541013FB9E
:10BA300002F3B5F900201A448A42C1BF2880328837
:10BA40009B18338094F85F3094F85C00B5F90010CF
:10BA500013FB00F294F8607094F85D00B6F90030C2
:10BA6000114407FB00330139B8F90000013B88425B
:10BA7000B8BFA8F800101199B1F900109942BCBFE5
:10BA800011990B800E99B5F90030B1F90010994267
:10BA9000C4BF0E990B800F99B6F90030B1F90010B0
:10BAA0009942C4BF0F990B802B881344AAE60A2938
:10BAB00006D1108094F88F20338803EBC203FBE596
:10BAC0000D293FF4FAAD237F8BB1B2F90020062394
:10BAD00094F88E1013FB0123B4F95420934206DD31
:10BAE000288094F88F20338803EBC203338094F8C6
:10BAF0008E100622B5F9003094F88F0012FB013247
:10BB0000B6F90030013A03EBC003B8F90000013B7D
:10BB10009042B8BFA8F80020119AB2F900209A42CA
:10BB2000BCBF119A13800E9AB5F90030B2F900200B
:10BB30009A42C4BF0E9A13800F9AB6F90030B2F938
:10BB400000209A42C4BF0F9A138001EB41032A8858
:10BB500002EB430356E62DE9F04F89B00C468046D0
:10BB6000ADF81630A618169D0DF11E0A15990DF1A7
:10BB70001C0BDDE91397A9F80030BDF848303B8075
:10BB800000232B800B80B0F85430ADF81830B0F89B
:10BB90005630ADF81A304FF6FF73ADF81C30ADF8E3
:10BBA0001E30B44218D1BDF91C30BDF918209342A3
:10BBB00005DB0133A9F800209B1A159A1380BDF903
:10BBC0001E30BDF91A209342A1BF01333A809B1A5F
:10BBD0002B8009B0BDE8F08F0DF11A030DF11602AC
:10BBE00014F8011B4046019306ABCDE902BA00935D
:10BBF00012ABFFF74EFDD4E730B590F89740D2086E
:10BC0000B3FBF4F5895C05FB1433621ED21A90F87D
:10BC1000943090F8960012FB03F2D2B21141084022
:10BC200030BD2DE9F04FD0F8209004462DED048B67
:10BC300099F80E008BB099F81230884200F2A98072
:10BC400099F80F208A42C0F0A480091A03FB01F280
:10BC5000D9F800102046FFF7ECFCD9F80830002294
:10BC60000344204608EE103A032318EE101AFFF79B
:10BC7000E0FC0690002840F04A8199F81350032216
:10BC800020462B460335FFF7D4FC99F814602A466A
:10BC9000834633462046FFF7CCFC2E4499F81550D6
:10BCA0000746324620462B463544FFF7E4FC99F818
:10BCB000166080462A4633462046FFF7DCFC2E44B9
:10BCC00099F817508246324620462B46FFF7B1FCC2
:10BCD000B4F958300590002BBCBF069BA4F858302F
:10BCE000B4F9583013EB080248BFA3EB08030492E1
:10BCF000B4F9542042BFA4F8583000230493049BA5
:10BD00005B44934215DD237F002B00F00081B8F1E6
:10BD1000000FB4F85A20B6BFC8F1000300231BB2CD
:10BD2000A4F8583099F818301344A4F85A30002376
:10BD30000493B4F95A20B4F95630934240F3E780A3
:10BD4000354499F81960BA4494F8BC10164494F834
:10BD50009430A6EB0A06BA46002900F08880012B31
:10BD60007FD9013B4FF0010807354FF0000A08FA70
:10BD700003F8F31925F007055FFA88F80693069B88
:10BD80009E4236D1B4F85830059A1A44A4F8582087
:10BD9000BDE099F810508D420BD899F811208A42D5
:10BDA00007D399F80F2001310A44521B121A5A4343
:10BDB0004EE700224CE72A4618EE101A2046FFF7FD
:10BDC0001BFF404509D3049B3A46204603EB09017B
:10BDD000B4F8BE3009B2FFF7F5FB94F8943009F1DE
:10BDE00001091D44D9450AEB0903E4D19A460136FD
:10BDF000C5E74FF0000937B2F4E72A4618EE101AEB
:10BE0000204605F10109FFF70BFC70B34A460323F6
:10BE1000204605F10409FFF70CFC871C4FF00008D1
:10BE20004D46ABEB08092A4618EE101A2046B9F128
:10BE3000200FA8BF4FF020094B464D44FFF7F9FBF8
:10BE4000049B024600214344C844204600934B46CD
:10BE5000CDE90167FEF7C8FFC345E2D83E44AAEB2F
:10BE6000070ABAF1000FC8DC8CE70127D6E7012BDF
:10BE7000B4F9581090B240F2EF80B4F92C30B4F914
:10BE800034A001EB03080499B4F92E3059441FFA89
:10BE900088FC1844B4F932E008910599A4F85A00D6
:10BEA00041440898A4F858C08142B8BF014699F8A7
:10BEB0001800B4F9369051450990A8BF5146013990
:10BEC00007910798B4F9301081421CDC0498804532
:10BED000A8BF804628EAE878C24514DD13440998D3
:10BEE00006EB070B18445845B8BF58464845A8BF4D
:10BEF00048460138864506DCB342A8BF334623EAEC
:10BF0000E373994508DC059B9C44A4F858C00BB02A
:10BF1000BDEC048BBDE8F08F4145774600B2B8BF59
:10BF200041469E4500902046B8BF1F468946BDF950
:10BF30001C300FFA88F13AB2FDF7E2F8B7422EDB77
:10BF4000073525F00705B34540F082802046FDF710
:10BF5000F9F8B4F8C030B4F85A200193236A1B7E74
:10BF600013440FFA8BF2A3EB0B031BB20093BDF942
:10BF70001430B4F958102046FEF7CEF902E70FFA54
:10BF80008AF1B4F8C030204609920AF1010AFDF79F
:10BF9000F4F9099A079B9A45F1DD0137CEE7CA46C5
:10BFA0003AB2F7E7B4F93030BB421ADCB4F93430B6
:10BFB000BB4216DDB4F93230B34212DCB4F936308C
:10BFC000B3420EDD049B0FFA87FABB4202DC089BEA
:10BFD000BB420CDCB4F8C0304A4651462046FDF75F
:10BFE000CCF90137079B9F42DCDD0136ABE7069BAE
:10BFF0002A4618EE101A2046FFF7FEFD94ED277A28
:10C00000C2B2A3696169204607EE902AC91AF8EE08
:10C01000E77A67EE877AFCEEE77ACDED097A9DF84C
:10C0200024204A43514603EB52134A4623F07843F7
:10C0300023F4F81323F4FC6343EA13439BB2FDF7A4
:10C040009CF994F894301D44069B01330693C8E78D
:10C0500047460FFA86F9C5E7BDF91430301A08EEE5
:10C06000903A00B2B4F8C03000902046019318EE28
:10C07000903AFEF751F908EB0B030893089A059BD9
:10C080009B1A0993BAF1000F0EDCB4F8C030B4F873
:10C090005A200193236A1B7E134432B29B1B1BB2AE
:10C0A000009318EE903A64E72A4618EE101A2046DC
:10C0B00005F10108FFF7B4FA002856D042460323E1
:10C0C000204605F10408FFF7B4FA00F1020933B283
:10C0D000B4F8C020B4F95810002709EE103ABDF8A2
:10C0E00010300192454606930FFA89F320460793D4
:10C0F000069B079A5B1A009219EE102A1BB2FEF7F4
:10C100000BF9ABEB07082A4618EE101A2046B8F1D7
:10C11000200FA8BF4FF0200843464544FFF789FA97
:10C12000049B024601213B4447442046009343467A
:10C13000CDE90169FEF758FEBB45E2D8089B059A98
:10C1400093420ED2B4F8C03019EE102A0699204658
:10C1500001933944079B09B20093BDF92430FEF7DF
:10C16000DBF84E44AAEB090A8CE74FF00109AEE771
:10C170002DE9F04390F88C308BB004460D4663B146
:10C1800090F8643013B1002380F8643029462046CB
:10C190000BB0BDE8F043FDF72DBF90F8CC7017B998
:10C1A00090F8CB3063B30DF12603002629462046D4
:10C1B000049309AB009603930DF1220307920293B7
:10C1C00008AB01933346FFF7C6FC079A17B3BDF8D7
:10C1D0002430FBB1BDF8201084F8CC6001EB530192
:10C1E000B4F858305B1ABDF82210A4F85830BDF8E6
:10C1F000263001EB5301B4F85A305B1AA4F85A30D8
:10C20000AE186FF005084FF00009B5423CD10BB0F5
:10C21000BDE8F08394F8CB30002BF1D0BDF82400BA
:10C220000028EDD0002384F8CB3094F863309906D1
:10C2300011D5B4F9543003EBD371BDF8203003EBC2
:10C240005003C3EB6103A4F8583094F8633003F053
:10C25000DF0384F8633094F863305B06D0D5B4F91B
:10C260005630BDF8260003EBD371BDF8223003EB46
:10C270005003C3EB6103A4F85A3094F8633003F021
:10C28000BF0384F86330BBE7236A15F8011B83B151
:10C290000A29BAD00D2908D11B7EB4F85A20A4F877
:10C2A00058901344A4F85A30AFE72046FFF7B9FC82
:10C2B000ABE7A76B8FB10A290BD1B97AB4F85A2032
:10C2C00094F88F00A4F8583000FB0122A4F85A20FB
:10C2D0009BE72046FEF756FE97E70A290AD194F815
:10C2E0008F20B4F85A3003EBC203A4F85A30A4F8F4
:10C2F00058708AE70D2988D094F88F302046B4F919
:10C300005A20039394F88E300293B4F8923001933C
:10C31000B4F8903000930B46B4F95810FEF7F8FAD1
:10C3200094F88E10B4F8583001EB410203EB42034D
:10C33000227F1BB2A4F85830002A3FF466AFB4F94C
:10C34000542008FB012293427FF75FAF94F88F30AF
:10C35000B4F85A2003EB430302EB4303C5E710B5DF
:10C3600090F88C30144692B21BB1FDF743FE204684
:10C3700010BDFFF7FDFEFAE707B501228DF80710A3
:10C380000DF10701FFF7F4FE012003B05DF804FB97
:10C3900008B501F053FA044B044A196811601A6891
:10C3A000034B1A6008BD00BF741C0220040F02205A
:10C3B000000F0220074A084BD2F86210C3F806109B
:10C3C000B2F866105981916EB2F86C20C3F8121061
:10C3D000DA8270472C670020122B022090F8A320ED
:10C3E00090F8A200101A704790F8A23090F8A3209D
:10C3F0009A4281BF5A1C80F8A220C018807E98BF44
:10C400004FF0FF30704790F8A23090F8A3209A4286
:10C4100086BFC018807E4FF0FF3070477047B0F87D
:10C4200030312BB190F82F31882B03D90123436091
:10C43000002070475A1C80F82F21184480F8A5105E
:10C440000120704738B5B0F8303105461446ABB11D
:10C4500090F82F31C3F18902944282BF0120144623
:10C46000686005F1A5002246184401F039FC95F8F2
:10C470002F31234485F82F31204638BD1C46FBE779
:10C480002DE9F74F41690246037E4FF0150E3D4CF2
:10C4900001EB0313DFF8F480187A537E060101EBF9
:10C4A000031304EB0010A65993F82830D0F80CC001
:10C4B000D0F804901F0104EB0313DD68C9F800E015
:10C4C000C6F884C070685B6840EA0C000193706035
:10C4D000E059C3F800E0C0F8845043682A4C2B436D
:10C4E000DFF8ACE043606768DEF80030B3FBF8F3D8
:10C4F0004FF00A0808FB03F3D4F80480A8EB070800
:10C500004345F9D80923204FDFF880A0B46814EA26
:10C510000C0F02D084682C4231D1C0F88850D7F873
:10C5200004B0DEF80040B4FBFAF404EB8404D7F85E
:10C530000480A8EB0B084445F9D8C0F88450D7F81C
:10C5400004B0DEF80040B4FBFAF404EB8404D7F83E
:10C550000480A8EB0B084445F9D8013BD6D1184616
:10C56000137E01EB0313DB68C9F80030537E019A98
:10C5700001EB0311CB6A136003B0BDE8F08F01201B
:10C58000EEE700BF44410020001000E040420F00F1
:10C59000A8B100200B4A10B511680469636913F053
:10C5A000007F04D14FF4FE430120636110BDDB0125
:10C5B000F8D413685B1A102BF0D9FFF761FF00283D
:10C5C000F0D1F3E7741C02202DE9F84F90F82F8189
:10C5D00007460D460469B8F1000F2ED0FFF7DAFFC9
:10C5E00058B3DFF8C49000264FF4007BD9F800A0C0
:10C5F00046451BD8E36D03F00703032B16D846B955
:10C6000097F8A52042F48062226601220133164683
:10C61000F3E7464506F1010204D23E4496F8A51020
:10C620002166F3E70DB1C4F860B0164663691A05D8
:10C6300005D5236943F440732361042506E0D8043B
:10C6400007D52369052543F4407323612846BDE8D7
:10C65000F88F590508D52369022543F440732361F7
:10C660004FF400732366F1E79A0405D4D9F800204B
:10C67000A2EB0A02322A07D9236943F440732361EB
:10C680004FF400732366D8E7464507D9E26D12F0F0
:10C69000070203D19B0504D4002DD7D003F048FD39
:10C6A000A6E71546D2E700BF741C02202DE9F84F1B
:10C6B00007460E46914698460569FFF76BFF00282E
:10C6C0007AD07600B9F1010FDFF8F0A04FF0000446
:10C6D000F6B238BF4FF00109DAF800B046F48066D0
:10C6E000A7F8A24046F00106022C0ED8EB6D09F126
:10C6F000FF324FF4007103F0070342F480722344C9
:10C70000181B032801D8032C16D197F8A330872BC8
:10C710001FD96B6919052DD52B6943F440732B6123
:10C72000EB6D13F4E02F03D02B6943F400732B61FE
:10C7300097F8A300BDE8F88F14B92E660134DFE73F
:10C74000012C01D12A66F9E7B8F1000FF6D029666D
:10C75000F4E7EA6DC2F30242002ADAD097F8A33078
:10C76000872BD6D8296F581C3B44013A87F8A30081
:10C770009976F1E713F4105F05D1DAF80020A2EB07
:10C780000B02322A07D92B6943F440732B614FF413
:10C7900000732B66C4E797F8A3204A4509D3022CFF
:10C7A00007D9EA6D520704D19B05B9D4B8F1000F3F
:10C7B000B6D003F0BDFC97E70420BBE7741C022051
:10C7C00070B506690446D6F8145115F4706301D0AB
:10C7D000C6F81431A8070FD5D6F87021110444BF4C
:10C7E0000023A4F8A23094F8A330872B9FBF591CD4
:10C7F0001B1984F8A3109A76EB071CD594F83031F6
:10C800004BB9D4F8383103B19847002384F82E315E
:10C81000012384F8303194F82E3194F82F219A4274
:10C8200085BF5A1C1B19002384F82E2188BF93F85A
:10C83000A530C6F8603115F4407F0DD094F8A30000
:10C8400018B1D4F83C3103B198470023A4F8A230C2
:10C85000A4F82E3184F8303170BD00000148FFF794
:10C86000AFBF00BFCCB400200148FFF7A9BF00BF95
:10C870000CB600200148FFF7A3BF00BF4CB7002053
:10C880000369002213481A61814212D8124A9A643D
:10C8900001225A62114A9A624FF43032DA629A6C7B
:10C8A0001A6500221A624FF001129A6501221A617C
:10C8B00070470B4881420B4906D80B4898645A626E
:10C8C0000A4A9A62D962EAE7094898645A62094AB0
:10C8D000F7E700BF7F1A06003B372819B80B05059C
:10C8E0003F420F00007F05001C1A120C100E0202BE
:10C8F0000A090704600901014FF0E0234022C3F850
:10C9000008227047F8B5144D144B6E681C687CB94A
:10C91000114B134A5B689B1BC3F38F111180114AA3
:10C920001088B0EB931F38BF1180BFF34F8FF8BD55
:10C93000237A73B1236820466F681B6898476B6839
:10C94000E188DB1BC3F38F12B1EB931FA28038BFCA
:10C95000E2806469DBE700BF001000E0183D0120C1
:10C96000F01F0220F21F02200B68036070470B6863
:10C9700003607047704703681847000070B572B6CF
:10C980001C4D1D4C2A8804F1700604EB8200B04255
:10C99000034602D362B6002070BD50F8041B09B9EB
:10C9A0000132F4E7B1FA81F64FF00040F04021EA9D
:10C9B0000001196001B901322A80104A1188013141
:10C9C0008DB2158062B61B1B4FF4025001249A10E1
:10C9D00041F67C7300FB0233094A02FB0633094A25
:10C9E0001268D454D018084B1A888A4238BF1D8068
:10C9F000D2E700BFF41F02201C3D0120EC1F0220E3
:10CA0000FCFEFFFF143D0120EE1F0220438872B69A
:10CA10000278012A03D9013A027062B670475909B7
:10CA2000DB430B484FF0004203F01F0322FA03F3ED
:10CA300050F82120134340F82130064B1A888A42CF
:10CA4000054A88BF19801388013B1380E5E700BFC2
:10CA50001C3D0120F41F0220EC1F0220C36830B5EA
:10CA600003B930BD187A90420AD158685C7A0069DF
:10CA700050F8245025B940F8241008780130087087
:10CA8000DB68EDE7437A8B424FF0000385BF026914
:10CA900052F82100184642F82130704738B5437AE1
:10CAA0008B4202D80024204638BD0369002253F887
:10CAB000214043F82120002CF4D02378012BF2D917
:10CAC000FFF75CFF054628B14FF48072211D04304A
:10CAD00001F006F92378013B23702C46E3E70000C0
:10CAE0000022C0E9002202810274024A116810602B
:10CAF000C16070478C3D0120037C10B5002B49D1EB
:10CB00000368002B48D04368002B45D0427A5B7AFB
:10CB10009A4243D272B6234B1A68DAB9224B1A688A
:10CB2000002A3DD0824226D10268D16861BBD06024
:10CB3000C16819600023C360917A013191720121AB
:10CB400011724268947A11720C44947201741846FE
:10CB500062B60DE0D3680BB95269DEE75C684168E4
:10CB60008C4206D15C7A417A8C4202D162B60420B2
:10CB700010BDDB68EFE702F10C03D268D0E7844216
:10CB800002D162B60620F3E70C46C9680029F6D147
:10CB9000E060CDE70120DBE70320D9E70220D7E7FB
:10CBA0000520D5E7183D01208C3D012070B4067C9E
:10CBB0009DF80C5036B902724572C0E9001370BC82
:10CBC000FFF79ABF012070BC70470000037C10B5CE
:10CBD0000446002B3DD04368427A5B7A9A423AD2AF
:10CBE00072B60268D36813B962B6032010BD9842CA
:10CBF000D96827D1D1606368627A1B6953F8220033
:10CC000040B1FFF703FF72B663680021627A1B69C7
:10CC100043F822102268937A013BDBB2937203B986
:10CC200013726268937A013BDBB2937203B9137299
:10CC30000A4B00201A682074E2601C6062B6D5E7D7
:10CC4000002BD8D01A46DB689C42F9D1E368D36048
:10CC5000D1E70120CAE70220C8E700BF8C3D0120D0
:10CC600010B50446FFF7B2FF064B1A681AB1A2428C
:10CC700003D1E2681A60204610BD02F10C03D268AD
:10CC8000F4E700BF8C3D01200A4B1A787AB90A4AB2
:10CC90000A49C2F858110A4AD021012082F84610E8
:10CCA0004FF0E0224021C2F80811187070470020B0
:10CCB000704700BF612B022000D0002001910100CD
:10CCC00000E400E010B5044650F8083BDB689847E4
:10CCD000204610BD30B572B6264C89B9016879B1CD
:10CCE00003790F2B0CD822881A41D20708D503F1FB
:10CCF000007303F5E943B1EB431F01D162B630BDC8
:10CD00002388002243FA02F515F0010529D10121FB
:10CD100091400B43238062B6174CD1B20171E36F8F
:10CD200043F0C003E36740F28244144B1C609976E1
:10CD300099771976D97702F10073114982F00302CD
:10CD400003F5E9435B010360C3E90055C3E90255FC
:10CD5000C3E90455C3E90655535C43F0C00353547B
:10CD6000CDE70132102ACDD162B6002302710360F3
:10CD7000C5E700BF482A022000C00F4000800E40D7
:10CD800000810E4003790F2B0FD8084A937672B6B4
:10CD90000749012203799A400B8823EA02030B809A
:10CDA00062B61023037100230360704700800E40B9
:10CDB000482A022070B50B4D00240B4EEFF3108271
:10CDC00072B6286858B143692B6033B19C6102B9CF
:10CDD00062B6836844779847F0E73360F7E702B9B3
:10CDE00062B670BD143E0120103E0120FFF7E2BF85
:10CDF000044B5A68044B1A60044A136801331360E9
:10CE0000704700BF001000E0701C0220741C02205C
:10CE1000704770477047704770B503241826044D5B
:10CE200006FB0450FFF74EFF013CF9D270BD00BF76
:10CE3000C0D2002003682DE9F041044688B01746AF
:10CE4000002B4AD000229A600122DA60236818255C
:10CE5000DFF8D88004A803F1BF2303F577031E1180
:10CE600051F8083B754302935B68984705F1080049
:10CE700058F805304044DB6801909847029B04A9AC
:10CE8000224A0198029248F805309B68984702A808
:10CE9000FFF718FF236803221F609A601C4A23795A
:10CEA0009355137851788B4228BF0B469178D278EE
:10CEB0008B4228BF0B461749934228BF1346164A98
:10CEC000C2F82812154A012082F87A304FF0E02388
:10CED0004FF08062C3F80C2115E0114AD36E43F481
:10CEE0004053D36601220F4B1A6003F580730E4A3C
:10CEF0000360236898680028A8D010339342236009
:10CF0000F7D90020206008B0BDE8F081FC34002093
:10CF1000FBCB00203597010000D0002000E400E0AA
:10CF200000C00F40004008403F410840C0D20020F0
:10CF300050F8083B1B68184738B5174C174D236845
:10CF4000AB4207D0164BDA6822B101222046DA60E4
:10CF5000FFF7EEFFA369AB4207D0114BDA6922B1AC
:10CF600001221048DA61FFF7E3FF236BAB4207D0E1
:10CF70000B4BDA6A22B101220B48DA62FFF7D8FFC5
:10CF8000A36CAB4207D0064BDA6B22B101220748F3
:10CF9000DA63FFF7CDFF38BDC0D20020FC3400209B
:10CFA00000410840D8D20020F0D2002008D3002051
:10CFB000054A0020054B06491A609A611A639A6473
:10CFC000044A09F01FBA00BFFC340020C0D2002080
:10CFD00015960100C8B80020F8B507460C4669B19F
:10CFE0008D180026AC4201D13046F8BD3B6838466A
:10CFF00014F8011B1B6898470644F3E70E46F3E755
:10D00000012AF0B508BF0A228BB0A9B93022212429
:10D010008DF825203BB1631E0AAADCB252FA83F3D5
:10D020002D2203F8242C036801A9C4F122025B68B5
:10D03000214498470BB0F0BD2124B1FBF2F602FB6E
:10D040001617FDB2092F04F1280794BF3035373584
:10D050006F448A42EDB207F8245CDBD8013C3146CC
:10D06000E4B2EAE700294FF00A02BABF49422D2391
:10D070000023FFF7C5BF40F60D2307B5ADF8043018
:10D080000222036801A95B68984703B05DF804FBBE
:10D09000054B022888BF0346186810B44468184638
:10D0A00023465DF8044B1847BCB400200EB403B50A
:10D0B00003AA52F8041B01920AF0C2FE02B05DF806
:10D0C00004EB03B0704730B422B90368C9B21B68DF
:10D0D00030BC184730BCFFF793BF0000B4EE400BE4
:10D0E000F0B5F1EE10FA06460D462DED048B87B033
:10D0F00008D74249F3F74AFC0446204607B0BDEC86
:10D10000048BF0BDB0EEC07B9FED346BB4EE467B7C
:10D11000F1EE10FA01DD3A49ECE79FED327BB4EE17
:10D12000C70BF1EE10FA02DD36493046E2E79FED1B
:10D130002F7BB4EEC70BF1EE10FAF5D4B5EEC00BB1
:10D140000022B6EE008BF1EE10FA9FED2A6B46BF7F
:10D15000B1EE400B01230023D1B28D4226D830EE30
:10D16000088B0A223046BCEEC89B19EE101AFFF756
:10D1700047FF0446002DC0D0B8EE490B0F2D02A882
:10D18000B2EE046B28BF0F252E2338EE400B01466C
:10D190002A468DF80830013AD2B2FF2A0AD1013569
:10D1A000336830465B68EAB29847A6E728EE068BFC
:10D1B0000132D1E720EE060BFCEEC07BCDED017A0B
:10D1C0009DF8043007EE903A03F13007B8EEE77BA4
:10D1D00000F8017F30EE470BDDE700BFFFFFFFFFE8
:10D1E000FFFFEF7F000000E0FFFFEF41000000E0E5
:10D1F000FFFFEFC19A9999999999B93FC970002099
:10D20000CD700020D17000202DE9F0413C24002594
:10D2100040F26D184FF0640C4FF4C87EB0FBF4F38D
:10D22000B3FBF4F204FB130004FB12332C4608702A
:10D2300018204B70B2FBF0F300FB1322181D8A700C
:10D240000722B0FBF2F2C2EBC202801AC870E8B249
:10D2500000F2B27212F0030641D192FBFCF70CFB14
:10D260001727002F3ED192FBFEF70EFB1727002F4A
:10D2700014BF47464FF4B7773C440135A342E6D28A
:10D28000463088716420B2FBF0F500FB15254FF4A1
:10D29000C870B2FBF0F700FB172236BB45BB002A73
:10D2A00040F26D1008BF4FF4B7701B1BDFF854C07D
:10D2B000034400200128C7B21DD1FEB905BB002AD6
:10D2C00014BF1C241D249C4204D801301B1B0C28B5
:10D2D000F0D1074601334F710B71BDE8F08140F288
:10D2E0006D17C9E74FF4B777C6E740F26D10DCE77A
:10D2F0004FF4B770D9E710F80C40E4E71C24E2E7DC
:10D300001D24E0E7F56F002010B50446006809F021
:10D3100017FC204610BD38B504460D4600680131A3
:10D3200009F0C2FC10B1C4E90005012038BD436812
:10D330008B4210B5044601D3012010BDFFF7EBFF6F
:10D340000028FAD0A368002BF6D122681370F3E707
:10D35000F8B504460F46154632B9036803B11A7092
:10D360000023A3602046F8BD1146FFF7E0FF064604
:10D3700038B9206810B109F0E3FB26600023636030
:10D38000EFE739462068A5600AF0A6FFEAE713B583
:10D390000446084601910AF0FDFF01990246204625
:10D3A00002B0BDE81040FFF7D3BF002313B5044619
:10D3B0008360C0E9003341B1084601910AF0EAFFF9
:10D3C000019902462046FFF7C3FF204602B010BD78
:10D3D000814238B505460C460DD0006808B109F009
:10D3E000AFFB23682B6063686B60A368AB600023AE
:10D3F000C4E90033A36038BD884210B5044601D0AB
:10D40000FFF7E6FF204610BD10B5044619B1FFF73F
:10D41000BEFF204610BD8160FBE738B50D462AB13E
:10D4200021B184689C4202D800230B7038BDE41AF5
:10D43000013A016828469442194428BF14462246FE
:10D440000AF039FE00232B55F0E7006808B109F017
:10D4500020BB7047804BF0B559699D69A3F5F8234F
:10D46000DC687E4B984240F2DF807D4B984240F270
:10D47000E4807C4AC31AB3FBF2F31922534340F20F
:10D48000276203F2E243934228BF1346724EA3F58C
:10D490004873D6F8802042F0C002C6F880201922D6
:10D4A000B3FBF2F204F01F03934207D224F01F04EF
:10D4B0006D4B1443DC601E68002EFCDA11F0007323
:10D4C00028D16A4E6A4F36693E40BE420EBF0326DF
:10D4D00000260123F70681EAC66616F0605F04D0D5
:10D4E00021F060515C4E394371611E0385EA0333BC
:10D4F00013F4405F07D025F440552E43564DAE61DE
:10D50000AB6C1E07FCD441F00071534B59619D6C0C
:10D51000AD06FCD40126574F354606FB05F34343C1
:10D52000BB4240F28D8003F5B703534803F55863BF
:10D530008342524800F28E80B3FBF0F3362B38BFA3
:10D5400036234A4F5843DFF858E1D7F800C00CEAB9
:10D550000E0E43F0004CB0FBF5F04CF4005CE645D9
:10D56000B0FBF6F009D04FF4805C43F40053C7F8E9
:10D5700000C03B603B68002BFCDA374B013D1F6964
:10D5800007F00707AF4203D01D619D6CEF03FCD489
:10D59000731E9D0281EA832313F4E05F09D005F432
:10D5A000E05321F4E05119432B4B59619D6CAD07B9
:10D5B000FCD4334B334D0344AB4296BF324D04236E
:10D5C000B3FBF5F35E1E350281EA062616F4407FB2
:10D5D000214E05D021F4407105F440752943716155
:10D5E00071691D4D21F000717161A96C8906FCD42F
:10D5F0002649B0FBF3F3086025490B604FF0FF3379
:10D600002449B0FBF1F1B3FBF1F323490B6004F0C3
:10D610001F039A4207D224F01F04134B2243DA60FF
:10D620001A68002AFCDAF0BD1C4E40F27E4340F23C
:10D63000B632B04298BF134628E740F2E24325E7EE
:10D64000082D01D0013568E7042E3FF66CAF013696
:10D65000012562E76C2374E700C00F4000A4781F27
:10D660000046C323003FAB010000084000800D408E
:10D6700040300080FFB19F26FF7EF64D001BB700B3
:10D680007FD1F0087F17B42C80D1F008A8B100201A
:10D69000A4B1002040420F002414022000366E0185
:10D6A0007F30018070B50D4B01240D4E0D4D53E8B8
:10D6B000002F3068296843E80042002AF7D10A4B5E
:10D6C0005B680A4A5B1A1268A3FB02324FF47A7352
:10D6D00058439A4294BF8018C01870BD781C02202D
:10D6E000741C0220701C0220001000E02414022090
:10D6F00038B5044680B1FFF7D5FF0546FFF7D2FFE6
:10D70000401BB0F57A7F02D202F012FDF6E7013C31
:10D7100002D005F57A75F1E738BD0000362810B55E
:10D720000BD802010A4B03EB00109B58C2685C68DF
:10D73000144206D011B1C3F8842010BDC3F888206C
:10D74000FBE7836811B1034A1A60F6E7024AFBE778
:10D750004441002038F001003830010036280BD851
:10D760000201064B03EB00109B589A68C3681A42EB
:10D7700014BF012000207047002070474441002062
:10D78000362830B517D8134B020101299A5803EBFC
:10D7900000105468D0E9023501D004290CD12C4383
:10D7A0000129546001D1382201E040F638021A60A4
:10D7B000152243681A6030BD24EA0504546000292C
:10D7C000F1D0022901D1044AF1E703290CBF034A31
:10D7D000034AECE74441002038F0010038300100F2
:10D7E00038000100114B0021114A30B5C3F8F02276
:10D7F0000122104D104CC3F8F412C3F8B820C3F83E
:10D80000A010C3F8A450C3F8B0205869C007FCD5D5
:10D810005A612078C007F0D41A6842F001021A60F9
:10D82000024A1368DB07FCD462B630BD00802A4090
:10D830000504012401000F0000812A4030B50D4B82
:10D840004FF6FF750C4CA3F5805100220888023179
:10D85000A84203D00132994292B2F7D303F5805324
:10D8600024F8022BB3F1C14FEDD1044B01221A7001
:10D8700030BD00BF00107C60862A022026300220C6
:10D8800038B541F2BB030446984225D8134B1B78A8
:10D890000BB9FFF7D3FFA2083F23114804F003049C
:10D8A000B2FBF3F3C3EB831144EA8304521A02F58B
:10D8B000C02130F81220FF2001F5F86152000B035F
:10D8C00002EB0132934200D338BD33F8021BCDB2D4
:10D8D000A54208BF080AF5E7FF20F5E72630022039
:10D8E000862A02202DE9F0410D46144672B6304BCF
:10D8F00040F206412F4A9A610222DA610022C3F8FF
:10D90000A020C3F8F0120119C3F8F422C3F8F822DA
:10D91000C3F8FC224FF47022C3F8A4200122C3F8FC
:10D92000B02020F01F02BFF34F8F4FF0E026C6F863
:10D930005C2F20329142FAD8BFF34F8FBFF36F8F25
:10D940005A69D607FCD501221B4920F07F40184FA9
:10D950005A61C3F8F01242F20121DFF86080C3F887
:10D96000F412A1B2C3F8BC2041F47021C3F8A000A6
:10D97000C3F8A410C3F8B0207B69DA0705D54123AA
:10D980007B61BDE8F041FFF72DBF5906F4D5082CA7
:10D990000BD83CB126462946A41B354432464046A6
:10D9A00000F09EF940237B61E6E70826F3E700BF1D
:10D9B00000802A40F05AF05A3204180880812A4028
:10D9C00010B472B6274B284A9A610222DA6140F2FB
:10D9D0000642C3F8F0220022C3F8F422C3F8F8226A
:10D9E000C3F8FC22C3F8A0204FF47022C3F8A4208F
:10D9F0000122C3F8B02020F47F6222F00F02BFF3AF
:10DA00004F8F02F1200402F58051A14234BF012161
:10DA100080214FF0E02402EB4111C4F85C2F20324A
:10DA20008A42FAD1BFF34F8FBFF36F8F5A69D10784
:10DA3000FCD501210D4A5961C3F8F0220C4A02407D
:10DA4000C3F8A0204FF47022C3F8A420C3F8B0108C
:10DA5000044B5A69D207FCD501225DF8044B5A6188
:10DA6000FFF7C0BE00802A40F05AF05A2004180880
:10DA700000F0FF0041F2BB0398422DE9F047044655
:10DA8000C2B089462FD83A4B1B780BB9FFF7D6FEA8
:10DA9000A6083F23374F04F00304B6FBF3F3C3EBB0
:10DAA000831244EA8304B61AFF2206F5C02537F82C
:10DAB00016A005F5F8652D03A84605EB4A002B4690
:10DAC000834213D34A450ED0BAF5006F16D244EA0A
:10DAD00009240AF1010A022202A9ADF80840FFF761
:10DAE00001FF27F816A042B0BDE8F08733F8021B0B
:10DAF0005FFA81FCA44508BF0A0AE1E74FF480728F
:10DB0000FF2102A800F086F915F5805F40F60103B9
:10DB100028BF012305EB4303294602359D4220D14E
:10DB200002AB0025404603F8049002ACA946FFF77B
:10DB300047FF14F8013BFF2B0CD045EA03230222D8
:10DB400008EB490009F101090DF10601ADF80630B5
:10DB5000FFF7C8FE0135B5F5807FEAD127F81690AA
:10DB6000C1E70A8802A80978120A4254D4E700BF24
:10DB700026300220862A022070B504460846A518E1
:10DB8000AC4200D170BD461C14F8011BFFF772FFB8
:10DB90003046F5E710B501460446054800F0AAFBFB
:10DBA00020B92046BDE8104008F0C2BF10BD00BF3C
:10DBB000180F0220030F0146072B02D1024800F084
:10DBC0005FBB08F0BDBF00BF180F02207047000008
:10DBD0003628F0B50DD8344C0001344D2358AB42F3
:10DBE0003FD007D8B3F1844F3DD0A5F58045AB4277
:10DBF0003BD0F0BD2E4DAB42FBD12E4E20442E4DDE
:10DC00002E4CD0E901C7C4F8B452C0684FF0E024EC
:10DC10004FF00055042AC4F81051EAD8284CA55CEE
:10DC20006FEA00045A6922EA00025A614FF00502C5
:10DC3000CCF800203A6842F480323A605A6822EA0E
:10DC400000025A6090FAA0F2B2FA82F246F822106C
:10DC50000DD1DA690243DA6198615A6902435A6167
:10DC6000C7E7184ECAE7184EC8E7184EC6E7D96985
:10DC70000F2A01EA0401D9614FF0030109DC5200C7
:10DC8000DC68914005FA02F224EA01010A43DA60F5
:10DC9000E2E7103A1C6952009140954024EA0101E4
:10DCA00029431961D8E700BF4441002000800042A9
:10DCB00000C0004240C50020C50E000000D000207A
:10DCC000D56A0020C0C40020C0C3002040C400208A
:10DCD00008B50DF013F8E5F73FFE02F029FAFAE770
:10DCE000844641EA000313F003036DD1403A41D367
:10DCF00051F8043B40F8043B51F8043B40F8043B26
:10DD000051F8043B40F8043B51F8043B40F8043B15
:10DD100051F8043B40F8043B51F8043B40F8043B05
:10DD200051F8043B40F8043B51F8043B40F8043BF5
:10DD300051F8043B40F8043B51F8043B40F8043BE5
:10DD400051F8043B40F8043B51F8043B40F8043BD5
:10DD500051F8043B40F8043B51F8043B40F8043BC5
:10DD600051F8043B40F8043B51F8043B40F8043BB5
:10DD7000403ABDD2303211D351F8043B40F8043B55
:10DD800051F8043B40F8043B51F8043B40F8043B95
:10DD900051F8043B40F8043B103AEDD20C3205D365
:10DDA00051F8043B40F8043B043AF9D2043208D05D
:10DDB000D2071CBF11F8013B00F8013B01D30B88CF
:10DDC00003806046704700BF082A13D38B078DD0AD
:10DDD00010F003038AD0C3F10403D21ADB071CBF7F
:10DDE00011F8013B00F8013B80D331F8023B20F8E9
:10DDF000023B7BE7043AD9D3013A11F8013B00F822
:10DE0000013BF9D20B7803704B7843708B788370A9
:10DE10006046704701B5EAB1102A17DB00F007032E
:10DE200033B1C3F10803D21A013B00F8011BFBDC3C
:10DE3000C9B241EA012141EA01418C46D308013BC4
:10DE4000E0E8021CFBDC12F0070203D0013A00F804
:10DE5000011BFBDC01BD00BF08F06ABE08F070BE0C
:10DE600070B50024B0FBF2F502FB1506F3B2092EE3
:10DE700094BF303337338242DBB20B5502D80134C2
:10DE80002846EFE70B190022481E5A70A51AAA422D
:10DE900001DB084670BD10F8015F01321E78067084
:10DEA00003F80159F2E7031E10B50C4603DBBDE889
:10DEB0001040FFF7D5BF2D2001F8010B5842FFF7A6
:10DEC000CFFF204610BD0000B4EE400A2DE9F04F10
:10DED000F1EE10FA80EAE07507460E461446A5EB0F
:10DEE000E0752DED028BB0EE408A85B02ED7B5EEF1
:10DEF000C00AF1EE10FA4CBF04230323AB42B4BFB7
:10DF0000ED1A0025002806DA2A4620462C44002572
:10DF10002021FFF77FFF18EE103A4E22002BBCBFE6
:10DF20002D2304F8013B412322706370E31C184643
:10DF3000A27020212A46FFF76DFF002203462844E5
:10DF40005A5505B0BDEC028BBDE8F08FF0EEC07AFB
:10DF50009FED6C7AF4EE477AF1EE10FA22DDB5EE21
:10DF6000C00AF1EE10FA4CBF04230323AB42B4BF46
:10DF7000ED1A0025002806DA2A4620462C44002502
:10DF80002021FFF747FFB5EEC08A4622F1EE10FAD6
:10DF900044BF2D2304F8013B492323704E236370B3
:10DFA000E31CC4E702AA01A9304609F06CFD019BFD
:10DFB000804656EA03024ED10178534B534A342926
:10DFC00094BF904698460123019340460AF0E2F937
:10DFD000019B05468342B8BF451C002B43D1013548
:10DFE000DDF808B0BBF1000F00D00135A7EB050A42
:10DFF00004EB0509BAF1000F59DD524620212046F5
:10E00000D144FFF707FF04EB0A02BBF1000F02D077
:10E010002D2302F8013B019900294AD136B113465C
:10E02000302103F8021B2E2151701A462E209145F3
:10E03000134659D8002F0ADAE8192021454218461C
:10E0400025EAE5752A46FFF7E5FE03462B44002244
:10E0500020461A7075E75B429E42BEBF7342DFF8EE
:10E06000AC800193B1E7BBDA002EB9D03344B51CC4
:10E070009842B5D9F2EE047A334602E028EE278AB8
:10E08000013B002BFADC002E02AA03A9B0EE480ADD
:10E09000ACBFB01B304609F0F6FC019B039A711C23
:10E0A0008046D21A8A4204BF0133019398E7224680
:10E0B000ABE7BBDA002EB9D013462E204FF0300C60
:10E0C000002603F802CB5070C1F10200024418464A
:10E0D000904205D15A1A002EA8D000230193A5E73B
:10E0E000012600F801CBF3E718F8011B03F8011B28
:10E0F00099459FD001990139019109B9931C50703C
:10E100001A4694E7FFFF7F7F2C9B0020568E00204D
:10E110004FF470430022A0F88C310F231146A0F871
:10E120008E31A0F89021B0F888319BB2F0B543F061
:10E13000F00360274FF460464FF4806548F2B8243E
:10E14000A0F8883107FB02030132042A9E80DD809B
:10E150005984198659805981DC815982D982598321
:10E16000D983EFD1B0F888319BB243F00F03A0F808
:10E170008831B0F888319BB243F47063A0F88831DD
:10E18000F0BD00224FF00F0CF0B5114641F201072F
:10E1900045F6C05643F2260400EB42135501013206
:10E1A0009981042A5981A3F80EC09F82DE804153D1
:10E1B00019829C81F0D1F0BD154A164808B5936FBD
:10E1C00043F47F039367D2F8803043F07C4343F4F9
:10E1D0004033C2F88030FFF79BFF00F58040FFF727
:10E1E00097FF00F58040FFF793FF00F58040FFF7B1
:10E1F0008FFFA0F50310FFF7C4FF00F58040FFF785
:10E20000C0FF00F58040BDE80840FFF7BABF00BF7F
:10E2100000C00F4000C03D40074A506A936A10B5E5
:10E220001C460146506A936A9C42F9D18142F7D15B
:10E23000DB0B43EA404010BD00400D400F4B9A6895
:10E2400022F001129A609A68D207FCD49A6B22F0ED
:10E2500001029A63094B9A6BD107FCD4C203400CAC
:10E260005A6518659A6B42F001029A639A6BD2075D
:10E27000FCD59A6842F001129A60704700400D4048
:10E2800070B505460C4600F0AFF820B909F0EEFF76
:10E290001623036070BD002CFCD0A4F10C062846A8
:10E2A000314600F002F9E0B1AB682BB154F80C2C08
:10E2B00000212046FFF7AEFD54F8083C0021E0188D
:10E2C000E15041608160AB682BB10C3054E903230D
:10E2D000D21AFFF79FFD002344F80C3C7360B36033
:10E2E000D8E7034B214628461B68BDE87040184715
:10E2F000E4CA00202DE9F84F05460F46284600F0F5
:10E3000073F828B909F0B2FF16230027036059E01B
:10E31000012F6B6838BF01270C3BBB4206D2EB686C
:10E32000002B54D109F0A2FF0C23EEE7D5F800A092
:10E3300007F10C095446A4EB0A036A689342EED233
:10E340002146284600F0B1F800283ED0266818364D
:10E3500026443446EFE70C36A6EB0A036A6893427C
:10E36000F7D23146284600F0A0F8A6EB0408834611
:10E370000028EED1C145EED8A8F10C032046C4E92F
:10E38000003701F02FFFAB68804604F10C07A06056
:10E3900023B1226859463846FFF73CFD65680026E0
:10E3A0000C352544404601F0FDFEA8510436804658
:10E3B0000C2EF7D1FF2105F10C00D4E90023D21A6D
:10E3C000FFF728FD3846BDE8F88F2646C4E73946F2
:10E3D000284698476B688342A4D26860284600F0BC
:10E3E00012F800288AD19DE7036853B1406848B10C
:10E3F0000C23B0FBF3F203FB1200B0FA80F04009EB
:10E4000070471846704710B50146FFF7EDFF044608
:10E4100010B10124204610BD4B680C20B3FBF0F274
:10E4200000FB12320AB19B1A4B604B68F02BF0D8FC
:10E4300009F01CFF1C230360ECE770B51E46044680
:10E4400030B909F013FF254616230360284670BD36
:10E4500001B1BAB92046FFF7C7FF054668B1A36806
:10E4600023B1626800212068FFF7D4FC102200214C
:10E470002046FFF7CFFC0125E8E709F0F7FE162359
:10E480000360E3E7049BC0E90012C360FFF7BBFF32
:10E4900005460028DAD0002EEDD062680021206801
:10E4A000A660E6E700231B70FFDE73B50D46C8B11A
:10E4B0000368994215D342681344994211D80868F9
:10E4C00080B14B6898420CD30C23B0FBF3F203FBF2
:10E4D000120434B9084601F085FEAB6801909842F9
:10E4E00002D0002002B070BD6E680C362E44019838
:10E4F00001F058FE0422019030190DEB020109F0E1
:10E500006FFD0028EDD104340C2CF0D12B6806F1FE
:10E510000B0269680B335B1A33449A4201D1012024
:10E52000E0E712F8011FFF29F7D0DAE772B6EFF340
:10E5300005834F4CC4F884301EF0040F0CBFEFF37A
:10E540000882EFF309824FF0E0234A4F4A4ED3F896
:10E55000281DC4F88810D3F82C1DC4F88C10D3F8EB
:10E56000341DC4F89010D3F8383DC4F89430936942
:10E57000C4F89830D369C4F89C3000F0C5F884ED35
:10E58000280AFFF749FE0B233C4AC4F8A400C4F84C
:10E59000803010464FF0FF331168202504324B4085
:10E5A00003F00101013D07FB01F181EA5303F7D1BB
:10E5B000B242F1D1C4F8A830BFF34F8F4FF0E0233F
:10E5C0002F4AC3F8700FC3F8702FBFF34F8FBFF3FC
:10E5D0006F8F2C4A2C4CD36E2C4843F44053D36697
:10E5E00002232360D36923F07F0343F04003D36108
:10E5F000274B1B68834201D9FEF72CFF002301261D
:10E600004FF0FF322360C4F80831224BC4F80031C8
:10E610004FF0E023C4F808611B4CC3F88021C3F815
:10E620008421C3F88821C3F88C21C3F89021D4F841
:10E630000C3123B10135C4F80C614F2D02D800F024
:10E64000C3F9F4E7144B02221449C3F840214FF0F8
:10E650000042134B13485A630B4AD2F80C312BB1CA
:10E660004FF0E023104AC3F80C2DFEE70863F4E7EF
:10E6700000FF27202083B8EDA8FF272080FF272058
:10E68000A0FF272000C00F4000400840803DCD0B78
:10E69000A8B10020009F240000002E4000800F4001
:10E6A00000900D40F100AD0B0400FA05084A08B5D2
:10E6B000034610684BB1034406498B4206D909F062
:10E6C000D5FD0C2303604FF0FF3008BD1360FCE75D
:10E6D000C4B8002000002820002070474FF0FF3011
:10E6E00070474FF4005300204B6070470120704783
:10E6F0004FF0FF30704730BFFDE730BFFDE730BF60
:10E70000FDE7FFF713BF0000124BD3F8802052073C
:10E71000FBD5D3F88030104AC3F30B2392ED000AE7
:10E7200007EE903A0D4BB8EE400A93ED007AF8EE02
:10E73000E77A0B4BB8EE477A77EEC77A93ED007A1B
:10E74000084B67EE877AD3ED006A87EEA67A30EE43
:10E75000470A704700810D40101402200414022063
:10E76000141402201C14022030B5224C01B30904F9
:10E77000214B012541F080019860A360596000F5AC
:10E7800080511D60D96000F50051196100F54051BC
:10E7900000F58040596198610023E360174BD3F87E
:10E7A000B0112943C3F8B011D3F8B0110029FBD13F
:10E7B000134B0121002A4FEA0242196048F28001FE
:10E7C00008BF802159600021C4E9123199604FF0DF
:10E7D00001110A4BC3F8BC11D3F8B01141F48031D8
:10E7E000C3F8B01107490A60D3F8B021002AFBD161
:10E7F00030BD00BF0000002040D3002000002E40AC
:10E8000020D300200C0F0220836BF0B51BB153689E
:10E8100043F40043536072B6446B184B24B3226038
:10E82000D3F8B0410C421CD1154E7768D3F8404163
:10E8300044F48044C3F84041D3F8B841D3F8405180
:10E840006D0404D47568ED1BB5F5166FEED30C405E
:10E8500007D1C0E90224094CD4F8B0310B43C4F805
:10E86000B031426362B6F0BDC0E90224D3F8B041D2
:10E870002143C3F8B0110263F3E700BF00002E404C
:10E88000001000E070B50446006B38B10246002568
:10E89000536813F0800302D022633DB970BD126843
:10E8A0000135012AF4D1C4E90C33F6E70668013DCD
:10E8B000A36B98473046F0E770B504460E46154600
:10E8C00000213C220430FFF7A5FA01232660A36053
:10E8D000A56370BD1F4A10B509B309041E4B01247E
:10E8E00041F0800198609364596000F580511C608C
:10E8F000D96000F50051196100F5405100F58040E4
:10E90000596198610023D364144BD3F8B01141F4DA
:10E910008031C3F8B011D3F8B0110029FBD1104BEE
:10E9200001211960802159600021C2E902319960FA
:10E930004FF00112094BC3F8BC21D3F8B02142F0CB
:10E940000102C3F8B021074A1160D3F8B021002AB0
:10E95000FBD110BD0000002040D3002000002E405D
:10E9600020D300200C0F022072B60A4A012303FABA
:10E9700000F0137818431070074AD2F8483119068E
:10E9800005D480210B43C2F84411C2F8483162B665
:10E99000704700BF9E30022000002E400123084A2D
:10E9A00003FA00F0137823EA0000107030B9054A2A
:10E9B000D2F8483123F08003C2F84831704700BFD5
:10E9C0009E30022000002E402DE9F043A24C85B07D
:10E9D000D4F84461F007C4F8446132D4710600F100
:10E9E0005A82F40103D59D4B1B6803B19847B001CF
:10E9F00003D59B4B1B6803B19847710708D5964B0D
:10EA0000984AD3F8843113F4007318BF01231370AC
:10EA1000914BD3F848311A0640F15A82330640F13F
:10EA20005782914A1378002B00F04D82013BDBB2F4
:10EA30001370002B40F047820620FFF7AFFF0CF069
:10EA400051F9D4F8AC31894F002B4DD1D4F8BC51D9
:10EA5000002DC3D0864AC4F8BC5111680D4224D0A1
:10EA6000136042F22102834BD3E90043A1B29142E9
:10EA700011D19BB27BB9804A804B1068918886285F
:10EA80009279186099809A7105D10620FFF76CFF82
:10EA9000754B50221A707A4B9C4202D0794B9C42A3
:10EAA00003D17549734800F049FE774B1B681D4040
:10EAB00094D02C0CDFF8D4814FF00109002C40F0E9
:10EAC000DC81ADB2714F4FF00108002D86D095FA70
:10EAD000A5F4B4FA84F407EBC41008FA04F4FFF7C1
:10EAE000D1FE25EA0405F0E7C4F8AC31674BD3E961
:10EAF0000A03D4F8402142F40052C4F84021D4F86B
:10EB000040219204F5D5D4F8402122F40052C4F8F3
:10EB100040214FF00112C4F8B421D4F8B45115F0DB
:10EB20000115FAD181B2524AB1F5106F1560CDE9E5
:10EB3000020300F0B38040D840F20232914200F06C
:10EB4000EF801ED8822900F0D08007D8802900F0FD
:10EB5000C5804FF00113C4F8C0317AE0B1F5817F70
:10EB600000F0F180F5D340F22112914203D040F23F
:10EB700021229142EDD1B3F5102F4FEA1341E8D293
:10EB800055E140F2816291420ED8B1F5D06F80F02C
:10EB90003881B1F5A06F50D0DBD840F221329142DC
:10EBA000E9D040F22142E4E7B1F5086FD1D1384B0A
:10EBB00038481B780121037094E042F221229142EF
:10EBC00000F0248115D840F60132914200F03581E1
:10EBD00042F22102914200F0268140F681229142C8
:10EBE000B7D19BB2042B40F0368123482A4B1B78C7
:10EBF000E0E748F2A212914200F0338114D842F2C9
:10EC00002132914264D048F2A1129142A1D1B3F5D0
:10EC1000102F9ED201AA184902A800F063FD002817
:10EC200097D0019914485DE048F2A1429142EED09C
:10EC300021F4807148F2A122E7E72A4629462846B6
:10EC4000FFF792FDBDF80A305B0643F08073C4F80D
:10EC50005431D4F8AC31F7E600002E40041E0220F7
:10EC6000081E0220AC300220AD300220C0012E4030
:10EC70000C0F022058D7002014300220F81D02206B
:10EC80002101010221010001100F022000000020DB
:10EC9000AB3002207F300220A9300220C0F30740B1
:10ECA0008D4B18708D4BC4F8C8314FF0C813C4F8A1
:10ECB000CC31C4F8D0314FF0C413C4F8D431C23BC6
:10ECC000C4F8D83100F072FF00F0F4FD00F0AEFCA3
:10ECD000002211461046FFF747FDBAE7804802219F
:10ECE00005704570FFF7F6FDB3E798B213F07803AF
:10ECF0007FF42FAF00F07F02050657F82210784A04
:10ED00001370537009D511F4803F18BF01234FF0E1
:10ED10000201734818BF1370E4E711F0010FF4E724
:10ED200013F0780F9AB27FF414AF02F07F0312F061
:10ED3000800F57F8232014BF42F4803242F00102C2
:10ED400047F82320C4E713F0780F9AB27FF401AF9D
:10ED500002F07F0312F0800F57F8232014BF22F433
:10ED6000803222F00102EBE7BCF5E06F1FD15D4B72
:10ED700042465D4918785D4B002818BF1946284661
:10ED8000FEF7AEFF07236B7025F01F034544BFF36A
:10ED90004F8F4FF0E022C2F8703F20339D42FAD8E7
:10EDA000BFF34F8FBFF36F8F514841469AE74246FA
:10EDB00023E00C32516800293FF4CBAEB2F800E0FA
:10EDC00084468645F5D1B2F802E0AE45F1D1000A9D
:10EDD000474D4FEA134803280CBF0A781289904523
:10EDE00028BF9046BCF5007FBED13E4B42463F490E
:10EDF00018783D4B002818BF19462846FEF770FFCB
:10EE0000C2E73C4AC0F30F409DB2D3E79BB2002B50
:10EE10007FF45EAF384BC0F307401A68374B1A6077
:10EE2000374B187054E7190C07297FF492AE354A16
:10EE3000C2E90003012234484DE79BB2042B03D101
:10EE4000C0F30F40314BECE7052B7FF482AEC0F3EB
:10EE50000F402F4BE5E7052B7FF47BAE2A482C4B68
:10EE6000C5E6B3F5403FFFF474AE274844230321C1
:10EE70000370AC238570437034E794FAA4F7B7FAB3
:10EE800087F708EBC71009FA07F7403024EA0704B0
:10EE9000FFF7F8FC12E61F4BD3F8AC21C3F8AC2106
:10EEA000D3F8BC21C3F8BC21D3F8B041002CFBD16E
:10EEB0004FF0FF32C3F8B421D3F8843100F074FE70
:10EEC000154B1C608DE505B0BDE8F04300F052BD68
:10EED00005B0BDE8F08300BFAB3002200200CC00DB
:10EEE0007F300220AC300220A53601605035016031
:10EEF00080D32420C0660020741C0220001E022043
:10EF0000AA30022058D7002014300220A930022055
:10EF1000A630022000002E40100F022070B51E46C1
:10EF2000831E0546042B13D8B2FA82F4090409485B
:10EF30003246640900EBC51041EA4471FFF7BCFC9E
:10EF400036B1054A012303FA05F01368184310602F
:10EF500070BD00BF00000020100F022070B51E46DB
:10EF6000831E0446042B14D8B2FA82F5094809041A
:10EF700032466D0900EBC41041EA45714030FFF79D
:10EF80009BFC36B1044A103401231168A3400B43A3
:10EF9000136070BD00000020100F022070B51E46E7
:10EFA000531E0546022B13D8831E042B10D894073A
:10EFB0000848324644EA014100EBC510FFF77CFCEB
:10EFC00036B1054A012303FA05F0136818431060AF
:10EFD00070BD00BF00000020100F022070B51E465B
:10EFE000531E0446022B14D8A31E042B11D8094823
:10EFF0009507324600EBC41045EA01414030FFF767
:10F000005BFC36B1044A103401231168A3400B4362
:10F01000136070BD00000020100F022012048160F8
:10F0200042F08002426001F58052C26001F5005258
:10F0300010B50261012401F5405201F580410460E0
:10F040004261C0E9061310BD831E0A46042B0AD88C
:10F05000054B00F1100103EBC0100123403003FA0F
:10F0600001F1FFF7D1BB704700000020831E0A4664
:10F07000042B06D80121034B814003EBC010FFF79E
:10F08000C3BB7047000000204068704700EB83035B
:10F090002DE9F043984201D28C0707D494460E46DE
:10F0A0000546A3F10807DFF8748017E050F8044B19
:10F0B00021F8024B240C22F8024BEBE755F8089B91
:10F0C00055F8044C1FFA89FE4EEA044E04EA08047F
:10F0D00044EA194446F804EB4CF8044BAF42EDD82F
:10F0E000C61F5C1EB742A4EB00044FEAD40524F00F
:10F0F000070438BF002420444FEA850438BF0024A9
:10F1000021442244984201D3BDE8F08350F8044BD7
:10F1100021F8024B240C22F8024BF3E70000FFFF1A
:10F1200038B5114B114C1A78114B2146114D1B6803
:10F130001148D3402A7823600023FFF76FFF2B7814
:10F140002344BFF34F8F4FF0E022C2F8684F2034C2
:10F15000A342FAD8BFF34F8FBFF36F8F0649062043
:10F16000BDE83840FFF770BFA8300220E0D124206E
:10F17000300F0220A730022040D5002070B5054690
:10F1800072B600231A4A1B48166813601A4A01789F
:10F1900014681360194A0370128862B629B11848BE
:10F1A000C2F140020368134403609EB194B1284643
:10F1B00000223146FDF752FC3046FDF727FCB4B182
:10F1C000284621460122FDF749FC2046BDE8704053
:10F1D000FDF71CBC0B4A13680133136021B1084AC8
:10F1E000136803F6AC531360002EE8D0DFE770BD60
:10F1F000AC3D0120622B0220B03D0120F61F022011
:10F20000300F0220F41D022070B504460021FDF7E6
:10F2100045FC012105462046FDF740FC364B0446DF
:10F220001B783BBB15B12846FDF7F0FB14B1204617
:10F23000FDF7ECFB314C206818B1FDF7E7FB00232C
:10F2400023602F4C206818B1FDF7E0FB00232360FA
:10F250002C4C206818B1FDF7D9FB002323602A4C01
:10F26000206818B1FDF7D2FB00232360274B002252
:10F270001A8070BD85B9FDF781FB054630B9002CB9
:10F28000F7D02046BDE87040FDF7C0BB4FF4807258
:10F2900000210430FEF7BEFD5CB9FDF76FFB0446AC
:10F2A00008B92846EEE74FF4807200210430FEF7DB
:10F2B000B1FD72B61149086830B9124B0D601C607F
:10F2C000124B188062B6D4E70D4A0F4B166816B978
:10F2D00015601C60F6E715600E600A4A196815682B
:10F2E0001C6011600022094B1A80FDF78FFB284635
:10F2F000FDF78CFBE6E700BFA9300220FC3D0120B2
:10F30000003E0120043E0120083E0120F81F02209B
:10F310000023074A1380074A1360074A1360074A0D
:10F320001360074A1360074A1370074A1370704747
:10F33000F61F0220B43D0120B83D0120AC3D012064
:10F34000B03D0120622B0220632B02202DE9F74FF4
:10F35000414B0122DFF8108187081A703F4BDFF81C
:10F360000C911C68B8F80060D9F8005034B9FDF76A
:10F3700005FB0446002841D0384B186035B9FDF72D
:10F38000FDFA0546002839D0C9F80000DFF8E0A0F2
:10F39000DFF8E0B077B1C6F180039F420DD22A1D9D
:10F3A000211D3B46504602EB460201EB46013E441E
:10F3B000FFF76CFEA8F8006020E0294A126800926E
:10F3C0009BB32A1D211D5046019302EB460201EB1F
:10F3D00046013E44FFF75AFE019BA6F180070AEB67
:10F3E000830A009B13B9DBF800302BB38023A8F805
:10F3F00000301FB11B4A13680133136003B0BDE82E
:10F40000F08FFDF7BBFA054648B92046FDF7FEFA36
:10F41000124BC9F800501D60A8F80050EEE70F4BE2
:10F420000026C9F800001C60B4E7009B002BE5D162
:10F43000DBF80030002BE1D1094BCBF800501C6009
:10F44000FDF79CFA04460028DBD1044BC9F8000004
:10F450001860A8F80000D1E7622B0220B43D01201B
:10F46000AC3D0120F01D0220F61F0220B83D012016
:10F4700000D22420B03D012008B538B1114B5868A6
:10F48000C0F30E40C0F1B400FFF760FF0023B422C8
:10F490000D490C48FFF7C2FD0B4B03F1B402BFF35B
:10F4A0004F8F4FF0E021C1F85C3F20339A42FAD8E9
:10F4B000BFF34F8FBFF36F8F02490520BDE80840AF
:10F4C000FFF7D4BD60D3002000D224200023034ADC
:10F4D0001370034A1360034A13607047642B0220C1
:10F4E000FC3D0120043E0120314A13680133092B01
:10F4F0002DE9F04F85B057D900232D251360002446
:10F500002C4FDFF8BC8039682B1B41B99A0008EBFF
:10F510004400FEF77FFCA80005B0BDE8F08FDFF8DF
:10F52000A4B00E1DDFF8A09008EB840EBBF800001D
:10F53000D9F800A0C0F180029A4228BF1A4606EB13
:10F54000400301930AF1040303EB400303EB42067B
:10F550000296029E9E4218D1144402447F2A21D969
:10F560000846FDF753FA5046FDF750FA124B13497F
:10F570001A683A6000221A600B680A60C9F8003005
:10F58000AC42ABF80020BED3C5E733F9026B03965B
:10F59000019E36F802CB0196039E4CEA064C4EF8CB
:10F5A00004CBD6E792B2EBE72C251360A7E700BFA8
:10F5B000C0B80020FC3D0120003E0120083E012093
:10F5C00080D60020F81F0220043E012038B5FFF746
:10F5D0008BFF114B114C05461A78114B21462544DF
:10F5E0001B68D3400F4A1360024600230E48FFF702
:10F5F00015FDBFF34F8F4FF0E023C3F8704F203459
:10F60000A542FAD8BFF34F8FBFF36F8F064905208D
:10F61000BDE83840FFF718BDA830022080D6002092
:10F62000300F0220E0D1242060D5002038B500241E
:10F630001F4B204A1C6021461F4B204D1C60204B55
:10F6400020481A60204B1B78A3420BBF03230423DE
:10F650000A2208222B701D4B1A702022FEF7DAFBBB
:10F660001B4B0122B4210520FFF798FC2046FFF731
:10F6700003FF214620221748FEF7CCFB164B2978C2
:10F6800001220620FFF7AAFC2046FFF749FD21468C
:10F6900020221248FEF7BEFB114B05200122B421A7
:10F6A000FFF79CFC2046BDE83840FFF78FBF00BF46
:10F6B000F41D02209A99192CF01D0220A730022077
:10F6C000300F022060D30020AC300220A83002208E
:10F6D00075BC010040D500201DB9010060D5002097
:10F6E000C9BD01000378A12B23D14378C07801283C
:10F6F00004D1114B5B680B7010607047022818D161
:10F70000813B032B15D8DFE803F0020B0E120A4BE6
:10F71000986808705B7A4B70022301201360704771
:10F7200000230B70F7E7FF230B700023F3E701239F
:10F73000FAE70020704700BF90B800200278034627
:10F74000212A12D1DB784078012B06D101280CD177
:10F75000074B0A785A6018607047022B05D10128C0
:10F7600003D1034B0A789A60F5E70020704700BF89
:10F7700090B80020114B0A22D3F82002104B20F041
:10F780007F40984230B538BF0A2385B038BF584310
:10F7900001A9FEF765FB0B4801AA0021054612F8F6
:10F7A000014B0B46013124B10A2920F8024FF6D152
:10F7B0000B4601335B002B7005B030BD00441F4089
:10F7C00080969800E0CB002000F006BB00F0D8BA8D
:10F7D00000F032BB00F0F6BA00F036BC00F00EBC10
:10F7E0000846114600F038BB084600F0FBBB00009D
:10F7F000F8B5144C4FF0E026134D4FF4003204EBF3
:10F800004024124F05EB40150346C6F88C212146D3
:10F810003A882846FFF702FC3B882344BFF34F8F0A
:10F82000C6F85C4F2034A342FAD8BFF34F8FBFF322
:10F830006F8F04202946FFF719FC4FF40033C6F8F8
:10F840000C31F8BDE0D4242080D30020822A02208D
:10F850004268124BC2F30E42C0691B889B1A4FF6D6
:10F86000FC72134030B416D00D4900250D4C0A78B7
:10F8700024F8103001320C4C072A24F810500B4C9D
:10F8800028BF2A46A054D2B20A70094A11680B4414
:10F8900030BC1360704730BCFFF7AABF822A022039
:10F8A000893002204A2A0220662A02208B30022058
:10F8B000F8130220204B80220021204870B51B78CD
:10F8C00000241F4E002B1F4B0CBF40254FF400752A
:10F8D0001D803580FEF79EFA1B4BC02221461B4837
:10F8E0001C701B4B1C80FEF795FA1A4B22462946CA
:10F8F00004201C605C609C60174B1C605C609C601A
:10F90000164B1C70164B1C70164B1C60164BFFF7E9
:10F9100005FB2346224631880420FFF71FFB2046C3
:10F920000134FFF765FF062CF9D100230F4A13704D
:10F930000F4A137070BD00BFAC30022080D500208C
:10F94000082B0220822A0220A230022080D300202D
:10F95000042B02204A2A0220662A02208930022033
:10F960009B300220F81302204DC00100A03002207D
:10F97000A4300220204B2DE9F0411B78002B39D117
:10F980001E4F3A88002A35D01D4E1E4935781E4C30
:10F9900001EB45181D4904EB4524098840468A1AA5
:10F9A0002146FFF73BFBBFF34F8F04F1200204F524
:10F9B0000073934234BF012310234FF0E02204EB85
:10F9C0004313C2F8704F20349C42FAD1BFF34F8FDB
:10F9D000BFF36F8F04204146FFF736FB6B1C0220FC
:10F9E000042B28BF0023337000233B80BDE8F04187
:10F9F000FEF7D4BFBDE8F081A4300220042B022022
:10FA0000A230022080D50020E0E02420082B022034
:10FA1000F8B5144C4FF0E026134D4FF4003204EBD0
:10FA20004024124F05EB40150346C6F88C212146B1
:10FA30003A882846FFF7F2FA3B882344BFF34F8FFA
:10FA4000C6F85C4F2034A342FAD8BFF34F8FBFF300
:10FA50006F8F03202946FFF709FB4FF40033C6F8E8
:10FA60000C31F8BDE0E8242040D40020842A022094
:10FA70004368224AC3F30E432DE9F0471488C56951
:10FA8000E41A002C23DD1E4A1FFA84FA1D4811785F
:10FA90000078CBB2DFF8808081421B4F1B491BD01E
:10FAA00011F8039038F81960C6F50070844213D835
:10FAB000174B06EB49202246564403EB45211844D8
:10FAC000FEF70EF93B6828F8196023443B6028468E
:10FAD000BDE8F047FFF79CBF013300260D48092B16
:10FAE00028F815A020F8156028BF3346CD54DBB2A6
:10FAF00013703B681C443C60BDE8F087842A0220F8
:10FB00008A3002209C300220FC1302209230022016
:10FB1000E0E82420722A0220562A02201C4B2DE9FC
:10FB2000F0411A7802F0FF037ABB1A4A127862B3E6
:10FB3000194F3D884DB3194EC5F500651849327807
:10FB4000184C01EB421804EBC2242A4640462146D9
:10FB50002544FFF763FABFF34F8F4FF0E023C3F85C
:10FB6000704F2034A542FAD8BFF34F8FBFF36F8F89
:10FB700003204146FFF768FA3378002201333A80C8
:10FB8000DBB2032B94BF33703270BDE8F08100BF4D
:10FB9000A5300220AB300220062B0220A330022029
:10FBA00000D60020E0F82420704700002D4B802272
:10FBB00000212D4870B51B7800242C4D002B2C4EB5
:10FBC0000CBF40234FF400732B803380FEF722F9E3
:10FBD000284B4FF48072214627481C70274B1C800D
:10FBE000FEF718F9102221462548FEF713F91022D6
:10FBF00021462448FEF70EF9234B224610211C70A3
:10FC00000220224B1C70224B1C602346FFF7A6F9F2
:10FC1000204B224631880320FFF780F9234601223A
:10FC200029880320FFF79AF920460134FFF7F0FEF8
:10FC3000082CF9D1184B194A1A600022184BC3F846
:10FC400084204A22C3F88020D3F8482142F08072F1
:10FC5000C3F84821134B23B1134A137843F001032F
:10FC6000137070BDAC30022000D600200A2B022099
:10FC7000842A0220A330022040D40020062B022038
:10FC8000562A0220722A02208A3002209C3002204A
:10FC9000FC1302206DC20100041E022019C30100E2
:10FCA00000002E4000000000AF3002202DE9F74F89
:10FCB0004FF0E0234FF4003207468846C3F88C210A
:10FCC0000025284BDFF8B0B01C78E4B2454503D2DC
:10FCD000254B1A78A24209D14FF0E0234FF40032AD
:10FCE0002846C3F80C2103B0BDE8F08F01341F4B48
:10FCF0001F48A8EB0502092CDFF880A028BF0024CC
:10FD000013F804903BF8191030F819601948761A66
:10FD100001EB4921B242014412D238460192FDF76B
:10FD2000DFFFDAF80010019AA1EB080129444546EB
:10FD3000CAF800103BF819100A442BF81920C5E73F
:10FD400032463846FDF7CCFFDAF80020054B48462E
:10FD5000921B37443544CAF80020E2B21A70FFF70C
:10FD600057FEB3E79C3002208A30022092300220F6
:10FD7000562A0220E0E82420722A0220FC130220E6
:10FD80000B4B0C491A780978D3B28A420DD0013353
:10FD9000094A092B28BF0023D25C084B33F8121004
:10FDA000074B03EB4223585C70474FF0FF3070471E
:10FDB0009C3002208A30022092300220722A0220D7
:10FDC000E0E82420034B10B51C680CB900F0B0F932
:10FDD000204610BDFC1302202DE9F041104D114FBB
:10FDE0002C78DFF85080E4B20F4E3B78A34201D16B
:10FDF000BDE8F08101340D4A0D49092C336828BF54
:10FE0000002418F8040032F8102031F81010521AAB
:10FE10009B1A3360FFF7FCFDE3B22B70E5E700BFF0
:10FE20009C3002208A300220FC130220562A022035
:10FE3000722A02209230022007B501210DF107003D
:10FE4000FFF734FF20B19DF8070003B05DF804FB15
:10FE50004FF0FF30F9E70000594B2DE9F74F1B78C1
:10FE600006460D4603F0FF04002B00F088800024B6
:10FE7000DFF868B1002D00F082800123DFF8609187
:10FE8000504F99F800A08BF800304F4B03EB4A1A03
:10FE900000239846398871B95046CDE90031FFF703
:10FEA000F3F810F08000494ADDE9003155D14FF4F4
:10FEB000006310703B80B7F8008099F80030C8F5F7
:10FEC0000060A8454FEAC32200EBC320404B0092DC
:10FED000184465D842463146FDF702FF009A3C4B74
:10FEE00050461A44002390464FF400624146FFF703
:10FEF00095F84146BFF34F8F08F5006208F12003E3
:10FF000093428CBF012340234FF0E02208EB4313C0
:10FF1000C2F8701F20319942FAD1BFF34F8FBFF35F
:10FF20006F8F03205146FFF78FF899F80030294A68
:10FF30000133DBB2032B88BF002389F800303B88F4
:10FF4000ED1A1C441E4400233B80C2F88430BFF3EA
:10FF50004F8F00238BF800308CE7BFF34F8F8BF867
:10FF60000010B8F1000F01D11B4B1B68117831B99B
:10FF700019490968C91A782905D90123137020463F
:10FF800003B0BDE8F08F0E4909780029F7D04FF093
:10FF90000108009300F0CCF8009B8BF8008079E713
:10FFA0002A463146FDF79CFEA8EB0508094B4FF0A9
:10FFB00040422C44A7F800800025C3F88420C6E7FF
:10FFC000AB300220062B022000D60020A1300220F8
:10FFD000E0F8242000002E40741C0220A5300220EE
:10FFE000A330022007B501218DF807000DF10700AD
:10FFF000FFF732FF03B05DF804FB00002DE9F0418C
:02000004600397
:1000000000240E4F01230E4E2546DFF838803B704A
:1000100098F80030A34206D03046FFF735F80306C3
:1000200058BF05F5006501342036042CF0D1BFF32C
:100030004F8F002328463B70BDE8F081A530022099
:1000400000D60020A33002202DE9F8431D4B1B7879
:10005000B3B3DFF88480B8F800508DB31A4F012392
:100060001A4EC5F500653B70194A3378194C02EBFE
:1000700043192A4604EBC32400234846214625445D
:10008000FEF7CCFFBFF34F8F4FF0E023C3F8704F64
:100090002034A542FAD8BFF34F8FBFF36F8F0320F0
:1000A0004946FEF7D1FF337800220133A8F800203B
:1000B000DBB2032B94BF33703270BFF34F8F3A70B3
:1000C000BDE8F883AB300220A5300220A330022027
:1000D00000D60020E0F82420062B0220114938B574
:1000E0000B684BB1EFF3058333B9EFF3108272B6AF
:1000F000086810B902B962B638BD0B4C2578002DDE
:10010000F8D10123237043690B6043B19D6102B9AB
:1001100062B600258368457798472570ECE7034968
:100120000B60F4E70C3E0120652B0220183E0120F5
:100130002DE9F843174B1C789CB1174D2B7883B9E8
:100140000123E1072B7004D5FFF73CFE08B1AFF3A4
:100150000080A20718D400232B70630701D5FFF796
:10016000BDFFBDE8F88359F823703B6838461B692A
:10017000984710B17B699B689847013698F8002032
:10018000F3B29A42EFD8E6E70026DFF81080DFF8F6
:100190001090F3E7AF300220902F0220682B02204E
:1001A000C43E0120C3B203EB832383EA9312C0F35E
:1001B0000723134403EB832383EA9312C0F307431B
:1001C000134403EB832383EA931303EB106000EBE8
:1001D000802080EA901000EBC00080EAD02000EB85
:1001E000C0307047014608B5FFF7DCFF0B681844C4
:1001F000FFF7D8FF4B681844BDE80840FFF7D2BFAF
:1002000070B5960838D001F1100400F108033546A6
:100210009FED227A33F908EC013D03F1080304F164
:10022000100407EE90EAF8EEE77A67EE877A44ED7D
:10023000087A33F90EEC07EE90EAF8EEE77A67EE0B
:10024000877A44ED077A33F90CEC07EE90EAF8EE82
:10025000E77A67EE877A44ED067A33F90AEC07EE1F
:1002600090EAF8EEE77A67EE877A44ED057AD1D125
:1002700001EB061100EBC60012F003020DD09FED5A
:10028000077A30F9023B013A07EE903AF8EEE77A46
:1002900067EE877AE1EC017AF3D170BD0000003897
:1002A000F0B497086ED0F6EE005A00F11005BEEEDD
:1002B000006A01F108043E46DFED446A55ED047A18
:1002C0000834103527EEA67AB5EEC07AF1EE10FAB2
:1002D000D4BFF0EE467AF0EE657A77EE877AFDEEDF
:1002E000E77A17EE903A03F30F0324F8103C55ED2C
:1002F000077A27EEA67AB5EEC07AF1EE10FAD4BFEF
:10030000F0EE467AF0EE657A77EE877AFDEEE77AE0
:1003100017EE903A03F30F0324F80E3C55ED067ADE
:1003200027EEA67AB5EEC07AF1EE10FAD4BFF0EE61
:10033000467AF0EE657A77EE877AFDEEE77A17EE89
:10034000903A03F30F0324F80C3C55ED057A27EEA1
:10035000A67AB5EEC07AF1EE10FAD4BFF0EE467A86
:10036000F0EE657A013E77EE877AFDEEE77A17EEDA
:10037000903A03F30F0324F80A3C9FD100EB0710D7
:1003800001EBC70112F003021ED0F6EE005A9FEDFA
:100390000F6AFEEE006AF0EC017A27EE867AB5EE7F
:1003A000C07AF1EE10FAD4BFF0EE667AF0EE657A1C
:1003B000013A77EE877AFDEEE77A17EE903A03F38B
:1003C0000F0321F8023BE6D1F0BC70470000004764
:1003D00010B48C0810D000F110032246013A03ED4E
:1003E000040A03ED030A03F1100303ED060A03ED0B
:1003F000050AF3D100EB041011F0030103D0013919
:10040000A0EC010AFBD15DF8044B70472DE9F041E7
:100410005FEA92081ED000F1100401F11003454676
:1004200054F810CC013D54F80CEC03F1100354F8CF
:10043000087C04F1100454F8146C43F820CC43F801
:100440001CEC43F8187C43F8146CE9D14FEA081807
:100450004044414412F0030205D050F8043B013AF5
:1004600041F8043BF9D1BDE8F08100BF012971D901
:10047000F0B48D0871D000F110032E46DFED3E7A06
:100480001C4614ED047A013E14ED036A04F11004D5
:1004900037EE877A54ED067A54ED056A37EE067A20
:1004A00077EE277A77EEA67AEBD12F0111F00304CD
:1004B00000EB070656D02346B6EC017A013B77EEF7
:1004C000877AF9D107EE101AB8EE474A87EE845AB8
:1004D000002D4ED000F110032F012946DFED264AF2
:1004E00013ED046A013913ED027A03F1100336EEBD
:1004F000456A53ED076A77EE457A53ED055A76EE75
:10050000C56A26EE066A27EEA77A66EEA66A76EE3A
:10051000247A35EEC56A76EEA77A26EE066A77EE7D
:10052000277A76EE274ADBD138444CB1B0EC017A19
:10053000013C37EE457A27EE077A74EE874AF5D10B
:10054000F7EE007AF0BC34EE674AC4EE847AC2ED6E
:10055000007A704700231360704706460C46DFEDB3
:10056000067AA8E707EE101AB8EE474A87EE845AD3
:10057000B3E7DFED014AD9E70000000030B48D0891
:1005800031D000F110032C469FED185A53ED046A48
:10059000013C13ED037A03F1100326EEA66A53ED36
:1005A000067A67EE076A53ED055A27EEA77A76EECC
:1005B000057A65EEA55A76EEA77A77EE277A35EEBC
:1005C000A75AE3D100EB051011F0030107D0B0ECFE
:1005D000016A013926EE066A35EE065AF7D182ED38
:1005E000005A30BC70479FED015AEDE70000000053
:1005F0002DE9F0474D1E00F1040CD0ED007A5FEAC2
:10060000950956D01430C8460424002610ED046A1B
:10061000A4F1030A50ED036AA4F1020EB4EEE76AF6
:1006200010ED027A50ED015A671E1030F1EE10FA0B
:10063000C8BFF0EE467AC8BF5646F4EEE67AF1EE51
:1006400010FA48BFF0EE667A48BF7646F4EEC77AF5
:10065000F1EE10FA48BFF0EE477A48BF3E46F4EE9E
:10066000E57AF1EE10FA48BF264648BFF0EE657A0B
:10067000B8F1010804F10404C8D10CEB091C15F011
:10068000030018D0081ABCEC017AB4EEE77AF1EE58
:1006900010FAC8BF064600F10100D8BFB0EE677A75
:1006A0008142F0EE477AEED182ED007A1E60BDE81D
:1006B000F0874E46E3E7B0EE677AF5E72DE9F041C3
:1006C000074608462DED068BB7F800E07A684FEA3A
:1006D0005E0100EB8E085FEADE0E00F0B0808B005A
:1006E000103200F1100608F110051033C41843440D
:1006F00055ED046ABEF1010E56ED044A04F11004F2
:1007000015ED037A06F1100674EEA69A55ED027AFD
:1007100055ED012A74EEE64A53ED040A02F1100287
:1007200013ED035A05F1100513ED023A03F110031E
:1007300054ED063A14ED054A13ED056A33EE838A4B
:1007400056ED076A16ED052A34EE060A54ED085AEE
:1007500076EE87AA14ED071A36EEC77A56ED061A1A
:1007600035EEA09A46ED089A71EE058A31EEA7AAF9
:1007700046ED07AA72EE229A70EEE55A35EE415A1E
:1007800006ED06AA46ED059A36EE446A04ED089A8F
:1007900071EEE71A44ED078A72EE627A04ED068A7A
:1007A00073EE632A04ED050A12ED084A52ED076A5A
:1007B00024EE843A27EE262A64EEA64A65EEA63A8F
:1007C00027EE047A65EE845A65EE266A25EE045A11
:1007D00037EE647A76EEA56A33EE024A33EEC55AF6
:1007E00005ED077A05ED084A03ED085A43ED076A5F
:1007F00052ED066A12ED057A61EEA64A27EE874AA7
:1008000061EE875A67EEA67A22EE875A26EE077ABD
:1008100026EE266A62EEA66A74EE844A77EEE57AE0
:1008200035EE466A37EE267A45ED064A45ED057AFD
:1008300003ED066A03ED057A7FF45AAF7A688CB24D
:100840000223214602F080F921467A6840460223BD
:10085000BDEC068BBDE8F04102F076B92DE9F04F12
:100860002DED068B04888FB091ED006A0A4664086E
:1008700091ED017A0191A300416864080C90059202
:1008800001F1100625460B9401F108040296079425
:10089000D418AA1E01F11805E018D4ED004A94ED11
:1008A000014AA646D0ED006AC718D0ED017AA046ED
:1008B00076EE265A97ED005A76EE666A044606955D
:1008C000054675EEA42A0A90019837EE276A77EE5E
:1008D000677A97ED013A72EE852ABC4676EE843A45
:1008E000049736EE447ACDF80CE012EE909A75EE4D
:1008F000E45A76EEC46A3E1F40F8089B37EEE44A9D
:10090000DEED012A77EEA47A73EEC33ADCED014AFC
:1009100036EE226A019075EEC55A059813EE909A4C
:1009200037EE437A36EE246AAEF1040774EE054AD8
:1009300076EE836A80ED016A77EEC57A48F8089B07
:10094000CEED014A15EE90EA44F808EB16EE90EA77
:1009500008942C4685ED017A049D4CF808EBC5ED12
:10096000017A5508099500F030810598083BAB469F
:10097000A4F10C0200F1100501F1200901F1300E83
:10098000DDF808A03344103460464146CDF834C049
:1009900054ED026ABBF1010B55ED025A0AF1080A47
:1009A000D1ED007A05F1080575EEA63AD0ED002AE2
:1009B00014ED017A75EEE65A55ED036AA2F10802CC
:1009C00073EEA74A90ED012A36EE875A91ED016A3F
:1009D00036EEC77A09F1100974EEA26A04F1080430
:1009E00073EEE73A0EF1180E37EE673AA3F10803FB
:1009F00045ED046A37EE277AD1ED016A75EE861A65
:100A0000D0ED014A33EE223A75EE266A35EE465AAB
:100A100035EEC66A76EEA46A71EEC21A35EE425A17
:100A200045ED036A36EE022AD6ED007A73EEE23A1D
:100A300097ED001A77EE622A92ED048A71EE278A0A
:100A400093ED04AA16ED017A71EE677A57ED010A6B
:100A500038EE4A1A38EE886AD3ED039A30EE870AE8
:100A600092ED039A78EEC85A36EE0A6A30EEC77AEB
:100A700037EEC94A16EE10CA30EE496A77EE014ADF
:100A800047F808C934EE294AD2ED038A39EEC99AEB
:100A900093ED038A71EE470A30EE280A39EE671AA1
:100AA00036EE696A30EE080A75EECA5A87ED010A19
:100AB0001AED040A5AED036A21EE808A23EE267AA3
:100AC00064EE267A61EEA61A24EE004A23EE003A7E
:100AD00064EEA66A24EE800A38EE077A76EE846A1F
:100AE00037EEC00A33EE613A17EE10CA41F808CB70
:100AF00001ED013A82ED040AC2ED036A59ED086A7C
:100B000059ED077A25EEE67A23EEA64A65EE274AE6
:100B100065EEA75A63EEA73A66EE277A25EE265AC7
:100B200066EE266A77EE677A34EE246A75EEE66A38
:100B300035EE635A17EE90CA04ED046A04ED035AC9
:100B400046F808C9C6ED016A5EED0C7A1EED0B7A17
:100B500062EE275A22EE876A22EE072A62EEA72A61
:100B600061EE076A20EE877A60EEA70A61EE277AC7
:100B700035EE866A72EEC22A76EEE00A77EE277AC2
:100B800016EE10CA40F808CB40ED012AC3ED040A66
:100B9000C3ED037A7FF4FCAE09990298CB00DDF82F
:100BA00034C001EB410200EB011198449C440291D6
:100BB0000199194401910799194407910899194419
:100BC000069B03EBC20308910693019A0423089E37
:100BD000D2ED007A96ED007AD8ED002A77EE875AAA
:100BE0009CED003A92ED016A37EEC77AD6ED016AC4
:100BF00075EEA24A9CED012A36EE265AD8ED017A0E
:100C000076EE666A029D34EE836ABDF82C4037EEBC
:100C1000274A059876EEE24A214682ED006A35EED3
:100C2000E26AD8ED013A75EE675ADCED011A34EE4E
:100C3000424A75EE233A74EE834A76EEA26A33EEA8
:100C4000A15A37EE677A36EE436A82ED015A75EEA5
:100C5000C25A079A77EE027A36EEC37AD2ED002AAC
:100C600092ED015A64EE223A24EE054A24EE855AAA
:100C700064EEA24A33EE855A74EEC44A88ED005AF7
:100C8000C8ED014AD5ED014AD5ED006A069D26EE74
:100C9000265A26EE246A65EEA66A65EEA45A36EE5A
:100CA000C66A75EE255A86ED016AC6ED005AD5ED85
:100CB000015AD5ED006A0C9E27EEA66A67EE266AF9
:100CC00067EEA57A27EE257A76EEE77A36EE077A92
:100CD000CCED017A8CED007A726801F035FF039853
:100CE00021467268042301F02FFF0A98214672689A
:100CF000042301F029FF21467268042304980FB0F1
:100D0000BDEC068BBDE8F04F01F01EBF012A2DE9B6
:100D1000F041064617460C469846058853D0B5F56F
:100D2000807F4BD016D9B5F5806F1AD05AD9B5F55A
:100D3000006F43D0B5F5805F05D101237268294665
:100D4000204601F001FFB8F1000F11D1012F16D09C
:100D5000BDE8F081202D31D048D9402DEDD0802D37
:100D6000F1D121463046FFF7A9FCB8F1000FEDD0D4
:100D7000B2682046B18901F087FE012FE8D107EE65
:100D8000905AB7EE007AF8EE677AC7EE276A002D20
:100D9000DED004F10801002311ED027A013351ED98
:100DA000017A08319D4227EE267A67EEE67A01ED58
:100DB000047A41ED037AEFD1BDE8F0812146304657
:100DC000FFF74CFDBFE7A5B101F10C03002253ED85
:100DD000027A01320833F1EE677A954243ED047AE4
:100DE000F5D19CE7B5F5007FA7D0ACE7102DB8D0C2
:100DF000A9E7B5F5807F96D8ACE700BF2DE9F047AD
:100E00002DED088B90F800E04FEA13188668143631
:100E1000476808374FEA881902EB090A56ED057A48
:100E200016ED047A56ED036A16ED026A56ED015A84
:100E3000BC4657ED023A17ED015AB8F1000F00F029
:100E40006D8101F1400402F14000454654ED104A25
:100E500054ED0F8A14ED0E9A27EEA44A74EE233A4D
:100E600014ED0D0A67EE24AA3AEE855A14ED0C8AA9
:100E700066EEA44A14ED0B1A54ED0A0A14ED092A81
:100E800026EE234A34EE055A67EEA8AA75EE2AAA82
:100E900054ED081A25EEA35A35EE245A67EE284A77
:100EA00075EE244A14ED073A66EEA89A54ED062A28
:100EB00014ED055A14ED044A26EE2AAA7AEE244AC5
:100EC00027EE89AA34EE8AAA54ED034A65EEAA8A6F
:100ED00078EEA98A67EE099A78EEA98A54ED02BAEB
:100EE00026EE899A14ED01BA66EE0A9A79EEA88A7E
:100EF00067EE809A78EEA99A65EE8A8A38EE899A2A
:100F000067EE008A39EE289A66EE808A26EE290A74
:100F100030EE099A27EE880A39EE009A25EEA90AE2
:100F200030EE280A67EE088A30EE280A26EE888A14
:100F300066EE098A38EE800A67EE818A70EE288AAA
:100F400025EE890A30EE088A27EE010A38EE008A7B
:100F500026EE810A26EE281A31EE088A27EEA01A1C
:100F600038EE018A25EEA81A31EE001A27EE200A83
:100F700031EE001A66EEA00A26EE080A30EE011ADB
:100F800027EE820A31EE000A25EE881A71EE200A59
:100F900027EE021A70EE810A26EE821A26EE002A49
:100FA00072EE200A27EEA12A70EE820A25EE802A30
:100FB00032EE012A27EE211A32EE012A66EEA11A3C
:100FC00026EE201A31EE022A27EE831A32EE011A9B
:100FD00025EEA02A72EE211A27EE032A71EE821A5C
:100FE00026EE832A26EE013A73EE211A27EEA23A64
:100FF00071EE831A25EE813A33EE023A27EE222A69
:1010000033EE023A66EEA22A26EE212A32EE033AA7
:1010100027EE852A33EE022A25EEA13A73EE222A24
:1010200027EE053A72EE832A26EE853A26EE025A1C
:1010300075EE222A27EE845A72EE852A25EE825A10
:1010400035EE035A27EE043A35EE035A26EE844A6B
:1010500040ED103A40ED0FAA00ED0EAA26EE223A1E
:1010600033EE055A27EEA43A35EE033A40ED0D9AD9
:1010700025EEA25A35EE044A67EE243A74EE233A7E
:1010800000ED0C9A66EEA44A40ED0B8A00ED0A8A48
:1010900000ED090A40ED080A26EE034A34EE234A21
:1010A00067EEAB3A74EE233A00ED071A25EE835A49
:1010B00075EE244A27EE2B5A74EE854A40ED061A47
:1010C00066EEABBA00ED052A40ED042A00ED033AC6
:1010D00026EE234A74EE244A27EE8B5A74EE854A94
:1010E00040ED023A65EEA33A73EEAB3A27EE0B5AA7
:1010F00073EE853A40ED014A26EE8B5A26EE244ADD
:1011000074EE233A65EEA44A34EE855A40344030FA
:10111000013D7FF49BAE4944544600E0144613F071
:101120000F0017D0F1EC014A27EEA44A34EE234A0F
:1011300067EE243A73EE853AA4EC014A26EEA45AEF
:1011400066EE044A74EEA33A25EE844A34EE055A5C
:101150000138E7D14CED023A0CED015A143608374C
:101160001146BEF1010E7FF459AEBDEC088BBDE80F
:10117000F08700BFF8B52DED028B089E6FF040455B
:101180000F46826035440446B0EE408A0780EA1973
:10119000002118461E469200FCF73CFE00226660C5
:1011A00084ED038A22616261BDEC028BF8BD00BF51
:1011B00070B592FBF1F601FB16248CB943606FF019
:1011C0004042059B0546017021461A44468004981A
:1011D00032449200FCF71EFE049B2046AB6070BDBB
:1011E0006FF0010070BD00BF2DE9F04F03F0030563
:1011F00091B06FF040449B0805920E954288856837
:1012000014440D922E460B951546089106EB840268
:10121000D0F804B00F930C9200F02781144605F02B
:1012200003021F46AB080292154622460193013B7A
:1012300006F10C0810320A979BB2CDF800B0069266
:101240000A4601331032049306EB031307926A1E19
:1012500003F10C0992B2013292000392079A069DA3
:1012600052F8103C114645F8103C52F80C3C45F839
:101270000C3C51F8083C45F8083C51F8043C45F852
:10128000043C03781D460993002B00F0CA8103F14A
:10129000010BDDF814E04FF0010C08F1100A09F120
:1012A0001006009BCCEB050458ED031A03EB8404F5
:1012B000019B58ED022A18ED012A002B00F0A580B1
:1012C000DFEDAF5A2FB252462346F0EE653AB90031
:1012D000B0EE651A3F01F0EE654A12ED045A103285
:1012E00093ED006A0B4466EE217AD3ED006A66EE58
:1012F000220A52ED071A26EE023A0B4425EE066A40
:1013000026EEA24A93ED007A77EEA44A52ED062A21
:1013100030EE811A0B4466EE820A73EE233AD3ED67
:10132000007A25EE263A0B4476EE255A66EEA16A3F
:1013300027EE026A12ED052A74EE244AB24225EE27
:10134000074A76EEA55A30EE811A61EE876A73EE8F
:10135000233A27EE227A76EE244A25EE275A21EE0A
:10136000A76A76EEA33A34EE011A62EEA76A37EE68
:10137000257A67EE827A75EE244A36EE011A76EE09
:10138000A33A77EE875AA8D1049B07FB03444B4648
:10139000029AFAB1039AAD009A18D4ED007A2C445F
:1013A000B3EC017A27EEA15A27EEA26A934267EEC8
:1013B000826A67EE277AF0EE621A74EE854AF0EEE2
:1013C000422A31EE061AB0EE472A73EEA63A75EEBF
:1013D000A75AE2D1CEED004A0CF1010C0378DC45AE
:1013E0000EEB830383ED001A03780EEBC303C3ED0A
:1013F000003A037803EB43030EEB83030EF1040E74
:10140000C3ED005A0BD005784BE7DFED5D5A43463C
:10141000F0EE653AB0EE651AF0EE654AB8E7059B66
:10142000099A03EB820305930378069A03EB4303BF
:10143000B146D04610320692079A10320792059AAA
:1014400002EB830305930A9B013B0A937FF406AFEB
:101450000F9B0C9A1B01DDF800B01A440C92089AFD
:101460001A4408920B9A1A440B920E9B002B00F020
:101470009C800D9904938A0801F003010C9C009252
:101480004B1E013A03949BB20B9C92B20133A046CF
:1014900002F1010A9B0004EB0A1CCDF808A0824669
:1014A00008460193089A52F8043B0892039A42F8BE
:1014B000043B9AF8003003921D460693002B66D039
:1014C000012703F10109009B0CF11006EC1BDDF86C
:1014D00014E00BEB8404002B4DD0A90008F110029E
:1014E0002346DFED277A12ED047A1032D3ED006A3D
:1014F0000B4466EE875A93ED005A12ED077A0B44BF
:1015000075EEA76A93ED006A25EE075A12ED067A8A
:101510000B4426EE076A12ED057A75EE266AD3EDC6
:10152000005AB2420B4425EE877A76EE267A77EEA1
:10153000277AD8D18900029A634602FB014468B138
:10154000019AAD009A18F3EC016A94ED007A2C44EC
:10155000934226EE877A77EE877AF4D10137EEEC64
:10156000017A4F450ED09AF80050009BEC1B0BEB14
:101570008404002BB1D14346DFED017ADFE700BFE1
:1015800000000000059B069A03EB82030593049B71
:1015900008F104080CF1040C013B049382D10B9B6D
:1015A00050460E9A03EB82030B930D9B81685C1EE1
:1015B000C4F38F0313B35D1E0B9A01F11003ADB298
:1015C0001032AE1C01EB061652F8100C103310321C
:1015D00043F8200C52F81C0C43F81C0C52F8180C61
:1015E00043F8180C52F8140C43F8140CB342EBD126
:1015F0006B1C0B9A1B011A4419440B9214F0030242
:101600000CD0013A0B460B9992B2013201EB8202E7
:1016100051F8040B914243F8040BF9D111B0BDE825
:10162000F08F08F1100A09F11006FEE6F8B5069EE3
:101630006FF040440F468260344405461E460780E2
:10164000E219002118469200FCF7E4FB6E60F8BD39
:101650002DE9F04F06462DED108B89B03488D6F871
:1016600004C004906FF040400593DB0820440294CE
:10167000D6F808800CEB80000393019000F0EB811A
:101680004FEAD4099E4604F0070A00F120074FEA0A
:10169000491301F120060791114608EB0300043BB2
:1016A0000CF1200402F12005CDF818C05246844602
:1016B0008A464846994656F8203C211F9FEDEF3A4E
:1016C00047F8203C56F81C3C47F81C3C56F8183CA0
:1016D00047F8183C56F8143C47F8143C56F8103CB0
:1016E00047F8103C56F80C3C47F80C3C56F8083CC0
:1016F00047F8083C56F8043C47F8043C14ED088AC7
:1017000054ED072A14ED062A54ED051A14ED041AB7
:1017100054ED030A14ED020A002800F0F681B0EE41
:10172000439A08F12001B0EE43AA04F11C03F0EE45
:1017300043AA8346B0EE43BAF0EE43BAB0EE43CAD2
:10174000B0EE434A51ED083ABBF1010B53ED088A64
:1017500001F1200123EE88FA51ED0F4A63EEA2EA6F
:1017600013ED078A23EE82EA11ED0E5A63EEA1DA39
:1017700051ED0D5A23EE81DA11ED0C6A63EEA0CA29
:1017800051ED0B6A63EE809A11ED0A7A63EEA83A86
:1017900051ED097A3FEE044A03F1200324EEA2FA48
:1017A00053ED0E2A3EEE8CCA7EEE2BBA64EE82EA30
:1017B00024EEA1EA3DEE8BBA7DEE2AAA64EE81DA30
:1017C00024EEA0DA3CEE8AAA39EE899A64EE80CA49
:1017D00068EEA49A33EE833A64EE884A3FEE044AF8
:1017E0003EEE8CCA25EE02FA13ED0D2A65EE21EAD3
:1017F00074EE834A7EEE2BBA3DEE8BBA25EE01EAFB
:1018000065EE20DA7DEE2AAA3CEE8AAA25EE00DA01
:1018100068EE85CA39EE899A68EE059A25EE225A55
:101820003FEE044A3EEE8CCA25EEA1FA53ED0C1AA7
:1018300065EE81EA35EE245A7EEE2BBA3DEE8BBA88
:1018400025EEA0EA65EE80DA7DEE2AAA3CEE8AAAB1
:1018500028EEA5DA68EE25CA39EE899A62EEA59AD5
:1018600065EE825A3CEE8AAA3FEE044A75EE855A2E
:1018700026EE01FA13ED0B1A22EE065A3EEE8CCA42
:101880007EEE2BBA66EE20EA26EE00EA3DEE8BBA3B
:101890007DEE2AAA68EE86DA28EE06DA62EE86CABD
:1018A00039EE899A26EE216A3FEE044A3EEE8CCA52
:1018B00026EEA0FA53ED0A0A66EE80EA36EE256AB5
:1018C0007EEE2BBA61EEA65A28EEA6EA3DEE8BBA62
:1018D0007DEE2AAA68EE26DA22EEA6DA7CEE8ACA25
:1018E00035EE099A22EE26AA66EE816A7DEE2AAAD4
:1018F00035EE899A3FEE044A3EEE8CCA27EE00FA96
:1019000013ED090A68EE87EA7EEE2BBA3DEE8BBA3C
:1019100028EE07EA62EE87DA22EE07DA7AEE2CCAC0
:1019200076EE866A21EE87AA27EE203A21EE076A34
:1019300068EEA78A68EE275A22EEA75A62EE274A77
:101940003DEE2ADA7AEE2CCA61EEA7AA21EE27AA8A
:1019500036EE097A3FEE044A20EEA79A3EEE8CCA94
:101960007EEE2BBA3DEE8BBA33EE263A67EE807AE6
:1019700038EE844A35EE8CCA75EE2BBA34EE8BBA4B
:101980007AEE8DAA3AEE2CAA39EE079A37EE833A10
:101990007FF4D8AE09EB0401E346A2B31346BBECD7
:1019A000016A013BF1EC015A66EE088A66EE223AC2
:1019B00066EE024A26EE215A66EE016A26EE207A8B
:1019C00066EE007A26EE256AB0EE628A34EE284A88
:1019D000F0EE422A3CEE23CAB0EE612A7BEEA4BAB6
:1019E000F0EE411A3BEE05BAB0EE601A7AEEA6AA06
:1019F000F0EE400A3AEE07AAB0EE650A39EE279AF1
:101A000033EE063ACBD1BEF1010E05ED084A05EDE5
:101A100007CA07F1200745ED06BA06F1200605EDD5
:101A200005BA04F1200445ED04AA05F1200505EDF1
:101A30000BAA05ED0A9A05ED093A7FF43CAE039B2B
:101A4000524601985B01DDF818C0079918449C4480
:101A500019441A440190059B13F0070E22D0019FF0
:101A600076466546DDF808A051F8049B5346444687
:101A7000DFED026A284647F8049B01E00000000001
:101A8000B0EC017A013BF4EC017A67EE277A76EE4E
:101A9000A76AF5D1013EE2EC016A05F10405E3D144
:101AA0000CEB8E0C029B591E049B8E085C681DD0AB
:101AB00004F110020CF11003304653F8105C0138A9
:101AC00003F1100302F1100242F8205C53F81C5C91
:101AD00042F81C5C53F8185C42F8185C53F8145C2C
:101AE00042F8145CE9D133011C449C4411F0030317
:101AF00006D022465CF8041B013B42F8041BF9D1D6
:101B000009B0BDEC108BBDE8F08FC346B0EE439A30
:101B1000B0EE43AAF0EE43AAB0EE43BAF0EE43BAF9
:101B2000B0EE43CAB0EE434A37E700BFF8B5079FAF
:101B3000B7FBF2F402FB147494B98E4616466FF0AC
:101B40004042054672446980436021463A44069803
:101B50009200FCF75FF9069B2E702046AB60F8BD43
:101B60006FF00100F8BD00BF2DE9F04F0478834607
:101B70008DB04088DBF804506FF0404996460892DB
:101B800002952A46DBF808608144099006EB890932
:101B9000B3FBF4F39D08A3EB85030A950B93002D8B
:101BA00000F0F880830800F003002F46CDF810B055
:101BB00005931B0106900EF1100A1A449B464846F5
:101BC00003970792CDF80490A4000A46234652F8E2
:101BD000045B013B40F8045BF9D1049BA400059F22
:101BE00093F800802144019B4FEA88089FEDBB1ABF
:101BF000234406EB080E01930EEB080C0CEB0809CE
:101C0000002F00F06181029BF0EE415AB0EE415A84
:101C100006F11004F0EE414A03F110050EF1100038
:101C20000CF1100209F1100355ED046A013F13EDA8
:101C3000046A05F1100514ED044A00F1100050ED9E
:101C4000081A04F1100452ED042A26EE844A66EEC6
:101C5000A11A15ED077A66EEA22A54ED073A66EE50
:101C6000866A10ED072A13ED036A74EE244A12ED1A
:101C7000033A31EE855A72EEA55A55ED067A67EEB3
:101C8000233A14ED064A27EE022A50ED061A27EEF3
:101C9000033A52ED022A76EE816A10ED050A27EE2C
:101CA000067A13ED026A73EEA43A15ED051A67EE93
:101CB000844A52ED010A32EE052A14ED054A27EE58
:101CC000A15A53ED011A33EE253A02F1100267EEE4
:101CD000A25A03F1100367EE867A37EE267A34EEC5
:101CE000A36A61EE044A75EE023A35EE834A21EEAC
:101CF000005A61EE205A77EE877A21EE211A74EEAF
:101D0000864A35EE235A75EE845A31EE271A8BD166
:101D10005E44DE44DC4409EB0B00079A069BDBB112
:101D2000B2EC016A013BF6EC016ABEEC017AFCEC14
:101D3000017A66EE266AB0EC014A26EE077A66EE74
:101D4000277A26EE046A74EEA64A35EE075A75EE37
:101D5000A75A31EE061AE3D1039B09EB08064AEDB8
:101D6000044A0AF1100A013B0AED075A4AED065AE5
:101D70000AED051A039303D0049B01981C7823E70E
:101D8000089B0A9ADDF8049003EB0213DDF810B00B
:101D900008930B9B002B61D0099A9846DDF820A090
:101DA000950802F00307029A4FEA051E02EB0E0C9B
:101DB0009BF8004048460A462346F2EC017A013B74
:101DC000E0EC017AF9D1A400A1442144002D76D0A1
:101DD000029B2846DFED417A03F1100206F1100361
:101DE00052ED046A013813ED047A02F1100212ED8B
:101DF000075A03F1100366EE875A13ED077A12EDC6
:101E0000066A25EE075A13ED067A75EEA76A52EDBB
:101E1000055A26EE076A13ED057A75EE266A25EE59
:101E2000877A76EE267A77EE277AD9D106EB0E02FC
:101E3000604657B13B46F0EC016A013BB2EC017AD7
:101E400026EE877A77EE877AF5D19BF80030B8F1E5
:101E50000108EAEC017A06EB8306A9D1099BDBF8BD
:101E60000840591E8F081DD004F1100206F110031E
:101E7000384653F8105C013803F1100302F11002E8
:101E800042F8205C53F81C5C42F81C5C53F8185C68
:101E900042F8185C53F8145C42F8145CE9D13B0139
:101EA0001C441E4411F0030306D0224656F8041BBE
:101EB000013B42F8041BF9D10DB0BDE8F08F029848
:101EC0003246DFED067AB4E74846029AF0EE415A10
:101ED000B0EE415AF0EE414A20E700BF000000009A
:101EE0002DE9F04F994287B0109DC0F03F82C3EBBF
:101EF000010E042705EB8E0E6FF0404401315E1E8B
:101F00001C44A1EB030102EB8404009156D0A4F120
:101F10000408F14605464FF0010CDFED6A7A1CF02B
:101F2000030109D0F5EC016A0139B4EC017A26EE1F
:101F3000877A77EE877AF5D10CF1010CC9ED007A3A
:101F40004446B944634537D05FEA9C0A00F05882A2
:101F500000F1100408F110015546DFED5A7A54EDF6
:101F6000046A013D11ED047A04F1100414ED075ADE
:101F700001F1100166EE875A11ED077A14ED066A39
:101F800025EE075A11ED067A75EEA76A54ED055A4B
:101F900026EE076A11ED057A75EE266A25EE877A38
:101FA00076EE267A77EE277AD9D14FEA0A14051908
:101FB0004444A8F10408B2E707FB06EE032B00999E
:101FC0004CD8002900F08281002B00F0E081002E27
:101FD00000F00482022B4FEA810C00F0E2810446FB
:101FE000011D734600EB0C059FED365AF4EC016AB7
:101FF0000431D2ED007A11ED016AA54266EEA76ABE
:10200000D2ED017AD1ED005A26EE276A92ED027ADE
:1020100076EE856A25EE877A76EE267A77EE277A4F
:10202000C3ED007A3B44E1D1009BB508604407FB57
:1020300003EE40F0548116F0030311460446DFED31
:10204000217A40F08181013ECEED007A00F104005A
:10205000BE4440F0418107B0BDE8F08F890801918E
:1020600000F09281090102F110044FEA930A03F093
:10207000030902910C314FEA0A1BF0464118CDF8D2
:1020800010E002EB0B05059600F10C0C0E46A6467F
:1020900003954D46DDF80C900390DFED0A5A71462A
:1020A0005CED031A6046F0EE654A5CED022AF0EE44
:1020B000653A1CED012AB0EE651A54469CED005AB3
:1020C00005E000BF00000000103090ED005A11ED57
:1020D000046A013C51ED036A01F1100161EE860AC8
:1020E000D0ED011A22EE863A11ED067A22EE064A6A
:1020F00051ED057A26EE056A30EE811A73EE233A29
:1021000062EEA60AD0ED022A22EE263A74EE244AA6
:1021100076EE255A25EE266A66EEA16A30EE811A21
:1021200073EE233A62EE070A90ED032A25EE074A82
:1021300076EE244A76EEA55A61EE876A27EE227A79
:1021400025EE275A34EE236A76EEA46A61EEA73AAA
:1021500062EEA74A30EE813A37EE257A67EE827A50
:1021600035EE031A73EE863A74EEA64A77EE875A76
:10217000AAD10CEB0B00EDB129464C46F4EC017AE8
:102180000139B0EC017A27EEA15A27EEA26A67EE78
:10219000826A67EE877AF0EE621A31EE051AF0EE87
:1021A000422A73EE863AB0EE472A74EEA64A75EEDE
:1021B000A75AE3D108EB07010CF1100C88ED001AC7
:1021C000C819B445C1ED003A00EB0708C0ED004A5C
:1021D000C8ED005AB8447FF460AF0398B900029C80
:1021E000DDF810E00444059E2546019C4FEA840971
:1021F00004FB01EE009911F00301019166D04FEA52
:10220000930B013103F0030C02F1100401EB0903FD
:102210004FEA0B1A09F10108029402EB0A0100EBE4
:102220008303F146CDF80CE00496644600EB880881
:102230001E468C46DDF808E0059005F11001734656
:1022400058465FED607A51ED046A013813ED047A67
:1022500001F1100111ED075A03F1100366EE875AE0
:1022600013ED077A11ED066A25EE075A13ED067A8B
:1022700075EEA76A51ED055A26EE076A13ED057A49
:1022800075EE266A25EE877A76EE267A77EE277A3D
:10229000D9D155445CB123466146F5EC016A013B56
:1022A000B1EC017A26EE877A77EE877AF5D145464A
:1022B00008F10408C9ED007AB944B045BDD1DDF894
:1022C0000CE0019B049E059807FB03EE009B00EBCE
:1022D0008300002E3FF4BFAEB5083FF4ACAE00F172
:1022E000100102F110032C465FED8A7A51ED046A69
:1022F000013C13ED047A01F1100111ED075A03F1CD
:10230000100366EE875A13ED077A11ED066A25EE83
:10231000075A13ED067A75EEA76A51ED055A26EEB7
:10232000076A13ED057A75EE266A25EE877A76EE52
:10233000267A77EE277AD9D1290116F0030300EB2C
:10234000010411443FF47FAEF4EC016A013BB1ECAF
:10235000017A26EE877A77EE877AF5D1013ECEEDC7
:10236000007A00F10400BE44B6D174E6264C07465C
:102370000E4610461C443A466FF003070C441946BB
:10238000334605EB840EB7E58946054632E77346CA
:10239000002401391C603B44FBD1009B07FB03EE8A
:1023A00094E7034671469FED196A00EB0C04D3EDE8
:1023B000007A043392ED007AD2ED016AA34267EE0F
:1023C000277A93ED007A26EE877A77EE867A77EE93
:1023D000277AC1ED007A3944E9D125E600EB810383
:1023E000DFED0A6AF0EC017A92ED007A834267EE43
:1023F000277A77EEA67ACEED007ABE44F2D12AE6AD
:102400000546DFED027AD4E5FEFFFF3F0000000045
:102410004FEA930C2DE9F0439646866845684FEAEB
:102420000C1803F003021436103507680EEB080988
:1024300056ED053A16ED043A56ED032A16ED022A3A
:1024400056ED011A15ED041A55ED030A55ED027A01
:1024500015ED016ABCF1000F00F0A38001F110003E
:102460000EF11003644610ED044A23EE017A62EE89
:10247000A00A013C23EE845A00F1100022EE270A44
:1024800003F1100321EE866A75EE074A61EEA76A32
:1024900063EE045A34EEA07A22EE811A22EE844AC8
:1024A00037EE007A37EE066A03ED086A22EE067A06
:1024B00050ED077A21EE866A23EEA75A23EE270A0B
:1024C00062EEA74A35EE255A75EE015A75EE875A27
:1024D00075EEA66A43ED076A62EE267A50ED060AAB
:1024E00061EEA65A23EEA05A23EE207A35EE005A6A
:1024F00075EE046A76EEA76A36EE866A03ED066A22
:1025000062EE067A10ED051A63EE816A36EE877A7E
:1025100037EE247A77EE277A75EEA77A43ED057ABF
:10252000A1D1414448469AB3134603E0F0EE457A00
:10253000B0EE471AB1EC017A63EE014A62EEA05A9E
:10254000013B23EE874A22EE275A61EE866A74EE3B
:10255000244AF0EE410AB0EE676A74EEA54A34EE02
:10256000855A35EE265AA0EC015ADFD1013F05ED20
:10257000047A05ED031A06F1140605ED025A7146B8
:1025800045ED017A05F110057FF452AFBDE8F08307
:10259000B0EE675AB0EE417AF0EE467AB0EE601ACD
:1025A000E4E77046BFE700BFF0B55FEA930E73D073
:1025B00000F1200601F1200502F12004774616ED16
:1025C000087A013F55ED087A06F1200656ED0F5ABC
:1025D00005F1200555ED0F6A27EE273A67EEA54A6B
:1025E00016ED0E6A25EEA64A55ED0E7A67EE266ABE
:1025F00015ED0D5A56ED0D2A66EE273A66EE055A90
:1026000016ED0C7A76EEA46A15ED0C6A25EE225AC8
:1026100004F1200433EE444A67EEA27A73EEC53A21
:1026200004ED104A67EE064A16ED0B5A77EEA57ACE
:1026300044ED0F6A55ED0B6A66EE055A44ED0E3A0D
:1026400025EE265A44ED0D7A27EE267A56ED0A7AC3
:1026500055ED0A6A16ED096A34EEC55A15ED094AB8
:1026600067EEA64A66EE866A67EE847A04ED0C5A37
:1026700026EE046A37EE257A77EEA67A34EEC66A3D
:1026800004ED0B7A44ED097A04ED0A6A97D14FEA1A
:102690004E1420442144224413F0030322D0083076
:1026A0000831083250ED027A013B11ED027A00F157
:1026B000080050ED036A01F1080151ED035A27EEBD
:1026C000876A26EE877A02F1080266EEA56A67EE4F
:1026D000A57A76EE666A77EE877A42ED046A42ED75
:1026E000037ADFD1F0BD00BFB5EEC00AF1EE10FAFB
:1026F0002CD4DFED207A20EE270AFDEEC07A32D40A
:10270000F8EEE77ADFED1C6A1C4AB7EE007A30EE8D
:10271000670A20EE260AFCEEC07A17EE903AC3F361
:10272000080307EE903A02EB8301F8EE677AD1EDE9
:10273000006A70EE677A91ED010A37EE677A67EE0C
:10274000807A27EE260A30EE270A7047DFED0C7AF2
:10275000B4EEE70AF1EE10FA0BDADFED067A20EEBE
:10276000270AFDEEC07A17EE903A013B07EE903A49
:10277000C6E7704783F9223E00000044B4450020BC
:10278000CD024CB4DFED1C7AB5EE007A20EE270ABC
:1027900030EE070AB5EEC00AFDEEC07AF1EE10FA8F
:1027A00004D517EE903A013B07EE903AF8EEE77A3F
:1027B000DFED126A124AB7EE007A30EE670A20EEB9
:1027C000260AFCEEC07A17EE903AC3F3080307EE30
:1027D000903A02EB8301F8EE677AD1ED006A70EE71
:1027E000677A91ED010A37EE677A67EE807A27EE15
:1027F000260A30EE270A704783F9223E0000004483
:10280000B445002070B4960825D000F1100401F101
:102810001003354614ED046A013D54ED036A03F1DB
:10282000100314ED027A26EE006A54ED017A66EE8A
:10283000806A20EE077A04F1100460EE277A03ED37
:10284000086A43ED076A03ED067A43ED057AE1D1A4
:1028500036013044314412F0030207D0F0EC017A23
:10286000013A67EE807AE1EC017AF7D170BC7047EB
:1028700070B4960825D000F1100401F1100335461C
:1028800014ED046A013D54ED036A03F1100314EDE5
:10289000027AB1EE466A54ED017AF1EE666AB1EE63
:1028A000477A04F11004F1EE677A03ED086A43ED0C
:1028B000076A03ED067A43ED057AE1D1360130442B
:1028C000314412F0030207D0F0EC017A013AF1EE44
:1028D000677AE1EC017AF7D170BC7047F0B55FEA36
:1028E000930E33D000F1100601F1100502F110042F
:1028F000774616ED047A013F15ED046A06F11006DD
:1029000056ED067A05F1100527EE066A55ED066AC2
:1029100016ED077A04F1100455ED075A67EEA66A22
:1029200056ED057A04ED086A27EE257A15ED056A5D
:1029300044ED066A67EE867A04ED077A44ED057A7F
:10294000D7D14FEA0E1420442144224413F003034C
:1029500009D0F0EC017A013BB1EC017A67EE877A9D
:10296000E2EC017AF5D1F0BDF0B4970840D000F167
:10297000100501F110043E46DFED1F7A55ED046AA3
:10298000013E54ED045A05F1100515ED077A04F1E6
:10299000100466EEA55A14ED076A55ED066A27EE97
:1029A000066A14ED065A75EEA77A15ED057A66EEFD
:1029B000856A54ED055A76EE277A27EE257A76EE6B
:1029C000A77A77EE277AD9D13F013844394412F0FB
:1029D000030209D0B0EC017A013AF1EC016A27EE6A
:1029E000267A77EE877AF5D1C3ED007AF0BC70478E
:1029F000DFED017AEBE700BF00000000F0B55FEA11
:102A0000930E33D000F1100601F1100502F110040D
:102A1000774616ED037A013F56ED027A05F110056F
:102A200015ED076A06F1100655ED066A04F110046B
:102A300015ED055A37EE066A55ED085A77EEA66A87
:102A400016ED057A56ED087A37EE057A04ED076A39
:102A500077EEA57A44ED066A04ED057A44ED087A2E
:102A6000D7D14FEA0E1420442144224413F003032B
:102A700009D0F0EC017A013BB1EC017A77EE877A6C
:102A8000E2EC017AF5D1F0BD4B1C012B98BF7047E9
:102A90002DE9F003911C9B08B1F80480B1F8029075
:102AA0000A8831F802CC8044814402448444D9F835
:102AB0000070D8F800601568DCF80040C9F80060C4
:102AC000C8F80070CCF800501460D9F80470D8F839
:102AD00004605568DCF80440C9F80460C8F8047064
:102AE000CCF8045054600831013BD5D1BDE8F00367
:102AF00070474B1C012B98BF70472DE9F003911CC8
:102B00009B08B1F80480B1F802900A8831F802CC31
:102B100000EB580800EB590900EB520200EB5C0C8B
:102B2000D9F80070D8F800601568DCF80040C9F8E2
:102B30000060C8F80070CCF8005014600831013B08
:102B4000DFD1BDE8F00370472DE9F04F9E46034604
:102B50008A468B4604332DED108B9C469DB09FED2D
:102B6000C39A19901A921B934FEADB034FF00008A7
:102B70001A4611934FEACB0311464FEAC20900935C
:102B80005300D51801931301199A4C1902EB090649
:102B9000029302EBC50513460A1906EB090703EB7E
:102BA000C404881803EBC2020144043203EBC000E2
:102BB00003EBC101009B04315CED017AD84490ED38
:102BC000007A94ED005AC245D7ED003A96ED006ABE
:102BD00037EE851A52ED016A73EE874A37EEC55A11
:102BE000D5ED007A73EEC73A11ED017A36EE262A5A
:102BF00037EE874A76EE666A71EE245A32EE046A40
:102C000037EEC77A31EE641A75EE864A76EEC77AE9
:102C100075EEC65A4CED014A32EE442A67EE897AC7
:102C200094ED010AC4ED005A36EE877AD6ED015ACA
:102C3000D5ED012A75EE271A92ED004A75EE677AF6
:102C4000D1ED004A27EE097A35EEC43A9CED006AD0
:102C500072EEE46AD0ED010A97ED015A35EE844A2E
:102C600072EEA44A73EE265A76EE002A73EE666A76
:102C700036EE406A35EE200A65EE895A35EE605A26
:102C800032EE803A74EE240A66EE896A74EE644A83
:102C900032EEC04A75EE252A33EE200A75EE655AEB
:102CA00033EE603A36EE265A8CED000A76EE666A0E
:102CB0009C4433EE876A84ED013A33EEC77A1C44B4
:102CC00071EE243A71EE644A31EEA23AC7ED003A51
:102CD00034EE421AC0ED004A77EEA53A75EE464A48
:102CE00077EEE57A87ED011A76EEC75A1F4432EE89
:102CF000044A71EEE21A36EE056A37EE267A80ED66
:102D0000014A86ED003A184441ED011A42ED013ABC
:102D1000C5ED007AC6ED014A1E4481ED006A1944F2
:102D2000C2ED005A1A4485ED017A1D443FF644AFC6
:102D30000093119B072B40F2F48101990EEB4E0496
:102D4000029D4FEACE02013104EB0E00E40008358B
:102D5000194400EB0E0C1394C0005E18174618922D
:102D600009F108099C19199B1A9A12905D1911987A
:102D70003A440C9598462044119DD71903EBC4049E
:102D8000054403EBC00010970CEB0E074FEACC0C88
:102D900004340430C844CDF854C0199B0A940990F7
:102DA00003EBC1011A9C03EBC5051598CDF83480DF
:102DB00007EB0E0804EB0009F8004FEAC80C0435D5
:102DC000074617900B91184603EBC601129BCDF8EE
:102DD00050C0E3180895149D0E91214604EB050898
:102DE0000493E5194FEA0E13139C16930B19109FC9
:102DF0000595039300F10803079738460F930123C5
:102E00000693009B90ED00FAD0ED01BA0398039968
:102E100090ED01BA0498D1ED00EAD0ED01AA059831
:102E20000599D0ED017A91ED00DA0D99049CCDED74
:102E3000017AD8ED017A0091D2ED00FA94ED00EA22
:102E400092ED01CADDF820E0099F0A9E0B9DD9EDA5
:102E500000DA0C9CD8ED00CA0E990F9ADDF818C064
:102E600099ED01AACDED027A009801E0F304353F17
:102E7000D5ED003ADC4491ED007AD4ED008AE245CC
:102E800057ED017A90ED005A56ED015A38EEA76AD7
:102E900092ED001A78EEE74A1EED014A75EE259A8A
:102EA00031EE073A92ED018A73EE846A75EE655A47
:102EB00033EEC44A73EE061A39EEA65A75EE847ADA
:102EC00031EE471A31EE857A67EE897A33EE463A6B
:102ED00082ED007A79EEE69A96ED006A34EEA72A42
:102EE000D5ED013A74EEE78A90ED017A35EEC44AE9
:102EF000DEED004A31EEC55A77EE462AD1ED016A81
:102F000073EEE47AD7ED000A77EE065A94ED017A73
:102F100033EEA46A32EEE70A78EE664A78EE263A95
:102F200072EEA72A77EE206A24EE094A37EE607A1D
:102F300020EE098A75EE860A33EEA60A62EE892A29
:102F400035EEC66A73EEE63A77EE627A74EE885A28
:102F500034EEC88A77EE224A71EE042A31EE447AC2
:102F600030EE601A73EE061A33EE466A33EEE93A33
:102F700079EEA36A38EE684A75EEC23A72EE255AC7
:102F800032EEA42A72EEE44A77EE272A37EE677A09
:102F900078EE887A6EEE058A2AEE818A2AEE855AC4
:102FA0002EEE011A6FEE219A70EE200A6BEEA11A36
:102FB0002BEE830A2FEE033AC2ED010A38EE888A1F
:102FC0001A446CEE238A31EE455A6FEEA33A81ED36
:102FD000008A39EE800A33EE613A81ED015A6FEED4
:102FE000820ACDED003A9DED025A2DEE068ADDED06
:102FF000013A6CEEA49A84ED000A65EE244A84ED51
:10300000013A23EEA61A23EE866ADDED003A25EE9C
:10301000255A19442DEEA20A1C446AEE041A70EED9
:10302000A80A2EEE873A6BEE278A2CEE022A6DEE66
:10303000266A6CEEA55A6AEE222A2DEE844A2BEE01
:10304000077A6EEEA77A73EEC23A38EE018A36EE50
:10305000C66A39EE855A75EEE44A07ED018A30EE0C
:10306000210A87ED006A74EE622AC0ED000A33EE91
:10307000283AC0ED013A37EEC77A0EED015ACEED8F
:10308000004A184406ED010A1F44C6ED002A9E447A
:1030900085ED003A1E4485ED017A1D443FF6E8AE09
:1030A000069A1698013211460692079A024413981E
:1030B0000792039A024412980392049A02441798C2
:1030C0000492159A9144059A02440592149A9044E8
:1030D0000F9A08320F920E9A08320E920D9A083209
:1030E0000D920C9A08320C920B9A08320B920A9AA3
:1030F00008320A92099A08320992089A083208920C
:10310000109C11982246884205D018982146014407
:103110000798109176E68346BDF860E0DDF86CC054
:1031200022E51DB0BDEC108BBDE8F08F08B52DED8C
:10313000048BB0EE409BB0EE418B01F01BFDB4EE72
:10314000489BF1EE10FA06D69FED0A9BB4EE498B30
:10315000F1EE10FA02D0BDEC048B08BD05F086F844
:1031600089EE090BBDEC048B2123036008BD00BF71
:10317000AFF30080000000000000000008B52DED56
:10318000028BB0EE408B01F041FEB4EE488BF1EEC5
:1031900010FA0FD6B5EEC08BF1EE10FA0AD8B5EEE4
:1031A000408BF1EE10FA08D105F060F89FED090BA5
:1031B00022230360BDEC028B08BD05F057F8BDEC7F
:1031C000028B034621221A600448BDE8084000F043
:1031D00085BB00BF000000000000F0FFEC440020B1
:1031E0000000000008B52DED048BB0EE408B01F01F
:1031F000C7FBB4EE488BF1EE10FA06D69FED099BA3
:10320000B4EEC98BF1EE10FA02D4BDEC048B08BD0C
:1032100005F02CF889EE090BBDEC048B212303602B
:1032200008BD00BF0000000000000000B0EE407BC1
:1032300017EE903A1B4A23F0004393421BDD1A4AD3
:10324000934202DD30EE400B704700B585B0684612
:1032500001F064FE00F0030001289DED021B9DEDCE
:10326000000B0CD0022812D070B1012001F02AFC12
:1032700005B05DF804FB9FED091B01F08BBB01F06D
:1032800021FCB1EE400BF3E701F084FBF0E701F025
:1032900081FBB1EE400BEBE7AFF3008000000000D4
:1032A00000000000FB21E93FFFFFEF7F51EC100B16
:1032B00010EE102A21F0004343EC102B704700BFA2
:1032C00000000000B0EE407B17EE903A1B4A23F05E
:1032D000004393421CDD1A4A934202DD30EE400B5C
:1032E000704700B585B0684601F018FE00F0030095
:1032F00001289DED021B9DED000B0ED0022813D07E
:1033000070B101F047FBB1EE400B05B05DF804FB76
:103310009FED081B002001F0D5BB01F03BFBF4E75B
:10332000012001F0CFFBF0E7012001F0CBFBB1EE73
:10333000400BEAE70000000000000000FB21E93F2D
:10334000FFFFEF7F08B52DED028BB0EE408A01F054
:103350002FFFB4EE488AF1EE10FAF0EE408A0AD65A
:10336000B0EE480A00F088FAF7EE007AB4EEE70A09
:10337000F1EE10FA04DCB0EE680ABDEC028B08BD79
:1033800004F074FFBDEC028B034621221A60024850
:10339000BDE8084000F0B8BEEC44002002F00EB8D2
:1033A00008B52DED028BF0EE408AB0EE608A02F097
:1033B000ABF8F4EE488AF1EE10FA06D6DFED098A92
:1033C000B4EE688AF1EE10FA02D0BDEC028B08BDB3
:1033D00004F04CFF88EEA80ABDEC028B21230360A9
:1033E00008BD00BF0000000008B52DED028BB0EE57
:1033F000408A02F019F9B4EE488AF1EE10FA0FD6BD
:10340000B5EEC08AF1EE10FA0AD8B5EE408AF1EEB8
:1034100010FA08D104F02AFF22239FED090A036065
:10342000BDEC028B08BD04F021FFBDEC028B03460E
:1034300021221A600348BDE8084000F065BE00BFC5
:10344000000080FFEC44002008B52DED028BB0EEAB
:10345000408A01F099FAB4EE488AF1EE10FA06D6E5
:10346000DFED098AB4EEE88AF1EE10FA02D4BDEC81
:10347000028B08BD04F0FAFE88EEA80ABDEC028BB0
:103480002123036008BD00BF0000000038B510EE26
:10349000104A24F00045B5F1FF4F2DED048BF0EEFE
:1034A000407A29DAB84B9D4215DCB5F1465F80F2CF
:1034B000AE8014F0F84F30D19FEDB47A20EE077A49
:1034C000B2EE006ABDEC048BA0EE067AF4EE006A60
:1034D00027EE260A38BDAE4B9D4240F3CB80AD4B64
:1034E0009D4223DDBDEC048BB7EE000AFFEE007AAF
:1034F000002C20FE270A38BDF7EE006A86EE807A9F
:10350000E40F6400C4F1010407EE904AF8EEE77A94
:1035100037EE870ABDEC048B38BD9FED9F7ABDEC7A
:10352000048BE0EE077AB0EE670A38BD00F0A4F92C
:103530009A4B60EE006AB7EE007A9D42C7EE267A9B
:10354000F0EE408A40F3D780DFED956ADFED955AC3
:103550009FED955A9FED956ADFED959AE7EEA65A95
:10356000DFED946AE5EEA76AA7EE856ADFED925A71
:103570009FED925AE6EEA75AA6EE275ADFED906A23
:103580009FED906AE5EEA76AA5EE276ADFED8E5AF9
:103590009FED8E5AE6EEA75AA6EE275ADFED8C6A0B
:1035A0009FED8C6AE5EEA76AA5EE276AA6EEA77ADC
:1035B000E6EE279AB0EE479A18EE903A23F47F632E
:1035C00023F00F0308EE103ABEEE020AA8EE480AF6
:1035D00000F0A0FDC9EE897A38EE687A38EE888A64
:1035E000B0EE409AE7EE087AB0EE670A00F092FD7E
:1035F00029EE000A002CABBF80EE287AC0EE287AB4
:10360000F7EE007AB7EE007A37EEC70A82E720EECF
:10361000007ADFED715ADFED716A9FED716A9FEDFF
:10362000715AE7EE256ABDEC048BDFED6F5AA7EE09
:10363000065AE6EE875A9FED6D6ADFED6D6AA5EEDC
:10364000076AE5EE876A9FED6B5ADFED6B5AA6EECF
:10365000075AE6EE875A9FED506AF7EE006AA5EE2C
:10366000076AE5EE876A86EE267AE0EE077AB0EE24
:10367000670A38BD00F000F9F7EE007A30EE670A0D
:10368000DFED5E5A9FED5E7A9FED5E6ADFED5E6A6A
:10369000A0EE256A002CE0EE076ADFED5C5A9FED94
:1036A0005C7AE6EE005AA6EE807A9FED5A6ADFED6C
:1036B0005A6AA5EE806AE7EE006ADFED585A9FED80
:1036C000587AE6EE005AA6EE807A9FED566ADFED54
:1036D000566AA5EE806AE7EE006A9FED547AE6EE40
:1036E000807AA6EE007A47DB87EE270ADFED507A74
:1036F00030EE270A0EE7DFED4F5ADFED4F6A9FED00
:103700004F6A9FED4F5ADFED4F9AE7EEA56ADFED66
:103710004E5AE6EEA75ADFED4D6AA7EE865AE5EE61
:10372000A76A9FED4B6ADFED4B5AA5EE276AE6EEDE
:10373000A75A9FED495ADFED496AA6EE275AE5EEF2
:10374000A76A9FED476ADFED475AA5EE276AE6EEC6
:10375000A75A9FED455ADFED456AA6EE275AE5EEDA
:10376000A76A9FED436AA6EEA77AA5EE276AB0EE98
:10377000479AE6EE279A1FE7C7EE276ADFED3D7A04
:1037800037EEE60AC6E600BFFFFF573FD475833F1A
:10379000FFFF9F3FFFFFBF40D475033E6DDB364008
:1037A0001287B3C1A743ED4375C2F1C30B2380C495
:1037B00092A021BCCE901F45BBFD474541641FC46C
:1037C0005917C044EAA220C371E5A2434B108EC131
:1037D00059B4F241D49D4CBF1AE284B649EE0A397D
:1037E000B156C7B78914BDBB1681A63B8F52E9BC41
:1037F000632A853DEB6BA6BECEBBCB3EC0F90DBBAD
:10380000A35A443CB351113D136E5F3CC21CE3BD4F
:103810000733013E54FEA23EE71A933D0892BEBE16
:1038200085570A3F0568D43E31F3D93DC6CD1ABB52
:103830000B56583F977F77BD7C3FD2407E071DC116
:103840002B93A2C293A021BC1F45D9420B81D64322
:10385000E79A38C3C95821448C6522C36F48D943BD
:10386000578079C263A8094322F028C1CE359D4113
:10387000B7A031BF0B5658BF10EE103A23F00043EB
:1038800000EE103A704700BF10EE102A22F00043FD
:1038900010B4B3F1FF4F4FF00004046017DAB3B176
:1038A00012F0FF4F10EE101A09D1DFED0B7A60EE27
:1038B000277A6FF0180417EE901A21F00043DB15F9
:1038C0007E3B234421F0FF41036041F07C5200EE37
:1038D000102A5DF8044B70470000004C9FED010B6F
:1038E000704700BF000000000000F87F70B410EEC9
:1038F000902A6FF47273C2F30A55EB183E2B85B011
:1039000044D8664B93ED026B93ED007BB0EE461B03
:10391000A7EE001B11EE100A31EE461B00F07F02ED
:1039200093ED064B921893ED043B02F10F0103EB6C
:10393000C20292ED1C7BA3EE010BA4EE010B03EB84
:10394000C10293ED0A5B20EE001B30EE077B93ED86
:10395000082B93ED0E6BA5EE002B21EE015B93ED92
:103960000C4BA2EE017B53F831405668A6EE004B9B
:1039700000210A1906EB4033A5EE047BEDB143ECC0
:10398000102BA7EE000B05B070BC7047002B56DB68
:10399000B5F5816F2DD910EE101A002012F5801F99
:1039A00008BF814268D040F2FF74A54247D08242EE
:1039B0005EDB05B070BC00F099B8884244DAB7EE1F
:1039C000004B03F17F5101F50011104641EC160B3D
:1039D00027EE067B36EE070BB4EEC40BF1EE10FAC1
:1039E00009D49FED287B20EE070B05B070BC00F0DA
:1039F000ADB8002585E730EE043B36EE406B34EE83
:103A0000435B36EE076B35EE007B37EE067B37EE19
:103A1000037B37EE447BB5EE407BF1EE10FA24D009
:103A20009FED180B27EE000B9FED166B8DED006BD5
:103A30009DED007B27EE067B8DED027BD5E7B7EE93
:103A4000007B30EE070B9EE703F140419FED0F6BCB
:103A500001F57001104641EC100BA7EE000B20EEB3
:103A6000060B05B070BC00F07DB89FED0A0BDBE7DC
:103A700005B070BC00F032B89FED060B83E700BFC5
:103A8000AFF3008000000000000010000000000004
:103A90000000007F0000000000000000180500206A
:103AA00010B582B08DED000B044604F0DFFB9DEDF8
:103AB000000B046002B010BD82B058B1B1EE407B83
:103AC0008DED007B9DED007B222020EE070B02B0E8
:103AD000FFF7E6BFB0EE407BF2E700BF9FED010BC2
:103AE000FFF7EABF00000000000000109FED010B8F
:103AF000FFF7E2BF000000000000007082B0002865
:103B0000B7EE006BBFEE007B06FE077B8DED007B02
:103B10009DED000B9FED037B222080EE070B02B092
:103B2000FFF7BEBF0000000000000000B4EE400B35
:103B3000F1EE10FA30EE407B87EE076BB0EE460BED
:103B400002D62120FFF7ACBF704700BFB5EE400B97
:103B5000F1EE10FA00D070472220FFF7A1BF00BF9E
:103B6000000000009FED076BB0EEC07BB4EE467B1B
:103B7000F1EE10FA00DC70472220FFF791BF00BF82
:103B8000AFF30080FFFFFFFFFFFFEF7F2DE9F04F56
:103B90005BEC10AB2DED0A8B4FEA1B5C11EE90EA4B
:103BA0000CF1FF3640F2FD70864210EE101A11EE55
:103BB000103A89B05A4665464FEA1E5400F2C68054
:103BC000C4F30A06A6F2BE367F2E98BF002000F28C
:103BD000BD80BFEE000BE14CE14B1444C4F346350D
:103BE00003EB451693ED006B93ED027B96ED128B84
:103BF00096ED189B96ED162B260D241505EE904A92
:103C0000360593ED0C4BB8EEE55B951BA5EE062B48
:103C1000A5EE079B93ED04AB93ED105B93ED08BB12
:103C200093ED067B93ED0A6B93ED0E3B0C1E45EC7A
:103C30001C4BACEE080BA0EE053BA0EE046B20EE97
:103C40000A5B30EE024B20EE058BA0EE0B7BA8EE5C
:103C5000036B32EE442BA8EE067B32EE002BB0EE67
:103C6000483B39EE022B95EE003B34EE085B20EE2C
:103C7000080B34EE454B32EE036B34EE084B36EE58
:103C8000046BA0EE076B35EE064B21EE048B18EEAD
:103C9000902AB0EE487BC2F30A556FF47273EB18AA
:103CA0003E2B91EE047B35EE445B35EE065BA1EED8
:103CB000057B00F29380AB4B93ED024B93ED005BE1
:103CC000B0EE441B93ED042BA8EE051B93ED066BA1
:103CD00011EE101A31EE441B01F07F0293ED0E4BF2
:103CE000A1EE028BA1EE068B93ED0C6B37EE087BF9
:103CF00027EE072B921802F10F0403EBC202A7EE86
:103D0000046B92ED1C4B03EBC40293ED0A3B93ED65
:103D1000085B53F834605768A7EE035B4018002433
:103D200022EE023B37EE047BA219A2EE057B07EBE5
:103D30004033A3EE067B002D5FD043EC102BA7EEA3
:103D4000000B09B0BDEC0A8BBDE8F08FD8184EEB24
:103D50000E09461E37466FF0010849F1FF36B84597
:103D60006FF4001777EB0606C0F02081481842EB8D
:103D70000209461E374669F10006B8456FF4001780
:103D800077EB0606C0F03981002A6ADB0020C4F315
:103D90000A06A6F2BE337F2B40F2FF774FD9724B53
:103DA00000209A4208BF814200F0FD8040F2BD35FC
:103DB000AE4240F29180012972EB030334BF01232C
:103DC0000023BC428CBF00240124A3420ED109B0C1
:103DD000BDEC0A8BBDE8F04FFFF780BE002BC0F2B0
:103DE000CE80B5F5816F75D9002AF0DB09B0BDEC46
:103DF0000A8BBDE8F04FFFF779BEA14280F2138134
:103E0000B7EE003B03F17F5101F50011104641EC84
:103E1000150B27EE057B35EE076BB0EEC64BB4EE07
:103E2000C34BF1EE10FA61D49FED480B26EE000B68
:103E300009B0BDEC0A8BBDE8F04FFFF787BE002D3F
:103E40007FF4C7AE9FED437B4BEC16AB26EE077BB2
:103E500053EC172B23F0004217EE101AA2F1507208
:103E6000B7E6C4F30A0640F2FE3086427EDD40F239
:103E70003340864200F3FA80801BA0F120054FF00A
:103E8000FF374FF0FF39874009FA05F9C0F12008E4
:103E9000019547EA09054FF0FF3727FA08F945EA87
:103EA0000905874023EA07072EEA05053D435DD152
:103EB000019DC3400EFA08F843EA08032EFA05FEF6
:103EC00043EA0E0303F00103980422F00042CCF30E
:103ED0000A055EE70025EEE688429341B7EE000B47
:103EE00034BF31EE000B30EE410B2AE7B5EEC06B6C
:103EF000F1EE10FA35EE465BBFEE004B35EE075B98
:103F000058BFB0EE434B36EE043B34EE437B37EE06
:103F1000067B37EE057B37EE037B37EE446BB5EE61
:103F2000406BF1EE10FA04D12A4601F0004343EC55
:103F3000162B9FED065B8DED045B9DED047B27EE5C
:103F4000057B8DED067B6FE7AFF30080000000007E
:103F5000000010000000000000003043AB6A19C0F0
:103F600028180020180500200000F03F4BEC10AB93
:103F700009B0BDEC0A8BBDE8F04FFFF7D7BDB7EE37
:103F8000000B38EE000B00283FF4DBAEB1EE400B27
:103F9000D7E64918594B82F400224FF000005241F5
:103FA000884293415DD3B7EE000BCAE650EA09049C
:103FB000EFD0534C0025A24208BFA94247D0491870
:103FC000504B52418D4273EB02044AD3994508BFCE
:103FD000A84246D103F100439A4208BFA942E2D069
:103FE0009A426FEA0E0E34BF002201224FEADE7EB3
:103FF000724577D09FED3D0BA3E64BEC17AB002A43
:1040000027EE070B34DB002250EA09095DD1BEF12F
:10401000000FBFF696AE104609B0BDEC0A8BBDE8A6
:10402000F04FFFF76BBD03F140419FED326B01F59F
:104030007001104641EC100BA7EE000B20EE060BB2
:1040400009B0BDEC0A8BBDE8F04FFFF78BBDDB1864
:104050002A4A8EF4002E4EEB0E0E9D4272EB0E029B
:10406000A1D24BEC17AB37EE010B6AE600202CE730
:10407000C4F30A02A2F2FF313429C4D8C2F5866221
:104080004FF0FF31A2F11D05033201FA05F701FAE5
:1040900002F4C2F120063C4321FA06F73C4391406A
:1040A00023EA01012EEA04042143ACD123FA02F2EF
:1040B0000EFA06F632432EFA05F52A4312F00102F3
:1040C000A2D0B1EE400B01229EE7BEF1000FBFF679
:1040D00038AEB7EE006B86EE007B8DED027B9DED7A
:1040E000020B2EE621EE010B2BE600BF00000000C4
:1040F00000000000000000000000007F0000F0FF52
:104100000000F03F0000E0FF9FED010A704700BF94
:104110000000C07F10EE103A40F22A41C3F30A5269
:104120008A42B7EEC03A32D8B7EE000B2D4B93ED72
:104130004A2B93ED481BB0EE417BA2EE037B17EEBA
:10414000100A37EE417B00F01F0203EBC20130B4CE
:1041500092EE037B93ED4C4B53F832404D6893ED58
:104160004E6B93ED505BA4EE076B27EE074B0021DF
:104170000A1905EBC033A5EE070B43EC172BA6EE8F
:10418000040B30BC20EE070BB7EEC00B704713F5E5
:10419000000F20D0B2F5FF6F1AD2DFED137AB4EE24
:1041A000E70AF1EE10FA10DCDFED107AB4EEE70A60
:1041B000F1EE10FA12D4DFED0E7AB4EEE70AF1EE6A
:1041C00010FAB1D5002000F0ADBB002000F0B0BB6C
:1041D00030EE000A70479FED070A7047002000F09C
:1041E0009BBB00BFD00300201772B142B4F1CFC215
:1041F000CF8ECEC2000000000000000030B410EEF0
:10420000103A2DED028BA3F5000110EE902AB1F1CA
:10421000FE4F10EE104A82B04FEA42017CD201F10B
:10422000FF3C6FF08070844580F0F780002004F13F
:10423000404303F54D03C3F3C342DB0DDB05E11A35
:10424000DB1507EE903AB14B03EB021292ED003B07
:1042500004EE101AB7EEE06AB7EEC44ABFEE000BE8
:10426000A3EE040B93ED443B20EE001B93ED464B75
:1042700093ED402BA0EE034B93ED425B93ED483B57
:10428000A0EE025B21EE012B92ED028BB8EEE77BF4
:1042900037EE087BA0EE037BA1EE047BA5EE027B4C
:1042A00026EE077B17EE903A48F2BF01C3F3CF33F7
:1042B0008B4250D2B7EE000B954B93ED402B37EE6F
:1042C000023B13EE102A33EE423B02F01F0182182C
:1042D00003EBC10093ED424B37EE437B53F8314083
:1042E000456893ED446B93ED465BA7EE046B27EEB8
:1042F000074B0023181905EBC231A7EE050B41EC63
:10430000170BA6EE040B20EE070BB7EEC00B02B0A6
:10431000BDEC028B30BC70474D1E6FF08070854243
:1043200080F0CE8059004D1E854280F09280002B97
:1043300055DB0020B4F5000FBFF479AFDFED757ADF
:1043400007EE103A67EE277A17EE904A24F0004401
:10435000A4F138646BE79FED656BB4EEC67BF1EEBC
:1043600010FA15DC9FED636BB4EEC67BF1EE10FA2C
:1043700020DD4FF04C5388B10193DDED016ABFEEB3
:10438000006A76EE666AF4EE466AF1EE10FA11D033
:1043900002B0BDEC028B30BC00F0CABA0093DDED78
:1043A000006AB7EE006A76EE866AF4EE466AF1EECF
:1043B00010FAEDD19FED516BB4EEC67BF1EE10FA21
:1043C00057D99FED506BB4EEC67BF1EE10FA7FF536
:1043D00071AF02B0BDEC028B30BC00F0A3BAC2F3E7
:1043E000C7517E2911DD962954DC0120C1F19601C7
:1043F00000FA01F1481E104207D1114214BF0120FA
:104400000020000424F0004494E700EE103A02B0CB
:10441000BDEC028B30BC00F0A3BA002952D0B3F13E
:104420007E5F2CD06400B4F17F4F2ED8B1F17F4F66
:104430002BD1B4F1FE4F4BD0B4F1FE4F6FEA020224
:1044400034BF00240124D20F94424CD09FED320A95
:104450005DE7002B20EE000A1EDB002000293AD188
:10446000002ABFF654AF02B0BDEC028B30BC00F0A6
:1044700065BA02B0BDEC028B30BC00F04DBA82F4DC
:104480008002520012F5000F22D907EE903A37EE63
:10449000A00A3CE70020B5E7C2F3C753A3F17F00B1
:1044A0001728DAD8C3F19600012303FA00F0441E5E
:1044B0001442D2D11040D1D0B1EE400A1846CDE717
:1044C0000029AFD184F48002520012F5000FDCD82D
:1044D000B7EE000A1BE7002ABFF619AFF7EE007A25
:1044E00087EE800A13E720EEA00A10E771D5D1FF0E
:1044F000FFFF5F40E2AAA3FFFFFF5F400000000054
:1045000000C062C00000000000A062C0702800204F
:10451000D00300200000004B0000000030B510EE7A
:10452000104AC4F30A53B3F57D7FB7EEC06A83B077
:104530001BD226EE065BB3F5667F6ED326EE052B07
:1045400025EE021B734B93ED1A3B93ED187B93ED15
:10455000164BA5EE037BA2EE046BB0EE460BA7EE66
:10456000010BB7EEC00B03B030BD40F22E429342B8
:104570005ED8684991ED087B26EE077BFDEEC77B90
:1045800091ED0A5B17EE903A03F500031B1613F04A
:10459000020F07EE903A01F1700208BF0A46D807F1
:1045A000B8EEE77BA7EE456B26EE067B1BD403F047
:1045B000030301EBC30192ED1A4B91ED002B92ED39
:1045C000185B26EE026B92ED163BA7EE045B26EE1F
:1045D000074B27EE047BA4EE036BA5EE076BB7EE4B
:1045E000C60B03B030BD92ED142B27EE075B92EDA6
:1045F000126B92ED0E3BA7EE026B92ED0C0B92ED5F
:10460000104BA7EE030B27EE057BA5EE040BA6EEE1
:10461000070BB7EEC00B03B030BD220D12F4FF6FD5
:10462000DFD1B7EEC55B00EE104A8DED015AD8E739
:10463000B3F5FF6F4BD2384BC4F3836203EB8200B8
:1046400053F822200569C4F31603C4F3C25143F49E
:1046500000038B40016A03FB02F2A3FB0110E3FBA2
:10466000050202F100518D0F01F04041511A02F094
:104670005DF82A4B9FED257B05EBD47441EC160BBE
:1046800014F0020FA3F1700208BF1346E90726EEEB
:10469000077B27EE076B1FD404F0030402EBC40270
:1046A00093ED1A4B92ED002B93ED185B27EE027BF6
:1046B00093ED163BA6EE045B27EE064B26EE046B4D
:1046C000A4EE037BA5EE067BB7EEC70B89E703B02C
:1046D000BDE8304000F044B993ED142B26EE065BA4
:1046E00093ED127B93ED0E3BA6EE027B93ED0C0B4C
:1046F00093ED104BA6EE030B26EE056BA5EE040B17
:10470000A7EE060BB7EEC00B6BE700BF182D4454A5
:10471000FB21193C98290020B4390020082A0020E8
:104720000000000038B510EE104AC4F30A53B3F588
:104730007D7FB7EEC07A1ED227EE077BB3F5667F8A
:104740006FD327EE071B634B93ED142B93ED125B96
:1047500093ED0E3BA7EE025B93ED0C0B93ED104B2C
:10476000A7EE030B27EE017BA1EE040BA5EE070BD2
:10477000B7EEC00B38BD40F22E42934254D8554993
:1047800091ED086B27EE066BFDEEC66B91ED0A5BB3
:1047900016EE903A03F500031B1613F0020F06EE17
:1047A000903A01F1700208BF0A46D807B8EEE66BEE
:1047B000A6EE457B27EE076B1AD503F0030301EB4A
:1047C000C30191ED002B92ED1A4B92ED185B92ED27
:1047D000163BA6EE045B27EE027B27EE064B26EE89
:1047E000046BA4EE037BA5EE067BB7EEC70B38BDCA
:1047F00092ED142B92ED127B92ED0E3B92ED0C0B91
:1048000092ED104B26EE065BA6EE027BA6EE030BA6
:1048100026EE056BA5EE040BA7EE060BB7EEC00B5C
:1048200038BDB7EE000A38BDB3F5FF6F3DD22A4B55
:10483000C4F3836203EB820053F822200569C4F3BA
:104840001603C4F3C25143F400038B40016A03FB17
:1048500002F2A3FB0110E3FB050202F100518D0FF0
:1048600001F04041511A01F061FF1C4B9FED177B95
:1048700005EBD47441EC160B14F0020FA3F1700297
:1048800008BF1346E90726EE077B27EE076B10D516
:1048900004F0030402EBC40292ED002B93ED1A4BDB
:1048A00093ED185B93ED163B93E7BDE8384000F0BD
:1048B00057B893ED142B93ED127B93ED0E3B93EDD4
:1048C0000C0B93ED104B9DE7AFF30080182D445473
:1048D000FB21193C98290020B4390020082A002027
:1048E00010B582B08DED010A044603F0BFFC9DEDCA
:1048F000010A046002B010BD30B1F1EE407A27EE3B
:10490000800A2220FFF7ECBFF0EE407A27EE800A03
:104910002220FFF7E5BF00BF9FED010AFFF7ECBFC4
:10492000000000109FED010AFFF7E6BF0000201A0B
:104930009FED010AFFF7E0BF000000709FED070A3E
:10494000FFEE007AB7EE007A00284FF0220047FE13
:10495000277A87EE800AFFF7C3BF00BF0000000080
:1049600070EE407AB4EE400A87EEA77AF1EE10FAC4
:10497000B0EE470A02D62120FFF7B2BF704700BF52
:10498000B1EEC00B704700BFB1EEC00A704700BF68
:104990000000000010EE903A23F00043B3F1795F7D
:1049A0002DED028B2EDAFDEEC07B17EE903A002B38
:1049B00065D020EE004B9FED358B9FED362B9FEDA4
:1049C000373BA4EE082B9FED375BA4EE023B9FED37
:1049D000376BA4EE035B9FED377BA4EE056BA4EE73
:1049E000067B24EE077B21EE401BB6EE006BA4EEA7
:1049F000071BB7EE000B94EE061BBDEC028B30EEEE
:104A0000410B70479FED218B20EE004B9FED212B3A
:104A10009FED223BA4EE082B9FED225BA2EE043B10
:104A20009FED226BA3EE045B9FED227BA5EE046B52
:104A3000224AA6EE047B934227EE047BD3DD204A74
:104A4000934217DCB7EE006B0020A3F5001141EC98
:104A5000150B36EE456B21EE401BB6EE003BA4EE87
:104A6000071B94EE035BBDEC028B35EE410B36EE7B
:104A7000400B7047B6EE076BB5EE025BEBE7B7EEA7
:104A8000000BBDEC028B7047AFF30080D43888BEBA
:104A9000E9FAA8BDC4B1B4BD9EEE213EAD529C80E2
:104AA0004F7E92BE9015CB19A001FA3E7751C116E8
:104AB0006CC156BF4C5555555555A53F3233D33F64
:104AC0000000E93F10EE903A23F00043B3F1795F24
:104AD00004DAFDEEC07B17EE903A5BB320EE007B6C
:104AE0009FED162B9FED173B9FED184BA7EE023B5A
:104AF0009FED185BA3EE074B9FED186BA4EE075BD1
:104B0000A5EE076B20EE075B30B99FED164BA7EEC5
:104B1000064BA4EE050B70479FED144B26EE456B3C
:104B2000B6EE003BA1EE036B96EE071BA5EE041B51
:104B300030EE410B704700BFAFF300807CD5CF5AF9
:104B40003AD9E53DEB9C2B8AE6E55ABE7DFEB1578E
:104B5000E31DC73ED561C119A0012ABFA6F81011F7
:104B60001111813F495555555555C5BF49555555A5
:104B70005555C53F2DE9F04385B08DED001BDDE9AE
:104B8000007C2CF0004050EA07038DED020B2FD083
:104B9000039B984A23F0004E964529DC7A429649B9
:104BA0003A4340EAD2728A4222D8DDF8089086451C
:104BB0003C464A4603F0004606DCC0F2C780B945D1
:104BC000C0F0C48000F0FD808B491940D9B9BEF116
:104BD000000F40F0DF80B9F1000F4D4640F308812F
:104BE000A1F213416D00002D01F1FF31FADC0EE05E
:104BF0009DED027B9DED006B27EE067B87EE070B9C
:104C000005B0BDE8F0834FEA2E51A1F2FF317A4D95
:104C10000CEA050585B9002840F0AD80002FB846A4
:104C200040F3E480A5F213454FEA4808B8F1000FBD
:104C300005F1FF35F8DC02E00515A5F2FF35DFF8D8
:104C4000BC81414572DBC3F3130343F48013DFF8E7
:104C5000ACE1754559DBCCF3130C4CF4801CD01B34
:104C6000491B0BD11DE050EA0E0345D04FEADE731D
:104C7000013903EB40034FEA4E0211D0A3EB0C00C5
:104C8000944288BF00F1FF300028A2EB040E4FEAE7
:104C9000D277E8DA013907EB43034FEA4202EDD15C
:104CA000101BA3EB0C0C944288BF0CF1FF3CBCF131
:104CB000000FA4BF0246634653EA020105D11BE080
:104CC000D10F01EB43035200013DB3F5801FF7DB29
:104CD0004A498D426ADA491B142978DC05F21E40E4
:104CE000CA4003FA00F043FA01F110430E43334681
:104CF000024643EC102B83E7414BF60F03EBC60350
:104D000093ED000B05B0BDE8F083AEEB05041F2C5E
:104D100025DD3C48491BA0EB050C07FA0CFC18BF2D
:104D20000024ABD1A3EB0C0C1046C0E7A8EB0108A4
:104D3000B8F11F0F0DDC01F21E430EFA08FE29FA2E
:104D400003F309FA08F243EA0E0380E79DED020B34
:104D500056E72C4B5B1A09FA03F3002277E705F2BA
:104D60001E4C00FA04FE27FA0CFC07FA04F44CEA85
:104D70000E0C101B74E74FEAC028B8F1000F1F4D4E
:104D80007FF75DAF4FEA4808B8F1000F05F1FF3536
:104D9000F8DC54E74FEACE25002D18497FF737AFEE
:104DA0006D00002D01F1FF31FADC30E7A3F580132F
:104DB000334305F2FF3543EA0551104641EC100B31
:104DC0001EE70F4B03EB167393ED000B18E71F293B
:104DD00007DC05F21E4022FA01F103FA00F0084355
:104DE00085E70848401B43FA00F080E7064D26E7B8
:104DF00005490CE7FFFFEF7F0000F07F02FCFFFF9B
:104E0000C0030020E2FBFFFFEDFBFFFF00B52DED2F
:104E1000028B83B08DED000B019BB3F5801F1DDA73
:104E2000009923F000420A4346D0002B4FDB9DED52
:104E3000006B9FED2C7B26EE077B8DED007B019BAD
:104E4000344A93426FF035010DDD9DED007B37EE66
:104E5000070B03B0BDEC028B5DF804FB2D4A9342B7
:104E60004FF00001F1DC1815A0F2FF30084440F2C9
:104E7000FF3CC3F31301DDE90023ACEBD07C00EB76
:104E8000D07007EE900A41EA0C5343EC102BB8EEB9
:104E9000E78B00F0FFFC9FED155B9FED166B20EE9E
:104EA000050B9FED167BA8EE060BA8EE070B03B0D3
:104EB000BDEC028B5DF804FB9FED126B9FED137B45
:104EC00086EE070B03B0BDEC028B5DF804FB9FED93
:104ED0000F7B9DED006B36EE466B86EE070BB8E759
:104EE000AFF3008000000000000050430EE52615DF
:104EF0007BCBDB3F362BF111F3FE593D00609F5019
:104F00001344D33F00000000000050C30000000025
:104F100000000000FFFFEF7F0000000070B553ECC1
:104F2000102B9C4923F000458D4288B004466ADD71
:104F300099498D421E461BDC002B9FED867B40F37A
:104F4000EB8030EE477BA1F51B21A1F5F0618D428E
:104F50006AD09FED826B012037EE465B37EE457BD2
:104F600084ED005B37EE467B84ED027B08B070BDBC
:104F70008A498D4260DD8A498D424DDC2A1510EE4A
:104F8000100AA2F21642A5EB025141EC170B9FED5D
:104F9000755BBDEEC76BB8EEC66B37EE467B27EE92
:104FA000057BFDEEC74B8DED026BB8EEE46B37EE83
:104FB000467B27EE057BB5EE407BF1EE10FA8DEDDA
:104FC000046B8DED067B40F0968014EE903A002B3A
:104FD0000CBF01230223734901910221009102A811
:104FE000214600F0B7FD002EC0DA94ED006B94ED81
:104FF000027BB1EE466BB1EE477B84ED006B84ED36
:10500000027B4042B2E700200021C4E902010020F7
:1050100084ED000B08B070BD30EE407B002084EDC5
:10502000027B84ED007BA1E79FED505B9FED516B10
:1050300037EE457B01208FE7FEF738F9B6EE007BAF
:105040009FED4E5BA0EE057BFDEEC77B9FED413BE8
:1050500017EE900A9FED416B1F28B8EEE75BB1EEAB
:10506000454BA5EE430B25EE067B1CDC4E4B421E4A
:1050700053F82230AB4216D030EE476B84ED006B14
:1050800030EE460B30EE470B002E84ED020BBFF6E0
:105090006DAFB1EE466BB1EE400B84ED006B84ED6D
:1050A000020B404262E730EE476B16EE903AC3F3D4
:1050B0000A53C3EB1553102B4FEA2552DEDDB0EE39
:1050C000403B9FED2A6B9FED2B2BA4EE063B30EE71
:1050D000437BA4EE067B95EE027B33EE476B16EE28
:1050E000903AC3F30A53D21A312A06DCB0EE430BCE
:1050F00084ED006BC4E703236DE79FED226BB0EEF8
:10510000430B9FED222BA4EE060B33EE407BA4EE67
:10511000067B95EE027BAFE7244930EE077B8D429C
:105120000ED09FED0E6B4FF0FF3037EE065B37EE83
:10513000457B84ED005B37EE067B84ED027B15E753
:105140009FED0A5B9FED0B6B37EE057B4FF0FF3059
:10515000EBE700BF00004054FB21F93F3163621AC6
:1051600061B4D03D00000000000070410000601AF2
:1051700061B4D03D7370032E8A19A33B83C8C96DF7
:10518000305FE43F0000002E8A19A33BC14920256F
:105190009A837B39FB21E93F7BD90240FB213941CE
:1051A000FFFFEF7FB8650020F0440020FB21F93FAE
:1051B00038B510EE105A25F00044B4F17E5F2DEDA5
:1051C000048B00F085807ADCB4F17C5F0FDAB4F1F7
:1051D000485F80F29C80DFED697A70EE277AB7EE47
:1051E000007AF4EEC77AF1EE10FA00F38D80FEF744
:1051F00043FBF7EE007A37EEC00AB6EE007A20EEF7
:10520000078ADFED5F6A9FED5F7A9FED5F6A9FED32
:105210005F5ADFED5F5ADFED5F8AE8EE076A9FEDC8
:105220005E7AA8EE067A9FED5D6AA6EE885AA7EE32
:10523000086A9FED5B7ADFED5B6AE5EE085AA6EE41
:10524000087AE5EE886AE7EE087AE6EE888AB0EE3C
:10525000480AB0EE679AFFF797FB534B9C4268EE03
:10526000888A42DC10EE103A23F47F6323F00F03A8
:1052700006EE903AA6EEE68A30EE267A88EE895A55
:10528000C8EE074ADFED497A9FED497AB0EE006A31
:10529000E4EEC67A30EE000AF0EE475AE6EEC65A61
:1052A000D0EE057A77EEE57A37EE677A002D0ADCE4
:1052B000BDEC048BB1EE477AB0EE470A38BD70EE14
:1052C000407A87EEA77ABDEC048BB0EE470A38BD72
:1052D0009FED367ADFED377A20EE077ABDEC048B4E
:1052E000A0EE277AB0EE470A38BD88EE896ADFED76
:1052F000327A9FED307AA0EE060AF0EE006AE0EE18
:10530000267A37EE677AD1E7B0EE407ADBE760EED7
:10531000007A9FED1C7ADFED1A6A9FED1C6ADFEDC3
:105320001A5A9FED1B5AE7EE876ABDEC048BA6EE76
:10533000A76A9FED197ADFED196AA7EEA57AA6EEA6
:10534000275AE7EE276ADFED175A9FED156A9FEDA2
:10535000117AE5EE275AA6EEA76AA5EEA77AF7EE30
:10536000006AE6EE276A67EE277AB0EE407A87EEAB
:10537000A66AA0EE067AB0EE470A38BDCAF24971B5
:10538000047F4F3A08EF11382EC69D3D461124BDCB
:10539000A80A4E3EABAA2A3E613330BF2D570140CA
:1053A00039D119C090B0A6BE9999793F2EBD3BB3B3
:1053B000DB0F493FDB0FC93F2EBD3B3310B582B039
:1053C000CDED010A019B23F00042B2F1FF4FF0EE58
:1053D000407A30DC10EE100A20F00041B1F1FF4FAE
:1053E00029DCB3F17E5F40D09C1704F0020444EA4C
:1053F000D07431B372B3B2F1FF4F3ED0B1F1FF4F71
:1054000028D0891AB1F1F45F4FEAE15232DA002B69
:1054100040DA3C323EDA9FED330A012C4CD0022CAC
:1054200041D064B19FED307ADFED307A30EE070A7B
:1054300030EE670A03E09DED017A37EE270A02B0ED
:1054400010BD022C0ED09FED2A7A032C07FE000A15
:1054500002B010BD9FED270ADFED277A002820FE5D
:10546000270AECE79FED210AE9E702B0BDE810400A
:1054700000F03AB99FED1F0ACFE7B1F1FF4F04F1F9
:10548000FF3420D0022C26D81C4B03EB840393ED71
:10549000000AD4E79DED017A87EE870AFEF7ECF962
:1054A00000F022F9B9E79FED107ADFED107A30EEC7
:1054B000070A37EEC00AC2E710EE103A03F10043C4
:1054C00000EE103ABBE7022C08D80D4B03EB840327
:1054D00093ED000AB3E79FED030AB0E79FED090AD9
:1054E000ADE700BF000000002EBDBB33DB0F49401D
:1054F000DB0F49C0DB0FC93FDB0FC9BF842C002085
:10550000782C0020DB0F493F30B583B0CDED010A88
:10551000019D35F0004041D010EE10EA2EF0004120
:10552000B1F1FF4F3ADAB0F1FF4F37DC81423BDB9C
:105530000EF000443AD01EF0FF4F56D10B02002B64
:105540006FF07D0204DD5B00002B02F1FF32FADC1C
:1055500015F0FF4F58D103026FF07D0C03D45B00B0
:105560000CF1FF3CFBD512F17E0F47DBCEF3160E9C
:105570004EF400031CF17E0F3ADBC5F3160141F433
:105580000000B2EB0C0204D117E00FD04B00013A3F
:1055900013D0191A0029F8DA5B00F8E7DDED017A7B
:1055A00060EE277A87EEA70A03B030BD1D4B03EBF0
:1055B000547393ED000A03B030BD181A58BF034668
:1055C0001BB9F3E75B000CF1FF3CB3F5000FF9DB0F
:1055D0001CF17E0F1DDBA3F500030CF17F0C2343B0
:1055E00043EACC5300EE103ADEE7CA157F3AAFE744
:1055F0006FF07D01A1EB0C018840C2E76FF07D03E5
:105600009B1A01FA03F3B5E74FEAE05CACF17F0CBB
:10561000A9E76FF07D02A2EB0C021341234300EED9
:10562000103AC1E7902C002008B510EE103A33F084
:1056300000422DED028B2BD0002B32DBB3F1FF4F5C
:1056400041DAB3F5000F35DB0021DA157F3A0A4461
:10565000D10FC1F17F0102EBD272C3F3160307EE43
:10566000902A43EAC15300EE103AB8EEE78A00F000
:105670000DFADFED177A9FED177A20EE270ADFED9E
:10568000167AA8EE070AA8EE270ABDEC028B08BD21
:10569000BDEC028B9FED117ADFED117A87EE270AC0
:1056A00008BDBDEC028B70EE407A9FED0D7A87EE5F
:1056B000870A08BDDFED0B7A60EE277A6FF01801DC
:1056C00017EE903AC1E7BDEC028B30EE000A08BD40
:1056D000D95BDE3EDB27543580209A3E000000CCAB
:1056E000000000000000004C38B510EE105A25F004
:1056F0000044B4F1A14FF0EE407A0ADBB4F1FF4F61
:1057000058DCDFED517A9FED517A002D37FE870A84
:1057100038BD4F4B9C425CDCB4F1445F4DDB4FF035
:10572000FF3327EEA76ADFED4B6ADFED4B5ADFED63
:105730004B4A9FED4B5A9FED4B4A26EE067A5A1C78
:10574000E7EE265ADFED486AA5EE875AE7EE246AAF
:10575000DFED465ADFED464AE6EE875AA5EE074AE8
:105760009FED445ADFED446AA5EE875AE4EE074AFE
:10577000DFED425AE4EE876AE5EE075A66EE866A86
:1057800065EE875A3AD03E4A02EB830276EEA56A6E
:1057900092ED007A3B4A96EEA77A02EB8303002D46
:1057A000D3ED006A77EE677A36EEE70AB0DAB1EE4B
:1057B000400A38BD30EE000A38BD9FED337A30EE36
:1057C000077AF7EE006AB4EEE67AF1EE10FAA6DD9B
:1057D00038BDFEF751F82D4B9C4216DCA3F5D003E3
:1057E0009C4227DCF0EE007ABFEE007AA0EE277A2A
:1057F000002330EE270AC7EE007A92E776EEA56A1C
:10580000E6EEE77AB0EE670A38BD214B9C420BDC2E
:10581000F7EE087AB7EE007AA0EE277A022330EE90
:10582000670AC0EE077A7CE7BFEE007AC7EE007A1F
:10583000032376E7F7EE007A30EE677A30EE270A38
:105840000123C7EE007A6CE7DB0FC93FDB0FC9BF4E
:10585000FFFFDF3ED769853C59DA4B3D21A215BDDC
:10586000356B883D6E2EBA3D6BF16EBD95879DBD43
:105870002549123E388EE3BDABAAAA3ECDCC4CBE24
:105880003441002024410020CAF24971FFFF973FB4
:10589000FFFF1B4070B553EC102B784C03F1404CCC
:1058A0004FF0FF350CF5901C954274EB0C042DED78
:1058B000068B10EE100A1E4652D24FEA134EAEF17E
:1058C000100547F6DF74A54200F29F80BFEE008B03
:1058D00006F1404303F5D013C3F346324FEA135C9D
:1058E0001B1507EE903A664B03EB021493ED006B29
:1058F00094ED261B4FEA0C5C93ED0C4BB8EEE79B46
:1059000093ED025BA6EE091B93ED042B93ED083B90
:1059100093ED067B94ED240B93ED0A6B021EA6EB30
:105920000C0343EC1A2BAAEE008BA4EE086BA3EE3B
:10593000087B28EE084BA6EE047B38EE016B31EEB7
:10594000460B30EE080B28EE048BA5EE090BA2EEF9
:10595000040BA8EE070B30EE060BBDEC068B70BDFA
:10596000484CA34208BF002A79D0B7EE001B30EEA6
:10597000411B434921EE01AB91ED123B91ED184BD8
:1059800091ED107B91ED166BA3EE017BA4EE016B04
:1059900091ED1E3B91ED1C4B91ED0E8BA3EE014B57
:1059A0009FED309B91ED145B91ED200BA5EE0A7BF2
:1059B000B0EE415B91ED1A2BA0EE0A4BA1EE095B14
:1059C00091ED223BA1EE495BA2EE0A6BB0EE410BDA
:1059D00021EE0AABA3EE0A4BA4EE0A6B25EE054BB3
:1059E000A6EE0A7BA4EE080B31EE456B31EE055BAB
:1059F00028EE066B31EE401BA4EE081BA6EE051B3D
:105A0000A7EE0A1B30EE010BA7E7941843EB030542
:105A10002C431DD01C4CA34208BF002A9DD01EF46D
:105A2000004F0DD147F6F07131EA0E0108D09FED1D
:105A30000F7B20EE077B51EC170BA1F1507645E769
:105A4000BDEC068B43EC102BBDE87040FEF76EB842
:105A5000BDEC068B0120BDE87040FEF74FB89FED0E
:105A6000050B7AE7000000000000A04100000000E4
:105A7000000030430000000000000000FF080300A9
:105A8000880D00200000F03F0000F07F10EE103A7B
:105A9000B3F17E5F10EE102A38D0A3F50001B1F10A
:105AA000FE4F36D2BFEE000B02F14043264903F50C
:105AB0004D03C3F3C34001EB001091ED404B91ED5A
:105AC000445B91ED467B91ED426BD90DC90590ED9C
:105AD000002B521A03EE902A90ED021BDB15B7EE55
:105AE000E33AA2EE030B03EE903A20EE002BA5EE74
:105AF000007BB8EEE33BA6EE027BA3EE041B30EE88
:105B0000010BA2EE070BB7EEC00B70479FED0F0A1B
:105B10007047590014D0B3F1FF4F14D0002B0BDBAA
:105B2000B1F17F4F08D2DFED0A7A60EE277A17EEE7
:105B3000903AA3F13862B5E700EE103AFEF710BFD5
:105B40000120FEF7FBBE7047181600200000000081
:105B50000000004B2DE9F04F2DED088BADF5157DC4
:105B60001C4604930791AB4BA69912F1140F53F8FE
:105B70002150824604F1FF38C0F29982A649D31E13
:105B800081FB0301DB17C3EBA10303930133A3EBF9
:105B90008303DB00D3180693039B15EB0801A3EBEB
:105BA00008031AD401319FED956BA79819441CAADC
:105BB0000AE050F8234007EE904A0133B8EEE77B45
:105BC0008B42A2EC027B08D0002BF2DAB0EE467BCF
:105BD00001338B42A2EC027BF6D1002DC0F2C982C8
:105BE000049B1CAA02EBC3046CAE4FEAC30C4046F4
:105BF000EF180AEBC301B8F1000F9FED807B09DBC2
:105C000022465346B3EC025B32ED026B8B42A5EEAB
:105C1000067BF7D10130B842A6EC027B04F1080400
:105C2000E9D108AF07EB85039FED769B9FED778B5E
:105C3000043BDDF818B005930AEB0C0407EB85096B
:105C40006CAE2946019594AB03EBC103002913ED1B
:105C5000280B16DD06EBC1033A4620EE097B33ED37
:105C6000025BB0EE406BBDEEC77BB342B8EEC77BC4
:105C7000A7EE486BBDEEC66B37EE050BA2EC016AD2
:105C8000EBD15846029100F0ADFAB0EE40ABB4EE65
:105C9000000B2AEE000B00F02DFBB2EE007BA0EE15
:105CA00047ABBDEECABBBBF1000FB8EECB7B029990
:105CB0003AEE47AB74DD01F1FF3ECBF1180357F824
:105CC0002E2042FA03FC0CFA03F3D21ACBF1170090
:105CD0001BEE103A42FA00F56344002D47F82E20DF
:105CE0000BEE103A64DCB5EE40ABF1EE10FA40F08A
:105CF000C480019B01F1FF3E73450DDC4FEA810C2E
:105D000007EB8103002053F8042D4B4540EA0200C5
:105D1000F9D1002840F0F280019B013B57F8233075
:105D2000002B40F0E680059B012553F8042D01353A
:105D3000002AFAD001F1010E0D447046049B19446B
:105D4000039B03EB0E0C0CF1804CA79B0CF1FF3C6A
:105D500003EB8C0C1CAB06EBCE0E03EBC1019CEDF0
:105D6000017AB8EEC77BB8F1000F81ED007B0CF132
:105D7000040C0A469FED216B01F1080109DB534633
:105D800001E032ED027BB3EC025BA342A5EE076BB0
:105D9000F7D10130A842AEEC026BE0DD294652E7B4
:105DA00040F09D804B1E57F82350ED15002D9ADDD5
:105DB0001BEE103A002903F101030BEE103A40F3F9
:105DC0008C813A68002A40F0828001292DD03B4620
:105DD000012053F8042F002A7CD0431CC2F18072AA
:105DE000994247F820201FDD57F8232007EB810C4C
:105DF00007EB83036FF07F4011E000BF000000005D
:105E000000000000000000000000703E00000000E4
:105E100000007041DC440020ABAAAA2A1A68821A4A
:105E200043F8042B6345F9D10122BBF1000F0DDDCE
:105E3000BBF1010F00F03381BBF1020F06D1481E08
:105E400057F82030C3F3150347F82030022D7FF4B4
:105E50004AAFB7EE000B30EE4AAB002A3FF443AF37
:105E60005846029100F0BEF93AEE40ABB5EE40ABB9
:105E7000F1EE10FA02993FF43CAF069CB0EE4A0BEB
:105E80006042A8468B46019D00F0ACF99FEDC16BC6
:105E9000B4EEC60BF1EE10FAC0F247819FEDBF7B66
:105EA00020EE077BBDEEC77B0BF10102B8EEC75BAE
:105EB000A5EE460BBDEEC00B183410EE103A47F8B5
:105EC0002B3017EE103A069447F822302AE00123CF
:105ED000002083E7013088427FF47BAFA5E7B6EE70
:105EE000007BB4EEC7ABF1EE10FA80F2E58000253E
:105EF000F9E601F1010E704675461FE7069BA3F116
:105F0000180157F82E300691A8467246019D4BB9EC
:105F1000ACF104033B4453F8040D013A183900284E
:105F2000F9D006910698B7EE000B019200F05AF9ED
:105F3000019A002AC0F221819FED986B02F1010CB9
:105F40006CA907EB8C034FEACC0E01EBCC0133EDCF
:105F5000017ABB42B8EEC77B27EE007B20EE060B32
:105F600021ED027BF3D19FED8F4BAEF108036CA9BD
:105F7000CE18002444AF002D9FED8C7B10DBB0EEDB
:105F8000446B8C483146002303E09C4208DBB0ECB4
:105F9000026BB1EC025B01339D42A5EE067BF4DAA5
:105FA00007EBC403944283ED007B4FEAC40104F184
:105FB0000103A6F1080601D01C46DCE7A69B022BD4
:105FC0001DDC002B00F38B800FD19FED787BBE444E
:105FD0003EED026B774537EE067BF9D143460BB1B8
:105FE000B1EE477B079B83ED007B1BEE103A03F07D
:105FF00007000DF5157DBDEC088BBDE8F08FA69B65
:10600000032BF2D1002A00F0E38002F1005307EBEA
:10601000C20030ED026BB0EE475B874237EE067B85
:1060200036EE476B80ED007B36EE056B80ED026B44
:10603000EFD1012A40F3CC80394491ED006BDA00B6
:1060400046A907EBC30333ED027BB0EE465B9942F2
:1060500036EE076B37EE467B83ED006B37EE057B44
:1060600083ED027BEFD19FED517B02F108033B44AE
:1060700007F1100233ED026B9A4237EE067BF9D13D
:106080004346002B59D1D7E90001D7E90223079CE9
:1060900084ED047BC4E90001C4E90223A5E7481E9E
:1060A00057F82030C3F3160347F82030CEE600211E
:1060B0006FF0170303916DE51BEE103A002903F111
:1060C00001030BEE103AC8BF02253FF77AAEB7EED8
:1060D000007B37EE4AAB022505E60022A5E69FEDE0
:1060E000337B07EBCC0C3CED026B674537EE067B50
:1060F000F9D1434697ED006B8BBB079B002A83EDDC
:10610000007B36EE477B0CDD46A90123B1EC026B28
:1061100001339A4237EE067BF8DA43460BB1B1EE13
:10612000477B079B83ED027B5FE7BDEEC00B5A46C2
:1061300010EE103A47F82B30F4E697ED005BB1EE25
:10614000477B97ED026BB1EE455B079BB1EE466B6B
:1061500083ED005B83ED026B83ED047B45E7079BDA
:10616000B1EE475B002A83ED005B36EE477BCBDC6C
:10617000D5E7049B4FEAC30C53E5A69B022B1BDC1F
:10618000002B21DC7FF431AF9FED087B26E700BFB9
:10619000AFF300800000000000007041000000002C
:1061A0000000703E00000040FB21F93F00000000AD
:1061B0000000000088030020A69B032B7FF415AF8E
:1061C0009FED067B44AF5BE79FED047B44AF90E718
:1061D0009FED027B54E700BFAFF30080000000009A
:1061E0000000000053EC102B10B4C3F30A541946FE
:1061F00074BB23F00041114327D09FED307B3B4916
:1062000020EE077B884253EC172B43DBC3F30A5481
:106210001946363C4CF2503C604522DC204440F2AA
:10622000FE74A0421DDC002829DC10F1350F38DB9C
:1062300021F0FF41363021F4E0019FED227B41EA5D
:10624000005343EC102B20EE070B5DF8044B704716
:1062500040F2FF7C6445DDD130EE000B5DF8044B6D
:1062600070479FED1A7B9FED1B5BB0EE470B002B39
:106270005DF8044B27FE057B27EE000B704721F0ED
:10628000FF4121F4E00141EA005343EC102B5DF89B
:10629000044B70479FED110B5DF8044B27EE000B8C
:1062A00070479FED0E7B9FED0F5BB0EE470B002B11
:1062B00027FE057B27EE000BC7E700BF00000000AC
:1062C00000005043000000000000903C9C750088D6
:1062D0003CE4377E9C7500883CE437FE59F3F8C2F5
:1062E0001F6EA50159F3F8C21F6EA581B03CFFFFD8
:1062F0000000000010B582B08DED000B01990098F0
:10630000C1F30A52A2F2FF33132B844631DC002B77
:1063100021DB3A4A1A4101EA020404438E462DD099
:106320009FED347B9DED006B36EE077BB5EEC07BB9
:10633000F1EE10FA09DD002904DA4FF4801141FA78
:1063400003F39E442EEA020100200B46024643EC72
:10635000102B02B010BD9FED277B30EE077BB5EE12
:10636000C07BF1EE10FAF0DD002928DB00200146A9
:10637000EBE7332B06DDB3F5806F1BD09DED000BF3
:1063800002B010BDA2F213424FF0FF3E2EFA02F20D
:106390001042F3D09FED177B9DED006B36EE077B2F
:1063A000B5EEC07BF1EE10FACFDD002913DB2CEA4D
:1063B0000200CAE79DED007B37EE070BE0E721F016
:1063C000004101430E4B00294FF000000CBF4FF07D
:1063D00000411946B9E7142B09D00124C3F1340355
:1063E00004FA03F39C44604588BF0919DFE70131D3
:1063F000DDE700BF9C7500883CE4377EFFFF0F009F
:106400000000F0BF0B460146184601F02BBB000010
:1064100081F0004102E000BF83F0004330B54FEA55
:1064200041044FEA430594EA050F08BF90EA020FC2
:106430001FBF54EA000C55EA020C7FEA645C7FEA55
:10644000655C00F0E2804FEA5454D4EB5555B8BF78
:106450006D420CDD2C4480EA020281EA030382EAE9
:10646000000083EA010180EA020281EA0303362D7B
:1064700088BF30BD11F0004F4FEA01314FF4801C4E
:106480004CEA113102D0404261EB410113F0004F60
:106490004FEA03334CEA133302D0524263EB430317
:1064A00094EA050F00F0A780A4F10104D5F1200EB5
:1064B0000DDB02FA0EFC22FA05F2801841F1000110
:1064C00003FA0EF2801843FA05F359410EE0A5F1E4
:1064D00020050EF1200E012A03FA0EFC28BF4CF015
:1064E000020C43FA05F3C01851EBE37101F00045CB
:1064F00007D54FF0000EDCF1000C7EEB00006EEBD8
:106500000101B1F5801F1BD3B1F5001F0CD3490861
:106510005FEA30004FEA3C0C04F101044FEA4452B8
:1065200012F5800F80F09A80BCF1004F08BF5FEA3F
:10653000500C50F1000041EB045141EA050130BD1F
:106540005FEA4C0C404141EB0101013C28BFB1F531
:10655000801FE9D291F0000F04BF01460020B1FA7C
:1065600081F308BF2033A3F10B03B3F120020CDA4F
:106570000C3208DD02F1140CC2F10C0201FA0CF02D
:1065800021FA02F10CE002F11402D8BFC2F1200C92
:1065900001FA02F120FA0CFCDCBF41EA0C01904048
:1065A000E41AA2BF01EB0451294330BD6FEA040491
:1065B0001F3C1CDA0C340EDC04F11404C4F120027C
:1065C00020FA04F001FA02F340EA030021FA04F38E
:1065D00045EA030130BDC4F10C04C4F1200220FAE5
:1065E00002F001FA04F340EA0300294630BD21FA23
:1065F00004F0294630BD94F0000F83F4801306BFE9
:1066000081F480110134013D4EE77FEA645C18BFDC
:106610007FEA655C29D094EA050F08BF90EA020F73
:1066200005D054EA000C04BF1946104630BD91EA6B
:10663000030F1EBF0021002030BD5FEA545C05D16E
:106640004000494128BF41F0004130BD14F58004AD
:106650003CBF01F5801130BD01F0004545F0FE4121
:1066600041F470014FF0000030BD7FEA645C1ABF56
:10667000194610467FEA655C1CBF0B46024650EA8D
:10668000013406BF52EA033591EA030F41F40021B9
:1066900030BD00BF90F0000F04BF0021704730B53F
:1066A0004FF4806404F132044FF000054FF0000114
:1066B00050E700BF90F0000F04BF0021704730B5D5
:1066C0004FF4806404F1320410F0004548BF4042AA
:1066D0004FF000013EE700BF42004FEAE2014FEAFF
:1066E00031014FEA02701FBF12F07F4393F07F4FDA
:1066F00081F06051704732F07F4208BF704793F0DD
:106700007F4F04BF41F40021704730B54FF46074EF
:1067100001F0004521F000411CE700BF50EA0102F2
:1067200008BF704730B54FF000050AE050EA01029B
:1067300008BF704730B511F0004502D5404261EB0B
:1067400041014FF4806404F132045FEA915C3FF44C
:10675000D8AE4FF003025FEADC0C18BF03325FEAE9
:10676000DC0C18BF033202EBDC02C2F1200300FA9A
:1067700003FC20FA02F001FA03FE40EA0E0021FABF
:1067800002F11444BDE600BF53B94AB9002908BF5D
:1067900000281CBF4FF0FF314FF0FF3000F070B900
:1067A000ADF1080C6DE904CE00F006F8DDF804E068
:1067B000DDE9022304B070472DE9F047089E0D463D
:1067C00004460F46002B4AD18A42944665D9B2FA54
:1067D00082F343B102FA03FCC3F120029F4020FA86
:1067E00002F217439C404FEA1C4E1FFA8CF5B7FB90
:1067F000FEF1220C0EFB117742EA074201FB05F085
:1068000090420AD91CEB020201F1FF3780F01C8193
:10681000904240F2198102396244121AA4B2B2FBCA
:10682000FEF00EFB102244EA024400FB05F5A542EF
:106830000AD91CEB040400F1FF3280F00781A54265
:1068400040F204816444023840EA0140641B0021A4
:106850001EB1DC400023C6E90043BDE8F0878B424F
:1068600008D9002E00F0ED800021C6E90005084699
:10687000BDE8F087B3FA83F1002949D1AB4202D3D6
:10688000824200F2F880841A65EB03020120174669
:10689000002EE2D0C6E90047DFE702B9FFDEB2FA18
:1068A00082F3002B40F090808A1A4FEA1C471FFAAF
:1068B0008CFE0121B2FBF7F507FB1520220C42EA02
:1068C00000420EFB05F0904208D91CEB020205F1D4
:1068D000FF3802D2904200F2CB804546121AA4B291
:1068E000B2FBF7F007FB102244EA02440EFB00FE65
:1068F000A64508D91CEB040400F1FF3202D2A645DC
:1069000000F2BB801046A4EB0E0440EA05409FE76E
:10691000C1F120078B4022FA07FC4CEA030C05FA70
:1069200001F420FA07F3FD404FEA1C492343B5FB6D
:10693000F9F81FFA8CFE09FB18551C0C44EA0544B3
:1069400008FB0EF5A54202FA01F200FA01F00BD99C
:106950001CEB040408F1FF3A80F08880A54240F265
:106960008580A8F102086444641B9DB2B4FBF9F36E
:1069700009FB134445EA044403FB0EFEA64508D96F
:106980001CEB040403F1FF356CD2A6456AD9023B27
:10699000644443EA0843A3FB0295A4EB0E04AC4213
:1069A000C846AE4656D353D056B1B0EB080264EB9E
:1069B0000E0404FA07F7CA40CC401743C6E9007436
:1069C00018460021BDE8F087C3F1200102FA03FC5C
:1069D00020FA01F225FA01F19D402A434FEA1C47B3
:1069E0001FFA8CFEB1FBF7F007FB1015110C41EA02
:1069F000054100FB0EF58D4204FA03F408D91CEBA7
:106A0000010100F1FF382FD28D422DD902386144A7
:106A1000491B92B2B1FBF7F507FB151142EA01429F
:106A200005FB0EF1914208D91CEB020205F1FF387B
:106A300016D2914214D9023D6244521A45EA0041ED
:106A400038E73146304608E73946E6E61046FBE6C9
:106A50004845A9D2B9EB020865EB0C0E013BA3E750
:106A60004546EAE72B4694E74046D1E7D0467BE728
:106A7000023D624432E708460AE76444023842E7CE
:106A8000704700BF002100F013BF0A22002100F070
:106A90009DBF0A22002100F099BF0000024B0A4668
:106AA0000146186800F002B890BA002037B5A1FB83
:106AB00002244CB91146019200F06AF8019A054689
:106AC00030B9284603B030BD0C2202600025F8E73B
:106AD0002146F7F79FF9F4E708B5064B044613B1D2
:106AE0000021AFF30080044B1B6803B19847204698
:106AF000F7F701FE0000000078F40120931E222B1E
:106B000010B50C4604D900230B701C46204610BD5E
:106B10000A2A09D1002807DA2D230B7040420121EF
:106B2000214400F05DFFF1E70021F9E7FFF7E6BF40
:106B3000024B0146186800F02BB800BF90BA002045
:106B4000024B0146186801F04BBC00BF90BA002010
:106B500070B50E4E0C463168054611B901F064FB64
:106B600030602146284601F05FFB431C0AD0C41C5C
:106B700024F00304A04207D0211A284601F054FB58
:106B8000013001D14FF0FF34204670BD3CF30120AD
:106B90002DE9F041CD1C25F0030508350C2D38BF3B
:106BA0000C25002D074601DBA94205D90C233B60CB
:106BB00000263046BDE8F0812F4E00F05FF83368C4
:106BC0001C4644BB29463846FFF7C2FF431C044617
:106BD0004FD134682646002E42D1002C43D0236882
:106BE0003146384604EB030801F01EFB80453AD1DC
:106BF00023680335ED1A25F0030508350C2D38BF41
:106C00000C2529463846FFF7A3FF01302BD0236817
:106C10002B4423600EE02268521B1ED40B2A16D987
:106C20006119A342256018BF5960636808BF3160CD
:106C300062514B60384604F10B0600F025F826F04F
:106C40000706231DF21AB4D09B1BA350B1E762685C
:106C5000A3420CBF32605A60ECE723466468B0E799
:106C600034467668B7E70C233B60384600F00CF8F2
:106C70009FE72560DEE700BF38F30120014801F0FF
:106C80001FBB00BF922F0220014801F01ABB00BFBA
:106C9000922F022010B5034B0446196801F044FFFF
:106CA000204610BD90BA0020024B0A4601461868E3
:106CB00000F002B890BA00202DE9F0418046144659
:106CC0000E4621B9BDE8F0411146FFF761BF2AB970
:106CD00001F086FB25462846BDE8F08102F014FC51
:106CE0008442074602D8B4EB500F12D821464046E2
:106CF000FFF74EFF05460028EDD0BC422246314644
:106D000028BF3A46F6F7ECFF3146404601F068FBF3
:106D1000E1E73546DFE770B504460D46164645EC1B
:106D2000104B02F0B3FA7EB1C5F30A53C3F16B0303
:106D3000002B09DD1B0503F17F51002001F54011F7
:106D400041EC170B20EE070B70BD00002DE9F04F52
:106D50002DED0E8B97B004460D92002212928A46BA
:106D60004FF000084FF000090A46119211782B29C4
:106D70004CD039D80D2933D8082933D800293CD034
:106D800000220892119E3278302A40F0B880727842
:106D900002F0DF02582A70D10293089B019312ABD4
:106DA0000093914A13AB11A9204601F0CDFB10F0DE
:106DB0000F07054605D0062F2AD10136002311966C
:106DC00008930D9B002B40F05585089B49EC108BD8
:106DD000CBB1B1EE400B17B0BDEC0E8BBDE8F08F20
:106DE0002029CDD10132C0E72D29C9D10121089137
:106DF000511C11915278002AC4D10D9BCDF844A0AA
:106E0000002B40F0358549EC108BE4E70021EEE7DC
:106E1000129A3AB1352114A802F032FB1299204699
:106E200001F008FF7B1E139A042B06D8DFE803F05D
:106E300014031D201400DDE91489EB0548BF49F057
:106E4000004929F000431B0D1B05002BB9D101F0AF
:106E50000DFA22230360B4E7DDE9148302F2334222
:106E600023F4801343EA0259E7E7DFF88491E4E76B
:106E70006FF000494FF0FF38DFE7119B5A1C119269
:106E80005B78302BF9D0002B9BD001230693119B0C
:106E900009930023059307931E460A22119805784B
:106EA000A5F13003D9B209292BD95049012201F0AB
:106EB000F0F8002835D000202A46334683460146A4
:106EC000652A01D0452A18D11BB9069B034394D0EB
:106ED0000023DDF844A00AF1010211929AF8012082
:106EE0002B2A75D02D2A7BD04FF0000EA2F1300551
:106EF000092D40F28380CDF844A000259EE00023B8
:106F0000C4E7082ED5BF0799059902FB013302FBA0
:106F1000013300F10100D4BF0793059301361190AE
:106F2000BCE7119B5A1C11925A78AEB38346334684
:106F3000A2F13001092912D90121C1E7119B5A1C84
:106F400011925A780130302AF8D0A2F13103082B7F
:106F500000F29584119B0993834600200346303A42
:106F600000F1010112D08B4400EB030C19460A25F5
:106F7000614513D11918082903F1010303441BDCEF
:106F800007980A2101FB002207920021119A501C48
:106F9000119052780846CBE73046D4E7082901F132
:106FA000010103DC079F6F430797E1E71029DEBF6C
:106FB000059F6F430597DBE7102BDFBF05980A217C
:106FC00001FB00220592E0E74FF0000B01217CE776
:106FD0004FF0000E0AF1020211929AF8022085E7A2
:106FE0004FF0010EF6E700BFB4440020946B002080
:106FF0000000F07F119A551C11955278302AF9D073
:10700000A2F13105082D3FF678AFA2F1300C119AAC
:107010000A92119A551C11955278A2F13007092F46
:1070200037D90A9FED1B082D44F61F6502DC654524
:10703000A8BF6546BEF1000F00D06D42002B4DD1B8
:10704000069B03437FF4BDAE00297FF4D6AE692AC8
:1070500027D024DC492A24D04E2A7FF4CEAE95498D
:1070600011A801F0B1FC00283FF4C7AE119B1B78BA
:10707000282B2DD1904914AA11A801F0B9FC05289C
:1070800026D1159BDDF8508043F0FF4949F4E00913
:1070900097E60A2505FB0C2CACF1300CB9E76E2AFB
:1070A000DBE7864911A801F08FFC00283FF4A5AE6C
:1070B000119B8349013B11A8119301F085FC10B984
:1070C000119B01331193DFF80C924FF0000878E622
:1070D0007C48FCF703FC59EC108B72E6DDED077A77
:1070E000A5EB0B02B8EE677B002E08BF1E46102BE7
:1070F00006921A46A8BF1022092B59EC178B0CDDFB
:107100007149DDED056A01EBC20111ED125BB8EECC
:10711000666BA7EE056B59EC168B0F2B37DC0699C7
:1071200000293FF44EAE23DD16290BDC664B03EB42
:10713000C10393ED007B49EC168B27EE067B59ECDF
:10714000178B3EE60698C3F1250181421FDB5E4A9C
:10715000C3F10F0302EBC30191ED007B49EC168BE9
:10716000C31A02EBC30227EE067B92ED006BE4E745
:10717000069916310BDB544BABEB050503EBC5054C
:1071800095ED007B49EC168B86EE077BD7E70699D9
:107190009A1A0A44002A6EDD12F00F000AD04A49FA
:1071A00001EBC00191ED007B49EC168B27EE067BCD
:1071B00059EC178B32F00F024ED0B2F59A7F22DDD8
:1071C00000252E4607952F462223DFF808912360DD
:1071D0004FF00008079B002B3FF4F3AD12992046B7
:1071E00001F028FD3946204601F024FD31462046B5
:1071F00001F020FD0799204601F01CFD294620469C
:1072000001F018FDDDE5002049EC178B2F4F12111E
:107210000146012A23DC08B159EC178B2B4A2C4874
:1072200002EBC10292ED007BA9F1547949EC168B77
:10723000284A27EE067B17EE901A0A40824259EC44
:10724000178BBDD8A0F58010824286BFDFF88890EA
:107250004FF0FF3801F154790022059276E012F0E8
:10726000010F04D097ED006B012027EE067B013162
:1072700052100837CDE7EFD0524212F00F000AD07B
:10728000114901EBC00191ED007B49EC168B86EEB4
:10729000077B59EC178B1211DED01F2A1EDD00254B
:1072A0002E4607952F4622234FF000084FF0000985
:1072B00023608FE78A9D0020C8440020CE70002004
:1072C000AC720020D56E0020601700203817002017
:1072D0000000A07C0000F07FFFFFEF7F12F01001A4
:1072E00018BF6A21059149EC178BBE490020D707CA
:1072F00004D591ED006B012027EE067B521001F1C1
:107300000801F4D108B159EC178B059ABAB1C9F349
:107310000A51C1F16B02002A484610DD1F2A40F3D2
:107320002C81342ADEBF4FF0FF32C1F14B018A407D
:107330004FF00008CCBF4FF05C7902EA000949EC3D
:10734000178BB5EE407BF1EE10FAA8D0079A0092A9
:1073500009993246204601F0D5FC079000283FF4F9
:107360002FAF069A002AABEB05039FED969BA8BFB3
:1073700000239FED96AB9FED97BB0993002522EA72
:10738000E2730C932E46079B2046596801F012FCCD
:10739000074600283FF418AF079B1A69023203F131
:1073A0000C0192000C30F6F79BFC49EC108B14AAF0
:1073B00013A9204601F0DAFF49EC188B129000283F
:1073C0003FF402AF0121204601F034FD06460028BB
:1073D0003FF4FAAE139B1499002BABBF099A0C9A99
:1073E000DDF830A0DDF824B0ACBF03EB020BA2EB5C
:1073F000030A059A9B1A0B447B4A013B9342C1F155
:10740000360180F2CD80D21A1F2AA1EB02014FF083
:10741000010000F3B98000FA02F30B9300230A93F2
:107420000BEB0103059A9B458A4492445A46A8BF38
:107430001A465245A8BF5246002AC2BF9B1AAAEB61
:10744000020AABEB020B099A002A18DD31462046EE
:107450000F9301F0AFFD064600283FF4B5AE01469C
:10746000129A204601F0FCFC0E9000283FF4ACAECE
:107470001299204601F0DEFB0E9A0F9B1292002B10
:1074800000F39380069B002B08DD39460C9A2046BA
:1074900001F090FD074600283FF496AEBAF1000FC8
:1074A00008DD39465246204601F0DEFD0746002839
:1074B0003FF48AAEBBF1000F08DD31465A46204644
:1074C00001F0D2FD064600283FF47EAE12993A46FE
:1074D000204601F051FE054600283FF475AE00231A
:1074E000D0F80CA0C360314601F02AFE00287FDAF4
:1074F0005AEA080A40F0A580C9F31303002B40F0B4
:10750000A08029F000431B0D1B05B3F1D66F40F29C
:1075100098806B691BB92B69012B40F39280294637
:107520000122204601F0A0FD3146054601F008FE8B
:10753000002840F3868005992C4A4B46002900F02C
:107540009F8002EA0901B1F1D66F00F39980B1F191
:107550005C7F7FF7A8AE9FED217B49EC168B234B18
:1075600026EE077B17EE902A134059EC178B002B61
:107570007FF434AE2223236030E64FF0FF3101FA6E
:1075800002F202EA0808DAE6C3F17F4303F57F035B
:1075900003F57B43E23300FA03F3CDE90A303FE71A
:1075A00000220123CDE90A233AE712991A46204620
:1075B00001F05AFD129000287FF464AF04E600BF8A
:1075C000AFF300809535A094FFFFCF3F9535A09491
:1075D000FFFFDF3F35E5AF350000E03F0000000072
:1075E00000005039782A002002FCFFFF0000F07FE5
:1075F000CB465FD1C9F31303BAF1000F2AD0A74AD3
:1076000093422BD1059B4246FBB1A54B09EA0303EC
:10761000B3F1D46F4FF0FF311AD81B0DC3F16B03D8
:1076200001FA03F39A4219D19E4B9B4502D10132D4
:107630003FF4CAAD9A4B0BEA030303F580194FF0F0
:107640000008059B002B86D1C8E54FF0FF33E9E722
:107650000B46E7E753EA08033FF46DAF0A9BCBB153
:1076600013EA0B0FEDD0059A40464946BAF1000FD8
:1076700014D0FFF750FB38EE007B59EC178BE0E796
:107680001340A3F580136FEA13596FEA09594FF0BD
:10769000FF38D6E70B9B13EA080FE3E7FFF73BFB46
:1076A00038EE400BB5EE400BF1EE10FA59EC108BB2
:1076B000C7D1F8E53146284601F0B2FEB0EE007BB6
:1076C000B4EEC70BF1EE10FA5FD8BAF1000F66D135
:1076D000B8F1000F4DD1C9F31303B7EE00DB002B57
:1076E00062D1B4EECD0BB6EE00DBF1EE10FA01D4B0
:1076F00020EE0DDBB1EE4DCB6948DFF8B0C10BEAEF
:107700000001614553EC1C2B7AD1ABF1547949EC63
:10771000108B0A9101F0BAFD49EC1E8B6048A0EE77
:107720000CEB1EEE903A604A0A991840904259ECD0
:107730001E8B3CD918EE902A5A4B9A4204D118EE6F
:10774000103A01333FF440ADDFF858914FF0FF3865
:107750001299204601F06EFA3946204601F06AFA85
:107760003146204601F066FA2946204601F062FAC9
:1077700009E6B8F1010F03D1B9F1000F3FF493AD61
:10778000BFEE00CBB7EE00DBB6E7B6EE00DB20EED7
:107790000DDBBAF1000FADD0B0EE4DCBACE7B7EEDC
:1077A00000CBB0EE4CDBA7E7BFEE00CBA4E703F1C4
:1077B0005479059BCB46002BCAD129F000431B0D01
:1077C0001B059942C4D151EC1D0B03F04FFAFEF793
:1077D000ADFFC9F3130B41EC170B4BEA080B5BEA47
:1077E0000A0B3DEE47DB3CD0B4EECADBF1EE10FAFB
:1077F0003FF5F4ACB4EECBDBF1EE10FAA8DDEDE42E
:107800000598F0B1B1F1D46F1BD89FED227BB4EE97
:10781000C7DBF1EE10FA11D8BCEECDDB1DEE103A4D
:10782000012B38BF01230DEE103AB8EE4DDBBAF153
:10783000000F13D1B1EE4D7B53EC172B03F1D66043
:10784000431AB0EE480B43EC1C2B0A9101F01EFDCD
:107850000A99ACEE008B59EC188BAAE7B0EE4D7B81
:10786000EAE7B4EEC9DBF1EE10FA7FF571AFB5E4EB
:10787000002308930D9A119B1360FFF7A6BA652A9F
:107880003FF4A2AB452A3FF49FAB0121FFF7D8BBE1
:10789000AFF300800000C0FFFFFFDF41FFFF0F00DC
:1078A0000000F07FFFFFEF7FFFFF9F7C0000E07F85
:1078B0000A4601460248034B0068FFF747BA00BF7B
:1078C00090BA0020CCB80020012B2DE9F04701D060
:1078D000242B06D900F0CAFC162303600020BDE863
:1078E000F087DFF8E4C00D462E4615F8014B1CF872
:1078F000047017F00807F7D12D2C32D12C7801270E
:10790000B51C002B5BD0102B09D1302C07D12C7863
:1079100004F0DF04582C4DD16C781023023507F1A8
:10792000004808F1FF384FF0000EB8FBF3F9764637
:1079300003FB198AA4F1300CBCF1090F16D8644678
:10794000A34224DDBEF1FF3F08D0B1451CD301D1D5
:10795000A24519DB06FB03464FF0010E15F8014B5B
:10796000E8E72B2C04BF2C78B51CCAE7A4F1410C26
:10797000BCF1190F01D8373CE2E7A4F1610CBCF16E
:10798000190F04D8573CDBE74FF0FF3EE6E7BEF1A6
:10799000FF3F05D122230360464642B930469EE7A9
:1079A00007B17642002AF9D0BEF1000F00D0691E5F
:1079B0001160F3E73024002BB1D10823AFE7302C5E
:1079C000A5D00A23ABE700BFA971002013460A46E1
:1079D000014602480068FFF777BF00BF90BA002059
:1079E000F0B51F4C8BB005460B466E4604F1200CDB
:1079F00020686168374603C7083464453E46F7D1BE
:107A000021793971911E2068386022294FF00001D8
:107A100004D919700B4618460BB0F0BD581E8446A9
:107A2000B5FBF2F702FB175628366E440C4616F8E3
:107A3000286C0CF8016F2E46B24201F101013D465F
:107A4000EED900225A541919A51AAA42E3DA10F8FD
:107A5000015F0E780670013201F80159F4E700BFAA
:107A60008371002010B5054C13462CB10A4601461F
:107A70000220AFF3008010BD2046FCE700000000AC
:107A8000002301F057BDB7EEC00AFFF7F9BF0000B1
:107A9000002310B50446C0E90033C0E90433836015
:107AA00081814366C2818361194608225C30F6F702
:107AB000B1F9054B6362054BA362054BE362054BCD
:107AC0002462236310BD00BF6D4502008F45020094
:107AD000C7450200EB450200024A0349034800F093
:107AE000D5B800BF38BA00202967020044BA002088
:107AF00041680C4B994210B5044601D002F016FAC9
:107B0000A168094B994202D0204602F00FFAE168C1
:107B1000064B994204D02046BDE8104002F006BA58
:107B200010BD00BF40F30120A8F3012010F4012094
:107B300010B50B4B0B4C0C4A1A6020460022042156
:107B4000FFF7A6FF04F1680001220921FFF7A0FF5B
:107B500004F1D0000222BDE810401221FFF798BFC7
:107B600078F4012040F30120D5420200014800F0E2
:107B7000A7BB00BF932F0220014800F0A2BB00BFAB
:107B8000932F022010B50446FFF7F0FF236A1BB1C4
:107B9000BDE81040FFF7F0BF044B2362044B1B68A5
:107BA000002BF5D1FFF7C4FFF2E700BFED42020062
:107BB00078F401200EB403B5014603AB054853F831
:107BC000042B0068019301F081FE02B05DF804EB24
:107BD00003B0704790BA002070B50D4614460646B3
:107BE00018B1036A0BB9FFF7CDFF636EDA0705D44E
:107BF000A3899B0502D4A06D00F062FBA38918073E
:107C000011D523697BB1013D15F8011FE9B9656EF6
:107C100015F001052FD1A389990502D4A06D00F0BC
:107C200050FB284670BD2146304600F051F900282F
:107C3000E9D0636EDA0705D4A3899B0502D4A06D51
:107C400000F03FFB4FF0FF35EBE7A368013B002B53
:107C5000A36004DAA269934206DB0A2904D02368F0
:107C60005A1C22601970CFE72246304600F0F2F825
:107C70000130C9D1DDE70D46D3E70000024B0A46CB
:107C800001461868FFF7A8BF90BA00202DE9F84315
:107C90000746884614460026D4E90195B9F1010942
:107CA00005D52468002CF7D13046BDE8F883AB89B0
:107CB000012B07D9B5F90E30013303D029463846D8
:107CC000C04706436835E9E70CB430B5174B0C1EC6
:107CD0001D689DB008DA8B232B604FF0FF301DB07C
:107CE000BDE8304002B070474FF40273ADF8143075
:107CF00014BF04F1FF332346049307934FF6FF7339
:107D000002900690ADF81630209A21AB02A92846C1
:107D1000019301F0B3FC431CBCBF8B232B60002CF0
:107D2000DDD0029B00221A70D9E700BF90BA002074
:107D30000EB400B59CB01DAB029006906FF00041F0
:107D4000094807910491094953F8042B05910068EB
:107D5000019302A901F092FC029B00221A701CB050
:107D60005DF804EB03B0704790BA00200802FFFFF3
:107D700010B50C46B1F90E1000F044FA0028ABBF64
:107D8000636DA3891B1823F48053ACBF6365A38183
:107D900010BD2DE9F0411F468B89DB0505460C46D9
:107DA000164605D5B1F90E100223002200F018FA8C
:107DB000A389B4F90E1023F48053A38132463B46C5
:107DC0002846BDE8F04100F03FBA10B50C46B1F9C5
:107DD0000E1000F005FA431CA38915BF606523F45B
:107DE000805343F48053A38118BFA38110BDB1F920
:107DF0000E1000F0E5B9F0B5ADF5057D0E4604AF07
:107E00004FF40071039100933946134603AA0546C7
:107E100000F0B6F8044680B10246039B314628467E
:107E200000F012FABC42039003D02146284600F02D
:107E3000D7FA03980DF5057DF0BD4FF0FF30F9E757
:107E400013460A46014602480068FFF7D4BF00BF48
:107E500090BA0020F8B50E461446054618B1036ADC
:107E60000BB9FFF78FFEA369A360A3891A0725D575
:107E700023691BB323682269981A6369F6B28342A7
:107E8000374604DC2146284602F050F8E0B9A368E2
:107E9000013BA36023685A1C22601E706269431C68
:107EA0009A4204D0A389DB0706D50A2E04D12146C5
:107EB000284602F03BF838B93846F8BD2146284636
:107EC00000F006F80028D5D04FF0FF37F4E70000A7
:107ED00038B52A4B054618680C4618B1036A0BB929
:107EE000FFF750FEA389B4F90C20180722D4D90655
:107EF00007D409232B6042F04003A3814FF0FF30E9
:107F000034E0580712D5616B41B104F14403994242
:107F100002D0284600F064FA00236363A38923F0AB
:107F20002403A3810023636023692360A38943F0B2
:107F30000803A38123694BB9A38903F42073B3F524
:107F4000007F03D02146284602F03EF8A089B4F90C
:107F50000C2010F001030AD00023A36063695B4288
:107F6000A361236943B910F08000C4D138BD8107F3
:107F700058BF6369A360F4E70020F7E790BA0020D8
:107F800030B515469BB02C681A4689B1002C12BF3B
:107F90004FF4C1634FF422730021002CADF80C3074
:107FA0000091049108DA8B23036000201BB030BDE0
:107FB0004FF422730C46F0E74FF6FF73ADF80E3026
:107FC00069461E9B0294059401F058FB031EA4BF52
:107FD0002B60009B4FF00000A4BF18700498E5E7E9
:107FE00010B501390244904201D1002005E0037828
:107FF00011F8014FA34201D0181B10BD0130F2E768
:10800000884210B501EB020402D98442234607D806
:10801000431EA14208D011F8012B03F8012FF8E705
:10802000024401468A4200D110BD13F8014D02F806
:10803000014DF7E710B50246147813460132002CC3
:10804000FAD1013B11F8012B03F8012F002AF9D1D5
:1080500010BDC9B2034610F8012B1AB18A42F9D1FA
:1080600018467047002918BF0023F9E730B50446C9
:10807000257823460134002DFAD1013A04D311F8B2
:10808000014B03F8014B04B930BD002AF5D11A7039
:10809000F3E710B56AB10139841810F8012B11F813
:1080A000013F9A4203D1A04201D0002AF5D1D01A53
:1080B00010BD1046FCE710B50139034632B111F886
:1080C000014F03F8014B013A002CF7D11A4400216B
:1080D000934200D110BD03F8011BF9E7164B73B5AD
:1080E0001E68746C0546FCB950200191FEF720FD16
:1080F00001997064024620B9104B11485B2100F0D1
:1081000051F9C0E90044C0E90244C0E90444C0E9AF
:108110000A44C0E90C44C0E90E44C0E91044C0E977
:108120001244846104774462726C0123284602B0D1
:10813000BDE8704000F006B890BA0020C99E00204B
:10814000E09E0020F0B508B9106888B104462046CA
:1081500014F8015B0F4617F8016B1EB965B915607D
:10816000284605E0B542F6D1002BF0D1146003702B
:10817000F0BD1C460CE015B914F8013B0E4616F88C
:10818000015BAB42F7D1002BF3D0002304F8013C94
:108190001460EDE70A7870B56AB970BD9A4209D1EA
:1081A0000C46054614F8013F002BF6D015F8016F78
:1081B0009E42F7D001300378002BEFD11846ECE750
:1081C00038B5064D0023044608462B60F6F786FABC
:1081D000431C02D12B6803B1236038BD140F022069
:1081E00038B5074D04460846114600222A601A4653
:1081F000F6F77EFA431C02D12B6803B1236038BD29
:10820000140F022038B5074D0446084611460022D7
:108210002A601A46F6F760FA431C02D12B6803B1B4
:10822000236038BD140F022038B5064D00230446E4
:1082300008462B60F6F73AFA431C02D12B6803B1CB
:10824000236038BD140F022038B5074D0446084698
:10825000114600222A601A46F4F71AFF431C02D185
:108260002B6803B1236038BD140F0220014B18683E
:10827000704700BF90BA002070B50D4D0D4C641BC7
:10828000A4100026A64209D10B4D0C4C02F0AEFD05
:10829000641BA4100026A64205D170BD55F8043B0E
:1082A00098470136EEE755F8043B98470136F2E768
:1082B00078C4006078C4006078C400601CC50060A9
:1082C0007047704710F8012B11F8013B012A28BFB5
:1082D0009A42F7D0D01A7047034611F8012B03F8E1
:1082E000012B002AF9D170470000000000000000B7
:1082F0000000000001F0FF01102A2BDB10F0070F37
:1083000008D010F8013B013A8B422DD010F0070F36
:1083100042B3F6D1F0B441EA012141EA014122F031
:1083200007047FF000070023F0E80256083C85EAC6
:10833000010586EA010685FA47F5A3FA87F586FA6C
:1083400047F6A5FA87F68EB9EED1F0BC01F0FF0131
:1083500002F0070232B110F8013B013A83EA01034F
:1083600013B1F8D10020704701387047002D06BFC7
:1083700035460338073815F0010F07D1013015F4E1
:10838000807F02BF013015F4C03F0130F0BC0138DE
:10839000704700BF034613F8012B002AFBD1181ABF
:1083A000013870471FB514461A46094B1B6805462D
:1083B000D8684CB1074B0091CDE9013406492B46F2
:1083C000FFF7F8FBF6F79BF9044B1C46F3E700BFF9
:1083D00090BA0020D5700020E2700020D56E0020F9
:1083E00037B5002944D051F8043C0190002BA1F18D
:1083F0000404B8BFE418FEF741FC1E4A0198136854
:1084000033B96360146003B0BDE83040FEF73CBC94
:10841000A34208D9256861198B4201BF19685B68BE
:1084200049192160EDE71A465B680BB1A342FAD9FE
:1084300011685518A5420BD1246821445418A34251
:108440001160E0D11C685B6853600C441460DAE78B
:1084500002D90C230360D6E7256861198B4204BF5B
:1084600019685B68636004BF491921605460CAE7FA
:1084700003B030BD38F301200369B3EB611F2DE970
:10848000F0434FEA611200F1140445DD11F01F01C1
:1084900004EB830604EB82050CD100F1100729469A
:1084A000B14234D39B1A9B00EA1E964238BF002388
:1084B000234415E054F82270C1F12008CF4005F1A3
:1084C000040EA1467645F44615D89A1A9200043A4D
:1084D0000135AE4238BF0022A318A75007B10433BC
:1084E0001A1BA3424FEAA20208BF0023026108BF81
:1084F0004361BDE8F083DCF800C00CFA08FC4CEAEC
:10850000070749F8047B5EF8047BCF40DAE751F8AF
:1085100004CB47F804CFC3E72346E1E7A0F13003DB
:10852000092B02D82038C0B27047A0F16103052B97
:1085300001D84738F7E7A0F14103052B01D82738C8
:10854000F1E70020704700002DE9F04F17460A6858
:1085500085B002F1020BC2F1FF2202F57F028146D3
:108560008A460293FE3202EB0B03D8461BF8010B3E
:1085700001933028F7D0FFF7D1FF0446002838D107
:10858000A74901224046FFF784FD0646002869D12D
:1085900098F801005D46FFF7C1FF002864D05A46F5
:1085A00010783028904602F10102F9D0FFF7B6FFAB
:1085B0000123B0FA80F464095E46019342461546F1
:1085C00001322878FFF7AAFF0028F8D19449012248
:1085D0002846FFF75EFD78B946B96E1C324615464F
:1085E00001322878FFF79AFF0028F8D1731B9E000C
:1085F00004E000242646E1E7002EF7D12B7803F0B3
:10860000DF03502B3DD16B782B2B2FD02D2B31D06E
:10861000691C4FF0000B0878FFF780FF421ED2B2B2
:10862000182A2ED8A0F1100211F8010FFFF776FFDB
:1086300000F1FF3C5FFA8CFCBCF1180F1DD9BBF1B7
:10864000000F00D052421644CAF80010DCB1019B62
:10865000002B14BF4FF000084FF00608404605B04D
:10866000BDE8F08F454626460124C7E74FF0000BD2
:10867000A91CD0E74FF0010BFAE70A2303FB020025
:10868000D0E72946E0E7A5EB0803013B2146072B8D
:108690000ADC484600F08EFA044640B9614B0246B7
:1086A000E4216148FFF77EFE01315B10EFE700F146
:1086B000140A00235A49CDF804A09B46A84542D38A
:1086C000019840F804BBA0EB0A00801020614FEA3B
:1086D0004018584600F060FB3D68A8EB0000A84237
:1086E00059DDA0EB05084146204600F0ECFE83462C
:1086F000B8B108F1FF33591103F01F025AF82110E5
:108700004FF0010B0BFA02F20A420AD05B4506DD7C
:10871000A8F10201204600F0D6FE002838D14FF023
:10872000020B41462046FFF7A7FE4644BB68B34212
:1087300041DA2146484600F07DFA0E9A0023136084
:108740004FF0A3088AE715F8012D2E2A14D0202B0C
:1087500006D1019B43F804BB4FF0000B01935B462D
:1087600028780393FFF7DAFE039B00F00F00984090
:108770004BEA000B0433A1E7A845E8D801222846BC
:108780000393FFF786FC2649039B0028DFD195E77A
:108790004FF0030BC5E70BDAA5EB00082146424674
:1087A000484600F061FCA6EB0806044600F1140AF6
:1087B0004FF0000BBAE77B68B34273DD9E1BB542F6
:1087C00034DCFB68022B23D0032B25D0012B15D1E1
:1087D000B54213D1012D0BD1029A7B68136001239E
:1087E0002361CAF800300E9B4FF062081C6035E729
:1087F000691E204600F067FE0028EDD1214648465C
:1088000000F018FA0E9A002313604FF0500825E785
:108810000F9B002BF2D1DFE70F9B002BDCD1EDE7A4
:10882000946B0020117100202271002006F1FF38A6
:10883000BBF1000F33D1B8F1000F04D04146204600
:1088400000F041FE83464FEA681201235AF82220C5
:1088500008F01F0803FA08F313423146204618BFF8
:108860004BF0020BAD1BFFF707FE7E684FF00208CE
:10887000BBF1000F4AD0FB68022B16D0032B18D097
:10888000012B09D11BF0020F06D0DAF800304BEAB9
:10889000030B1BF0010F0FD148F0100836E04FF02A
:1088A000010BD0E74FF00108E2E70F9BC3F1010392
:1088B0000F930F9B002BEFD0D4F810B004F11402EB
:1088C0004FEA8B03019302EB8B000023944652F88E
:1088D000041BB1F1FF3F1ED00131CCF80010B8F1FC
:1088E000020F04F114023DD13B68013BAB420BD1B6
:1088F0006911012305F01F0503FA05F552F821302F
:108900001D4218BF4FF0010848F020080E9B1C6064
:10891000029B1E60A2E6904242F8043CD6D8A268B0
:10892000934517DB61684846013100F043F9824600
:1089300018B91B4B02468421B3E62269023204F1C6
:108940000C0192000C30F5F7CBF92146484600F0B7
:1089500071F954462269511C04EB82022161012104
:108960005161BCE7216959450BDD01212046FFF724
:1089700083FDBB680136B342FFF6DBAE4FF0010862
:10898000C2E715F01F05F9D0019B1A44C5F1200577
:1089900052F8040C00F000FAA842E6DBEEE700BF54
:1089A00011710020C2F10802920070B5C2F12006D8
:1089B0004368046803FA06F52C43D340046040F88A
:1089C000043F8842F4D370BD30B50368013311F819
:1089D000014B14B90360012030BD13F8012BA2F143
:1089E0004105192D98BF2032A242F0D00020F3E7B4
:1089F0002DE9F04F0B6801685E1102EB860613F05B
:108A00001F0387B018BF04360025371F82469046E3
:108A1000019346F8045CB9463C460295AB464A7859
:108A20004B1C039342B3104605910492FFF776FD69
:108A300000284FD1049A0599202A18D8029B9B45FB
:108A400013DD4C4506D2072D04DC2A464946204654
:108A5000FFF7A8FF444550D90023A4F1040944F8C6
:108A6000043CCDF808B04C461D460399D7E7292AA7
:108A700055D10231CAF80010BBF1000F4FD04C4560
:108A800006D2072D04DC2A4649462046FFF78AFF16
:108A9000444534D9A8F10402234653F8041B42F894
:108AA000041F9F42F9D23B1B23F003030433033E10
:108AB0000134A64238BF04234344002243F8042B68
:108AC0009F42FBD23B681BB9474526D101233B603F
:108AD000052025E00135082D0BF1010B06DD44458D
:108AE000C3D9002344F8043C0125043C226800F06B
:108AF0000F0040EA02102060B7E70825B5E7019BA8
:108B0000002BDFD0C3F120034FF0FF32DA4056F8DC
:108B1000043C134046F8043CD4E7043FD2E7042069
:108B200007B0BDE8F08F000070B5164C054608464A
:108B30000E46FEF7A3F823684BB100213046FFF73D
:108B400073FB421C18BF2268034618BF831A0E4AE3
:108B50001168002291B90D4C304623609B1A2262A5
:108B6000E361FEF791F80FCC2E460FC60FCC0FC66F
:108B700094E8030086E80300284670BD0868496849
:108B80000244E7E73CF3012038F3012010F3012011
:108B900082B001B901A942B14BB113780B601278D0
:108BA000101E18BF012002B070471046FBE76FF09F
:108BB0000100F8E770B5C66904460D4676B9102085
:108BC000FDF7B6FF0246E06120B9184B18486B214B
:108BD000FFF7E8FBC0E901660660C660E669F36876
:108BE00083B1E369DB6853F82500B8B9012101FAC4
:108BF00005F6721D92002046FDF758FF60B1C0E9EE
:108C000001560EE0212204212046FDF74FFFE369C3
:108C1000F060DB68002BE4D1002070BD026843F8EF
:108C200025200023C0E90333F7E700BFC99E0020D9
:108C3000E06A002070B5C66905460C4676B910207A
:108C4000FDF776FF0246E86120B9094B09488F21FC
:108C5000FFF7A8FBC0E901660660C6603CB1EB699E
:108C60006268DB6853F82210216043F8224070BD2F
:108C7000C99E0020E06A00202DE9F0410D690746F9
:108C80000C461E4601F1140C0020DCF8003099B2AD
:108C900002FB01611E0C0B0C02FB063389B2013092
:108CA00001EB034185424CF8041B4FEA1346ECDC10
:108CB0000EB3A368AB4219DC616838460131FFF797
:108CC00079FF804628B902460C4B0D48BA21FFF7C0
:108CD00069FB2269023204F10C0192000C30F4F7B6
:108CE000FFFF21463846FFF7A5FF444604EB850306
:108CF00001355E6125612046BDE8F08111710020DB
:108D0000E06A00202DE9F8430C4615461F4609226B
:108D10000833064693FBF2F3002101229A4209DB55
:108D20003046FFF747FF40B90246194B1948D32197
:108D3000FFF738FB52000131F0E7089B4361092D32
:108D40004FF00103036116DD04F10909C8462C4404
:108D500018F8013B0146303B0A223046FFF78CFFF2
:108D6000A045F5D1A5F108044C442D1B6319BB4265
:108D700004DBBDE8F8830A340925F6E714F8013B63
:108D80000146303B0A223046FFF776FFEEE700BF90
:108D900011710020E06A0020030C1B04D3B9000409
:108DA000102310F07F4F04BF0002083310F0704F03
:108DB00004BF0001043310F0404F04BF80000233B1
:108DC000002805DB10F0804F03F1010308BF2023CA
:108DD000184670470023E4E7036813F007020CD03D
:108DE000D90722D49A0749BF5B089B080360012278
:108DF0005CBF036002221046704799B209B91B0C90
:108E00001022D9B209B908321B0A190704BF1B097D
:108E10000432990704BF9B080232D90703D45B08C8
:108E200002F1010203D00360E5E70022E3E720221C
:108E3000E1E7000010B50C460121FFF7BBFE02463A
:108E400028B9054B054840F24511FFF7ABFA01235D
:108E50004461036110BD00BF11710020E06A002071
:108E60002DE9F04F91460A69D9F810309A42B8BFFF
:108E70000B460C46BCBF4C4699462769D9F810A052
:108E8000A368616807EB0A06B34285B0B8BF013139
:108E9000FFF790FE30B90246444B45484FF4B1719C
:108EA000FFF780FA00F1140505EB86082B46002237
:108EB000434521D304F1140303EB870709F114039D
:108EC00003EB8A0202923A1B153A22F003020432A3
:108ED00004F115018F4238BF04220192029A0393D4
:108EE0009A420CD8002E03DD58F8043D002B5BD0CD
:108EF000066105B0BDE8F08F43F8042BD8E7B3F85E
:108F000000A0BAF1000F24D004F1140EA9464FF0CE
:108F1000000C5EF8042BD9F800101FFA82FB89B20E
:108F20000AFB0B114FEA124BD9F8002061444FEABB
:108F3000124C0AFB0BC202EB114289B241EA024118
:108F4000774549F8041B4FEA124CE2D8019A45F8DC
:108F500002C0039AB2F802900433B9F1000F21D095
:108F6000296804F1140CAE464FF0000ABCF800B0BA
:108F7000BEF8022009FB0B22524489B241EA0241A9
:108F80004EF8041B5CF8041B4FEA114ABEF80010AF
:108F900009FB0A1101EB124167454FEA114AE5D876
:108FA000019AA950043599E7013E9BE71171002011
:108FB000E06A00202DE9F843154612F00302064648
:108FC0000F4607D0254C013A002354F82220FFF722
:108FD00053FE0746AD103DD0F4697CB91020FDF773
:108FE000A7FD0246F06128B91D4B1E4840F2B3119F
:108FF000FFF7D8F9C0E901440460C460D6F81C80CA
:10900000D8F808404CB940F271213046FFF712FF02
:109010000023C8F80800044603604FF00009EB077E
:109020000AD5394622463046FFF71AFF39468046B0
:109030003046FFF7FFFD47466D100BD0206838B96A
:10904000224621463046FFF70BFF2060C0F8009013
:109050000446E4E73846BDE8F88300BF70450020C9
:10906000C99E0020E06A00202DE9F0470C464968BF
:10907000236903EB6218A368074691464FEA621A18
:1090800008F10106B3420BDB3846FFF793FD0546B6
:1090900048B90246284B29484FF4EF71FFF782F98F
:1090A00001315B00EEE7002300F1140100F1100232
:1090B0001846534533DB20692AEAEA7A04F114039F
:1090C00019F01F0901EB8A0103EB800C2BD0C9F1C9
:1090D000200E8A460022186800FA09F010434AF868
:1090E000040B53F8042B9C4522FA0EF2F3D8ACEB98
:1090F0000403153B23F00303043304F115008445F6
:1091000038BF0423CA500AB108F10206013E3846AE
:109110002E612146FFF78EFD2846BDE8F08742F814
:10912000040F0133C5E7043953F8042B41F8042F29
:109130009C45F9D8EAE700BF11710020E06A0020E1
:1091400030B502690C69121B0ED100F11403143101
:1091500003EB840001EB840150F8045D51F8044DE9
:10916000A54203D005D30122104630BD8342F3D37C
:10917000FAE74FF0FF32F7E72DE9F84F0C460646C5
:10918000114620469046FFF7DBFF051E10D1294609
:109190003046FFF70FFD30B93A4B024640F2372117
:1091A0003948FFF7FFF80123C0E90435BDE8F88F1F
:1091B000A4BF4346A0463046D8F80410A6BF1C46BC
:1091C00000250125FFF7F6FC20B92E4B024640F2A0
:1091D0004521E5E7D8F810702669C56004F1140947
:1091E00008F1140500F1140E05EB870C09EB860657
:1091F00008F11002F246002159F8043B52F804BF6E
:1092000011FA8BF899B21B0CA8EB0108C3EB1B43B6
:1092100003EB28431FFA88F819144E4548EA034324
:109220004AF8043BE8D8331B153B23F0030304330F
:109230001534A64238BF04231D4473449E462E466F
:1092400066450ED30CF10302521B22F00302033DCC
:10925000AC4538BF0022134453F8042D7AB107619E
:10926000A4E756F8048B11FA88F2141404EB18449E
:1092700092B242EA04424EF8042B2114E0E7013F87
:10928000EAE700BF11710020E06A002082B08DED96
:10929000000B019A0F4B1340A3F15073002B08DC15
:1092A0005B42B3F1A07F4FEA235204DA4FF400236C
:1092B0001341002208E0A2F114031E2BDABF4FF085
:1092C0000042DA40012200231946104641EC100BFF
:1092D00002B070470000F07F2DE9F041066900F10F
:1092E000140808EB8606371F56F8042C1046FFF7C3
:1092F00053FDC0F120030A280B601B4915DCC0F1A7
:109300000B0C22FA0CF3B84543EA010534BF56F8BA
:10931000083C0023153002FA00F023FA0CF3034353
:109320001C4645EC104BBDE8F081B8453ABF56F8F5
:10933000083CA6F1080700230B3812D0C0F1200129
:1093400023FA01F482402243474542F07F558CBF07
:1093500057F8042C00228340CA4045F440151343BB
:10936000DEE742EA0105DBE70000F03F2DE9F743C5
:109370000F46012159EC108B1646FFF71BFC0446E3
:1093800030B90246244B254840F20F31FFF70AF866
:10939000C9F30A55C9F313032DBB0193B8F10003B8
:1093A00026D068460093FFF717FDDDE90012E8B10B
:1093B000C0F1200302FA03F30B43C2406361019240
:1093C000019BA361002B14BF022201222261BDB1C7
:1093D000A5F2334505443D60C0F1350030602046BC
:1093E00003B0BDE8F08343F48013D6E76161E7E79B
:1093F00001A8FFF7F1FC019B636120300122E5E742
:1094000004EB8203A0F2324038601869FFF7C4FC15
:10941000C0EB4210E2E700BF11710020E06A0020BB
:109420002DE9F74F884669468146FFF755FF01A9A8
:10943000404655EC104B10EE10AAFFF74DFFD8F840
:109440001030D9F81020D21ADDE900315B1A03EB95
:10945000421357EC106B002BD6BFC3EB03332A46E5
:109460003A46AB46D6BF02EB035302EB035B00EE7A
:10947000903A4BEC17AB87EE000B03B0BDE8F08FD2
:10948000013970B549111469013102F1140300EB7F
:10949000810103EB8404051FA3420CD3A31A113BE3
:1094A00023F003031132A24288BF00231844002393
:1094B000884205D370BD53F8046B45F8046FEBE7A1
:1094C00040F8043BF4E700F1140200694B119842A4
:1094D00010B511DB0ADD11F01F0107D052F823404F
:1094E00024FA01F000FA01F18C420BD102EB830364
:1094F000934203D8002010BD0346F7E753F8041D3C
:109500000029F5D00120F6E751F8043C181F002B84
:10951000BCBF0B58C018704749B1FF2A85BF8A23CA
:1095200003600A704FF0FF3098BF01207047084673
:10953000704700002DE9F0439046224A87B0166834
:1095400005460F461C46A3B9B26AF16A00F123032F
:109550009A420DDC00F124094A4630468DED020B9B
:10956000FDF7AAFB044608B3C6E90A909DED020B7D
:10957000F46A05ABCDE900832A463B460321304619
:1095800000F008FE3B685B4222461B1B05998142A6
:1095900002EB03060ED811463027C81885420EDCB0
:1095A000AB1BB542B8BF00230021D154204607B001
:1095B000BDE8F08310F8011B02F8011BE6E701F893
:1095C000017BEAE790BA00202DE9F0478E681F463C
:1095D000BE420B6882460C4690462CD88A8912F40B
:1095E000906F26D06569096905EB4505A3EB010974
:1095F00005EBD5757B1C4B446D109D4238BF1D4655
:10960000530527D52946FDF7C3FA064660B32169FD
:109610004A46F4F765FBA38923F4906343F0800383
:10962000A381266165614E44A5EB09052660A5600E
:109630003E46BE4200D93E46206832464146FEF7CD
:10964000DFFCA3689B1BA3602368334423600020D6
:10965000BDE8F0872A46FDF72FFB06460028E0D13B
:1096600021695046FEF7BCFE0C23CAF80030A389DE
:1096700043F04003A3814FF0FF30E9E72DE9F04FBD
:1096800098468B891B069DB007460D4614460ED59D
:109690000B6963B94021FDF77BFA2860286120B986
:1096A0000C233B604FF0FF30D0E040236B61002380
:1096B000099320238DF82930CDF80C803023DFF872
:1096C000A4818DF82A304FF0010923469A4613F8F9
:1096D000012B0AB1252AF9D1BAEB040B0BD05B465A
:1096E000224629463846FFF76FFF013000F0A98077
:1096F000099A5A4409929AF80030002B00F0A18090
:1097000000234FF0FF32CDE905230AF1010A04934B
:1097100007938DF853301A935446052214F8011B11
:109720005048FEF7E7FD049AD8B9D00644BF20237D
:109730008DF85330110744BF2B238DF853309AF81E
:1097400000302A2B15D0079A544600204FF00A0CFF
:10975000214611F8013B303B092B4DD9B0B107929E
:1097600014E0A0EB080309FA03F313430493A246A1
:10977000D2E7039B191D1B680391002BBBBF5B4203
:1097800042F0020207930793B8BF049223782E2B6E
:109790000CD163782A2B34D1039B1A1D1B680392CA
:1097A000002BB8BF4FF0FF3302340593DFF8C4A09D
:1097B000217803225046FEF79DFD38B1049BA0EBB3
:1097C0000A004022824013430134049314F8011B21
:1097D00025488DF828100622FEF78CFD002838D089
:1097E000224B1BBB039B073323F007030833039370
:1097F000099B3344099368E70CFB02320C460120B5
:10980000A6E700230134059319464FF00A0C2046C1
:1098100010F8012B303A092A03D9002BC6D0059144
:10982000C4E70CFB012104460123F0E703AB0093DE
:109830002A460F4B04A93846AFF30080421C064667
:10984000D6D1AB895B063FF52DAF09981DB0BDE8B9
:10985000F08F03AB00932A46054B04A9384600F06D
:10986000BDF9EBE7377300204173002000000000D2
:10987000C55D02003D7300209368013B002B10B4CE
:10988000936008DA9469A34201DB0A2903D15DF8E9
:10989000044BFEF7DFBA1368581C106019700846B5
:1098A0005DF8044B7047F8B506460F461446D518C8
:1098B000AC4201D1002007E014F8011B3A463046C3
:1098C000FFF7DAFF431CF3D1F8BD00002DE9F04F9C
:1098D0000D469DB014469846064618B1036A0BB96A
:1098E000FEF750F96B6ED90705D4AB899A0502D4FF
:1098F000A86DFEF7E5FCAB891B0701D52B699BB969
:1099000029463046FEF7E4FA70B16B6EDC0704D5E9
:109910004FF0FF301DB0BDE8F08FAB899805F7D44C
:10992000A86DFEF7CEFCF3E70023099320238DF802
:109930002930CDF80C803023DFF8B0818DF82A3043
:109940004FF0010923469A4613F8012B0AB1252A44
:10995000F9D1BAEB040B0BD05B46224629463046C0
:10996000FFF7A1FF013000F0A980099A5A4409923B
:109970009AF80030002B00F0A18000234FF0FF3256
:10998000CDE905230AF1010A049307938DF85330BA
:109990001A935446052214F8011B5448FEF7AAFCFA
:1099A000049AD8B9D10644BF20238DF85330130749
:1099B00044BF2B238DF853309AF800302A2B15D052
:1099C000079A544600204FF00A0C214611F8013B3B
:1099D000303B092B4DD9B0B1079214E0A0EB08033E
:1099E00009FA03F313430493A246D2E7039B191D1C
:1099F0001B680391002BBBBF5B4242F0020207933E
:109A00000793B8BF049223782E2B0CD163782A2BAE
:109A100034D1039B1A1D1B680392002BB8BF4FF073
:109A2000FF3302340593DFF8D4A021780322504697
:109A3000FEF760FC38B1049BA0EB0A004022824094
:109A400013430134049314F8011B29488DF828109E
:109A50000622FEF74FFC00283FD0264B1BBB039B82
:109A6000073323F0070308330393099B3B4409930F
:109A700068E70CFB02320C460120A6E70023013404
:109A8000059319464FF00A0C204610F8012B303A86
:109A9000092A03D9002BC6D00591C4E70CFB01218C
:109AA00004460123F0E703AB00932A46124B04A9B6
:109AB0003046AFF300800746781CD6D16B6ED907CD
:109AC00005D4AB899A0502D4A86DFEF7FAFBAB89E1
:109AD0005B063FF51DAF09981CE703AB00932A46D0
:109AE000054B04A9304600F079F8E4E7377300200D
:109AF0004173002000000000A36002003D730020BD
:109B00002DE9F047164699468A680B69DDF82080F2
:109B10009342B8BF1346336091F8432007460C4682
:109B20000AB1013333602368990642BF33680233B8
:109B30003360256815F0060506D104F1190AE368BB
:109B400032689B1AAB4226DC94F84320131E22682D
:109B500018BF012392062BD404F14302494638462C
:109B6000C04701301ED02368226903F00603042B8E
:109B700002BFE5683368ED1AA3680CBF25EAE575F6
:109B800000259342C4BF9B1AED1800261A34B54233
:109B90001AD1002008E00123524649463846C04702
:109BA000013003D14FF0FF30BDE8F0870135C6E743
:109BB000E1185A1C302081F84300224494F84510E3
:109BC00082F843100233C7E701232246494638464C
:109BD000C0470130E6D00136D9E700002DE9FF4744
:109BE0000F7E0C9D782F914680460C469A4601F1D7
:109BF000430207D8622F0AD8002F00F0D480582FD4
:109C000000F0C08004F1420584F842703AE0A7F108
:109C10006303152BF6D801A151F823F071640200FB
:109C20008564020001640200016402000164020014
:109C30000164020085640200016402000164020004
:109C4000016402000164020089650200B16402003F
:109C5000436502000164020001640200AB6502007A
:109C600001640200B16402000164020001640200A8
:109C70004B6502002B681A1D1B682A6004F142051F
:109C800084F8423001239FE020682B68070603F127
:109C90000401296001D51E6803E04606FBD5B3F92F
:109CA0000060002E03DA2D23764284F843305A48B0
:109CB0000A2312E02B682068191D2960050601D5CA
:109CC0001E6802E04106FBD51E8853486F2F0CBF6B
:109CD00008230A23002184F843106568A560002D3D
:109CE000A2BF216821F0040121600EB9002D4BD0E4
:109CF0001546B6FBF3F103FB1167C75D05F8017D5F
:109D00003746BB420E46F4D9082B0BD12368DE0739
:109D100008D5236961689942DEBF302305F8013C0C
:109D200005F1FF35521B2261CDF800A04B4603AA76
:109D300021464046FFF7E4FE01304AD14FF0FF30A4
:109D400004B0BDE8F087236843F020032360334864
:109D5000782784F84570236829681F0651F8046B3A
:109D600002D45F0648BFB6B2DF0748BF43F0200306
:109D7000296048BF23601EB9236823F020032360B5
:109D80001023A7E72448E4E71546BDE72B682668BB
:109D90006169181D286035061B6801D5196002E04D
:109DA0007006FBD51980002323611546BCE72B689C
:109DB0001A1D2A601D68626800212846FEF79AFA7B
:109DC00008B1401B606063682361002384F843305E
:109DD000AAE723692A4649464046D0470130ADD01C
:109DE00023689B0713D4E068039B9842B8BF1846CA
:109DF000A6E70123324649464046D04701309DD070
:109E00000135E36803995B1AAB42F2DCEBE700250E
:109E100004F11906F5E700BF0F730020207300203E
:109E20008A892DE9F041054610070C4658D44B6845
:109E3000002B05DC0B6C002B02DC0020BDE8F08160
:109E4000E66A002EF9D0002312F480522F68216AAE
:109E50002B6032D0606DA3895A0705D56368C01A9C
:109E6000636B0BB1236CC01A00230246E66A216AB9
:109E70002846B047431CA38906D129681D292BD841
:109E8000294A0A41D60727D400226260D9042269F0
:109E9000226004D5421C01D12B6803B96065616B57
:109EA0002F600029C9D004F14403994202D028460A
:109EB000FEF796FA00206063C0E701232846B0470A
:109EC000411CC8D12B68002BC5D01D2B01D0162BEF
:109ED00001D12F60B1E7A38943F04003A381ADE72F
:109EE0000F69002FA9D093070E6808BF4B690F6058
:109EF00018BF0023A6EB07088B60B8F1000F9CDDAC
:109F0000216AA66A43463A462846B047002806DC3E
:109F1000A38943F04003A3814FF0FF308EE707444D
:109F2000A8EB0008E9E700BFFEFFBFDF38B50B690B
:109F300005460C4613B90025284638BD18B1036AFA
:109F40000BB9FDF71FFEB4F90C30002BF3D0626E95
:109F5000D00704D4990502D4A06DFEF7B1F92846C4
:109F60002146FFF75DFF636EDA070546E4D4A38957
:109F70009B05E1D4A06DFEF7A4F9DDE770B50C46B2
:109F8000B1F90E10002996B015461E460DDAA389C8
:109F900013F0800F4FF000010CBF4FF4806340239B
:109FA000002031602B6016B070BD6A4600F048F8A2
:109FB0000028ECDB019901F47041A1F500535942EE
:109FC00059414FF48063EBE78B8973B59D070646D3
:109FD0000C4607D504F14703236023610123636125
:109FE00002B070BD01AB6A46FFF7C8FF0099054695
:109FF0003046FCF7CDFD48B9B4F90C309A05EFD4E2
:10A0000023F0030343F00203A381E3E7A389206065
:10A0100043F08003A381009B6361019B20615BB1DE
:10A02000B4F90E10304600F01DF828B1A38923F0D2
:10A03000030343F00103A381A3891D43A581CFE757
:10A0400038B5074D00230446084611462B60F4F747
:10A0500048FB431C02D12B6803B1236038BD00BF0D
:10A06000140F022038B5064D0023044608462B6025
:10A07000F4F73CFB431C02D12B6803B1236038BDCD
:10A08000140F02202DE9F74F03690C69A34207461C
:10A090007EDB013C01F1140800F1140505EB84039B
:10A0A000019358F8243055F8242001339A424FEA9E
:10A0B000840B08EB8409B2FBF3F631D34FF0000EAA
:10A0C0004046AC46F24650F8042B93B206FB03E33D
:10A0D0004FEA124E1A0C9BB2AAEB0303DCF800A065
:10A0E00013FA8AF306FB0E220093009B4FEA124EEE
:10A0F00092B2C2EB1A4202EB2342BDF80030814516
:10A1000043EA02434CF8043B4FEA224ADBD255F8BB
:10A110000B302BB9019B043B9D421A462CD33C616A
:10A120003846FFF70DF8002822DB013629460020CB
:10A1300058F8042BD1F800C093B2C31A120C13FACA
:10A140008CF3C2EB1C4202EB23429BB243EA024374
:10A15000C14541F8043B4FEA2240E9D255F824209A
:10A1600005EB840322B9043B9D421A460AD33C61A5
:10A17000304603B0BDE8F08F1268043B002ACED110
:10A18000013CC9E71268043B002AF0D1013CEBE72F
:10A190000020EEE72DE9F04F2DED028BC56991B05F
:10A1A0008DED020B59EC108B1C9C06910646089213
:10A1B0000C9375B91020FCF7BBFC0246F06120B986
:10A1C000A64BEF21A648FEF7EDF8C0E90155056062
:10A1D000C560F369196851B15A684A600123934018
:10A1E0008B603046FEF726FDF36900221A60B9F154
:10A1F0000003BBBF23F00043039300230122ACBF45
:10A2000023602260974B039CA3431CD10C9A42F21B
:10A210000F731360C4F3130353EA080300F0FB84C5
:10A220001D9B63B9904B20E0904B019308331D9A1E
:10A230001360019811B0BDEC028BBDE8F08F8A4B22
:10A2400001930333F3E79DED028BB5EE408BF1EE06
:10A2500010FA0CD10C9A012313601D9B002B00F007
:10A26000D784834B1D9A1360013B0193E1E70EAA4B
:10A270000FA93046B0EE480BFFF778F8C4F30A5345
:10A280000E9A0546002B46D0B0EE487B18EE901A89
:10A29000C1F3130141F07F5141F44011A3F2FF33A8
:10A2A000002007EE901AB7EE086B9FED665B37EE65
:10A2B000467B9FED666BA7EE056B9FED665B07EE39
:10A2C000903AB8EEE74BB0EE467BA4EE057BFDEE90
:10A2D000C76BB5EEC07BF1EE10FA16EE90BA09909E
:10A2E00008D5B8EEE66BB4EE476BF1EE10FA18BF86
:10A2F0000BF1FF3BBBF1160F2BD85E4901EBCB01F5
:10A3000091ED007BB4EEC78BF1EE10FA01D50BF1A5
:10A31000FF3B00211EE00F9B134403F23241202932
:10A32000C1BFC1F140018C4003F2124128FA01F192
:10A33000D6BFC1F12001214308FA01F107EE901ABE
:10A34000B8EE677B013B17EE901A0120A1F1F8717E
:10A35000A7E70121D21A531E059345BFC2F101039D
:10A360000493002300234CBF05930493BBF1000F1B
:10A370000B9118DB059BCDF828B05B4405930023B7
:10A38000069A092A48D8052AC4BF043A0692069AB2
:10A39000A2F10202CCBF00240124032A47D8DFE83F
:10A3A00002F00B2D2B39049B0022A3EB0B0304932B
:10A3B0000A92CBF10003E3E700220792089A002AF1
:10A3C00038DC4FF0010AD1465246CDF820A0F7699B
:10A3D0000021042000F1140C944530D979603046F6
:10A3E0000D93FEF7E7FB0D9B01900246002845D137
:10A3F000214B40F2AF11E5E60122DEE70022079291
:10A40000089A0BEB020A0AF101094A46012AB8BF71
:10A410000122DCE70122F2E701240022CDE9062433
:10A420004FF0FF3A0021D14612220891CFE70122D6
:10A430000792F5E7DDF820A0D1465246C7E7013183
:10A440004000C7E761436F63A787D23FB3C8608B03
:10A45000288AC63FFB799F501344D33FC99E0020F2
:10A46000B67200200000F07FB2720020A9720020B6
:10A47000578E00206017002011710020F2690199A9
:10A480001160B9F10E0F6CD8002C6AD0BBF1000F2F
:10A4900040F3A080C14A0BF00F0102EBC1021BF494
:10A4A000807F92ED007B4FEA2B1200F08780BC4941
:10A4B00091ED086B88EE066B8DED026B02F00F02DA
:10A4C0000321B748002A7BD19DED026B86EE077B06
:10A4D0008DED027B0B9A9DED027B002A00F0A0809F
:10A4E000B7EE006BB4EEC67BF1EE10FA40F1988047
:10A4F000B9F1000F00F09480BAF1000F2FDDB2EE39
:10A50000046B27EE067B8DED027B0BF1FF320131F0
:10A5100054469DED026BB1EE0C5B07EE901AB8EE5F
:10A52000E77BA7EE065B15EE907A51EC150BA7F1D1
:10A530005071002C77D1B1EE047B36EE476B41ECC5
:10A54000170BB4EEC76BF1EE10FA00F36A82B1EEAE
:10A55000477BB4EEC76BF1EE10FA00F160828DED2F
:10A56000028B0F9A002AC0F21D81BBF10E0F00F37F
:10A5700019818A4B03EBCB0393ED006B089B002BF7
:10A5800080F2B780B9F1000F00F3B38040F046824B
:10A59000B1EE047B26EE076B9DED027BB4EEC76B3C
:10A5A000F1EE10FA4C464F4680F21C82DDF8048032
:10A5B000312308F8013B0BF1010B18E2022180E77F
:10A5C000D40704D590ED006B013127EE067B5210C5
:10A5D000083077E722D0CBF10002704902F00F007B
:10A5E00001EBC00191ED007B28EE077B8DED027B36
:10A5F0006B481211002402212AB9002C3FF46AAFE3
:10A600008DED027B66E7D70705D590ED006B013134
:10A61000012427EE067B52100830EDE7022159E7AE
:10A620005A464C4675E741EC170B5C4901EBC401F7
:10A6300011ED024B01990C44079951B3B6EE003B62
:10A64000B7EE002BDDF8048083EE045BB2EE043B32
:10A6500035EE477BFDEEC64B14EE901AB8EEE45B88
:10A66000303136EE456BB4EEC76BF1EE10FA08F8F8
:10A67000011B39D432EE465BB4EEC75BF1EE10FA43
:10A6800072D4A0453FF46BAF27EE037B26EE036B3D
:10A69000E0E7DDF8048027EE047B2046B2EE043BC1
:10A6A000FDEEC64B14EE901A303108F8011BA045A0
:10A6B000B8EEE45B36EE456B18D1B6EE005B37EED4
:10A6C000054BB4EEC46BF1EE10FA4DDC35EE475B92
:10A6D000B4EEC56BF1EE10FA7FF541AF804601385C
:10A6E00018F8013C302BF9D093462AE026EE036B94
:10A6F000D6E79DED027BB2EE044BDDF8048087EED9
:10A70000065BBDEEC55B15EE103A303308F8013B31
:10A71000019BA8EB03039945B8EEC53BA3EE467B2E
:10A7200033D137EE077BB4EEC67BF1EE10FA1ADCBC
:10A73000B4EE467BF1EE10FA03D115EE103AD907CC
:10A7400011D429463046FEF775FA00230C9A88F892
:10A7500000300BF1010313601D9B002B3FF469AD2A
:10A76000C3F8008065E55A464346984613F8011D34
:10A77000392906D101999942F7D101983021013246
:10A780000170197801311970AEE727EE047BB5EE40
:10A79000407BF1EE10FAB2D1D3E700BF6017002082
:10A7A000381700200799002900F0D0800699012968
:10A7B00000F3B4800999002900F0AC8002F2334222
:10A7C000DDF810801C460993049B13440493059BF9
:10A7D0000121134430460593FEF72CFB099B0746E5
:10A7E000B8F1000F0DD0059A002A0ADD4245049900
:10A7F000A8BF4246891A04910599A8EB02088A1A53
:10A80000059203B3079A002A00F0A580002C13DDFF
:10A810003946224630460D93FEF7CCFB2A460146C8
:10A8200007463046FEF71CFB294609903046FEF7E6
:10A8300001FA099A0D9B15461A1B04D02946304689
:10A84000FEF7B8FB054601213046FEF7F3FA0A9BF6
:10A85000002B044640F381801A4601463046FEF73D
:10A86000A9FB069B012B04467ADD0023099322698C
:10A8700004EB82021069FEF78FFAC0F12000059BFD
:10A88000184410F01F0000F09380C0F12002042A49
:10A8900040F38580049BC0F11C0003440493059B96
:10A8A000804403440593049B002B05DD29461A468A
:10A8B0003046FEF7D9FB0546059B002B05DD2146FA
:10A8C0001A463046FEF7D0FB04460B9B002B71D096
:10A8D00021462846FEF734FC00286BDA002329467F
:10A8E0000A223046FEF7C8F9079B0BF1FF3B0546ED
:10A8F000002B00F09781394600230A223046FEF7EC
:10A90000BBF9BAF1000F074600F39380069B022BB8
:10A9100057DC8EE00E9AC2F1360251E709F1FF349E
:10A92000A342BFBFE21A0A9B9B180A93AEBF1C1B2F
:10A9300023460024B9F1000FB5BF049ADDF810805A
:10A94000A2EB09084A46B8BF00223CE7DDF81080B8
:10A95000079F1C4644E71A4670E7069B012B18DC4C
:10A96000029BB3B9039BC3F31302A2B923F00042C5
:10A97000120D12058AB1049B01330493059B013328
:10A980000593012309930A9B002B7FF470AF0120EC
:10A9900075E70023F6E7029BF4E70992F3E782D01C
:10A9A000049B1C3213440493059B9044134479E7A1
:10A9B0000246F5E7B9F1000F36DC069B022B33DDCA
:10A9C000CA46BAF1000F0DD1214653460522304642
:10A9D000FEF752F9014604462846FEF7B1FB00286F
:10A9E0003FF7E4AD089BDDF804806FEA030B4FF0FE
:10A9F000000921463046FEF71DF9002F3FF4A1AEB5
:10AA0000B9F1000F05D0B94503D049463046FEF7ED
:10AA100011F939463046FEF70DF992E60024274633
:10AA2000E0E793462746C1E5079BCA46002B00F0A6
:10AA30000081B8F1000F05DD394642463046FEF789
:10AA400013FB0746099B002B5DD079683046FEF763
:10AA5000B1F8804628B9824B024640F2EF21FFF759
:10AA6000B1BB3A690232920007F10C010C30F3F7E6
:10AA700037F9012241463046FEF7F6FA019B0133D1
:10AA80000493019B53440893029B03F00103B946CE
:10AA900007930746049B2146013B28460293FFF794
:10AAA000F1FA034630330590494628460993FEF7EC
:10AAB00047FB3A46824621463046FEF75DFBC268B8
:10AAC000099B80460ABB01462846FEF739FB099BD5
:10AAD000024641463046CDE90932FEF7ABF8069B07
:10AAE0000A9ADDF8108043EA0201079B1943099B8B
:10AAF0000DD1392B29D0BAF1000F01DD059B31337F
:10AB0000029A137075E73846B8E70122E1E7BAF117
:10AB1000000F06DB069941EA0A0A07995AEA010A78
:10AB200020D1002AECDD2946012230460493FEF7AD
:10AB30009BFA21460546FEF703FB0028049B02DC36
:10AB4000DED1DA07DCD5392BD8D1029A392313703C
:10AB500043469846013B18F8012C392A51D001325E
:10AB60001A7046E7002A03DD392BEED00133C7E720
:10AB7000049A089902F8013C8A422BD02946002306
:10AB80000A223046FEF778F8B94505464FF0000333
:10AB90004FF00A024946304607D1FEF76DF881466C
:10ABA0000746049B0133049374E7FEF765F83946C2
:10ABB000814600230A223046FEF75EF80746F0E79A
:10ABC000BAF1000F019ACCBFD0464FF00108904473
:10ABD0004FF000092946012230460293FEF744FA5D
:10ABE00021460546FEF7ACFA0028B1DC02D1029BF3
:10ABF000DB07ADD44346984613F8012D302AFAD02E
:10AC0000F7E6019A9A42A4D10BF1010B312378E7C0
:10AC1000144BFFF72ABB1D9B002B7FF405AB124B97
:10AC2000FFF723BBBAF1000F03DC069B022B3FF7B3
:10AC3000C8AEDDF8048021462846FFF723FA00F16C
:10AC4000300308F8013B019AA8EB02029245B7DDF8
:10AC5000294600230A223046FEF70EF80546EAE7A9
:10AC600011710020568E0020A972002008B50246FE
:10AC70000B4643EC172BB5EEC07BF1EE10FA03D474
:10AC8000BDE8084000F00AB8B1EE477B51EC170B65
:10AC900000F004F8404261EB410108BD9FED0B6BF1
:10ACA00041EC170B9FED0B5B27EE066BBCEEC66B02
:10ACB000B8EE464BA4EE457BFCEEC77B16EE101AB1
:10ACC00017EE900A704700BFAFF30080000000004D
:10ACD0000000F03D000000000000F0415FF800F0CF
:10ACE000752500605FF800F0D5BD00605FF800F0EA
:10ACF000719200605FF800F0311A00605FF800F0B8
:10AD0000755F00605FF800F075A900605FF800F003
:10AD1000991B00605FF800F0F79C00605FF800F09E
:10AD200065B600605FF800F09D1800605FF800F005
:10AD30005D9B00605FF800F05D7800605FF800F0F8
:10AD400001B500605FF800F05D1A00605FF800F088
:10AD5000895700605FF800F08F9500605FF800F0A1
:10AD6000612900605FF800F025A900605FF800F03D
:10AD7000F11600605FF800F0CD1C00605FF800F095
:10AD8000ADB600605FF800F0791C00605FF800F07D
:10AD9000D58F00605FF800F0017300605FF800F08D
:10ADA000F99400605FF800F02D6C00605FF800F02F
:10ADB000B76600605FF800F09D5200605FF800F039
:10ADC000ED9200605FF800F0416C00605FF800F009
:10ADD000A99B00605FF800F0111600605FF800F0BA
:10ADE000259500605FF800F0F91E00605FF800F044
:10ADF00075BE00605FF800F0819500600000000003
:04AE0000000000004E
:04AE0400F8B500BFDE
:08AE0800B0B9FF7F010000005A
:10AE10000000000000000000000000000000000032
:10AE20000000000000000000000000000000000022
:10AE30000000000000000000000000000000000012
:10AE40000000000000000000000000000000000002
:10AE500000000000000000000000000000000000F2
:10AE600000000000000000000000000000000000E2
:10AE700000000000000000000000000000000000D2
:10AE800000000000000000000000000000000000C2
:10AE900000000000000000000000000000000000B2
:10AEA00000000000000000000000000000000000A2
:10AEB0000000000000000000000000000000000092
:10AEC0000000000000000000000000000000000082
:10AED0000000000000000000000000000000000072
:10AEE0000000000000000000000000000000000062
:10AEF0000000000000000000000000000000000052
:10AF00000000000000000000000000000000000041
:10AF10000000000000000000000000000000000031
:10AF20000000000000000000000000000000000021
:10AF30000000000000000000000000000000000011
:10AF40000000000000000000000000000000000001
:10AF500000000000000000000000000000000000F1
:10AF600000000000000000000000000000000000E1
:10AF700000000000000000000000000000000000D1
:10AF800000000000000000000000000000000000C1
:10AF900000000000000000000000000000000000B1
:10AFA00000000000000000000000000000000000A1
:10AFB0000000000000000000000000000000000091
:10AFC0000000000000000000000000000000000081
:10AFD0000000000000000000000000000000000071
:10AFE0000000000000000000000000000000000061
:10AFF0000000000000000000000000000000000051
:10B000000000000000000000000000000000000040
:10B010000000000000000000000000000000000030
:10B020000000000000000000000000000000000020
:10B030000000000000000000000000000000000010
:10B040000000000000000000000000000000000000
:10B0500000000000000000000000000000000000F0
:10B0600000000000000000000000000000000000E0
:10B0700000000000000000000000000000000000D0
:10B0800000000000000000000000000000000000C0
:10B0900000000000000000000000000000000000B0
:10B0A00000000000000000000000000000000000A0
:10B0B0000000000000000000000000000000000090
:10B0C0000000000000000000000000000000000080
:10B0D0000000000000000000000000000000000070
:10B0E0000000000000000000000000000000000060
:10B0F0000000000000000000000000000000000050
:10B10000000000000000000000000000000000003F
:10B11000000000000000000000000000000000002F
:10B12000000000000000000000000000000000001F
:10B13000000000000000000000000000000000000F
:10B1400000000000000000000000000000000000FF
:10B1500000000000000000000000000000000000EF
:10B1600000000000000000000000000000000000DF
:10B1700000000000000000000000000000000000CF
:10B1800000000000000000000000000000000000BF
:10B1900000000040FB21F93F000000002D44743EF8
:10B1A000000000809846F83C0000006051CC783BDD
:10B1B00000000080831BF0390000004020257A3811
:10B1C000000000802282E336000000001DF3693594
:10B1D00000000000000000000000000000000080EF
:10B1E000000000000000F03F748515D3B0D9EF3F98
:10B1F0000F89F96C58B5EF3F515B12D00193EF3FC7
:10B200007B517D3CB872EF3FAAB968318754EF3F5C
:10B210003862756E7A38EF3FE1DE1FF59D1EEF3F15
:10B2200015B7310AFE06EF3FCBA93A37A7F1EE3F3B
:10B230002234124CA6DEEE3F2D89616008CEEE3F2F
:10B24000272A36D5DABFEE3F824F9D562BB4EE3F0C
:10B25000295448DD07ABEE3F85553AB07EA4EE3F5A
:10B26000CD3B7F669EA0EE3F745FECE8759FEE3F9E
:10B270008701EB7314A1EE3F13CE4C9989A5EE3FE5
:10B28000DBA02A42E5ACEE3FE5C5CDB037B7EE3FD7
:10B2900090F0A38291C4EE3F5D253EB203D5EE3F10
:10B2A000ADD35A999FE8EE3F475EFBF276FFEE3F43
:10B2B0009C5285DD9B19EF3F6990EFDC2037EF3F13
:10B2C00087A4FBDC1858EF3F5F9B7B33977CEF3FF5
:10B2D000DA90A4A2AFA4EF3F40456E5B76D0EF3F7B
:10B2E000000000000000E8429423914BF86AAC3F54
:10B2F000F3C4FA50CEBFCE3FD6520CFF422EE63FEB
:10B300000000000000003843FE822B6547154740CF
:10B310009423914BF86ABC3EF3C4FA50CEBF2E3F43
:10B32000D6520CFF422E963FFE822B654715674092
:10B3300000000000000038430000FAFE422E76BFF5
:10B340003A3B9EBC9AF70CBDBDFDFFFFFFFFDF3F00
:10B350003C5455555555C53F912B17CF5555A53FD5
:10B3600017D0A4671111813F000000000000C842FF
:10B37000EF39FAFE422EE63F24C482FFBDBFCE3F26
:10B38000B5F40CD7086BAC3FCC5046D2ABB2833F80
:10B39000843A4E9BE0D7553F0000000000000000BB
:10B3A000000000000000F03F6EBF881A4F3B9B3C3E
:10B3B0003533FBA93DF6EF3F5DDCD89C136071BCD3
:10B3C0006180773E9AECEF3FD16687107A5E90BC41
:10B3D000857F6EE815E3EF3F13F6673552D28C3C5C
:10B3E000748515D3B0D9EF3FFA8EF92380CE8BBC8C
:10B3F000DEF6DD296BD0EF3F61C8E6614EF7603CB9
:10B40000C89B751845C7EF3F99D3335BE4A3903CC5
:10B4100083F3C6CA3EBEEF3F6D7B835DA69A973C21
:10B420000F89F96C58B5EF3FFCEFFD921AB58E3CD1
:10B43000F747722B92ACEF3FD19C2F703DBE3E3C44
:10B44000A2D1D332ECA3EF3F0B6E908934036ABCD8
:10B450001BD3FEAF669BEF3F0EBD2F2A525695BC05
:10B46000515B12D00193EF3F55EA4E8CEF8050BCF8
:10B47000CC316CC0BD8AEF3F16F4D5B923C991BC5D
:10B48000E02DA9AE9A82EF3FAF555CE9E3D3803C53
:10B49000518EA5C8987AEF3F4893A5EA151B80BC4A
:10B4A0007B517D3CB872EF3F3D32DE55F01F8FBCC3
:10B4B000EA8D8C38F96AEF3FBF53133F8C898B3C80
:10B4C00075CB6FEB5B63EF3F26EB11769CD996BC97
:10B4D000D45C0484E05BEF3F602F3A3EF7EC9A3C8B
:10B4E000AAB968318754EF3F9D3886CB82E78FBC7D
:10B4F0001DD9FC22504DEF3F8DC3A644416F8A3CBD
:10B50000D68C62883B46EF3F7D04E4B0057A803CF0
:10B5100096DC7D91493FEF3F94A8A8E3FD8E963CD1
:10B520003862756E7A38EF3F7D4874F2185E873C5A
:10B530003FA6B24FCE31EF3FF2E71F982B47803C3A
:10B54000DD7CE265452BEF3F5E08713F7BB896BC22
:10B550008163F5E1DF24EF3F31AB096DE1F7823C18
:10B56000E1DE1FF59D1EEF3FFABF6F1A9B213DBC28
:10B5700090D9DAD07F18EF3FB40A0C7282378B3C37
:10B580000B03E4A68512EF3F8FCBCE8992146E3C5D
:10B59000562F3EA9AF0CEF3FB6ABB04D754D833C77
:10B5A00015B7310AFE06EF3F4C74ACE20142863C0F
:10B5B00031D84CFC7001EF3F4AF8D35D39DD8F3C48
:10B5C000FF1664B208FCEE3F045B8E3B80A386BC92
:10B5D000F19F925FC5F6EE3F68504BCCED4A92BCAE
:10B5E000CBA93A37A7F1EE3F8E2D511BF80799BC36
:10B5F00066D8056DAEECEE3FD236943EE8D171BC14
:10B60000F79FE534DBE7EE3F151BCEB3191999BC64
:10B61000E5A813C32DE3EE3F6D4C2AA7489F853C58
:10B620002234124CA6DEEE3F8A69287A601293BC5F
:10B630001C80AC0445DAEE3F5B8917488FA758BCE5
:10B640002A2EF7210AD6EE3F1B9A49679B2C7CBC19
:10B6500097A850D9F5D1EE3F11ACC260ED63433CE1
:10B660002D89616008CEEE3FEF64063B0966963C8B
:10B6700057001DED41CAEE3F7903A1DAE1CC6E3CE3
:10B68000D03CC1B5A2C6EE3F30120F3F8EFF933CB7
:10B69000DED3D7F02AC3EE3FB0AF7ABBCE90763C74
:10B6A000272A36D5DABFEE3F77E054EBBD1D933C39
:10B6B0000DDDFD99B2BCEE3F8EA3710034948FBCBA
:10B6C000A72C9D76B2B9EE3F49A393DCCCDE87BCB4
:10B6D0004266CFA2DAB6EE3F5F380FBDC6DE78BC59
:10B6E000824F9D562BB4EE3FF65C7BEC461286BC37
:10B6F0000F925DCAA4B1EE3F8ED7FD180535933C7D
:10B70000DA27B53647AFEE3F059B8A2FB7987B3CCB
:10B71000FDC797D412ADEE3F09541CE2E163903CA3
:10B72000295448DD07ABEE3FEAC6195085C7343CC3
:10B73000B746598A26A9EE3F35C0642BE632943CC1
:10B740004821AD156FA7EE3F9F7699614AE48CBC06
:10B7500009DC76B9E1A5EE3FA84DEF3BC5338CBCC3
:10B7600085553AB07EA4EE3FAEE92B89785384BC70
:10B7700020C3CC3446A3EE3F58585678DDCE93BC58
:10B780002522558238A2EE3F64197E80AA10573CCC
:10B7900073A94CD455A1EE3F28225EBFEFB393BCF2
:10B7A000CD3B7F669EA0EE3F82B93487AD126ABC66
:10B7B000BFDA0B7512A0EE3FEEA96DB8EF6763BC60
:10B7C0002F1A653CB29FEE3F5188E0543DDC80BCAF
:10B7D000849451F97D9FEE3FCF3E5A7E641F78BC22
:10B7E000745FECE8759FEE3FB07D8BC04AEE86BC7F
:10B7F0007481A5489A9FEE3F8AE6551E321986BC91
:10B80000C9674256EB9FEE3FD3D4095ECB9C903C78
:10B810003F5DDE4F69A0EE3F1DA54DB9DC327BBC1C
:10B820008701EB7314A1EE3F6BC06754FDEC943CB1
:10B8300032C13001EDA1EE3F556CD6ABE1EB653C7A
:10B84000624ECF36F3A2EE3F42CFB32FC5A188BCE4
:10B85000121A3E5427A4EE3F34373BF1B66993BC2D
:10B8600013CE4C9989A5EE3F1EFF193A845E80BC29
:10B87000ADC723461AA7EE3F6E5772D850D494BC7A
:10B88000ED92449BD9A8EE3F008A0E5B67AD903CD9
:10B8900099668AD9C7AAEE3FB4EAF0C12FB78D3CAA
:10B8A000DBA02A42E5ACEE3FFFE7C59C60B665BC75
:10B8B0008C44B51632AFEE3F445FF35983F67B3CC0
:10B8C00036771599AEB1EE3F833D1EA71F0993BC95
:10B8D000C6FF910B5BB4EE3F291E6C8BB8A95DBC13
:10B8E000E5C5CDB037B7EE3F59B9907CF9236CBCB4
:10B8F0000F52C8CB44BAEE3FAAF9F422434392BC9C
:10B90000504EDE9F82BDEE3F4B8E66D76CCA85BC23
:10B91000BA07CA70F1C0EE3F27CE912BFCAF713C45
:10B9200090F0A38291C4EE3FBB730AE135D26D3C27
:10B930002323E31963C8EE3F6322622204C587BC58
:10B9400065E55D7B66CCEE3FD531E2E3861C8B3C42
:10B95000332D4AEC9BD0EE3F15BBBCD3D1BB91BC81
:10B960005D253EB203D5EE3FD231EE9C31CC903C0A
:10B9700058B330139ED9EE3FB35A736E8469843C3A
:10B98000BFFD79556BDEEE3FB49D8E97CDDF82BC57
:10B990007AF3D3BF6BE3EE3F8733CB92771A8C3CBD
:10B9A000ADD35A999FE8EE3FFAD9D14A8F7B90BC2C
:10B9B00066B68D2907EEEE3FBAAEDC56D9C355BC4C
:10B9C000FB154FB8A2F3EE3F40F6A63D0EA490BC87
:10B9D0003A59E58D72F9EE3F3493AD38F4D668BC30
:10B9E000475EFBF276FFEE3F358A586BE2EE91BC84
:10B9F0004A06A130B005EF3FCDDD5F0AD7FF743CAA
:10BA0000D2C14B901E0CEF3FAC9892FAFBBD91BC9B
:10BA1000091ED75BC212EF3FB30CAF30AE6E733C62
:10BA20009C5285DD9B19EF3F94FD9F5C32E38E3C79
:10BA30007AD0FF5FAB20EF3FAC5909D18FE0843C57
:10BA40004BD1572EF127EF3F671A4E38AFCD633CED
:10BA5000B5E706946D2FEF3F6819926C2C6B673C2D
:10BA60006990EFDC2037EF3FD2B5CC83188A80BCD9
:10BA7000FAC35D550B3FEF3F6FFAFF3F5DAD8FBCE3
:10BA80007C89074A2D47EF3F49A97538AE0D90BC18
:10BA9000F2890D08874FEF3FA7073DA685A3743CA9
:10BAA00087A4FBDC1858EF3F0F2240209E9182BCF8
:10BAB0009883C916E360EF3FAC92C1D5505A8E3CD3
:10BAC0008532DB03E669EF3F4B6B01AC593A843CAE
:10BAD00060B401F32173EF3F1F3EB40721D582BC50
:10BAE0005F9B7B33977CEF3FC90D473BB92A89BCED
:10BAF00029A1F5144686EF3FD3883A6004B6743C1A
:10BB0000F63F8BE72E90EF3F71729D51ECC5833C61
:10BB1000834CC7FB519AEF3FF091D38F12F78FBC44
:10BB2000DA90A4A2AFA4EF3F7D7423E298AE8DBC5F
:10BB3000F1678E2D48AFEF3F0820AA41BCC38E3C71
:10BB4000275A61EE1BBAEF3F32EBA9C3942B843C1A
:10BB500097BA6B372BC5EF3FEE85D131A9648A3C8C
:10BB600040456E5B76D0EF3FEDE33BE4BA378EBCE9
:10BB700014BE9CADFDDBEF3F9DCD914D3B89773CE5
:10BB8000D8909E81C1E7EF3F89CC6041C105533C0D
:10BB9000F1718F2BC2F3EF3F0038FAFE422EE63FE1
:10BBA0003067C79357F32E3D010000000000E0BF4F
:10BBB0005B3051555555D53F9045EBFFFFFFCFBF4B
:10BBC0001101F124B399C93F9FC806E57555C5BF5A
:10BBD000000000000000E0BF775555555555D53F92
:10BBE000CBFDFFFFFFFFCFBF0CDD95999999C93FB2
:10BBF000A74567555555C5BF30DE44A32449C23F0C
:10BC0000653D42A4FFFFBFBFCAD62A288471BC3F4E
:10BC1000FF68B043EB99B9BF85D0AFF78281B73FDA
:10BC2000CD45D1751352B5BF9FDEE0C3F034F73F69
:10BC30000090E6797FCCD7BF1FE92C6A7813F73FD5
:10BC400000000DC2EE6FD7BFA0B5FA0860F2F63F54
:10BC500000E05113E313D7BF7D8C131FA6D1F63F2D
:10BC6000007828385BB8D6BFD1B4C50B49B1F63FD0
:10BC700000788090555DD6BFBA0C2F334791F63FC0
:10BC800000001876D002D6BF234222189F71F63FDB
:10BC900000909086CAA8D5BFD91EA5994F52F63FED
:10BCA00000500356434FD5BFC4248FAA5633F63FE6
:10BCB00000406BC337F6D4BF14DC9D6BB314F63F62
:10BCC0000050A8FDA79DD4BF4C5CC65264F6F53F5A
:10BCD00000A889399245D4BF4F2C91B567D8F53F5C
:10BCE00000B8B039F4EDD3BFDE905BCBBCBAF53F02
:10BCF00000708F44CE96D3BF781AD9F2619DF53F7C
:10BD000000A0BD171E40D3BF875646125680F53F90
:10BD1000008046EFE2E9D2BFD36BE7CE9763F53FF1
:10BD200000E030381B94D2BF937FA7E22547F53F50
:10BD30000088DA8CC53ED2BF83450642FF2AF53F14
:10BD400000902729E1E9D1BFDFBDB2DB220FF53F2B
:10BD500000F8482B6D95D1BFD7DE34478FF3F43F01
:10BD600000F8B99A6741D1BF4028DECF43D8F43FED
:10BD70000098EF94D0EDD0BFC8A378C03EBDF43F8B
:10BD80000010DB18A59AD0BF8A25E0C37FA2F43F3C
:10BD900000B86352E647D0BF3484D4240588F43F0A
:10BDA00000F0864522EBCFBF0B2D191BCE6DF43F63
:10BDB00000B017754A47CFBF541839D3D953F43F51
:10BDC0000030103D44A4CEBF5A84B444273AF43F17
:10BDD00000B0E9440D02CEBFFBF81541B520F43F99
:10BDE00000F07729A260CDBFB1F43EDA8207F43FBC
:10BDF0000090950401C0CCBF8FFE575D8FEEF33FDE
:10BE0000001089562920CCBFE94C0BA0D9D5F33FAF
:10BE10000010818D1781CBBF2BC110C060BDF33FD7
:10BE200000D0D3CCC9E2CABFB8DA752B24A5F33F42
:10BE30000090122E4045CABF02D09FCD228DF33F05
:10BE400000F01D6877A8C9BF1C7A84C55B75F33FF5
:10BE5000003048696D0CC9BFE236AD49CE5DF33F95
:10BE600000C045A62071C8BF40D44D987946F33F25
:10BE7000003014B48FD6C7BF24CBFFCE5C2FF33F66
:10BE80000070623CB83CC7BF490DA1757718F33FFD
:10BE90000060379B9AA3C6BF90393E37C801F33F75
:10BEA00000A0B754310BC6BF41F895BB4EEBF23F33
:10BEB000003024767D73C5BFD1A919020AD5F23F9F
:10BEC0000030C28F7BDCC4BF2AFDB7A8F9BEF23FA9
:10BED0000000D2512C46C4BFAB1B0C7A1CA9F23F08
:10BEE000000083BC8AB0C3BF30B514607293F23FC8
:10BEF0000000496B991BC3BFF5A15757FA7DF23F6C
:10BF00000040A4905487C2BFBF3B1D9BB368F23F63
:10BF100000A079F8B9F3C1BFBDF58F839D53F23FFF
:10BF200000A02C25C860C1BF3B08C9AAB73EF23F9C
:10BF30000020F7577FCEC0BFB640A92B012AF23FA1
:10BF400000A0FE49DC3CC0BF3241CC967915F23FDF
:10BF500000804BBCBD57BFBF9BFCD21D2001F23FF0
:10BF6000004040960837BEBF0B484D49F4ECF13F06
:10BF70000040F93E9817BDBF69658F52F5D8F13F73
:10BF800000A0D84E67F9BBBF7C7E571123C5F13F97
:10BF900000602F2079DCBABFE926CB747CB1F13F79
:10BFA000008028E7C3C0B9BFB61A2C0C019EF13F30
:10BFB00000C072B346A6B8BFBD70B67BB08AF13F71
:10BFC0000000ACB3018DB7BFB6BCEF258A77F13F57
:10BFD00000003845F174B6BFDA314C358D64F13F5D
:10BFE0000080876D0E5EB5BFDD5F2790B951F13FD0
:10BFF00000E0A1DE5C48B4BF4CD232A40E3FF13F5A
:10C0000000A06A4DD933B3BFDAF910728B2CF13F1F
:10C010000060C5F87920B2BF31B5EC28301AF13F85
:10C0200000206298460EB1BFAF3484DAFB07F13FBF
:10C030000000D26A6CFAAFBFB36B4E0FEEF5F03F63
:10C040000040774A8DDAADBFCE9F2A5D06E4F03F0F
:10C05000000085E4ECBCABBF21A52C6344D2F03FCB
:10C0600000C0124089A1A9BF1A98E27CA7C0F03F86
:10C0700000C002335888A7BFD136C6832FAFF03F28
:10C080000080D6675E71A5BF3913A098DB9DF03F95
:10C09000008065498A5CA3BFDFE752AFAB8CF03FFD
:10C0A00000401564E349A1BFFB284E2F9F7BF03F62
:10C0B0000080EB82C0729EBF198F358CB56AF03F4D
:10C0C00000805252F1559ABF2CF9ECA5EE59F03F81
:10C0D000008081CF623D96BF902CD1CD4949F03F81
:10C0E0000000AA8CFB2892BFA9ADF0C6C638F03F6D
:10C0F0000000F9207B318CBFA93279136528F03F0D
:10C100000000AA5D351984BF4873EA272418F03F60
:10C110000000ECC2031278BF95B114060408F03F8A
:10C1200000002479090460BF1AFA26F71FE0EF3FE8
:10C1300000009084F3EF6F3F74EA61C21CA1EF3FEF
:10C1400000003D3541DC873F2E9981B01063EF3F01
:10C150000080C2C4A3CE933FCDADEE3CF625EF3FA9
:10C1600000008914C19F9B3FE7139103C8E9EE3F8C
:10C17000000011CED8B0A13FABB1CB7880AEEE3F7E
:10C1800000C001D05B8AA53F9B0C9DA21A74EE3FB4
:10C190000080D840835CA93FB5990A83913AEE3F6D
:10C1A000008057EF6A27AD3F569A6009E001EE3FE5
:10C1B00000C098E59875B03F98BB77E501CAED3FA0
:10C1C00000200DE3F553B23F03917C0BF292ED3F5B
:10C1D0000000388BDD2EB43FCE5CFB66AC5CED3FDF
:10C1E00000C057875906B63F9DDE5EAA2C27ED3F5B
:10C1F00000006A3576DAB73FCD2C6B3E6EF2EC3F2D
:10C2000000601C4E43ABB93F0279A7A26DBEEC3F64
:10C2100000600DBBC778BB3F6D08376D268BEC3FC8
:10C220000020E7321343BD3F04585DBD9458EC3FF6
:10C230000060DE71310ABF3F8C9FBB33B526EC3FF7
:10C240000040912B1567C03F3FE7ECEE83F5EB3FD5
:10C2500000B092828547C13FC196DB75FDC4EB3FBC
:10C260000030CACD6E26C23F284A860C1E95EB3F91
:10C270000050C5A6D703C33F2C3EEFC5E265EB3F98
:10C280000010333CC3DFC33F8B88C9674837EB3F9F
:10C2900000807A6B36BAC43F4A301D214B09EB3F10
:10C2A00000F0D1283993C53F7EEFF285E8DBEA3F05
:10C2B00000F01824CD6AC63FA23D60311DAFEA3FB1
:10C2C000009066ECF840C73FA758D33FE682EA3FAC
:10C2D00000F01AF5C015C83F8B7309EF4057EA3FCD
:10C2E0000080F65429E9C83F274BAB902A2CEA3F3F
:10C2F0000040F80236BBC93FD1F29313A001EA3FD8
:10C3000000002C1CED8BCA3F1B3CDB249FD7E93F70
:10C3100000D0015C515BCB3F90B1C70525AEE93F32
:10C3200000C0BCCC6729CC3F2FCE97F22E85E93FC9
:10C33000006048D535F6CC3F754BA4EEBA5CE93FBA
:10C3400000C04634BDC1CD3F3848E79DC634E93F03
:10C3500000E0CFB8018CCE3FE652672F4F0DE93F8A
:10C36000009017C00955CF3F9DD7FF8E52E6E83F9A
:10C3700000B81F126C0ED03F7C00CC9FCEBFE83FB0
:10C3800000D0930EB871D03F0EC3BEDAC099E83F1B
:10C390000070869E6BD4D03FFB1723AA2774E83F1A
:10C3A00000D04B338736D13F089AB3AC004FE83FFB
:10C3B000004823670D98D13F553E65E8492AE83F7C
:10C3C0000080CCE0FFF8D13F6002F4950106E83F21
:10C3D000006863D75F59D23F29A3E06325E2E73FB6
:10C3E00000A8140930B9D23FADB5DC77B3BEE73F42
:10C3F000006043107218D33FC2259767AA9BE73F9E
:10C400000018EC6D2677D33F570617F20779E73F00
:10C410000030AFFB4FD5D33F0C13D6DBCA56E73FF6
:10C4200000E02FE3EE32D43FBEF3F879EC61F63F43
:10C43000DEAA8C80F77BD5BF3D88AF4AED71F53F12
:10C44000DB6DC0A7F0BED2BFB010F0F03995F43F5D
:10C45000673A517FAE1ED0BF8503B8B095C9F33F90
:10C46000E92482A6D831CBBFA564880C190DF33F0F
:10C470005877C00A4F57C6BFA08E0B7B225EF23F93
:10C4800000819CC72BAAC1BF3F341A4A4ABBF13F67
:10C490005E0E8CCE764EBABFBAE58AF05823F13FD5
:10C4A000CC1C615A3C97B1BFA70099413F95F03F22
:10C4B0001E0CE138F452A2BF000000000000F03F63
:10C4C0000000000000000000AC479AFD8C60EE3FC9
:10C4D0008459F25DAAA5AA3FA06A021FB3A4EC3F4B
:10C4E000B42E36AA535EBC3FE6FC6A573620EB3FBB
:10C4F00008DB2077E526C53F2DAAA163D1C2E93F1D
:10C500007047220D86C2CB3FED417803E686E83FB7
:10C51000E17EA0C88B05D13F624853F5DC67E73F59
:10C5200009EEB6573004D43FEF39FAFE422EE63F0B
:10C530003483B848A30ED0BF6A0BE00B5B57D53FDE
:10C5400023410AF2FEFFDFBF0080E03779C3414399
:10C55000176E05B5B5B89346F5F93FE9034F384D69
:10C56000321D30F94877825A3CBF737FDD4F157515
:10C57000000000000000F03F000000000000244028
:10C5800000000000000059400000000000408F4003
:10C59000000000000088C34000000000006AF8406E
:10C5A0000000000080842E4100000000D012634192
:10C5B0000000000084D797410000000065CDCD4108
:10C5C000000000205FA00242000000E876483742E9
:10C5D000000000A2941A6D42000040E59C30A24287
:10C5E0000000901EC4BCD64200003426F56B0C43FC
:10C5F0000080E03779C3414300A0D88557347643A3
:10C6000000C84E676DC1AB43003D9160E458E14303
:10C61000408CB5781DAF154450EFE2D6E41A4B4478
:10C6200092D54D06CFF08044F64AE1C7022DB544BD
:10C63000B49DD9794378EA440038FAFE422EE63FA9
:10C640003067C79357F32E3D000000000000E0BFA5
:10C65000605555555555E5BF060000000000E03F08
:10C660004E5559999999E93F7AA429555555E5BFF1
:10C67000E945489B5B49F2BFC33F268B2B00F03F47
:10C680000000000000A0F63F0000000000000000D5
:10C6900000C8B9F2822CD6BF8056372824B4FA3CA1
:10C6A000000000000080F63F0000000000000000D5
:10C6B000000858BFBDD1D5BF20F7E0D808A51CBDE4
:10C6C000000000000060F63F0000000000000000D5
:10C6D000005845177776D5BF6D50B6D5A46223BDF7
:10C6E000000000000040F63F0000000000000000D5
:10C6F00000F82D87AD1AD5BFD567B09EE484E6BC9F
:10C70000000000000020F63F0000000000000000D4
:10C71000007877955FBED4BFE03E2993691B04BDC6
:10C72000000000000000F63F0000000000000000D4
:10C7300000601CC28B61D4BFCC844C482FD8133D01
:10C740000000000000E0F53F0000000000000000D5
:10C7500000A886863004D4BF3A0B82EDF342DC3C5D
:10C760000000000000C0F53F0000000000000000D5
:10C77000004869554CA6D3BF60945186C6B1203D90
:10C780000000000000A0F53F0000000000000000D5
:10C790000080989ADD47D3BF9280C5D44D59253D7E
:10C7A000000000000080F53F0000000000000000D5
:10C7B0000020E1BAE2E8D2BFD82BB7991E7B263D14
:10C7C000000000000060F53F0000000000000000D5
:10C7D0000088DE135A89D2BF3FB0CFB614CA153DC8
:10C7E000000000000060F53F0000000000000000B5
:10C7F0000088DE135A89D2BF3FB0CFB614CA153DA8
:10C80000000000000040F53F0000000000000000B4
:10C810000078CFFB4129D2BF76DA5328245A16BDBF
:10C82000000000000020F53F0000000000000000B4
:10C83000009869C198C8D1BF0454E768BCAF1FBD58
:10C84000000000000000F53F0000000000000000B4
:10C8500000A8ABAB5C67D1BFF0A88233C61F1F3DF9
:10C860000000000000E0F43F0000000000000000B5
:10C870000048AEF98B05D1BF665A05FDC4A826BD98
:10C880000000000000C0F43F0000000000000000B5
:10C89000009073E224A3D0BF0E03F47EEE6B0CBDB8
:10C8A0000000000000A0F43F0000000000000000B5
:10C8B00000D0B4942540D0BF7F2DF49EB836F0BC94
:10C8C0000000000000A0F43F000000000000000095
:10C8D00000D0B4942540D0BF7F2DF49EB836F0BC74
:10C8E000000000000080F43F000000000000000095
:10C8F00000405E6D18B9CFBF873C99AB2A570D3DFC
:10C90000000000000060F43F000000000000000094
:10C910000060DCCBADF0CEBF24AF869CB7262B3DAC
:10C92000000000000040F43F000000000000000094
:10C9300000F02A6E0727CEBF10FF3F544F2F17BDC0
:10C94000000000000020F43F000000000000000094
:10C9500000C04F6B215CCDBF1B68CABB91BA213DA3
:10C96000000000000000F43F000000000000000094
:10C9700000A09AC7F78FCCBF34849F684F79273DBA
:10C98000000000000000F43F000000000000000074
:10C9900000A09AC7F78FCCBF34849F684F79273D9A
:10C9A0000000000000E0F33F000000000000000075
:10C9B00000902D7486C2CBBF8FB78B31B04E193D1E
:10C9C0000000000000C0F33F000000000000000075
:10C9D00000C0804EC9F3CABF6690CD3F634EBA3CDB
:10C9E0000000000000A0F33F000000000000000075
:10C9F00000B0E21FBC23CABFEAC146DC648C25BD7F
:10CA00000000000000A0F33F000000000000000054
:10CA100000B0E21FBC23CABFEAC146DC648C25BD5E
:10CA2000000000000080F33F000000000000000054
:10CA30000050F49C5A52C9BFE3D4C104D9D12ABDD5
:10CA4000000000000060F33F000000000000000054
:10CA500000D02065A07FC8BF09FADB7FBFBD2B3D9A
:10CA6000000000000040F33F000000000000000054
:10CA700000E0100289ABC7BF584A537290DB2B3DD0
:10CA8000000000000040F33F000000000000000034
:10CA900000E0100289ABC7BF584A537290DB2B3DB0
:10CAA000000000000020F33F000000000000000034
:10CAB00000D019E70FD6C6BF66E2B2A36AE410BD84
:10CAC000000000000000F33F000000000000000034
:10CAD0000090A77030FFC5BF3950109F439E1EBD08
:10CAE000000000000000F33F000000000000000014
:10CAF0000090A77030FFC5BF3950109F439E1EBDE8
:10CB00000000000000E0F23F000000000000000014
:10CB100000B0A1E3E526C5BF8F5B07908BDE20BD8B
:10CB20000000000000C0F23F000000000000000014
:10CB30000080CB6C2B4DC4BF3C783561C10C173DD8
:10CB40000000000000C0F23F0000000000000000F4
:10CB50000080CB6C2B4DC4BF3C783561C10C173DB8
:10CB60000000000000A0F23F0000000000000000F4
:10CB700000901E20FC71C3BF3A54274D8678F13CCB
:10CB8000000000000080F23F0000000000000000F4
:10CB900000F01FF85295C2BF08C47117308D24BD34
:10CBA000000000000060F23F0000000000000000F4
:10CBB00000602FD52AB7C1BF96A31118A4802EBD3F
:10CBC000000000000060F23F0000000000000000D4
:10CBD00000602FD52AB7C1BF96A31118A4802EBD1F
:10CBE000000000000040F23F0000000000000000D4
:10CBF0000090D07C7ED7C0BFF45BE88896690A3D80
:10CC0000000000000040F23F0000000000000000B3
:10CC10000090D07C7ED7C0BFF45BE88896690A3D5F
:10CC2000000000000020F23F0000000000000000B3
:10CC300000E0DB3191ECBFBFF233A35C547525BD3E
:10CC4000000000000000F23F0000000000000000B3
:10CC500000002B6E0727BEBF3C00F02A2C342A3D73
:10CC6000000000000000F23F000000000000000093
:10CC700000002B6E0727BEBF3C00F02A2C342A3D53
:10CC80000000000000E0F13F000000000000000094
:10CC900000C05B8F545EBCBF06BE5F58570C1DBD05
:10CCA0000000000000C0F13F000000000000000094
:10CCB00000E04A3A6D92BABFC8AA5BE83539253D13
:10CCC0000000000000C0F13F000000000000000074
:10CCD00000E04A3A6D92BABFC8AA5BE83539253DF3
:10CCE0000000000000A0F13F000000000000000074
:10CCF00000A031D645C3B8BF68562F4D297C133DDF
:10CD00000000000000A0F13F000000000000000053
:10CD100000A031D645C3B8BF68562F4D297C133DBE
:10CD2000000000000080F13F000000000000000053
:10CD30000060E58AD2F0B6BFDA7333C9379726BDF3
:10CD4000000000000060F13F000000000000000053
:10CD50000020063F071BB5BF575EC6615B021F3D43
:10CD6000000000000060F13F000000000000000033
:10CD70000020063F071BB5BF575EC6615B021F3D23
:10CD8000000000000040F13F000000000000000033
:10CD900000E01B96D741B3BFDF13F9CCDA5E2C3D20
:10CDA000000000000040F13F000000000000000013
:10CDB00000E01B96D741B3BFDF13F9CCDA5E2C3D00
:10CDC000000000000020F13F000000000000000013
:10CDD0000080A3EE3665B1BF09A38F765E7C143D5B
:10CDE000000000000000F13F000000000000000013
:10CDF000008011C0300AAFBF918E36839E592D3D01
:10CE0000000000000000F13F0000000000000000F2
:10CE1000008011C0300AAFBF918E36839E592D3DE0
:10CE20000000000000E0F03F0000000000000000F3
:10CE300000801971DD42ABBF4C70D6E57A821C3D93
:10CE40000000000000E0F03F0000000000000000D3
:10CE500000801971DD42ABBF4C70D6E57A821C3D73
:10CE60000000000000C0F03F0000000000000000D3
:10CE700000C032F65874A7BFEEA1F23446FC2CBDB8
:10CE80000000000000C0F03F0000000000000000B3
:10CE900000C032F65874A7BFEEA1F23446FC2CBD98
:10CEA0000000000000A0F03F0000000000000000B3
:10CEB00000C0FEB9879EA3BFAAFE26F5B702F53CC7
:10CEC0000000000000A0F03F000000000000000093
:10CED00000C0FEB9879EA3BFAAFE26F5B702F53CA7
:10CEE000000000000080F03F000000000000000093
:10CEF0000000780E9B829FBFE4097E7C268029BDBE
:10CF0000000000000080F03F000000000000000072
:10CF10000000780E9B829FBFE4097E7C268029BD9D
:10CF2000000000000060F03F000000000000000072
:10CF30000080D5071BB997BF39A6FA93548D28BD39
:10CF4000000000000040F03F000000000000000072
:10CF50000000FCB0A8C08FBF9CA6D3F67C1EDFBC2F
:10CF6000000000000040F03F000000000000000052
:10CF70000000FCB0A8C08FBF9CA6D3F67C1EDFBC0F
:10CF8000000000000020F03F000000000000000052
:10CF90000000106B2AE07FBFE440DA0D3FE219BDCC
:10CFA000000000000020F03F000000000000000032
:10CFB0000000106B2AE07FBFE440DA0D3FE219BDAC
:10CFC000000000000000F03F000000000000000032
:10CFD0000000000000000000000000000000000051
:10CFE000000000000000F03F000000000000000012
:10CFF0000000000000000000000000000000000031
:10D000000000000000C0EF3F000000000000000032
:10D01000000089751510803FE82B9D996BC710BDE6
:10D02000000000000080EF3F000000000000000052
:10D03000008093585620903FD2F7E2065BDC23BD78
:10D04000000000000040EF3F000000000000000072
:10D050000000C9282549983F340C5A32BAA02ABD8D
:10D06000000000000000EF3F000000000000000092
:10D070000040E7895D41A03F53D7F15CC011013DFD
:10D080000000000000C0EE3F0000000000000000B3
:10D0900000002ED4AE66A43F28FDBD7573162CBDCE
:10D0A000000000000080EE3F0000000000000000D3
:10D0B00000C09F14AA94A83F7D265AD0957919BD27
:10D0C000000000000040EE3F0000000000000000F3
:10D0D00000C0DDCD73CBAC3F0728D847F2681ABD3E
:10D0E000000000000020EE3F0000000000000000F3
:10D0F00000C006C031EAAE3F7B3BC94F3E110EBDBA
:10D100000000000000E0ED3F000000000000000013
:10D11000006046D13B97B13F9B9E0D565D3225BDC9
:10D120000000000000A0ED3F000000000000000033
:10D1300000E0D1A7F5BDB33FD74EDBA55EC82C3DBF
:10D14000000000000060ED3F000000000000000053
:10D1500000A0974D5AE9B53F1E1D5D3C06692CBDE8
:10D16000000000000040ED3F000000000000000053
:10D1700000C0EA0AD300B73F32ED9DA98D1EEC3CFA
:10D18000000000000000ED3F000000000000000073
:10D190000040595D5E33B93FDA47BD3A5C11233D2B
:10D1A0000000000000C0EC3F000000000000000094
:10D1B0000060AD8DC86ABB3FE568F72B809013BD5A
:10D1C0000000000000A0EC3F000000000000000094
:10D1D0000040BC015888BC3FD3AC5AC6D146263D5E
:10D1E000000000000060EC3F0000000000000000B4
:10D1F00000200A8339C7BE3FE045E6AF68C02DBDB9
:10D20000000000000040EC3F0000000000000000B3
:10D2100000E0DB3991E8BF3FFD0AA14FD63425BDC0
:10D22000000000000000EC3F0000000000000000D3
:10D2300000E027828E17C13FF2072DCE78EF213D07
:10D240000000000000E0EB3F0000000000000000D4
:10D2500000F0237E2BAAC13F349938448EA72C3D81
:10D260000000000000A0EB3F0000000000000000F4
:10D270000080860C61D1C23FA1B481CB6C9D033D7F
:10D28000000000000080EB3F0000000000000000F4
:10D29000009015B0FC65C33F89724B23A82FC63C94
:10D2A000000000000040EB3F000000000000000014
:10D2B00000B033833D91C43F78B6FD547983253D5A
:10D2C000000000000020EB3F000000000000000014
:10D2D00000B0A1E4E527C53FC77D69E5E833263DF9
:10D2E0000000000000E0EA3F000000000000000035
:10D2F00000108CBE4E57C63F782E3C2C8BCF193D6C
:10D300000000000000C0EA3F000000000000000034
:10D310000070758B12F0C63FE1219CE58D1125BD93
:10D320000000000000A0EA3F000000000000000034
:10D33000005044858D89C73F0543917010661CBD20
:10D34000000000000060EA3F000000000000000054
:10D35000000039EBAFBEC83FD12CE9AA543D07BD50
:10D36000000000000040EA3F000000000000000054
:10D370000000F7DC5A5AC93F6FFFA05828F2073D5A
:10D38000000000000000EA3F000000000000000074
:10D3900000E08A3CED93CA3F69215650437228BD94
:10D3A0000000000000E0E93F000000000000000075
:10D3B00000D05B57D831CB3FAAE1AC4E8D350CBDC8
:10D3C0000000000000C0E93F000000000000000075
:10D3D00000E03B3887D0CB3FB6125459C44B2DBD2B
:10D3E0000000000000A0E93F000000000000000075
:10D3F0000010F0C6FB6FCC3FD22B96C572ECF1BC8F
:10D40000000000000060E93F000000000000000094
:10D410000090D4B03DB1CD3F35B015F72AFF2ABDFD
:10D42000000000000040E93F000000000000000094
:10D430000010E7FF0E53CE3F30F441602712C23C8C
:10D44000000000000020E93F000000000000000094
:10D450000000DDE4ADF5CE3F118EBB651521CABCE1
:10D46000000000000000E93F000000000000000094
:10D4700000B0B36C1C99CF3F30DF0CCAECCB1B3D26
:10D480000000000000C0E83F0000000000000000B5
:10D4900000584D603871D03F914EED16DB9CF83C42
:10D4A0000000000000A0E83F0000000000000000B5
:10D4B000006061672DC4D03FE9EA3C168B18273D18
:10D4C000000000000080E83F0000000000000000B5
:10D4D00000E827828E17D13F1CF0A5630E212CBDDA
:10D4E000000000000060E83F0000000000000000B5
:10D4F00000F8ACCB5C6BD13F8116A5F7CD9A2B3DE4
:10D50000000000000040E83F0000000000000000B4
:10D5100000685A6399BFD13FB7BD4751EDA62C3D76
:10D52000000000000020E83F0000000000000000B4
:10D5300000B80E6D4514D23FEABA46BADE870A3DFE
:10D540000000000000E0E73F0000000000000000D5
:10D550000090DC7CF0BED23FF404504AFA9C2A3D95
:10D560000000000000C0E73F0000000000000000D5
:10D570000060D3E1F114D33FB83C21D37AE228BD57
:10D580000000000000A0E73F0000000000000000D5
:10D590000010BE76676BD33FC877F1B0CD6E113DFA
:10D5A000000000000080E73F0000000000000000D5
:10D5B0000030337752C2D33F5CBD06B6543B183DB2
:10D5C000000000000060E73F0000000000000000D5
:10D5D00000E8D523B419D43F9DE090EC36E4083D33
:10D5E000000000000040E73F0000000000000000D5
:10D5F00000C871C28D71D43F75D66709CE272FBD83
:10D60000000000000020E73F0000000000000000D4
:10D610000030179EE0C9D43FA4D80A1B89202EBD34
:10D62000000000000000E73F0000000000000000D4
:10D6300000A03807AE22D53F59C7648170BE2E3D89
:10D640000000000000E0E63F0000000000000000D5
:10D6500000D0C853F77BD53FEF405DEEEDAD1F3DE9
:10D660000000000000C0E63F0000000000000000D5
:10D67000006059DFBDD5D53FDC65A4082A0B0ABD83
:10D68000BEF3F879EC61F63F1930965BC6FEDEBF5B
:10D690003D88AF4AED71F53FA4FCD432680BDBBF87
:10D6A000B010F0F03995F43F7BB71F0A8B41D7BF1C
:10D6B0008503B8B095C9F33F7BCF6D1AE99DD3BF01
:10D6C000A564880C190DF33F31B6F2F39B1DD0BF52
:10D6D000A08E0B7B225EF23FF07A3B1B1D7CC9BF04
:10D6E0003F341A4A4ABBF13F9F3CAF93E3F9C2BFB4
:10D6F000BAE58AF05823F13F5C8D78BFCB60B9BFA3
:10D70000A70099413F95F03FCE5F47B69D6FAABFF6
:10D71000000000000000F03F0000000000000000DA
:10D72000AC479AFD8C60EE3F3DF5249FCA38B33F6D
:10D73000A06A021FB3A4EC3FBA913854A976C43F43
:10D74000E6FC6A573620EB3FD2E4C44A0B84CE3F56
:10D750002DAAA163D1C2E93F1C65C6F04506D43F9E
:10D76000ED417803E686E83FF89F1B2C9C8ED83F5E
:10D77000624853F5DC67E73FCC7BB14EA4E0DC3F69
:10D780000B6E49C91676D23F7AC675A06919D7BF04
:10D79000DDBAA76C0AC7DE3FC8F6BE484715E7BF2B
:10D7A0002BB82A654715F73F000000000000F03F46
:10D7B000000000000000F0BF000000000000F0BF0B
:10D7C000000000000000F03F83C8C96D305F644175
:10D7D000182D4454FB21F93F000000000000F03FE9
:10D7E0001C620CFDFFFFDFBF198F06E15355A53FFB
:10D7F0009D359AE887C056BFC3F87B024393F93E34
:10D8000003A695595455C5BFC40B23057610813F17
:10D8100024CF7437EB9429BF000000000000F03FD4
:10D82000000000000000F0BF000000000000F0BF9A
:10D83000000000000000F03F83C8C96D305F644104
:10D84000182D4454FB21F93F000000000000F0BFF8
:10D850001C620CFDFFFFDF3F198F06E15355A5BF8A
:10D860009D359AE887C0563FC3F87B024393F9BEC3
:10D8700003A695595455C5BFC40B23057610813FA7
:10D8800024CF7437EB9429BFBC89D897B2D29C3C83
:10D8900033A7A8D523F649393DA7F444FD0FA53297
:10D8A0009D978CCF08BA5B25436FAC64280668113E
:10D8B0000A0000003200000064000000FA000000CE
:10D8C000E803000010270000A086010040420F007E
:10D8D0000A00000032000000FA000000F40100001D
:10D8E000B19C0020B59C0020B99C0020BD9C00206C
:10D8F000C19C0020C59C0020C99C0020A79C002042
:10D90000E16F0020AB9C0020AE9C0020AE9C00206C
:10D91000269E0020269E00200D0000007F000000B3
:10D9200058000000370000003800000039000000F7
:10D930003400000035000000360000003100000017
:10D940003200000033000000300000007F000000C3
:10D950007F0000007F0000007F00000099000000B1
:10D96000E0FF000000F8000000F800001F000000C9
:10D97000E0070000E00700001F0000001F0000009B
:10D980001F00000000F8000000F8000000F8000090
:10D9900000F800000000000000000000E0FF0000B0
:10D9A000E0FF00000000000000000000FFFF00009A
:10D9B000FFFF0000FFFF000000000000000000006B
:10D9C000FFFF0000FFFF0000FFFF0000FFFF00005F
:10D9D000FFFF0000FFFF0000FFFF0000FFFF00004F
:10D9E000FFFF00000000000000000000FFFF00003B
:10D9F000A59C0020D56E00204D9F0020CD990020D1
:10DA0000169B0020E16F0020019E0020A99C0020B1
:10DA1000AC9C00202C9B0020059E0020547300200D
:10DA2000568E00200E940020D56E0020D56E00206A
:10DA3000D56E00205B9800200B9E0020109E0020D9
:10DA4000159E00201A9E00201F9E0020249E00206C
:10DA5000299E0020E29D00202E9E0020339E002063
:10DA6000389E00203D9E0020429E0020479E0020C0
:10DA7000CDCC0E4200002A4200005D4200009942D7
:10DA80000000AA420000AA42DB0F49BFE4CB1640C7
:10DA9000E4CB16C000000080DB0F4940DB0F49C01B
:10DAA00000000000000000802026D700305614013E
:10DAB00030B94201D0667C01404CAE01020000004A
:10DAC0000300000004000000050000000600000044
:10DAD000020000000600000002000000000000003C
:10DAE000049B002001000000089B002002000000B1
:10DAF0000D9B0020030000000C9B00200400000090
:10DB0000109B002005000000149B00200600000070
:10DB1000189B002007000000209B00200800000048
:10DB2000289B0020090000002E9B0020CD9C002097
:10DB300000000000B4BA0020010000000300000053
:10DB4000000000006A020000D200000029940000DA
:10DB5000E894002098BA0020609F00200100000097
:10DB60000300000001000000DD020000D200000000
:10DB700000000000D29C0020A4CB0020A0CB0020FD
:10DB80000000000007000000000000006A02000022
:10DB9000F2000000019E0000DA9C002070C300200B
:10DBA0006CC3002000000000030000000000000023
:10DBB000EC020000F2000000019E0000E29C002048
:10DBC000CCCB002010CB00200000000003000000A0
:10DBD000000000006A0200000601000000000000D2
:10DBE000E89C0020ACC8002030100220000000009B
:10DBF0000400000001000000EC020000060100002B
:10DC000000000000F09C0020C0C800200D2B022066
:10DC10000000000003000000010000006A02000094
:10DC20001A01000000000000FB9C0020C0C800207A
:10DC30008006022000000000060000000100000035
:10DC4000EC0200001A01000039980000059D002038
:10DC500024C300207410022000000000080000000F
:10DC6000010000006A0200002E0100000000000018
:10DC70000C9D0020000000000000000000000000DB
:10DC80000300000000000000EC0200002E01000074
:10DC9000ED930000159D0020000000000000000032
:10DCA000000000000A000000010000006A020000FD
:10DCB0004201000045990000209D0020C0C80020BE
:10DCC000E00E022000000000030000000100000040
:10DCD0006A0200005601000000000000299D00209B
:10DCE000C8C8002058A30020000000000C0000005D
:10DCF000000000006A0200006A010000ED970000C9
:10DD0000339D0020C0C5002020100220000000002C
:10DD10000A000000010000006A0200007E0100000D
:10DD2000319500003E9D002050C30020580F022076
:10DD30000000000008000000010000006A0200006E
:10DD40007E01000000000000499D002048C3002023
:10DD5000540F02200000000004000000000000003A
:10DD6000EC0200007E01000000000000519D002038
:10DD700060C30020600F02200000000007000000C8
:10DD8000010000006A020000920100000000000093
:10DD9000559D002040C300204C0F022000000000D1
:10DDA0000400000001000000EC02000092010000ED
:10DDB000000000005E9D0020000000005CC3002009
:10DDC0000000000005000000000000006A020000E2
:10DDD000A6010000B9960000679D00200000000029
:10DDE00058C30020000000000500000000000000F3
:10DDF000EC020000A6010000B9960000709D002012
:10DE0000000000000000000000000000040000000E
:10DE1000020000006A020000BA010000E594000060
:10DE2000779D0020000000000000000000000000BE
:10DE30000400000002000000EC020000BA01000033
:10DE4000899400007D9D002000000000000000007B
:10DE50000000000003000000010000006A02000052
:10DE6000CE01000099930000839D00200000000077
:10DE7000000000000000000004000000010000009D
:10DE8000EC020000CE0100007198000000000000CC
:10DE900066D8493C7AD4C93C745A173DCBC4493D35
:10DEA0004A277C3DFE3F973D7766B03D1686C93DCB
:10DEB000E09DE23DDBACFB3D08590A3E42D6163EF2
:10DEC0009F4D233EA4BE2F3ED5283C3EB78B483EF7
:10DED000CDE6543E9E39613EAF836D3E85C4793EAA
:10DEE000D3FD823E4D14893E73258F3E0931953E08
:10DEF000D4369B3E9636A13E1530A73E1523AD3E47
:10DF00005A0FB33EABF4B83ECCD2BE3E82A9C43E5B
:10DF10009578CA3EC93FD03EE6FED53EB2B5DB3E5F
:10DF2000F563E13E7609E73EFDA5EC3E5239F23E4F
:10DF30003DC3F73E8843FD3EFE5C013F3113043F85
:10DF400042C4063F1770093F95160C3FA1B70E3F1C
:10DF50002153113FFCE8133F1879163F5B03193F2B
:10DF6000AC871B3FF2051E3F147E203FFAEF223F95
:10DF70008B5B253FAFC0273F4E1F2A3F51772C3F79
:10DF8000A1C82E3F2613313FCA56333F7693353F03
:10DF900013C9373F8DF7393FCD1E3C3FBD3E3E3F55
:10DFA0004957403F5C68423FE171443FC573463F7B
:10DFB000F26D483F55604A3FDB4A4C3F722D4E3F61
:10DFC0000508503F83DA513FDAA4533FF766553FC7
:10DFD000CA20573F41D2583F4B7B5A3FD81B5C3F2A
:10DFE000D7B35D3F39435F3FEFC9603FE847623FCA
:10DFF00017BD633F6C29653FDA8C663F52E7673F88
:10E00000C838693F2E816A3F77C06B3F97F66C3FF7
:10E0100082236E3F2C476F3F8B61703F9272713F3E
:10E02000377A723F7178733F346D743F7958753F1A
:10E03000353A763F5F12773FF0E0773FE0A5783FD3
:10E040002661793FBB127A3F99BA7A3FB9587B3F34
:10E0500015ED7B3FA7777C3F6AF87C3F586F7D3F8B
:10E060006DDC7D3FA53F7E3FFD987E3F6FE87E3FA4
:10E07000FA2D7F3F9B697F3F509B7F3F15C37F3FBA
:10E08000EBE07F3FCFF47F3FC2FE7F3FC2FE7F3F8A
:10E09000CFF47F3FEBE07F3F15C37F3F509B7F3F37
:10E0A0009B697F3FFA2D7F3F6FE87E3FFD987E3F63
:10E0B000A53F7E3F6DDC7D3F586F7D3F6AF87C3F1A
:10E0C000A7777C3F15ED7B3FB9587B3F99BA7A3FE4
:10E0D000BB127A3F2661793FE0A5783FF0E0773FB9
:10E0E0005F12773F353A763F7958753F346D743F0C
:10E0F0007178733F377A723F9272713F8B61703FD4
:10E100002C476F3F82236E3F97F66C3F77C06B3F83
:10E110002E816A3FC838693F52E7673FDA8C663F15
:10E120006C29653F17BD633FE847623FEFC9603F19
:10E1300039435F3FD7B35D3FD81B5C3F4B7B5A3FB2
:10E1400041D2583FCA20573FF766553FDAA4533FA4
:10E1500083DA513F0508503F722D4E3FDB4A4C3F5A
:10E1600055604A3FF26D483FC573463FE171443FF9
:10E170005C68423F4957403FBD3E3E3FCD1E3C3F5D
:10E180008DF7393F13C9373F7693353FCA56333F32
:10E190002613313FA1C82E3F51772C3F4E1F2A3FF7
:10E1A000AFC0273F8B5B253FFAEF223F147E203F15
:10E1B000F2051E3FAC871B3F5B03193F1879163FE2
:10E1C000FCE8133F2153113FA1B70E3F95160C3FBA
:10E1D0001770093F42C4063F3113043FFE5C013F04
:10E1E0008843FD3E3DC3F73E5239F23EFDA5EC3E6D
:10E1F0007609E73EF563E13EB2B5DB3EE6FED53E8D
:10E20000C93FD03E9578CA3E82A9C43ECCD2BE3E1C
:10E21000ABF4B83E5A0FB33E1523AD3E1530A73EC2
:10E220009636A13ED4369B3E0931953E73258F3EEE
:10E230004D14893ED3FD823E85C4793EAF836D3E49
:10E240009E39613ECDE6543EB78B483ED5283C3ED4
:10E25000A4BE2F3E9F4D233E42D6163E08590A3E8D
:10E26000DBACFB3DE09DE23D1686C93D7766B03DE7
:10E27000FE3F973D4A277C3DCBC4493D745A173D2C
:10E280007AD4C93C66D8493C000000000000000078
:10E29000000000000000000000000000000000007E
:10E2A000000000000000000000000000000000006E
:10E2B000000000000000000000000000000000005E
:10E2C000000000000000000000000000000000004E
:10E2D000000000000000000000000000000000003E
:10E2E000000000000000000000000000000000002E
:10E2F000000000000000000000000000000000001E
:10E300000000000000000000000000000D96010069
:10E310000F96010011960100139601006CC00F408A
:10E32000030000000E0D00004DE900002A36000039
:10E33000140000001300000001000000F4841F40DE
:10E340002B32000014000000130000000100000048
:10E35000F8841F402D31000014000000130000005D
:10E3600001000000F0841F402CFFFF00140000009B
:10E37000000000000000000001000000000000009C
:10E38000EC841F4000000000000000006CC00F4043
:10E3900030000000100F00004DE9000001270000D0
:10E3A00017000000120000000001000014851F404B
:10E3B0001AFF000012000000000000000100000031
:10E3C00018851F401BFF0000120000000000000025
:10E3D0000100000010851F400026FF00170000000C
:10E3E0001200000000000000010100000100000018
:10E3F0000C851F400C851F40000000006CC00F40C2
:10E40000C0000000504F00003DE900000CFF00007C
:10E4100013000000000000000000000024851F40E1
:10E420000BFF0000130000000000000000000000CF
:10E4300028851F400DFF00001300000000000000B1
:10E440000000000020851F400A2524001300000062
:10E450001200000012000000010203000000000092
:10E460001C851F40000000000000000000000000AC
:10E4700000000000EF310000073200002D2C0000EA
:10E480000F3100002F2F0000553000002930000010
:10E490000000000000000000F7AE010000000000D6
:10E4A0000000000079B90100000000000000000039
:10E4B000F3DB0000000000000000000005BA0100CE
:10E4C00000000000000000005DE20000000000000D
:10E4D000000000009FE300000000000000000000BA
:10E4E000F12D0100F92D0100F32D0100312F010064
:10E4F000672D01007D310100D1310100072E01009F
:10E500006531010069350100852E0100892D01006A
:10E51000DD330100532D0100572D01005F2D010057
:10E52000632D0100772D0100FF300100F73001005D
:10E53000873001004D2D01005B2D0100EF340100FB
:10E54000353201006F3401000000000000000000BF
:10E55000E5BF0100DDBF0100D9BF0100D5BF01004B
:10E56000D1BF0100CDBF0100C9BF0100C5BF01007F
:10E57000000000000000000055D80000000000006E
:10E580000000000009DF00000000000000000000A3
:10E5900025D40000ADD10000F1D40000B1D10000BD
:10E5A00031D4000000000000000000008D2C0000AD
:10E5B000332C00002D2C00005B2C00003F2C0000B1
:10E5C000672C00004B2C0000353200004D3200005B
:10E5D0000000000000000000EF31000007320000E2
:10E5E0002D2C00000F3100002F2F000055300000AF
:10E5F000293000000000000000000000758B0100C1
:10E600005B8B01002D2C0000312C0000000000006D
:10E6100000000000D92F0000FD2F00007530000021
:10E62000E5310000392F00003330000019310000BF
:10E63000292D0000A13000002F2E0000C72E000061
:10E64000B32F0000A92F0000E52C0000652F00006B
:10E65000C53200006F2F0000C72D00005F2D0000A5
:10E660009B31000065310000000000000000000048
:10E67000F7AE0100D59701002D2C0000312C0000D1
:10E68000F7AE0100F7AE0100F7AE01000000000098
:10E690000000000061E90000E5E9000045330000EA
:10E6A00025EB0000EBEA00003FEA00009FEA0000D3
:10E6B000F5E9000019EC000075EB000023ED000007
:10E6C0008DED00005DE9000000000000000000008A
:10E6D0001B8C0100418C01002D2C0000198C0100C5
:10E6E000D98B0100E58B0100038C010000000000C4
:10E6F00000000000FD3701006138010021360100F3
:10E70000A53C01002D4401004D3B0100A93501004D
:10E71000453C010039450100093E0100C93B0100AB
:10E72000E3350100E53C01009D370100A9370100F8
:10E7300015360100193601001D360100B5370100FC
:10E74000D1370100ED370100293A01007539010088
:10E75000213F0100A93F0100AD3E0100D5FFFFFFB1
:10E760001500000032000000FA0000008C000000DC
:10E77000FA000000E8000000FA0000003B01000081
:10E78000D5FFFFFF1500000032000000550000001B
:10E79000C8000000C8000000E8000000DA00000027
:10E7A0003B01000073910100659101006B91010034
:10E7B00071910100D8399D270054EA2A00A4781FDE
:10E7C000007B9A17A2000000F9A2000083F9A200C2
:10E7D0006E83F9A24E6E83F9444E6E8315444E6EDD
:10E7E0002915444EFC29154427FC29155727FC29D7
:10E7F000D15727FCF5D1572734F5D157DD34F5D162
:10E80000C0DD34F5DBC0DD3462DBC0DD9562DBC02A
:10E81000999562DB3C999562433C999590433C996C
:10E820004190433C0800000210000004180000065C
:10E83000200040002800400230004004380040061C
:10E84000400080004800800250008004580080068C
:10E850006000C0006800C0027000C0047800C006FC
:10E860008000000188000003900000059800000768
:10E87000A0004001A8004003B0004005B8004007D8
:10E88000C0008001C8008003D0008005D800800748
:10E89000E000C001E800C003F000C005F800C007B8
:10E8A000000100020801080210010804180108060E
:10E8B000200180022801480230014804380148063E
:10E8C000400100034801880250018804580188066D
:10E8D000600180036801C8027001C8047801C8069D
:10E8E00080010802880108039001080598010807C3
:10E8F000A0018802A8014803B0014805B8014807F3
:10E90000C0010803C8018803D0018805D801880721
:10E91000E0018803E801C803F001C805F801C80751
:10E92000080210020002000410021004180210066F
:10E93000200280042802500230025004380250069F
:10E9400040020005480290025002900458029006CE
:10E95000600280056802D0027002D0047802D006FE
:10E960008002080488021003900210059802100724
:10E97000A0028804A8025003B0025005B802500754
:10E98000C0020805C8029003D0029005D802900783
:10E99000E0028805E802D003F002D005F802D007B3
:10E9A00000030006080310061003180418031806D5
:10E9B00020038006280390063003580438035806C5
:10E9C00040030007480310075003980458039806B3
:10E9D00060038007680390077003D8047803D806A3
:10E9E0008003080688031806900318059803180783
:10E9F000A0038806A8039806B0035805B803580773
:10EA0000C0030807C8031807D0039805D803980760
:10EA1000E0038807E8039807F003D805F803D80750
:10EA2000080480041004200418042006280480052B
:10EA3000300460043804600640040006480488047A
:10EA40005004A0045804A006600410066804880559
:10EA50007004E0047804E006880480069004200531
:10EA600098042007A0040806A8048007B0046005E5
:10EA7000B8046007C0042006C8048806D004A005B6
:10EA8000D804A007E0041806E8048807F004E005AD
:10EA9000F804E0070805200510058005180528067C
:10EAA00028059005300588053805680640050007EB
:10EAB00048052007500580075805A8066005080787
:10EAC00068059805700588077805E80688059006AA
:10EAD00098052807A0052806A8059007B00528076F
:10EAE000B8056807C0051007C8059806D005900747
:10EAF000D805A807E0051807E8059807F005980766
:10EB0000F805E807180630063806700640060007C4
:10EB100048068007500608075806B006600610072A
:10EB200068069007700618077806F0068806A006A3
:10EB300098063007A806A007B0068807B806700731
:10EB4000C0062007C806A007D0062807D806B007C9
:10EB5000E0063007E806A807F0069807F806F00771
:10EB6000480750073807980750076007580770078D
:10EB70006007C0076807D0077807F0077007E0074D
:10EB8000B807F007A807B007D807F007C807E007DD
:10EB9000E807F00708000002100000041800000653
:10EBA000200000082800000A3000000C3800000E89
:10EBB00048004002500040045800400660004008F1
:10EBC0006800400A7000400C7800400E8800800207
:10EBD0009000800498008006A0008008A800800AA9
:10EBE000B000800CB800800EC800C002D000C00485
:10EBF000D800C006E000C008E800C00AF000C00C61
:10EC0000F800C00E080100031001000518010007FC
:10EC1000200100092801000B3001000D3801000F10
:10EC20004801400350014005580140076001400978
:10EC30006801400B7001400D7801400F880180038E
:10EC40009001800598018007A0018009A801800B30
:10EC5000B001800DB801800FC801C003D001C0050C
:10EC6000D801C007E001C009E801C00BF001C00DE8
:10EC7000F801C00F10020804180208062002080854
:10EC80002802080A3002080C3802080E5002480414
:10EC900058024806600248086802480A7002480C98
:10ECA0007802480E9002880498028806A00288081C
:10ECB000A802880AB002880CB802880ED002C804E4
:10ECC000D802C806E002C808E802C80AF002C80C68
:10ECD000F802C80E100308051803080720030809E6
:10ECE0002803080B3003080D3803080F50034805AC
:10ECF00058034807600348096803480B7003480D30
:10ED00007803480F9003880598038807A0038809B3
:10ED1000A803880BB003880DB803880FD003C8057B
:10ED2000D803C807E003C809E803C80BF003C80DFF
:10ED3000F803C80F18041006200410082804100A4D
:10ED40003004100C3804100E5804500660045008AB
:10ED50006804500A7004500C7804500E9804900611
:10ED6000A0049008A804900AB004900CB804900E77
:10ED7000D804D006E004D008E804D00AF004D00C8F
:10ED8000F804D00E18051007200510092805100BEF
:10ED90003005100D3805100F580550076005500953
:10EDA0006805500B7005500D7805500F98059007B9
:10EDB000A0059009A805900BB005900DB805900F1F
:10EDC000D805D007E005D009E805D00BF005D00D37
:10EDD000F805D00F200618082806180A3006180C67
:10EDE0003806180E600658086806580A7006580C4F
:10EDF0007806580EA0069808A806980AB006980C3F
:10EE0000B806980EE006D808E806D80AF006D80C2E
:10EE1000F806D80E200718092807180B3007180D18
:10EE20003807180F600758096807580B7007580D06
:10EE30007807580FA0079809A807980BB007980DF6
:10EE4000B807980FE007D809E807D80BF007D80DE6
:10EE5000F807D80F2808200A3008200C3808200EA0
:10EE60006808600A7008600C7808600EA808A00A9C
:10EE7000B008A00CB808A00EE808E00AF008E00C02
:10EE8000F808E00E2809200B3009200D3809200F62
:10EE90006809600B7009600D7809600FA809A00B64
:10EEA000B009A00DB809A00FE809E00BF009E00DCA
:10EEB000F809E00F300A280C380A280E700A680C8E
:10EEC000780A680EB00AA80CB80AA80EF00AE80C76
:10EED000F80AE80E300B280D380B280F700B680D60
:10EEE000780B680FB00BA80DB80BA80FF00BE80D4E
:10EEF000F80BE80F380C300E780C700EB80CB00E12
:10EF0000F80CF00E380D300F780D700FB80DB00FF3
:10EF1000F80DF00F00010000B84D0020143A002059
:10EF2000B801000000020000B8550020843D002018
:10EF3000C00100003863ED3EDA0F493F5E987B3F29
:10EF4000DA0FC93F6937AC3168212233B40F14336B
:10EF50006821A23300000042C8801F40B8821F40D1
:10EF60000800000000000042C4801F40B4821F401F
:10EF70000400000000C0004224801F4014821F4093
:10EF80001000000000C0004228801F4018821F406F
:10EF90002000000000C000422C801F401C821F4047
:10EFA0004000000000C0004234801F4024821F4007
:10EFB000000100000040004264811F4054831F4054
:10EFC000000400000040004280811F4070831F4009
:10EFD00000000200004000427C811F406C831F4003
:10EFE000000001000040004268811F4058831F401C
:10EFF00000080000004000423C811F402C831F405D
:10F00000010000000040004244811F4034831F4043
:10F01000040000000040004240811F4030831F4038
:10F02000020000000040004248811F4038831F401A
:10F03000080000000000004204811F40F4821F40CD
:10F04000000004000000004208811F40F8821F40B9
:10F05000000008000000004218811F4008831F4084
:10F06000000080000000004214811F4004831F4004
:10F07000000040000000004200811F40F0821F405D
:10F080000000020000000042FC801F40EC821F4094
:10F09000000001000000004224811F4014831F4033
:10F0A000000000040000004228811F4018831F4018
:10F0B00000000008000000421C811F400C831F401C
:10F0C000000000010000004220811F4010831F400B
:10F0D0000000000200000042EC801F40DC821F4064
:10F0E0000010000000000042F0801F40E0821F403E
:10F0F000002000000000004234811F4024831F4094
:10F10000000000400000004238811F4028831F405B
:10F11000000000800080004294801F4084821F40D5
:10F120000000040000C0004290801F4080821F4009
:10F130000000008000800042A8801F4098821F408D
:10F140000000800000800042A4801F4094821F4085
:10F1500000004000004000426C811F405C831F4063
:10F160000010000000C0004230801F4020821F407D
:10F170008000000000400042B0811F40A0831F407B
:10F180000000002000400042AC811F409C831F40D3
:10F19000000000100040004284811F4074831F4023
:10F1A000000004000040004288811F4078831F4017
:10F1B00000000800000000422C811F401C831F40FB
:10F1C000000000100000004230811F4020831F40DB
:10F1D00000000020000000420C811F40FC821F4004
:10F1E000000010000000004210811F4000831F40FB
:10F1F0000000200000800042C8811F40B8831F40EB
:10F200000080000000800042C4811F40B4831F4082
:10F210000040000000800042C0811F40B0831F40BA
:10F220000020000000800042BC811F40AC831F40D2
:10F230000010000000800042D0811F40C0831F40AA
:10F240000000020000800042CC811F40BC831F40B0
:10F250000000010000C0004274801F4064821F4013
:10F260000000000100C0004280801F4070821F40EB
:10F270000000000800C0004284801F4074821F40CC
:10F280000000001000C000426C801F405C821F40E4
:10F290000000400000C000427C801F406C821F4084
:10F2A0000000000400C0004278801F4068821F40B8
:10F2B0000000000200C0004288801F4078821F408A
:10F2C0000000002035000000CEFBFFFFCB03000054
:10F2D000010000000000000034000000CEFBFFFF32
:10F2E000CB0300000100000000000000020000004D
:10F2F0000300000004000000060000000000000001
:10F30000FB21F93FFB2109407CD91240FB21194028
:10F310007A6A1F407CD92240BBFD2540FB21294051
:10F320003A462C407A6A2F405C4731407CD93240C3
:10F330009C6B3440BBFD3540DB8F3740FB213940AF
:10F340001BB43A403A463C405AD83D407A6A3F4066
:10F350004C7E40405C4741406C1042407CD942406A
:10F360008CA243409C6B4440AC344540BBFD4540BF
:10F37000CBC64640DB8F4740EB584840FB21494015
:10F3800005000000190000007D00000007000000DB
:10F390000300000004000000080000000600000058
:10F3A000060000000200000007000000040000004A
:10F3B000040000000600000002000000030000003E
:10F3C0000100000000000000920E493CB10AC93C57
:10F3D0002BC3163D2EFB483D752B7B3D04A9963D66
:10F3E00080B6AF3D36BDC83D2FBCE13D73B2FA3D9E
:10F3F00087CF093E8340163EB5AB223EA2102F3E7A
:10F40000CF6E3B3EC2C5473E0115543E135C603E85
:10F410007F9A6C3ECCCF783EC07D823E938E883EF4
:10F42000229A8E3E32A0943E86A09A3EE59AA03E55
:10F43000128FA63ED47CAC3EEF63B23E2A44B83E67
:10F44000491DBE3E15EFC33E53B9C93ECA7BCF3EF0
:10F450004136D53E80E8DA3E4F92E03E7533E63ED7
:10F46000BBCBEB3EEA5AF13ECBE0F63E275DFC3EDD
:10F47000E4E7003F3D9C033F824B063F9BF5083F7E
:10F480006B9A0B3FDA390E3FCDD3103F2A68133FFA
:10F49000D9F6153FC07F183FC6021B3FD17F1D3FE5
:10F4A000CBF61F3F9967223F25D2243F5636273F90
:10F4B0001594293F4AEB2B3FDE3B2E3FBB85303F67
:10F4C000C9C8323FF304353F233A373F4268393FDA
:10F4D0003B8F3B3FF9AE3D3F67C73F3F70D8413F51
:10F4E00001E2433F03E4453F65DE473F12D1493F18
:10F4F000F8BB4B3F029F4D3F207A4F3F3D4D513F60
:10F500004918533F31DB543FE595563F5348583F28
:10F510006AF2593F1A945B3F532D5D3F05BE5E3F33
:10F520002146603F97C5613F5A3C633F59AA643FFB
:10F53000880F663FD86B673F3CBF683FA7096A3FAB
:10F540000C4B6B3F5E836C3F93B26D3F9ED86E3F1A
:10F5500073F56F3F0809713F5213723F4714733FB1
:10F56000DD0B743F0BFA743FC6DE753F07BA763F7A
:10F57000C58B773FF853783F9812793F9DC7793F05
:10F5800002737A3FBE147B3FCDAC7B3F283B7C3F70
:10F59000C9BF7C3FAC3A7D3FCCAB7D3F23137E3F60
:10F5A000B0707E3F6DC47E3F580E7F3F6D4E7F3FF3
:10F5B000AB847F3F0FB17F3F97D37F3F43EC7F3FCB
:10F5C00011FB7F3F0000803F11FB7F3F43EC7F3FFB
:10F5D00097D37F3F0FB17F3FAB847F3F6D4E7F3F1F
:10F5E000580E7F3F6DC47E3FB0707E3F23137E3F39
:10F5F000CCAB7D3FAC3A7D3FC9BF7C3F283B7C3FD5
:10F60000CDAC7B3FBE147B3F02737A3F9DC7793FF1
:10F610009812793FF853783FC58B773F07BA763F0A
:10F62000C6DE753F0BFA743FDD0B743F4714733F22
:10F630005213723F0809713F73F56F3F9ED86E3FBA
:10F6400093B26D3F5E836C3F0C4B6B3FA7096A3FE3
:10F650003CBF683FD86B673F880F663F59AA643F3D
:10F660005A3C633F97C5613F2146603F05BE5E3F00
:10F67000532D5D3F1A945B3F6AF2593F5348583F00
:10F68000E595563F31DB543F4918533F3D4D513FBF
:10F69000207A4F3F029F4D3FF8BB4B3F12D1493F6D
:10F6A00065DE473F03E4453F01E2433F70D8413FF9
:10F6B00067C73F3FF9AE3D3F3B8F3B3F4268393F15
:10F6C000233A373FF304353FC9C8323FBB85303F4B
:10F6D000DE3B2E3F4AEB2B3F1594293F5636273F02
:10F6E00025D2243F9967223FCBF61F3FD17F1D3F94
:10F6F000C6021B3FC07F183FD9F6153F2A68133F4B
:10F70000CDD3103FDA390E3F6B9A0B3F9BF5083F84
:10F71000824B063F3D9C033FE4E7003F275DFC3EF4
:10F72000CBE0F63EEA5AF13EBBCBEB3E7533E63E0C
:10F730004F92E03E80E8DA3E4136D53ECA7BCF3E6E
:10F7400053B9C93E15EFC33E491DBE3E2A44B83EDB
:10F75000EF63B23ED47CAC3E128FA63EE59AA03E4B
:10F7600086A09A3E32A0943E229A8E3E938E883E88
:10F77000C07D823ECCCF783E7F9A6C3E135C603E6B
:10F780000115543EC2C5473ECF6E3B3EA2102F3EF0
:10F79000B5AB223E8340163E87CF093E73B2FA3D99
:10F7A0002FBCE13D36BDC83D80B6AF3D04A9963DB6
:10F7B000752B7B3D2EFB483D2BC3163DB10AC93C42
:10F7C000920E493C00000000920E49BCB10AC9BC2F
:10F7D0002BC316BD2EFB48BD752B7BBD04A996BD62
:10F7E00080B6AFBD36BDC8BD2FBCE1BD73B2FABD9A
:10F7F00087CF09BE834016BEB5AB22BEA2102FBE76
:10F80000CF6E3BBEC2C547BE011554BE135C60BE81
:10F810007F9A6CBECCCF78BEC07D82BE938E88BEF0
:10F82000229A8EBE32A094BE86A09ABEE59AA0BE51
:10F83000128FA6BED47CACBEEF63B2BE2A44B8BE63
:10F84000491DBEBE15EFC3BE53B9C9BECA7BCFBEEC
:10F850004136D5BE80E8DABE4F92E0BE7533E6BED3
:10F86000BBCBEBBEEA5AF1BECBE0F6BE275DFCBED9
:10F87000E4E700BF3D9C03BF824B06BF9BF508BF7A
:10F880006B9A0BBFDA390EBFCDD310BF2A6813BFF6
:10F89000D9F615BFC07F18BFC6021BBFD17F1DBFE1
:10F8A000CBF61FBF996722BF25D224BF563627BF8C
:10F8B000159429BF4AEB2BBFDE3B2EBFBB8530BF63
:10F8C000C9C832BFF30435BF233A37BF426839BFD6
:10F8D0003B8F3BBFF9AE3DBF67C73FBF70D841BF4D
:10F8E00001E243BF03E445BF65DE47BF12D149BF14
:10F8F000F8BB4BBF029F4DBF207A4FBF3D4D51BF5C
:10F90000491853BF31DB54BFE59556BF534858BF24
:10F910006AF259BF1A945BBF532D5DBF05BE5EBF2F
:10F92000214660BF97C561BF5A3C63BF59AA64BFF7
:10F93000880F66BFD86B67BF3CBF68BFA7096ABFA7
:10F940000C4B6BBF5E836CBF93B26DBF9ED86EBF16
:10F9500073F56FBF080971BF521372BF471473BFAD
:10F96000DD0B74BF0BFA74BFC6DE75BF07BA76BF76
:10F97000C58B77BFF85378BF981279BF9DC779BF01
:10F9800002737ABFBE147BBFCDAC7BBF283B7CBF6C
:10F99000C9BF7CBFAC3A7DBFCCAB7DBF23137EBF5C
:10F9A000B0707EBF6DC47EBF580E7FBF6D4E7FBFEF
:10F9B000AB847FBF0FB17FBF97D37FBF43EC7FBFC7
:10F9C00011FB7FBF000080BF11FB7FBF43EC7FBFF7
:10F9D00097D37FBF0FB17FBFAB847FBF6D4E7FBF1B
:10F9E000580E7FBF6DC47EBFB0707EBF23137EBF35
:10F9F000CCAB7DBFAC3A7DBFC9BF7CBF283B7CBFD1
:10FA0000CDAC7BBFBE147BBF02737ABF9DC779BFED
:10FA1000981279BFF85378BFC58B77BF07BA76BF06
:10FA2000C6DE75BF0BFA74BFDD0B74BF471473BF1E
:10FA3000521372BF080971BF73F56FBF9ED86EBFB6
:10FA400093B26DBF5E836CBF0C4B6BBFA7096ABFDF
:10FA50003CBF68BFD86B67BF880F66BF59AA64BF39
:10FA60005A3C63BF97C561BF214660BF05BE5EBFFC
:10FA7000532D5DBF1A945BBF6AF259BF534858BFFC
:10FA8000E59556BF31DB54BF491853BF3D4D51BFBB
:10FA9000207A4FBF029F4DBFF8BB4BBF12D149BF69
:10FAA00065DE47BF03E445BF01E243BF70D841BFF5
:10FAB00067C73FBFF9AE3DBF3B8F3BBF426839BF11
:10FAC000233A37BFF30435BFC9C832BFBB8530BF47
:10FAD000DE3B2EBF4AEB2BBF159429BF563627BFFE
:10FAE00025D224BF996722BFCBF61FBFD17F1DBF90
:10FAF000C6021BBFC07F18BFD9F615BF2A6813BF47
:10FB0000CDD310BFDA390EBF6B9A0BBF9BF508BF80
:10FB1000824B06BF3D9C03BFE4E700BF275DFCBEF0
:10FB2000CBE0F6BEEA5AF1BEBBCBEBBE7533E6BE08
:10FB30004F92E0BE80E8DABE4136D5BECA7BCFBE6A
:10FB400053B9C9BE15EFC3BE491DBEBE2A44B8BED7
:10FB5000EF63B2BED47CACBE128FA6BEE59AA0BE47
:10FB600086A09ABE32A094BE229A8EBE938E88BE84
:10FB7000C07D82BECCCF78BE7F9A6CBE135C60BE67
:10FB8000011554BEC2C547BECF6E3BBEA2102FBEEC
:10FB9000B5AB22BE834016BE87CF09BE73B2FABD95
:10FBA0002FBCE1BD36BDC8BD80B6AFBD04A996BDB2
:10FBB000752B7BBD2EFB48BD2BC316BDB10AC9BC3E
:10FBC000920E49BC000000800000803F0000000051
:10FBD00043EC7F3FB00AC93C0FB17F3F2FFB483D4C
:10FBE0006D4E7F3F05A9963D6DC47E3F36BDC83D35
:10FBF00024137E3F73B2FA3DAC3A7D3F8340163EFC
:10FC0000283B7C3FA2102F3EBE147B3FC2C5473E1F
:10FC10009DC7793F135C603EF853783FCCCF783E68
:10FC200007BA763F938E883E0BFA743F31A0943E1C
:10FC30004714733FE59AA03E0809713FD47CAC3E5F
:10FC40009ED86E3F2A44B83E5E836C3F15EFC33E9C
:10FC5000A7096A3FCA7BCF3ED86B673F80E8DA3E90
:10FC600059AA643F7533E63E98C5613FEA5AF13EB2
:10FC700005BE5E3F275DFC3E1A945B3F3D9C033F03
:10FC80005348583F9BF5083F31DB543FDA390E3F6C
:10FC90003D4D513F2A68133F029F4D3FC07F183FA3
:10FCA00012D1493FD17F1D3F03E4453F9967223F71
:10FCB00070D8413F5636273FF9AE3D3F4AEB2B3FC8
:10FCC0004268393FBB85303FF304353FF304353F8D
:10FCD000BB85303F4268393F4AEB2B3FF9AE3D3F91
:10FCE0005636273F70D8413F9967223F03E4453F8E
:10FCF000D17F1D3F12D1493FC07F183F029F4D3F2A
:10FD00002A68133F3D4D513FDA390E3F31DB543FF6
:10FD10009BF5083F5348583F3D9C033F1A945B3F77
:10FD2000275DFC3E05BE5E3FEA5AF13E98C5613F45
:10FD30007533E63E59AA643F80E8DA3ED86B673FE8
:10FD4000CA7BCF3EA7096A3F15EFC33E5E836C3F77
:10FD50002A44B83E9ED86E3FD47CAC3E0809713F21
:10FD6000E59AA03E4714733F31A0943E0BFA743FCE
:10FD7000938E883E07BA763FCCCF783EF853783FD3
:10FD8000135C603E9DC7793FC2C5473EBE147B3FB2
:10FD9000A2102F3E283B7C3F8340163EAC3A7D3F6D
:10FDA00073B2FA3D24137E3F36BDC83D6DC47E3F1D
:10FDB00005A9963D6D4E7F3F2FFB483D0FB17F3F1C
:10FDC000B00AC93C43EC7F3F000000000000803FC8
:10FDD000B00AC9BC43EC7F3F2FFB48BD0FB17F3F4A
:10FDE00005A996BD6D4E7F3F36BDC8BD6DC47E3F33
:10FDF00073B2FABD24137E3F834016BEAC3A7D3FFA
:10FE0000A2102FBE283B7C3FC2C547BEBE147B3F1D
:10FE1000135C60BE9DC7793FCCCF78BEF853783F66
:10FE2000938E88BE07BA763F31A094BE0BFA743F1A
:10FE3000E59AA0BE4714733FD47CACBE0809713F5D
:10FE40002A44B8BE9ED86E3F15EFC3BE5E836C3F9A
:10FE5000CA7BCFBEA7096A3F80E8DABED86B673F8E
:10FE60007533E6BE59AA643FEA5AF1BE98C5613FB0
:10FE7000275DFCBE05BE5E3F3D9C03BF1A945B3F01
:10FE80009BF508BF5348583FDA390EBF31DB543F6A
:10FE90002A6813BF3D4D513FC07F18BF029F4D3FA1
:10FEA000D17F1DBF12D1493F996722BF03E4453F6F
:10FEB000563627BF70D8413F4AEB2BBFF9AE3D3FC6
:10FEC000BB8530BF4268393FF30435BFF304353F8B
:10FED000426839BFBB85303FF9AE3DBF4AEB2B3F8F
:10FEE00070D841BF5636273F03E445BF9967223F8C
:10FEF00012D149BFD17F1D3F029F4DBFC07F183F28
:10FF00003D4D51BF2A68133F31DB54BFDA390E3FF4
:10FF1000534858BF9BF5083F1A945BBF3D9C033F75
:10FF200005BE5EBF275DFC3E98C561BFEA5AF13E43
:10FF300059AA64BF7533E63ED86B67BF80E8DA3EE6
:10FF4000A7096ABFCA7BCF3E5E836CBF15EFC33E75
:10FF50009ED86EBF2A44B83E080971BFD47CAC3E1F
:10FF6000471473BFE59AA03E0BFA74BF31A0943ECC
:10FF700007BA76BF938E883EF85378BFCCCF783ED1
:10FF80009DC779BF135C603EBE147BBFC2C5473EB0
:10FF9000283B7CBFA2102F3EAC3A7DBF8340163E6B
:10FFA00024137EBF73B2FA3D6DC47EBF36BDC83D1B
:10FFB0006D4E7FBF05A9963D0FB17FBF2FFB483D1A
:10FFC00043EC7FBFB00AC93C000080BF00000000C6
:10FFD00043EC7FBFB00AC9BC0FB17FBF2FFB48BD48
:10FFE0006D4E7FBF05A996BD6DC47EBF36BDC8BD31
:10FFF00024137EBF73B2FABDAC3A7DBF834016BEF8
:02000004600496
:10000000283B7CBFA2102FBEBE147BBFC2C547BE1B
:100010009DC779BF135C60BEF85378BFCCCF78BE64
:1000200007BA76BF938E88BE0BFA74BF31A094BE18
:10003000471473BFE59AA0BE080971BFD47CACBE5B
:100040009ED86EBF2A44B8BE5E836CBF15EFC3BE98
:10005000A7096ABFCA7BCFBED86B67BF80E8DABE8C
:1000600059AA64BF7533E6BE98C561BFEA5AF1BEAE
:1000700005BE5EBF275DFCBE1A945BBF3D9C03BFFF
:10008000534858BF9BF508BF31DB54BFDA390EBF68
:100090003D4D51BF2A6813BF029F4DBFC07F18BF9F
:1000A00012D149BFD17F1DBF03E445BF996722BF6D
:1000B00070D841BF563627BFF9AE3DBF4AEB2BBFC4
:1000C000426839BFBB8530BFF30435BFF30435BF89
:1000D000BB8530BF426839BF4AEB2BBFF9AE3DBF8D
:1000E000563627BF70D841BF996722BF03E445BF8A
:1000F000D17F1DBF12D149BFC07F18BF029F4DBF26
:100100002A6813BF3D4D51BFDA390EBF31DB54BFF2
:100110009BF508BF534858BF3D9C03BF1A945BBF73
:10012000275DFCBE05BE5EBFEA5AF1BE98C561BF41
:100130007533E6BE59AA64BF80E8DABED86B67BFE4
:10014000CA7BCFBEA7096ABF15EFC3BE5E836CBF73
:100150002A44B8BE9ED86EBFD47CACBE080971BF1D
:10016000E59AA0BE471473BF31A094BE0BFA74BFCA
:10017000938E88BE07BA76BFCCCF78BEF85378BFCF
:10018000135C60BE9DC779BFC2C547BEBE147BBFAE
:10019000A2102FBE283B7CBF834016BEAC3A7DBF69
:1001A00073B2FABD24137EBF36BDC8BD6DC47EBF19
:1001B00005A996BD6D4E7FBF2FFB48BD0FB17FBF18
:1001C000B00AC9BC43EC7FBF00000080000080BFC4
:1001D000B00AC93C43EC7FBF2FFB483D0FB17FBF46
:1001E00005A9963D6D4E7FBF36BDC83D6DC47EBF2F
:1001F00073B2FA3D24137EBF8340163EAC3A7DBFF6
:10020000A2102F3E283B7CBFC2C5473EBE147BBF19
:10021000135C603E9DC779BFCCCF783EF85378BF62
:10022000938E883E07BA76BF31A0943E0BFA74BF16
:10023000E59AA03E471473BFD47CAC3E080971BF59
:100240002A44B83E9ED86EBF15EFC33E5E836CBF96
:10025000CA7BCF3EA7096ABF80E8DA3ED86B67BF8A
:100260007533E63E59AA64BFEA5AF13E98C561BFAC
:10027000275DFC3E05BE5EBF3D9C033F1A945BBFFD
:100280009BF5083F534858BFDA390E3F31DB54BF66
:100290002A68133F3D4D51BFC07F183F029F4DBF9D
:1002A000D17F1D3F12D149BF9967223F03E445BF6B
:1002B0005636273F70D841BF4AEB2B3FF9AE3DBFC2
:1002C000BB85303F426839BFF304353FF30435BF87
:1002D0004268393FBB8530BFF9AE3D3F4AEB2BBF8B
:1002E00070D8413F563627BF03E4453F996722BF88
:1002F00012D1493FD17F1DBF029F4D3FC07F18BF24
:100300003D4D513F2A6813BF31DB543FDA390EBFF0
:100310005348583F9BF508BF1A945B3F3D9C03BF71
:1003200005BE5E3F275DFCBE98C5613FEA5AF1BE3F
:1003300059AA643F7533E6BED86B673F80E8DABEE2
:10034000A7096A3FCA7BCFBE5E836C3F15EFC3BE71
:100350009ED86E3F2A44B8BE0809713FD47CACBE1B
:100360004714733FE59AA0BE0BFA743F31A094BEC8
:1003700007BA763F938E88BEF853783FCCCF78BECD
:100380009DC7793F135C60BEBE147B3FC2C547BEAC
:10039000283B7C3FA2102FBEAC3A7D3F834016BE67
:1003A00024137E3F73B2FABD6DC47E3F36BDC8BD17
:1003B0006D4E7F3F05A996BD0FB17F3F2FFB48BD16
:1003C00043EC7F3FB00AC9BC0000803F0000000042
:1003D00011FB7F3F900E493C43EC7F3FB00AC93C84
:1003E00098D37F3F2CC3163D0FB17F3F2FFB483D75
:1003F000AB847F3F742B7B3D6D4E7F3F05A9963DBF
:10040000580E7F3F80B6AF3D6DC47E3F36BDC83DC0
:10041000B0707E3F2EBCE13D24137E3F73B2FA3DA7
:10042000CCAB7D3F86CF093EAC3A7D3F8340163E44
:10043000C9BF7C3FB6AB223E283B7C3FA2102F3E7B
:10044000CDAC7B3FCF6E3B3EBE147B3FC2C5473E2B
:1004500002737A3F0115543E9DC7793F135C603E9D
:100460009812793F7F9A6C3EF853783FCCCF783E14
:10047000C58B773FC07D823E07BA763F938E883E1C
:10048000C6DE753F229A8E3E0BFA743F31A0943E31
:10049000DD0B743F86A09A3E4714733FE59AA03E59
:1004A0005213723F128FA63E0809713FD47CAC3EB6
:1004B00073F56F3FEF63B23E9ED86E3F2A44B83E5D
:1004C00093B26D3F4A1DBE3E5E836C3F15EFC33E47
:1004D0000C4B6B3F53B9C93EA7096A3FCA7BCF3E5D
:1004E0003CBF683F4136D53ED86B673F80E8DA3E77
:1004F000880F663F4F92E03E59AA643F7533E63E4F
:100500005A3C633FBBCBEB3E98C5613FEA5AF13E94
:100510002146603FCBE0F63E05BE5E3F275DFC3ED8
:10052000532D5D3FE4E7003F1A945B3F3D9C033F42
:100530006AF2593F824B063F5348583F9BF5083FAC
:10054000E595563F6B9A0B3F31DB543FDA390E3F4E
:100550004918533FCDD3103F3D4D513F2A68133FBB
:100560001F7A4F3FD9F6153F029F4D3FC07F183F7E
:10057000F8BB4B3FC6021B3F12D1493FD17F1D3F05
:1005800065DE473FCBF61F3F03E4453F9967223FB7
:1005900000E2433F25D2243F70D8413F5636273FE3
:1005A00067C73F3F1594293FF9AE3D3F4AEB2B3FCC
:1005B0003B8F3B3FDE3B2E3F4268393FBB85303FA0
:1005C000233A373FC9C8323FF304353FF304353F80
:1005D000C9C8323F233A373FBB85303F4268393F75
:1005E000DE3B2E3F3B8F3B3F4AEB2B3FF9AE3D3F7F
:1005F0001594293F67C73F3F5636273F70D8413F84
:1006000025D2243F00E2433F9967223F03E4453F60
:10061000CBF61F3F65DE473FD17F1D3F12D1493FDB
:10062000C6021B3FF8BB4B3FC07F183F029F4D3FA8
:10063000D9F6153F1F7A4F3F2A68133F3D4D513F72
:10064000CDD3103F4918533FDA390E3F31DB543FC9
:100650006B9A0B3FE595563F9BF5083F5348583F33
:10066000824B063F6AF2593F3D9C033F1A945B3F21
:10067000E4E7003F532D5D3F275DFC3E05BE5E3F36
:10068000CBE0F63E2146603FEA5AF13E98C5613F15
:10069000BBCBEB3E5A3C633F7533E63E59AA643F01
:1006A0004F92E03E880F663F80E8DA3ED86B673FA6
:1006B0004136D53E3CBF683FCA7BCF3EA7096A3F63
:1006C00053B9C93E0C4B6B3F15EFC33E5E836C3F85
:1006D0004A1DBE3E93B26D3F2A44B83E9ED86E3F3F
:1006E000EF63B23E73F56F3FD47CAC3E0809713FB7
:1006F000128FA63E5213723FE59AA03E4714733FF5
:1007000086A09A3EDD0B743F31A0943E0BFA743FF5
:10071000229A8E3EC6DE753F938E883E07BA763F9C
:10072000C07D823EC58B773FCCCF783EF853783F73
:100730007F9A6C3E9812793F135C603E9DC7793F6B
:100740000115543E02737A3FC2C5473EBE147B3F3B
:10075000CF6E3B3ECDAC7B3FA2102F3E283B7C3F73
:10076000B6AB223EC9BF7C3F8340163EAC3A7D3FCC
:1007700086CF093ECCAB7D3F73B2FA3D24137E3F5A
:100780002EBCE13DB0707E3F36BDC83D6DC47E3F9E
:1007900080B6AF3D580E7F3F05A9963D6D4E7F3F19
:1007A000742B7B3DAB847F3F2FFB483D0FB17F3FD8
:1007B0002CC3163D98D37F3FB00AC93C43EC7F3F22
:1007C000900E493C11FB7F3F000000000000803F7D
:1007D000900E49BC11FB7F3FB00AC9BC43EC7F3F80
:1007E0002CC316BD98D37F3F2FFB48BD0FB17F3F71
:1007F000742B7BBDAB847F3F05A996BD6D4E7F3FBB
:1008000080B6AFBD580E7F3F36BDC8BD6DC47E3FBC
:100810002EBCE1BDB0707E3F73B2FABD24137E3FA3
:1008200086CF09BECCAB7D3F834016BEAC3A7D3F40
:10083000B6AB22BEC9BF7C3FA2102FBE283B7C3F77
:10084000CF6E3BBECDAC7B3FC2C547BEBE147B3F27
:10085000011554BE02737A3F135C60BE9DC7793F99
:100860007F9A6CBE9812793FCCCF78BEF853783F10
:10087000C07D82BEC58B773F938E88BE07BA763F18
:10088000229A8EBEC6DE753F31A094BE0BFA743F2D
:1008900086A09ABEDD0B743FE59AA0BE4714733F55
:1008A000128FA6BE5213723FD47CACBE0809713FB2
:1008B000EF63B2BE73F56F3F2A44B8BE9ED86E3F59
:1008C0004A1DBEBE93B26D3F15EFC3BE5E836C3F43
:1008D00053B9C9BE0C4B6B3FCA7BCFBEA7096A3F59
:1008E0004136D5BE3CBF683F80E8DABED86B673F73
:1008F0004F92E0BE880F663F7533E6BE59AA643F4B
:10090000BBCBEBBE5A3C633FEA5AF1BE98C5613F90
:10091000CBE0F6BE2146603F275DFCBE05BE5E3FD4
:10092000E4E700BF532D5D3F3D9C03BF1A945B3F3E
:10093000824B06BF6AF2593F9BF508BF5348583FA8
:100940006B9A0BBFE595563FDA390EBF31DB543F4A
:10095000CDD310BF4918533F2A6813BF3D4D513FB7
:10096000D9F615BF1F7A4F3FC07F18BF029F4D3F7A
:10097000C6021BBFF8BB4B3FD17F1DBF12D1493F01
:10098000CBF61FBF65DE473F996722BF03E4453FB3
:1009900025D224BF00E2433F563627BF70D8413FDF
:1009A000159429BF67C73F3F4AEB2BBFF9AE3D3FC8
:1009B000DE3B2EBF3B8F3B3FBB8530BF4268393F9C
:1009C000C9C832BF233A373FF30435BFF304353F7C
:1009D000233A37BFC9C8323F426839BFBB85303F71
:1009E0003B8F3BBFDE3B2E3FF9AE3DBF4AEB2B3F7B
:1009F00067C73FBF1594293F70D841BF5636273F80
:100A000000E243BF25D2243F03E445BF9967223F5C
:100A100065DE47BFCBF61F3F12D149BFD17F1D3FD7
:100A2000F8BB4BBFC6021B3F029F4DBFC07F183FA4
:100A30001F7A4FBFD9F6153F3D4D51BF2A68133F6E
:100A4000491853BFCDD3103F31DB54BFDA390E3FC5
:100A5000E59556BF6B9A0B3F534858BF9BF5083F2F
:100A60006AF259BF824B063F1A945BBF3D9C033F1D
:100A7000532D5DBFE4E7003F05BE5EBF275DFC3E32
:100A8000214660BFCBE0F63E98C561BFEA5AF13E11
:100A90005A3C63BFBBCBEB3E59AA64BF7533E63EFD
:100AA000880F66BF4F92E03ED86B67BF80E8DA3EA2
:100AB0003CBF68BF4136D53EA7096ABFCA7BCF3E5F
:100AC0000C4B6BBF53B9C93E5E836CBF15EFC33E81
:100AD00093B26DBF4A1DBE3E9ED86EBF2A44B83E3B
:100AE00073F56FBFEF63B23E080971BFD47CAC3EB3
:100AF000521372BF128FA63E471473BFE59AA03EF1
:100B0000DD0B74BF86A09A3E0BFA74BF31A0943EF1
:100B1000C6DE75BF229A8E3E07BA76BF938E883E98
:100B2000C58B77BFC07D823EF85378BFCCCF783E6F
:100B3000981279BF7F9A6C3E9DC779BF135C603E67
:100B400002737ABF0115543EBE147BBFC2C5473E37
:100B5000CDAC7BBFCF6E3B3E283B7CBFA2102F3E6F
:100B6000C9BF7CBFB6AB223EAC3A7DBF8340163EC8
:100B7000CCAB7DBF86CF093E24137EBF73B2FA3D56
:100B8000B0707EBF2EBCE13D6DC47EBF36BDC83D9A
:100B9000580E7FBF80B6AF3D6D4E7FBF05A9963D15
:100BA000AB847FBF742B7B3D0FB17FBF2FFB483DD4
:100BB00098D37FBF2CC3163D43EC7FBFB00AC93C1E
:100BC00011FB7FBF900E493C000080BF0000000079
:100BD00011FB7FBF900E49BC43EC7FBFB00AC9BC7C
:100BE00098D37FBF2CC316BD0FB17FBF2FFB48BD6D
:100BF000AB847FBF742B7BBD6D4E7FBF05A996BDB7
:100C0000580E7FBF80B6AFBD6DC47EBF36BDC8BDB8
:100C1000B0707EBF2EBCE1BD24137EBF73B2FABD9F
:100C2000CCAB7DBF86CF09BEAC3A7DBF834016BE3C
:100C3000C9BF7CBFB6AB22BE283B7CBFA2102FBE73
:100C4000CDAC7BBFCF6E3BBEBE147BBFC2C547BE23
:100C500002737ABF011554BE9DC779BF135C60BE95
:100C6000981279BF7F9A6CBEF85378BFCCCF78BE0C
:100C7000C58B77BFC07D82BE07BA76BF938E88BE14
:100C8000C6DE75BF229A8EBE0BFA74BF31A094BE29
:100C9000DD0B74BF86A09ABE471473BFE59AA0BE51
:100CA000521372BF128FA6BE080971BFD47CACBEAE
:100CB00073F56FBFEF63B2BE9ED86EBF2A44B8BE55
:100CC00093B26DBF4A1DBEBE5E836CBF15EFC3BE3F
:100CD0000C4B6BBF53B9C9BEA7096ABFCA7BCFBE55
:100CE0003CBF68BF4136D5BED86B67BF80E8DABE6F
:100CF000880F66BF4F92E0BE59AA64BF7533E6BE47
:100D00005A3C63BFBBCBEBBE98C561BFEA5AF1BE8C
:100D1000214660BFCBE0F6BE05BE5EBF275DFCBED0
:100D2000532D5DBFE4E700BF1A945BBF3D9C03BF3A
:100D30006AF259BF824B06BF534858BF9BF508BFA4
:100D4000E59556BF6B9A0BBF31DB54BFDA390EBF46
:100D5000491853BFCDD310BF3D4D51BF2A6813BFB3
:100D60001F7A4FBFD9F615BF029F4DBFC07F18BF76
:100D7000F8BB4BBFC6021BBF12D149BFD17F1DBFFD
:100D800065DE47BFCBF61FBF03E445BF996722BFAF
:100D900000E243BF25D224BF70D841BF563627BFDB
:100DA00067C73FBF159429BFF9AE3DBF4AEB2BBFC4
:100DB0003B8F3BBFDE3B2EBF426839BFBB8530BF98
:100DC000233A37BFC9C832BFF30435BFF30435BF78
:100DD000C9C832BF233A37BFBB8530BF426839BF6D
:100DE000DE3B2EBF3B8F3BBF4AEB2BBFF9AE3DBF77
:100DF000159429BF67C73FBF563627BF70D841BF7C
:100E000025D224BF00E243BF996722BF03E445BF58
:100E1000CBF61FBF65DE47BFD17F1DBF12D149BFD3
:100E2000C6021BBFF8BB4BBFC07F18BF029F4DBFA0
:100E3000D9F615BF1F7A4FBF2A6813BF3D4D51BF6A
:100E4000CDD310BF491853BFDA390EBF31DB54BFC1
:100E50006B9A0BBFE59556BF9BF508BF534858BF2B
:100E6000824B06BF6AF259BF3D9C03BF1A945BBF19
:100E7000E4E700BF532D5DBF275DFCBE05BE5EBF2E
:100E8000CBE0F6BE214660BFEA5AF1BE98C561BF0D
:100E9000BBCBEBBE5A3C63BF7533E6BE59AA64BFF9
:100EA0004F92E0BE880F66BF80E8DABED86B67BF9E
:100EB0004136D5BE3CBF68BFCA7BCFBEA7096ABF5B
:100EC00053B9C9BE0C4B6BBF15EFC3BE5E836CBF7D
:100ED0004A1DBEBE93B26DBF2A44B8BE9ED86EBF37
:100EE000EF63B2BE73F56FBFD47CACBE080971BFAF
:100EF000128FA6BE521372BFE59AA0BE471473BFED
:100F000086A09ABEDD0B74BF31A094BE0BFA74BFED
:100F1000229A8EBEC6DE75BF938E88BE07BA76BF94
:100F2000C07D82BEC58B77BFCCCF78BEF85378BF6B
:100F30007F9A6CBE981279BF135C60BE9DC779BF63
:100F4000011554BE02737ABFC2C547BEBE147BBF33
:100F5000CF6E3BBECDAC7BBFA2102FBE283B7CBF6B
:100F6000B6AB22BEC9BF7CBF834016BEAC3A7DBFC4
:100F700086CF09BECCAB7DBF73B2FABD24137EBF52
:100F80002EBCE1BDB0707EBF36BDC8BD6DC47EBF96
:100F900080B6AFBD580E7FBF05A996BD6D4E7FBF11
:100FA000742B7BBDAB847FBF2FFB48BD0FB17FBFD0
:100FB0002CC316BD98D37FBFB00AC9BC43EC7FBF1A
:100FC000900E49BC11FB7FBF00000080000080BF75
:100FD000900E493C11FB7FBFB00AC93C43EC7FBF78
:100FE0002CC3163D98D37FBF2FFB483D0FB17FBF69
:100FF000742B7B3DAB847FBF05A9963D6D4E7FBFB3
:1010000080B6AF3D580E7FBF36BDC83D6DC47EBFB4
:101010002EBCE13DB0707EBF73B2FA3D24137EBF9B
:1010200086CF093ECCAB7DBF8340163EAC3A7DBF38
:10103000B6AB223EC9BF7CBFA2102F3E283B7CBF6F
:10104000CF6E3B3ECDAC7BBFC2C5473EBE147BBF1F
:101050000115543E02737ABF135C603E9DC779BF91
:101060007F9A6C3E981279BFCCCF783EF85378BF08
:10107000C07D823EC58B77BF938E883E07BA76BF10
:10108000229A8E3EC6DE75BF31A0943E0BFA74BF25
:1010900086A09A3EDD0B74BFE59AA03E471473BF4D
:1010A000128FA63E521372BFD47CAC3E080971BFAA
:1010B000EF63B23E73F56FBF2A44B83E9ED86EBF51
:1010C0004A1DBE3E93B26DBF15EFC33E5E836CBF3B
:1010D00053B9C93E0C4B6BBFCA7BCF3EA7096ABF51
:1010E0004136D53E3CBF68BF80E8DA3ED86B67BF6B
:1010F0004F92E03E880F66BF7533E63E59AA64BF43
:10110000BBCBEB3E5A3C63BFEA5AF13E98C561BF88
:10111000CBE0F63E214660BF275DFC3E05BE5EBFCC
:10112000E4E7003F532D5DBF3D9C033F1A945BBF36
:10113000824B063F6AF259BF9BF5083F534858BFA0
:101140006B9A0B3FE59556BFDA390E3F31DB54BF42
:10115000CDD3103F491853BF2A68133F3D4D51BFAF
:10116000D9F6153F1F7A4FBFC07F183F029F4DBF72
:10117000C6021B3FF8BB4BBFD17F1D3F12D149BFF9
:10118000CBF61F3F65DE47BF9967223F03E445BFAB
:1011900025D2243F00E243BF5636273F70D841BFD7
:1011A0001594293F67C73FBF4AEB2B3FF9AE3DBFC0
:1011B000DE3B2E3F3B8F3BBFBB85303F426839BF94
:1011C000C9C8323F233A37BFF304353FF30435BF74
:1011D000233A373FC9C832BF4268393FBB8530BF69
:1011E0003B8F3B3FDE3B2EBFF9AE3D3F4AEB2BBF73
:1011F00067C73F3F159429BF70D8413F563627BF78
:1012000000E2433F25D224BF03E4453F996722BF54
:1012100065DE473FCBF61FBF12D1493FD17F1DBFCF
:10122000F8BB4B3FC6021BBF029F4D3FC07F18BF9C
:101230001F7A4F3FD9F615BF3D4D513F2A6813BF66
:101240004918533FCDD310BF31DB543FDA390EBFBD
:10125000E595563F6B9A0BBF5348583F9BF508BF27
:101260006AF2593F824B06BF1A945B3F3D9C03BF15
:10127000532D5D3FE4E700BF05BE5E3F275DFCBE2A
:101280002146603FCBE0F6BE98C5613FEA5AF1BE09
:101290005A3C633FBBCBEBBE59AA643F7533E6BEF5
:1012A000880F663F4F92E0BED86B673F80E8DABE9A
:1012B0003CBF683F4136D5BEA7096A3FCA7BCFBE57
:1012C0000C4B6B3F53B9C9BE5E836C3F15EFC3BE79
:1012D00093B26D3F4A1DBEBE9ED86E3F2A44B8BE33
:1012E00073F56F3FEF63B2BE0809713FD47CACBEAB
:1012F0005213723F128FA6BE4714733FE59AA0BEE9
:10130000DD0B743F86A09ABE0BFA743F31A094BEE9
:10131000C6DE753F229A8EBE07BA763F938E88BE90
:10132000C58B773FC07D82BEF853783FCCCF78BE67
:101330009812793F7F9A6CBE9DC7793F135C60BE5F
:1013400002737A3F011554BEBE147B3FC2C547BE2F
:10135000CDAC7B3FCF6E3BBE283B7C3FA2102FBE67
:10136000C9BF7C3FB6AB22BEAC3A7D3F834016BEC0
:10137000CCAB7D3F86CF09BE24137E3F73B2FABD4E
:10138000B0707E3F2EBCE1BD6DC47E3F36BDC8BD92
:10139000580E7F3F80B6AFBD6D4E7F3F05A996BD0D
:1013A000AB847F3F742B7BBD0FB17F3F2FFB48BDCC
:1013B00098D37F3F2CC316BD43EC7F3FB00AC9BC16
:1013C00011FB7F3F900E49BC83F9A200444E6E0092
:1013D000FC291500D1572700DD34F50062DBC00081
:1013E0003C999500419043006351FE00BBDEAB0089
:1013F000B761C5003A6E2400D24D42004906E000B4
:1014000009EA2E001C92D100EB1DFE0029B11C0040
:10141000E83EA700F535820044BB2E009CE984001D
:10142000B4267000417E5F00D691390053833900A5
:101430009CF439008B5F840028F9BD00F81F3B0045
:10144000DEFF97000F980500112FEF000A5A8B005E
:101450006D1F6D00CF7E360009CB2700464FB700C9
:101460009E663F002DEA5F00BA277500E5EBC700D6
:101470003D7BF100F739070092528A00FB6BEA00CE
:101480001FB15F00085D8D00300356007BFC4600F5
:10149000F0AB6B0020BCCF0036F49A00E3A91D002E
:1014A0005E619100081BE60085996500A0145F004D
:1014B0008D40680080D8FF0027734D00060631007C
:1014C000CA561500C9A873007BE260006B8CC0008F
:1014D0000001000000CC0020120000000006000007
:1014E000FA3701600A00000000020000A536016022
:1014F0005501000000070000503501605501000053
:10150000000300004C3501600000000001030904E5
:101510003435016000000000020309041035016049
:101520000000000003030904E0CB002000000000DD
:1015300000000000000000000000000000000000AB
:10154000000000000000FF27100032FF27100032CB
:10155000FF27100032FF27100032000000000000BB
:101560000000000000000000000000005201000028
:101570000000000000000000FF27100032FF2710CD
:101580000032FF27100032FF271000320000000059
:10159000000000000000000000000000000000400B
:1015A00000400040E73BE73BE73B007800780078ED
:1015B000007800780000000000000000000000003B
:1015C0000000000000001F00FF0700F800F800F80E
:1015D00000F800F800F800F800F800F800F800F84B
:1015E00000F800F800F800F800F8FF00780180012A
:1015F0004302880187018C018B01920191019501C1
:10160000F601990198019A013D029E012002A8016C
:10161000A701AD01AC01B001AF01B901B801BD0135
:10162000BC01BF01F701C601C401C901C701CC015A
:10163000CA01DD018E01F301F101F501F4013A0265
:10164000652C3C023B023E02662C420241025302E0
:101650008101540286015602890157028A0159020A
:101660008F015B02900160029301630294016802A2
:101670009701690296016B02622C6F029C01720253
:101680009D0175029F017D02642C8002A6018302E8
:10169000A9018802AE01890244028A02B1018B02CB
:1016A000B2018C0245029202B7017B03FD037C0369
:1016B000FE037D03FF03AC038603C203A303CC0335
:1016C0008C03CD038E03CE038F03F203F903F803DB
:1016D000F703FB03FA03CF04C0047D1D632C511FE5
:1016E000591F531F5B1F551F5D1F571F5F1F781F1B
:1016F000F81F791FF91FB31FBC1FCC1FC31FE51FA5
:10170000EC1FFC1FF31F4E21322184218321612C09
:10171000602C762C752C00000100020003000400F0
:101720000500060007000800090010001F001F0147
:101730009F013F02BF023F03BF033F04BF043F05B9
:10174000BF053F06BF063F07FE07FA07F507F0078C
:10175000EB07E607E207E017E03FE067E08FE0B75E
:10176000E0D7E0FFC0FF80FF20FFE0FE80FE40FEEC
:10177000E0FDA0FD40FD00FDA0FC60FC00FCC0FB06
:1017800060FB20FBC0FA80FA20FAE0F980F940F90A
:10179000E0F8A0F840F800F802F804F806F808F8B5
:1017A0000AF80CF80EF810F812F814F816F818F8F1
:1017B0001AF81CF81EF81EF81EF81EF83EF83EF83F
:1017C0003EF83EF85EF85EF85EF85EF87EF87EF869
:1017D0003EF83EF83EF83EF85EF85EF85EF85EF8D9
:1017E0007EF87EF87EF87EF87EF87EF87EF87EF849
:1017F0007EF87EF87EF87EF87EF88FF88FF88FF806
:101800006100E01AE000E017F800E0070001013095
:1018100032010106390101104A01012E7901010648
:1018200082010104A0010106B3010104CD010110F0
:10183000DE010112F8010128220201124602010A0A
:10184000AD03DB03B103E011C303E009D8030118C2
:101850003004E0205004B010600401228A040136F4
:10186000C104010ED00401446105D026001E01967A
:10187000A01E015A001F0808101F0806201F080894
:10188000301F0808401F0806601F0808701F4A0222
:10189000721F5604761F64027A1F70027C1F7E023C
:1018A000801F0808901F0808A01F0808B01F080222
:1018B000D01F0802E01F08027021F010D024E61AA1
:1018C000302CD02F672C0106802C0164002D0026BF
:1018D00041FFE01A43510000010204050607080019
:1018E00001020303040001030200010302040506D0
:1018F0002F646174612F6A656E6B696E732F776FE9
:10190000726B73706163652F474E552D746F6F6CEA
:10191000636861696E2F61726D2D31312F7372634F
:101920002F6E65776C69622D63796777696E2F6EAC
:1019300065776C69622F6C6962632F7374646C697C
:10194000622F6D707265632E6300534D30252B300E
:1019500035643B534D3230253034643B00205750C2
:101960004D290052780054780025004D6F6E69743F
:101970006F72696E673A2000566F6C756D653A201C
:10198000003D00636C656172696E67204020507293
:101990006F636573735265636569766572446174DC
:1019A00061202E2E2E00464425303364005068619D
:1019B0007365206368616E6765202E2E2E20000AF5
:1019C00020202020204174206465636F64657220AC
:1019D00070757368202E2E2E20000A2020202020D3
:1019E0006465636F6465722070757368206F7665D7
:1019F00072666C6F7720002020202020202020207D
:101A000020746D7031203D200020746D7032203DB7
:101A100020002A2A2A2A2A2A20466F756E6420610D
:101A20002053796D626F6C202A2A2A2A2A2A0020E4
:101A30002E2E2E204469646E27742066696E642001
:101A4000612073796D626F6C20004572726F722035
:101A50005B25645D207768696C6520756E706163D5
:101A60006B696E6721006368756E6B53697A6520D8
:101A70003D20007375624368756E6B3153697A65FA
:101A8000203D2000617564696F466F726D6174203E
:101A90003D20006E756D4368616E6E656C73203D10
:101AA00020006269747350657253616D706C6520BB
:101AB0003D200073616D706C6552617465203D203E
:101AC000007375624368756E6B3253697A65203DA9
:101AD0002000626C6F636B416C69676E203D200073
:101AE0006E756D5F73616D706C6573203D20006273
:101AF00079746552617465203D20005F7374657868
:101B0000742020202020202020253038780A005FF3
:101B1000657465787420202020202020202530380E
:101B200078202B2564620A005F7364617461202051
:101B3000202020202020253038780A005F6564614D
:101B40007461202020202020202025303878202B70
:101B50002564620A005F73627373202020202020B6
:101B6000202020253038780A005F656273732020BA
:101B70002020202020202025303878202B2564624A
:101B80000A006375727220737461636B20202020D9
:101B900025303878202B2564620A005F65737461F4
:101BA000636B2020202020202025303878202B2512
:101BB00064620A005F686561705F737461727420AB
:101BC0002020253038780A005F5F62726B76616C86
:101BD00020202020202025303878202B2564620A00
:101BE000005F686561705F656E642020202020259D
:101BF000303878202B2564620A005F657874726142
:101C00006D5F737461727420253038780A005F65E7
:101C1000787472616D5F656E64202020253038789D
:101C2000202B2564620A003C4954434D3E20202568
:101C3000303878202E2E20253038780A003C445445
:101C4000434D3E202025303878202E2E2025303858
:101C5000780A003C52414D3E202020253038782023
:101C60002E2E20253038780A003C464C4153483E01
:101C70002025303878202E2E20253038780A003C58
:101C8000505352414D3E2025303878202E2E2025AD
:101C90003038780A00617661696C20535441434BB7
:101CA00020253864206220253564206B620A00619B
:101CB0007661696C204845415020202538642062B7
:101CC00020253564206B620A00617661696C2050C2
:101CD0005352414D20253864206220253564206B05
:101CE000620A0A0A0A0073796D436F756E74203DAB
:101CF000200070736B3331436F756E74203D20008C
:101D00002C20004149303B0042553025643B0042C5
:101D1000553125643B0042443025643B0042443148
:101D200025643B00464125303131643B0046422565
:101D3000303131643B00464325303131643B00464D
:101D400052303B004654303B0049443032343B0073
:101D50004946253031316425303464252B303664D2
:101D60002564256425642530326425642564256452
:101D70002564256425642530326425643B004B537B
:101D80003025643B004D4425643B004E46253034ED
:101D9000643B004F4D256425643B005053313B00AC
:101DA00053462564253031316425643B005350256A
:101DB000643B00544225643B000703823B00010062
:101DC000050F010200070009070381630003030BED
:101DD000DF011F00160001070381630003030BDF0F
:101DE000011F001600010B020B020B02B00056305F
:101DF0003439000B05000D08031F1C1F1E1F1E1F7A
:101E00001F1E1F1E1F1F1C1F1E1F1E1F1F1E1F1EEB
:101E10001F081002040008100300000C1802020042
:101E200010200202004361726420697320746F6F96
:101E300020736D616C6C2E0D0A00466F726D6174BB
:101E400020446F6E650D0A00466F726D6174204606
:101E500061696C65640D0A0042616420636C75738E
:101E600074657220636F756E740D0A00446576693F
:101E7000636520697320746F6F20736D616C6C0DE6
:101E80000A0057726974696E6720464154200057F2
:101E9000726974696E67207570636173652074611F
:101EA000626C650D0A0057726974696E6720726F03
:101EB0006F740D0A00466F726D617420646F6E65F9
:101EC0000D0A00466F726D6174206661696C65640D
:101ED0000D0A004558464154006E616E00696E66F9
:101EE000006F7666002C2066756E6374696F6E3ABB
:101EF0002000617373657274696F6E2022257322EE
:101F0000206661696C65643A2066696C65202225EB
:101F100073222C206C696E65202564257325730A55
:101F20000042616C6C6F6320737563636565646503
:101F300064002F646174612F6A656E6B696E732F24
:101F4000776F726B73706163652F474E552D746F99
:101F50006F6C636861696E2F61726D2D31312F7303
:101F600072632F6E65776C69622D63796777696E2E
:101F70002F6E65776C69622F6C6962632F7374646E
:101F80006C69622F6764746F612D6765746865782A
:101F90002E6300303132333435363738396162637D
:101FA0006465666768696A6B6C6D6E6F7071727379
:101FB0007475767778797A00002020202020202000
:101FC00020202828282828202020202020202020E9
:101FD00020202020202020202088101010101010F9
:101FE0001010101010101010100404040404040445
:101FF00004040410101010101010414141414141DF
:1020000001010101010101010101010101010101C0
:1020100001010101101010101010424242424242D0
:102020000202020202020202020202020202020290
:102030000202020210101010200000000000000038
:102040000000000000000000000000000000000090
:102050000000000000000000000000000000000080
:102060000000000000000000000000000000000070
:102070000000000000000000000000000000000060
:102080000000000000000000000000000000000050
:102090000000000000000000000000000000000040
:1020A0000000000000000000000000000000000030
:1020B000000000000000000000496E66696E69744F
:1020C00079004E614E002F646174612F6A656E6BFA
:1020D000696E732F776F726B73706163652F474EF4
:1020E000552D746F6F6C636861696E2F61726D2D11
:1020F00031312F7372632F6E65776C69622D63794E
:102100006777696E2F6E65776C69622F6C696263A1
:102110002F7374646C69622F64746F612E63003076
:10212000313233343536373839414243444546003D
:10213000303132333435363738396162636465663D
:1021400000504F53495800232D302B2000686C4C11
:1021500000656667454647002B2D2E2F3F00522015
:1021600000525237330000000000003E5B4F5B3EE0
:102170003E6B4F6B3E1C3E7C3E1C183C7E3C181C4C
:10218000577D571C1C5E7F5E1C00183C1800FFE743
:10219000C3E7FF0018241800FFE7DBE7FF30483AE9
:1021A000060E2629792926407F050507407F05254B
:1021B0003F5A3CE73C5A7F3E1C1C08081C1C3E7FD3
:1021C00014227F22145F5F005F5F06097F017F009A
:1021D0006689956A606060606094A2FFA2940804BA
:1021E0007E040810207E201008082A1C08081C2ADB
:1021F00008081E101010100C1E0C1E0C30383E3833
:1022000030060E3E0E06000000000000005F0000D9
:102210000007000700147F147F14242A7F2A12234A
:102220001308646236495620500008070300001C5A
:102230002241000041221C002A1C7F1C2A08083E63
:102240000808008070300008080808080000606076
:102250000020100804023E5149453E00427F4000E4
:1022600072494949462141494D331814127F1027BC
:10227000454545393C4A494931412111090736490B
:10228000494936464949291E0000140000004034DF
:1022900000000008142241141414141400412214E4
:1022A0000802015909063E415D594E7C1211127C0B
:1022B0007F494949363E414141227F4141413E7F6C
:1022C000494949417F090909013E414151737F084C
:1022D00008087F00417F41002040413F017F0814F2
:1022E00022417F404040407F021C027F7F04081053
:1022F0007F3E4141413E7F090909063E4151215E31
:102300007F09192946264949493203017F01033FC4
:102310004040403F1F2040201F3F4038403F631453
:1023200008146303047804036159494D43007F4155
:1023300041410204081020004141417F0402010292
:1023400004404040404000030708002054547840B7
:102350007F284444383844444428384444287F384B
:102360005454541800087E090218A4A49C787F08CD
:1023700004047800447D40002040403D007F102848
:10238000440000417F40007C047804787C08040409
:10239000783844444438FC1824241818242418FCA1
:1023A0007C08040408485454542404043F44243C46
:1023B0004040207C1C2040201C3C4030403C4428B5
:1023C0001028444C9090907C4464544C440008364F
:1023D00041000000770000004136080002010204BD
:1023E000023C2623263C1EA1A161123A4040207ADD
:1023F0003854545559215555794121545478412127
:102400005554784020545579400C1E52721239555B
:102410005555593954545459395554545800004558
:102420007C410002457D420001457C40F029242981
:10243000F0F0282528F07C545545002054547C5455
:102440007C0A097F49324949493232484848323288
:102450004A4848303A4141217A3A42402078009D2A
:10246000A0A07D39444444393D4040403D3C24FFD8
:102470002424487E4943662B2FFC2F2BFF0929F685
:1024800020C0887E090320545479410000447D41D6
:102490003048484A32384040227A007A0A0A727D2F
:1024A0000D19317D2629292F28262929292630484A
:1024B0004D4020380808080808080808382F10C8B8
:1024C000ACBA2F102834FA00007B000008142A143C
:1024D0002222142A1408AA005500AAAA55AA55AA0D
:1024E000000000FF00101010FF00141414FF001073
:1024F00010FF00FF1010F010F0141414FC0014145E
:10250000F700FF0000FF00FF1414F404FC1414177C
:10251000101F10101F101F1414141F00101010F0A3
:10252000000000001F101010101F10101010F010ED
:10253000000000FF101010101010101010FF1000FD
:102540000000FF140000FF00FF00001F1017000034
:10255000FC04F414141710171414F404F40000FF0E
:1025600000F714141414141414F700F714141417A7
:102570001410101F101F141414F4141010F010F085
:1025800000001F101F0000001F14000000FC1400BA
:1025900000F010F01010FF10FF141414FF141010AE
:1025A000101F00000000F010FFFFFFFFFFF0F0F031
:1025B000F0F0FFFFFF0000000000FFFF0F0F0F0F04
:1025C0000F38444438447C2A2A3E147E0202060610
:1025D000027E027E0263554941633844443C044014
:1025E0007E201E2006027E020299A5E7A5991C2ADC
:1025F000492A1C4C7201724C304A4D4D303048789B
:102600004830BC625A463D3E494949007E010101BD
:102610007E2A2A2A2A2A44445F444440514A44409C
:1026200040444A51400000FF0103E080FF000008E1
:10263000086B6B083612362436060F090F060000A9
:1026400018180000001010003040FF0101001F01A9
:10265000011E00191D1712003C3C3C3C000000000C
:102660000000010302010002030203010003020053
:1026700001000103024A5E89B4B08A7955BE28037D
:102680000104000605020001030205060407102DDF
:102690004919333E213A4E012C2D02073D030636DF
:1026A000042330050D1508384F0940450A13420B25
:1026B000243C0C253A0E202B0F3F50111C4D124A82
:1026C00053163551171E22181F281A294C1B39463C
:1026D0001D314103264E0527522E324933344A37E5
:1026E00047482C43482B444E01203B020647041028
:1026F00036074143081E2A09161F0A124C0B1752AF
:102700000C1C3D0D344F0E32330F5153111D3C1331
:102710002140141A49152228181B4D19373A233520
:1027200042243044252E4B262D2F27394529383E6B
:102730001431352E343F2D464B1B2350010F1E0202
:102740004450032433041C33051F3806142507287E
:1027500052083C45090A310B2C390C273B0D183720
:102760000E154110474E111E4C121950133D5316B1
:10277000264D172932071A3A1D20512128491222C5
:10278000300D2A40051A2B2F45483637462D3E443A
:102790000A3F430E4248163C4A23274F012E400170
:1027A0001842020546031F4104313A010405063C64
:1027B0004307204B0830520923290A273E0B0E3DC0
:1027C0000C474A0D174E0B23370F104F07091011F6
:1027D000363F123239131E2F144050151C4516195E
:1027E0002B0D1625022F3317364A1A22481B242593
:1027F00015243F1D282C131A39032E520E0F3A218F
:1028000034351E2B340609341B214119454926371E
:102810005314274D121D382030472A333B1C2C4FB0
:10282000223C3E1F2D3D2E444D06184C080A4E28D2
:1028300029461132352A42440416482440510D1DC0
:102840002F0208513843490526320C26403B485098
:10285000031A4F2D4C5101414A07124D0B383B0EC4
:1028600027361025420A1C370F3C46111952141EF8
:102870001F0C4344174B501B203E18454B13154764
:1028800022353D232E2F213B4C282B53292A3F3123
:102890004B53142C302A3139041F3B5B5C60990583
:1028A000203C5D73920006183D5E7A970007213E3A
:1028B0005F608F0008193F535D6094062040617E81
:1028C0008A000522414E626B9A092342638B920073
:1028D0000A2443646B7E000B254357658B9E0C26B0
:1028E0004466699B000D27456795A200082846525B
:1028F0006872910E294758667B9C0F2A3B6A7B9F22
:10290000000121486A6B9D00102B496C8DA00011BD
:10291000254A516D839A0B2C4B6E79A6002D3740BA
:102920006F82A1AD082E477077A60012244C597112
:10293000728F13264D6874A300142F465C8AA5007D
:1029400002304A7180A000152D4E53757997162FCD
:102950003A767FA40010273E70869E00172B4F7892
:1029600083910013233B496E7DA114243F5E88A10F
:10297000000E1F4F6284A400032C507C7FA900131B
:102980002E517587A70007313A5A6469A80C323D69
:10299000767790000D334072769D0018344C819408
:1029A00095001935455A65829C142E4150788CAAA1
:1029B00015364D648CAB002352858EABAE000E1ED7
:1029C00053717DAA00041D447886AD00010434399A
:1029D0005688981A33385B7A89A834546E7391A854
:1029E000000732516384AD001737435FACAE001A65
:1029F000294D6D8D9400021B293D3E73851B28389F
:102A00007C7D7E001231377C8DA7000621556C74C9
:102A10009C001C30465569819E09363F83939B007C
:102A20001635446D79AE00030D304E5F7B001F45B7
:102A300085969BA9000C2B425961879F05274B6601
:102A400088A7000236566587A4000F38576C77AB0D
:102A5000000A2C525B6F90951722475E7F99000BFE
:102A600031585C8E9D001D22576193A2001E323C9E
:102A700056898EA20A3542547080A51639555D8C50
:102A80009F001C20486784A6001C1D5458758F9613
:102A9000011A2D50809300111B5967749900333926
:102AA00062A3A5AC001525498A98A900102F4C8275
:102AB000899A0003181E48688B0009285A6A86976D
:102AC000000F3A3C4A6F96A3122A4F909298001931
:102AD0002641637AA000112A4B81AAAC00070606A2
:102AE0000607060706060706060707060606070680
:102AF0000706070606060706060607060606060771
:102B00000606060707060606060707060606060760
:102B10000606060706060606070606060706060652
:102B20000707060607060606060606060706060641
:102B30008329CE11BF31EAF509F27FC0761C264EFB
:102B400025C2593354931320DC265902FB277C6499
:102B500010A1BDC01B3F417858CD2DD33EC7F620F4
:102B600009FDA4FEE04195FD034783A0077CCCC18D
:102B70001B8873ED5C3D48A029B62AFE3CA036F4C4
:102B8000FE1A9DA06054FAF5F35D96D3B0C8C3E079
:102B9000E20798E4310EED27884AE900775C9C084B
:102BA000E80E26DDAE563180B0B811028C2BF997B5
:102BB000213487C018A0C9231FC60ADF5C5EA3208A
:102BC00076471E8302A0721E01B12B80FFBCCB8012
:102BD000CA8341FAFB47B2E066A72A158F9325A264
:102BE000BF671700C4243689FE85B1C51363A18071
:102BF0000DFF739414D1A1B34B1C270015B488307A
:102C0000636C8B99894972E029A89C0D3DE81D668B
:102C10005489B0E04F126F37FA51CBE61BD6B9405A
:102C200099C47239D0D97D3C84E094001919B75108
:102C300019765621BB4F1E8009DB12D731FAEE0BF5
:102C400086DF6B80488FC33DF43FBDEEA4EAFB40B6
:102C5000827423EE40B675F756EB5FE0ABE197C4A4
:102C600084CB74757144A9A02B500E4BC0EC5A6DE7
:102C70002BDBDD00C474AA53D70218761669360020
:102C80008EBA1A13DB3390BD6718CEC0753844670F
:102C90003A27782CC42012E006FF83A145C3703583
:102CA000A5C126803B37417858CC2DD33EC3F620B2
:102CB0009A4A5A28EE17CA9C324842C0BC29F46589
:102CC000309C977E89610A402663AE6DDF8B5CE2A3
:102CD000BB29488046F231EFE457034C1814418079
:102CE0003FB2CE85ABE9B0C72E06FBE0DE87481FBA
:102CF000282C153971A0A2E0FCD7CCF23C69FA99D6
:102D0000BBA14120F0261447E9490CA8E474CEC0C9
:102D10004410115818196F95CDD70120088FC31D85
:102D2000F4BFBDE2A4EAFB40B8FEF1B6307729FB60
:102D30000A078C005AFEA7ACCCB77BBC9D99A900B2
:102D400049A7016AC653F65ECDC907601944D0850C
:102D5000BE4E7DA8D6CC7D00251F62ADC4032F0ECC
:102D6000E714002056471F8702A0721E00B12B8077
:102D70002B8E4923F2DD51E2D537FA006B550A401C
:102D8000A66F4755DE95C260A18AD28D4E27FE926E
:102D9000A4F6C84010C2E586388CB82A3D807580FC
:102DA000EF34A41817EE02133DB2EB007E9C0C54D6
:102DB000325A9C15836E00003693E572D1FDE4CD46
:102DC000F079E860BFB2CEC5ABE1B0C72E07FBE03B
:102DD0007EE18230C583CCCC57D4B080A066CB2FA7
:102DE000EDAFC9F526641260BB23725ABC47CC5FB5
:102DF0004CC4CD20DED9DBA3BEE40C59B5609B40AA
:102E0000D9A7016AC653E6DECDC903609AD46AED3C
:102E10005F707F280AB5FC40E5921C7782258731D8
:102E20006D7D3C204F14DA8242A8B86DCA733520FC
:102E30008B8B507AD467D4441DF770E022831C9C9E
:102E4000F1169467AD04B680213B838FE2AE54C384
:102E50008EE718005D926B6DD71F085181A4E120A9
:102E600066AB79D4B29EE6E69509E560958148683F
:102E70002D748A38DD68BAA0B8CE020CF069C32A76
:102E8000723AB140F4331D6D461607E9575274602B
:102E90006DA23BA424B9596133CF9C80A636BCBC3B
:102EA0007B30C5FBEAE67FE05CB0D86A07DF654AA5
:102EB0009089A200F11F106848780FC9ECDD80A04E
:102EC0001FBB5364FB8D2C9D730D5BA0FCB86BC7BF
:102ED0000A50C9D02A5D0340A534433029EAC15FB6
:102EE000322E34C0C989D9C7C3D3B8C55D751300A4
:102EF0007BB38B2F0186D46643AE96202644EBAD80
:102F0000EB44B9467D1F42C0608CC857594BFBB596
:102F10005D6960006B697373206666742075736108
:102F20006765206572726F723A20696D70726F709A
:102F3000657220616C6C6F630A005265616C20469B
:102F40004654206F7074696D697A6174696F6E2080
:102F50006D757374206265206576656E2E0A003C7F
:102F60002E2E2E3E004552524F523A206E32206590
:102F7000786365656473203633202D2025640A004C
:102F8000434D3837002D45495348352D2D342D2DCF
:102F9000562D2D2D332D2D55462D2D2D2D2D2D2DF1
:102FA0002D3F2D322D2D41524C2D2D2D2D2D2D2DE2
:102FB0002D2D2E2D2D2E57502D2D2D2D2D2D4A2DD5
:102FC0002D2D312D2D544E4442362D2D2E2D2D5884
:102FD0002F2D2D2D2D2D4B432D2D2D2D2D2D592DBF
:102FE0002D2D2D2D2D4D475A372D2D2D2D2C512D7D
:102FF0002D2D2D2D2D4F2D382D2D2D2D2D2D392DC8
:103000002D302D2D2D2D002D2D2D2D2D20454550D4
:10301000524F4D20506172616D65746572733A2034
:103020002D2D2D2D2D0056657273696F6E20202079
:103030002020202020202020202020202020202090
:103040002020202020203D20004147434D6F646513
:103050002020202020202020202020202020202070
:103060002020202020202020203D20006175646940
:103070006F566F6C756D6520202020202020202049
:103080002020202020202020202020203D200072F1
:10309000664761696E416C6C42616E6473202020EA
:1030A0002020202020202020202020202020203D03
:1030B0002000737065637472756D4E6F6973654639
:1030C0006C6F6F72202020202020202020202020C4
:1030D00020203D200074756E65496E64657820205F
:1030E00020202020202020202020202020202020E0
:1030F00020202020203D20007472616E736D697461
:10310000506F7765724C6576656C202020202020FA
:1031100020202020202020202020202020202020AF
:103120003D2000726164696F4D6F6465202020202E
:10313000202020202020202020202020202020208F
:1031400020202020203D20006E724F7074696F6E29
:1031500053656C65637420202020202020202020CF
:1031600020202020202020203D20006375727265E1
:103170006E745363616C6520202020202020202065
:1031800020202020202020202020203D200073709F
:1031900065637472756D5A6F6F6D2020202020203A
:1031A000202020202020202020202020203D200022
:1031B00073706563745F646973706C61795F736366
:1031C000616C65202020202020202020202020202D
:1031D0003D20002D2D2D2D2D204357205061726153
:1031E0006D65746572733A202D2D2D2D2D0063773A
:1031F00046696C746572496E6465782020202020D1
:1032000020202020202020202020202020203D20A1
:1032100000706164646C6544616820202020202077
:10322000202020202020202020202020202020209E
:10323000203D2000706164646C6544697420202026
:10324000202020202020202020202020202020207E
:10325000202020203D20006465636F646572466C09
:1032600061672020202020202020202020202020D6
:10327000202020202020203D20006B65795479708B
:1032800065202020202020202020202020202020F9
:10329000202020202020202020203D2000776F7239
:1032A00064735065724D696E75746520202020200E
:1032B000202020202020202020202020203D200011
:1032C00073696465746F6E65566F6C756D652020EB
:1032D00020202020202020202020202020202020EE
:1032E0003D200063775472616E736D697444656C40
:1032F0006179202020202020202020202020202034
:103300002020203D20002D2D2D2D2D204375727263
:10331000656E74204672657175656E6369657320AC
:10332000262042616E64733A202D2D2D2D2D0061D3
:10333000637469766556464F202020202020202087
:103340002020202020202020202020202020203D60
:10335000200066726571496E6372656D656E7420DA
:10336000202020202020202020202020202020205D
:1033700020203D200063757272656E7442616E6438
:10338000202020202020202020202020202020203D
:1033900020202020203D200063757272656E7442EB
:1033A000616E644120202020202020202020202029
:1033B00020202020202020203D200063757272658F
:1033C0006E7442616E644220202020202020202044
:1033D00020202020202020202020203D2000637558
:1033E0007272656E74467265714120202020202023
:1033F00020202020202020202020202020203D20B0
:103400000063757272656E74467265714220202089
:1034100020202020202020202020202020202020AC
:10342000203D200066726571436F72726563746936
:103430006F6E466163746F72202020202020202050
:10344000202020203D20002D2D2D2D2D2045717573
:10345000616C697A657220506172616D6574657224
:1034600073202D2D2D2D2D002020202020202020E8
:1034700020202020202020657175616C697A65729A
:103480005265635B00202020202020202020202067
:1034900020202020657175616C697A6572586D74A1
:1034A0005B002D2D2D2D2D204D696320436F6D70F8
:1034B000726573736F7220506172616D65746572AD
:1034C00073202D2D2D2D2D006D6963436F6D70724E
:1034D000657373696F6E202020202020202020201B
:1034E00020202020202020203D200063757272655E
:1034F0006E744D6963436F6D70526174696F202003
:1035000020202020202020202020203D2000637526
:103510007272656E744D696341747461636B2020CF
:1035200020202020202020202020202020203D207E
:103530000063757272656E744D696352656C656186
:1035400073652020202020202020202020202020E3
:10355000203D200063757272656E744D696347612A
:10356000696E2020202020202020202020202020C4
:10357000202020203D20002D2D2D2D2D205377693A
:10358000746368204D61747269782056616C75654A
:1035900073202D2D2D2D2D002020202020202020B7
:1035A0002020202020202073776974636856616C86
:1035B0007565735B002D2D2D2D2D2046696C74656E
:1035C0007220506172616D6574657273202D2D2DAE
:1035D0002D2D004C504620636F656666202020200C
:1035E00020202020202020202020202020202020DB
:1035F0002020203D20004E525F50534920202020A3
:1036000020202020202020202020202020202020BA
:103610002020202020203D20004E525F616C7068E9
:103620006120202020202020202020202020202059
:103630002020202020202020203D20004E525F62AC
:1036400065746120202020202020202020202020A0
:103650002020202020202020202020203D20004E3F
:10366000525F6F6D65676120202020202020202080
:103670002020202020202020202020202020203D2D
:103680002000706C6C5F666D617820202020202007
:10369000202020202020202020202020202020202A
:1036A00020203D20002D2D2D2D2D20506F7765726F
:1036B000204F75742043616C6962726174696F6E2A
:1036C00020506172616D6574657273202D2D2D2DF2
:1036D0002D002020202020202020202020202020FD
:1036E00020202020706F7765724F757443575B0000
:1036F00020202020202020202020202020202020CA
:1037000020706F7765724F75745353425B002020B1
:10371000202020202020202020204357506F776534
:103720007243616C466163746F725B0020202020DD
:1037300020202020202020535342506F7765724371
:10374000616C466163746F725B002D2D2D2D2D20F1
:10375000492F512043616C6962726174696F6E20F8
:10376000506172616D6574657273202D2D2D2D2D44
:1037700000204951416D706C6974756465436F72C6
:1037800072656374696F6E466163746F725B00206B
:103790002020202049515068617365436F72726523
:1037A0006374696F6E466163746F725B0049515850
:1037B000416D706C6974756465436F727265637492
:1037C000696F6E466163746F725B00202020204930
:1037D00051585068617365436F7272656374696FA5
:1037E0006E466163746F725B002D2D2D2D2D20466A
:1037F00061766F72697465204672657175656E6376
:10380000696573202D2D2D2D2D00202020202020B6
:1038100020202020202020206661766F7269746548
:1038200046726571735B002D2D2D2D2D204C61731B
:1038300074204672657175656E63696573202D2D00
:103840002D2D2D00202020202020202020206C61E4
:1038500073744672657175656E636965735B005D4F
:103860005B305D203D20005D5B315D203D200063CD
:10387000656E7465724672657120202020202020BC
:103880002020202020202020202020202020203D1B
:1038900020006D617046696C654E616D6520202069
:1038A0002020202020202020202020202020202018
:1038B00020203D20006D7943616C6C202020202069
:1038C00020202020202020202020202020202020F8
:1038D00020202020203D20006D7954696D655A6FAD
:1038E0006E65202020202020202020202020202045
:1038F00020202020202020203D2000736570617250
:103900006174696F6E4368617261637465722020CF
:1039100020202020202020202020203D2000706119
:1039200064646C65466C6970202020202020202073
:1039300020202020202020202020202020203D206A
:103940000073644361726450726573656E74202005
:103950002020202020202020202020202020202067
:10396000203D20006D794C617420202020202020F3
:103970002020202020202020202020202020202047
:10398000202020203D20006D794C6F6E6720202084
:103990002020202020202020202020202020202027
:1039A000202020202020203D20002020202020201A
:1039B000202063757272656E744E6F697365466C14
:1039C0006F6F725B005D202020203D2000636F6DD3
:1039D00070726573736F72466C61672020202020BF
:1039E000202020202020202020202020203D2000DA
:1039F0002D2D2D2D2D20456E6420454550524F4DC7
:103A000020506172616D6574657273202D2D2D2DAE
:103A10002D0073662E626D70005053543A20005989
:103A20006F75722043616C6C00454550524F4D4498
:103A30006174612E76657273696F6E536574746913
:103A40006E6773203D2000454550524F4D446174D0
:103A5000612E4147434D6F6465203D200045455030
:103A6000524F4D446174612E617564696F566F6C7D
:103A7000756D65203D2000454550524F4D446174A1
:103A8000612E72664761696E416C6C42616E64734F
:103A9000203D2000454550524F4D446174612E73C6
:103AA0007065637472756D4E6F697365466C6F6F88
:103AB00072203D2000454550524F4D446174612EA7
:103AC00074756E65496E646578203D2000454550EB
:103AD000524F4D446174612E7472616E736D6974DE
:103AE000506F7765724C6576656C203D20004545CA
:103AF00050524F4D446174612E726164696F4D6F15
:103B00006465203D203000454550524F4D4461745E
:103B1000612E6E724F7074696F6E53656C6563745D
:103B2000203D2000454550524F4D446174612E6345
:103B3000757272656E745363616C65203D2000453B
:103B40004550524F4D446174612E737065637472B9
:103B5000756D5A6F6F6D203D2000454550524F4D99
:103B6000446174612E737065637472756D5F64690E
:103B700073706C61795F7363616C65203D200045F3
:103B80004550524F4D446174612E637746696C74A1
:103B90006572496E646578203D2000454550524F5E
:103BA0004D446174612E706164646C654469742075
:103BB0003D2000454550524F4D446174612E706167
:103BC00064646C65446168203D2000454550524F57
:103BD0004D446174612E6465636F646572466C6107
:103BE00067203D2000454550524F4D446174612E81
:103BF0006B657954797065203D2000454550524FE2
:103C00004D446174612E63757272656E7457504DC8
:103C1000203D2000454550524F4D446174612E7344
:103C2000696465746F6E65566F6C756D65203D20B7
:103C300000454550524F4D446174612E6377547274
:103C4000616E736D697444656C6179203D20004537
:103C50004550524F4D446174612E616374697665BD
:103C600056464F203D203000454550524F4D44614F
:103C700074612E66726571496E6372656D656E74EE
:103C8000203D2000454550524F4D446174612E63E4
:103C9000757272656E7442616E64203D2000454508
:103CA00050524F4D446174612E63757272656E742B
:103CB00042616E6441203D2000454550524F4D44C5
:103CC0006174612E63757272656E7442616E6442D6
:103CD000203D2000454550524F4D446174612E6394
:103CE000757272656E744672657141203D200045A3
:103CF0004550524F4D446174612E63757272656E0A
:103D0000744672657142203D2000454550524F4D2A
:103D1000446174612E66726571436F72726563747B
:103D2000696F6E466163746F72203D200045455097
:103D3000524F4D446174612E657175616C697A658D
:103D4000725265635B00454550524F4D446174614A
:103D50002E657175616C697A6572586D745B00458A
:103D60004550524F4D446174612E63757272656E99
:103D7000744D69635468726573686F6C64203D208C
:103D800000454550524F4D446174612E6375727207
:103D9000656E744D6963436F6D70526174696F2015
:103DA0003D2000454550524F4D446174612E63756E
:103DB0007272656E744D696341747461636B203D0A
:103DC0002000454550524F4D446174612E63757219
:103DD00072656E744D696352656C65617365203DF3
:103DE0002000454550524F4D446174612E637572F9
:103DF00072656E744D69634761696E203D200045B0
:103E00004550524F4D446174612E737769746368F5
:103E100056616C7565735B00454550524F4D44616A
:103E200074612E4C5046636F656666203D200045E8
:103E300050524F4D446174612E4E525F5053492091
:103E40003D2000454550524F4D446174612E4E5205
:103E50005F616C706861203D2000454550524F4DB8
:103E6000446174612E4E525F62657461203D200092
:103E7000454550524F4D446174612E6F6D656761C9
:103E80004E203D2000454550524F4D446174612EF7
:103E9000706C6C5F666D6178203D20004545505226
:103EA0004F4D446174612E4357506F776572436183
:103EB0006C6962726174696F6E466163746F725B84
:103EC00000454550524F4D446174612E535342504A
:103ED0006F77657243616C6962726174696F6E4677
:103EE0006163746F725B00454550524F4D4461747D
:103EF000612E4951416D70436F7272656374696FD1
:103F00006E466163746F725B00454550524F4D447D
:103F10006174612E49515068617365436F727265B7
:103F20006374696F6E466163746F725B00454550E0
:103F3000524F4D446174612E495158416D70436F29
:103F40007272656374696F6E466163746F725B0051
:103F5000454550524F4D446174612E495158506847
:103F6000617365436F7272656374696F6E466163F6
:103F7000746F725B00454550524F4D446174612E21
:103F80006661766F7269746546726571735B004530
:103F90004550524F4D446174612E6C61737446728A
:103FA000657175656E636965735B00454550524F79
:103FB0004D446174612E63656E74657246726571FD
:103FC000203D2000454550524F4D446174612E6D97
:103FD000617046696C654E616D65203D2000454508
:103FE00050524F4D446174612E6D7943616C6C2069
:103FF0003D2000454550524F4D446174612E6D790E
:1040000054696D655A6F6E65203D200045455052DC
:104010004F4D446174612E73657061726174696F94
:104020006E436861726163746572203D200045458E
:1040300050524F4D446174612E706164646C6546EA
:104040006C6970203D2000454550524F4D446174CD
:10405000612E73644361726450726573656E74207F
:104060003D2000454550524F4D446174612E6D799D
:104070004C6174203D2000454550524F4D446174C1
:10408000612E6D794C6F6E67203D20004545505282
:104090004F4D446174612E63757272656E744E6F1C
:1040A000697365466C6F6F725B00454550524F4DAA
:1040B000446174612E636F6D70726573736F7246C5
:1040C0006C6167203D20005344206361726420636B
:1040D000616E6E6F7420626520696E697469616CCF
:1040E000697A65642E002D2D2D2D2D20537461725B
:1040F0007420534420454550524F4D2046696C650D
:104100002044756D70202D2D2D2D2D2D0065727282
:104110006F72206F70656E696E672053444545501D
:10412000524F4D446174612E7478740053747261FF
:1041300069676874204B6579004B65796572004347
:10414000616E63656C00302E386B487A00312E301A
:104150006B487A00312E336B487A00312E386B4829
:104160007A00322E306B487A00204F66662000526B
:1041700069676874203D20646168005269676874EB
:10418000203D206469740057504D004B65792054E0
:104190007970650043572046696C74657200506100
:1041A00064646C6520466C69700053696465746F63
:1041B0006E6520566F6C00586D69742044656C61A3
:1041C0007900506F776572206C6576656C00564695
:1041D0004F20410056464F20420053706C697400D6
:1041E000536176652043757272656E740053657411
:1041F0002044656661756C74730047657420466180
:10420000766F7269746500536574204661766F72CB
:1042100069746500454550524F4D2D2D3E53440065
:1042200053442D2D3E454550524F4D00534420449C
:10423000756D70004F6666004C6F6E6700536C6F53
:1042400077004D656469756D0046617374003230A6
:104250002064422F756E69740031302064422F75DE
:104260006E69740020352064422F756E69740020D9
:10427000322064422F756E69740020312064422F11
:10428000756E697400536574204D696320476169D8
:104290006E004F6E00536574205468726573686FCA
:1042A0006C64004551536574004357205077720089
:1042B0005353422050410049510054776F20546FAE
:1042C0006E650053686F77204D61700053657420F0
:1042D000507265666978004357204F7074696F6E3D
:1042E00073005246204F7074696F6E730056464FCC
:1042F0002053656C656374004147430053706563E8
:104300007472756D204F7074696F6E73004D6963C0
:1043100020436F6D700045512052656320536574D2
:1043200000455120586D74205365740043616C69D9
:1043300062726174650042656172696E6700426510
:1043400061636F6E204D6F6E69746F720057504DD0
:104350003A00566F6C756D653A0044656C61793A48
:10436000005265636569766520457175616C697A8F
:104370006572005472616E736D6974204571756168
:104380006C697A657200436F6D7072657373696FE3
:104390006E3A004261736564206F6E2064657369D4
:1043A000676E2062793A20416C2050657465722CEA
:1043B00020414338475920616E64204A61636B2075
:1043C00050757264756D2C205738544545004279FC
:1043D0003A2054657272616E636520526F62657235
:1043E00074736F6E2C204B4E365A444500566572DE
:1043F00073696F6E3A20005434312D4550003830C7
:104400004D0034304D0032304D0031374D003135E4
:104410004D0031324D0031304D00586D6974206FC0
:1044200066667365743A004E6F2053442063617270
:1044300064206F722063616E6E6F74206265206904
:104440006E697469616C697A65642E00435100522B
:10445000525200252E31337320252E3133732025FF
:104460002E3673006674385F372E776176005225DA
:104470002B3033640046696C65206E6F7420666F64
:10448000756E6400424D5020666F726D6174206ECF
:104490006F74207265636F676E697A65642E00556C
:1044A0006E69746564204E6174696F6E73002034A8
:1044B0005531554E20004E657720596F726B202084
:1044C000202000464E333061730057324E00436166
:1044D0006E6164612020202020202020002056458D
:1044E0003841542000496E7576696B2C204E54205B
:1044F00020004350333867680042430043616C69D1
:10450000666F726E69612020202000205736575850
:1045100020004D7420556D756E68756D2020004328
:104520004D393762640057364600486177616969E2
:10453000202020202020202000204B4836525320CD
:10454000004D617569202020202020202000424C51
:1045500031307473004B4836004E6577205A6561E0
:104560006C616E6420202000205A4C364220004DA1
:104570006173746572746F6E202020005245373865
:104580007477005A4C004175737472616C696120D4
:10459000202020200020564B365242502000526FDF
:1045A0006C7973746F6E65202020004F4638376138
:1045B0007600564B36004A6170616E202020202024
:1045C0002020202000204A413249475920004D74C4
:1045D000204173616D612020202000504D38346AE5
:1045E0006B004A41005275737369612020202020BE
:1045F00020202000205252394F20004E6F766F73DA
:1046000069626972736B20004E4F31346B780055CC
:104610004100486F6E67204B6F6E6720202020207E
:104620000020565232422000486F6E67204B6F6E5A
:1046300067202020004F4C37326267005653360007
:10464000537269204C616E6B612020202020002075
:10465000345337422000436F6C6F6D626F2020200F
:104660002020004D4A3936777600345300536F7559
:10467000746820416672696361202000205A5336B5
:10468000444E2000507265746F72696120202020B2
:10469000004B4733337869005A53004B656E79619C
:1046A0002020202020202020200020355A344220A5
:1046B000004B696B757975202020202020004B4924
:1046C0003838687200355A0049737261656C202071
:1046D000202020202020002034583654552000541B
:1046E000656C204176697620202020004B4D3732C2
:1046F0006A620034580046696E6C616E6420202046
:104700002020202000204F48324220004C6F686A51
:104710006120202020202020004B5032306568008E
:104720004F48004D6164656972612020202020207F
:1047300020002043533342200053616F204A6F72A0
:10474000676520202000494D31326A74004354339C
:1047500000417267656E74696E6120202020200020
:10476000204C5534414120004275656E6F732041E5
:10477000697265730047463035746A004C550050C5
:104780006572752020202020202020202000204F2E
:1047900041344220004C696D6120202020202020DF
:1047A0002000464831376D77004F410056656E65F1
:1047B0007A75656C612020202020002059563542F2
:1047C0002000436172616361732020202020004635
:1047D0004A363963630059560032300031370031B0
:1047E00030005350004D656E752B005E007C005A02
:1047F0006F6F6D203C2D2020202D3E2042616E6485
:104800002D0044656D6F640053656C6563743A20D8
:10481000456E74657220686967686C69676874655D
:1048200064206368617220002055736572333A20FA
:10483000446F6E6500456E7465722063616C6C2018
:104840007072656669783A200042656172696E67C8
:104850003A202000202044697374616E63653A2019
:1048600000206B6D00436F756E747279206E6F74EB
:1048700020666F756E64004E6F2053442063617232
:10488000642E004E6F204D61707320666F756E64EC
:104890000053656C656374206D61702066696C659A
:1048A0003A00696E697469616C697A6174696F6EE6
:1048B000206661696C656421004572726F723A20EE
:1048C00077616974696E6720666F72205344206354
:1048D0006172642100764D696E696D756D002057B7
:1048E000617474730043656E7465722046726571FD
:1048F0000053534200435720004453420044415464
:10490000410064426D002B3230644200584D540027
:1049100052454300555342004C53420053414D0011
:104920004E464D00465438004654382E696E740089
:104930004654382E7761760050534B333100505334
:104940004B33312E7761760032302064422F0031B4
:10495000302064422F0020352064422F0020322076
:1049600064422F0020312064422F00446972656345
:1049700074204672657175656E637920456E747238
:1049800079003C2020204170706C7920656E746540
:10499000726564206672657175656E637900582072
:1049A00020204578697420776974686F7574206376
:1049B00068616E67696E67206672657175656E63A2
:1049C00079004420202044656C657465206C617317
:1049D00074206469676974005320202053617665F0
:1049E0002044697265637420746F204C6173742075
:1049F000467265712E200044697265637420456EAD
:104A0000747279207761732063616C6C65642066D1
:104A1000726F6D20004672657175656E63792072E4
:104A20006573706F6E7365206C696D697465642061
:104A300061626F766520004D487A00466F7220777C
:104A400069646573742064697265637420656E744B
:104A50007279206672657175656E63792072616E18
:104A600067650063616C6C2066726F6D2031326D1A
:104A7000206F722031306D2062616E6400456E746B
:104A80006572204672657175656E6379006B487A50
:104A9000206F72204D487A3A005361766520446950
:104AA0007265637420746F204C6173742046726564
:104AB000712E3D20003C00342E3500313600323658
:104AC0000038306D0034306D0032306D0031376D9C
:104AD0000031356D0031326D0031306D00566F6C34
:104AE0003A00435420496E633A00465420496E63AD
:104AF0003A005A6F6F6D3A004E46205365743A0083
:104B00004175746F4E6F7463683A00436F6D7072D5
:104B10006573733A004E6F6973653A0052462047D9
:104B200061696E3A00457175616C697A65723A0027
:104B30004465636F6465723A004B657920547970FF
:104B4000653A004B6579657220202020200046548C
:104B5000382020202020202000547820496E743AEC
:104B60000054783A00435120726573703A005478CB
:104B700020467265713A00527820467265713A009B
:104B8000537461636B3A00486561703A0054656D17
:104B9000703A004C6F61643A006D616E006175742B
:104BA0006F006576656E006F646400656E61626CAF
:104BB0006564006E6F2073796E6300506164646C8D
:104BC000657320003178200032782000347820008E
:104BD00038782000313678004175746F004B696D6C
:104BE00000537065637472616C004C4D530031303A
:104BF0003000313030300031303030300031303042
:104C00003030300031303030303030004E414D20C7
:104C10002334002B3132002D31320020323030006D
:104C20002032353000203331350020343030002040
:104C3000353030002036333000203830300031320B
:104C400035300031363030003230303000323530DF
:104C500030003331353000343030300025303264AC
:104C6000253032642530326420252B3464202B25F6
:104C7000642E25316420253464207E202025730095
:104C800025303264253032642530326420252B34BF
:104C900064202D25642E25316420253464207E2057
:104CA00020257300416C6C2800435128005258287D
:104CB000002920202000252E323073002028006695
:104CC00074785F6D6573736167655F656E636F644C
:104CD00065206661696C6564005245454E54206DDF
:104CE000616C6C6F632073756363656564656400F4
:104CF0002F646174612F6A656E6B696E732F776FB5
:104D0000726B73706163652F474E552D746F6F6CB6
:104D1000636861696E2F61726D2D31312F7372631B
:104D20002F6E65776C69622D63796777696E2F6E78
:104D300065776C69622F6C6962632F737472696E38
:104D4000672F737472746F6B2E630051525A004355
:104D50005120003344300033444130003358002F99
:104D600052002F5000000000000000000000F03F43
:104D700001000000000100001000000077CC2B3083
:104D800000020000CDCCCC3D000040400000F042CD
:104D9000000048430000F0420000803F6F12833A59
:104DA0004000000017B7D138E3A59B3C8FC2753D8A
:104DB000E3A59B3CE3A59B3CE3A59B3CE3A59B3C77
:104DC000E3A59B3CF40E893AF40E093BF40E893AB4
:104DD00093F8F03F430363BF03CF1E3B03CF9E3BDB
:104DE00003CF1E3B4038F13FBCEB64BF093F9E3B05
:104DF000093F1E3C093F9E3B5AD7F13FACA068BF1C
:104E000052C9FA3B52C97A3C52C9FA3B170BF33FDD
:104E100078EC6DBF85B4263C85B4A63C85B4263CB1
:104E2000230CF53F8E8374BF9D58403C9D58C03C79
:104E30009D58403CF800F83F79077CBF29F3DF3AE2
:104E400029F35F3B29F3DF3A26C1EC3F32425BBFD7
:104E500006C4813B06C4013C06C4813BE3CEEC3F63
:104E6000E7AB5DBFB05E013CB05E813CB05E013C33
:104E70009C22ED3F235B62BF04404D3C0440CD3C8F
:104E800004404D3C211CEE3F430C69BF53B6883CA7
:104E900053B6083D53B6883C0726F03FD96271BF30
:104EA000B23D9E3CB23D1E3DB23D9E3C6C93F33FF5
:104EB0008FEE7ABFB18E253BB18EA53BB18E253BDF
:104EC000B08EE83F9CB353BF44D9BF3B44D93F3C6D
:104ED00044D9BF3B244FE83F139D56BFA9473F3CF1
:104EE000A947BF3CA9473F3CCD26E83F16425CBFDF
:104EF0005CD4973C5CD4173D5CD4973C5AAAE83FFD
:104F0000404F64BFA893CA3CA8934A3DA893CA3CAB
:104F10007E82EA3F71576EBFFF25EB3CFF256B3D5C
:104F2000FF25EB3C833BEE3FC6DB79BF9560973BAB
:104F30009560173C9560973B9330E03F2A1C45BF36
:104F400085462F3C8546AF3C85462F3C0E09DF3F0A
:104F5000850649BF1694AE3C16942E3D1694AE3C81
:104F6000E55FDD3F4C9250BF498B0A3D498B8A3D3E
:104F7000498B0A3D4450DC3F5A435BBF922D393D7B
:104F8000922DB93D922D393D481EDD3FF58768BF12
:104F90008EF9573D8EF9D73D8EF9573D0DE7E03F2D
:104FA0007ECC77BFB630C13BB630413CB630C13B5A
:104FB000E700DC3F530B3EBF80865F3C8086DF3CD2
:104FC00080865F3C8E40DA3F837942BFCB64DE3C13
:104FD000CB645E3DCB64DE3CDA96D73F4DFA4ABFE8
:104FE0000659303D0659B03D0659303D3070D53F29
:104FF000A1F656BFACC16B3DACC1EB3DACC16B3D46
:10500000776BD53F59C765BFC2BD893DC2BD093E5B
:10501000C2BD893D7CF9D83FDAD176BFE1D56C3786
:105020006E28DA3731E21938E0946537A79DA5B8C4
:105030002FD98DB9E7DB12BA08A26ABAE7AC97BAE2
:10504000DB119ABA15D048BA0DE34F39C5B1DF3A32
:10505000651B683BFB37AC3B57CACB3B477FBC3B30
:1050600057095A3BC0F19DBA38F4F2BB82AE68BC16
:1050700005B6A2BC79EBB6BC8157A0BC8C2C25BC74
:105080008E2CDB3BACCBF53C45B86C3D54E7B13DD9
:105090002747E83D73E3083E5A1E143E5A1E143E4D
:1050A00073E3083E2747E83D54E7B13D45B86C3D02
:1050B000ACCBF53C8E2CDB3B8C2C25BC8157A0BCAB
:1050C00079EBB6BC05B6A2BC82AE68BC38F4F2BBC4
:1050D000C0F19DBA57095A3B477FBC3B57CACB3BEF
:1050E000FB37AC3B651B683BC5B1DF3A0DE34F397D
:1050F00015D048BADB119ABAE7AC97BA08A26ABAD7
:10510000E7DB12BA2FD98DB9A79DA5B8E094653712
:1051100031E219386E28DA37E1D56C37764D696E91
:10512000696D756D00000000010000001E000000A8
:105130000000000000000000060000000300000066
:105140000000803F0000000000000000010000009F
:10515000010000000000A041050000002400000044
:105160002300000000000000000000000F0000000D
:1051700014000000EE02000000000000A086010004
:10518000010000000100000001000000408B6B00E6
:10519000F0446B00000000006400000064000000A8
:1051A000640000006400000064000000640000006F
:1051B000640000006400000064000000640000005F
:1051C000640000006400000064000000640000004F
:1051D0000000000000000000640000006400000007
:1051E000640000006400000064000000640000002F
:1051F0006400000064000000640000000000000083
:105200000000000000000000F6FFFFFF0000A040CB
:10521000CDCCCC3D00000040F6FFFFFF890300002D
:105220005503000022030000F0020000C10200004C
:105230008D0200005C0200002C020000F60100005C
:10524000C30100008F01000058010000230100008D
:10525000ED000000B50000007C00000041000000EF
:105260000400000000000000000000003333733F22
:105270009A99593F0000484300007A450AD7A33C59
:105280000AD7A33C0AD7A33C0AD7A33C0AD7A33C1E
:105290000AD7A33C0AD7A33C8FC2F53C8FC2F53C8A
:1052A0008FC2F53C8FC2F53C8FC2F53C8FC2F53CF6
:1052B0008FC2F53CE3A59B3CE3A59B3CE3A59B3C4F
:1052C000E3A59B3CE3A59B3CE3A59B3CE3A59B3C62
:1052D0006F12033C6F12033C6F12033C6F12033CCE
:1052E0006F12033C6F12033C6F12033C0000803FBF
:1052F0000000803F0000803F0000803F0000803FB2
:105300000000803F0000803F00000000000000001F
:10531000000000000000000000000000000000008D
:10532000000000000000803F0000803F0000803F40
:105330000000803F0000803F0000803F0000803F71
:10534000000000000000000000000000000000005D
:105350000000000000000000000000004052360085
:10536000104E3800F0446B0000DD6D00E089D6007F
:10537000C0ACD800A059410188C844016029AC01E3
:10538000C8D0B001404B4C0080969800C0E1E400CA
:105390006023360040523600D0F06B00F0446B00C2
:1053A00090C0D6002026D700A06D140130561401FD
:1053B000C02A410130B9420128827C01D0667C01BB
:1053C00080FAAB01404CAE01408B6B000000000046
:1053D00000000000000000000000000000000000CD
:1053E00000000000000000000000000000000000BD
:1053F0000000000000000000000000000000596FE5
:1054000075722043616C6C005053543A20000000C8
:10541000000000002E00000000000000000000005E
:105420000000F6C20000164200000000000000006C
:10543000000000000000000000000000000000006C
:105440000000000000000000B0030000C4030000E2
:10545000E0930400E54B98BD00000000E54B983D4B
:1054600050D7DB3FE0B95CBF804396BD0000000031
:105470008043963D31D5D63FA9C759BFBECAB0BDFE
:1054800000000000BECAB03D0F9BE23F88F763BF3B
:10549000E859AABD00000000E859AA3D4DD8D23F06
:1054A0006BA95BBF0946C4BD000000000946C43DAE
:1054B0000BDCCC3FD29E52BFFCCBC0BD0000000035
:1054C000FCCBC03D2666C53FB7E34EBFEC17E5BD3C
:1054D00000000000EC17E53D2267D63FE1E05BBF2E
:1054E000B91EDABD00000000B91EDA3D1FBABE3F8A
:1054F000AE5851BFD66AF1BD00000000D66AF13D3A
:105500001F26B93F131F48BF164EECBD0000000018
:10551000164EEC3DFEB7AE3F31E243BFB1830DBE48
:1055200000000000B1830D3EE2F2C53FAA3353BF35
:10553000F07B05BE00000000F07B053E8C94A43F8C
:10554000943747BF72611ABE0000000072611A3EB4
:105550001E0C9C3FF68338BF9A4516BE0000000023
:105560009A45163EF1DB8C3FCC9A33BF7C1636BE93
:10557000000000007C16363E9AEAAD3FC44F46BF9D
:10558000545729BE000000005457293E84067A3F34
:10559000DE6D38BF2C9643BE000000002C96433EC3
:1055A000BE48663F2D0425BF41BB3DBE0000000044
:1055B00041BB3D3E70303B3F8B1320BF9D6F67BEAC
:1055C000000000009D6F673E1DAE8B3FB2A435BF4B
:1055D0006AB455BE000000006AB4553ED6FE0B3FCB
:1055E00017BA27BF50F82FBC0000000050F82F3C1E
:1055F0004027FD3FDCEC7ABF6C992FBC0000000017
:105600006C992F3C21D2FC3F8D657ABF1AEF48BCC4
:10561000000000001AEF483C23CAFD3F8F137CBFF7
:1056200091C347BC0000000091C3473C54D5FC3FE8
:10563000C99B7ABFADE753BC00000000ADE7533C07
:105640000C72FC3F09E079BFF06353BC000000001E
:10565000F063533CF609FC3FB14479BFAA1972BC10
:1056600000000000AA19723CDD37FD3F3C3C7BBFC7
:105670001C7970BC000000001C79703CA809FC3F3C
:10568000F68B79BF85BC86BC0000000085BC863CDB
:10569000CC54FB3FA63778BF685086BC00000000A2
:1056A0006850863CF9C6FA3F7A7077BF68189ABC92
:1056B0000000000068189A3C6B58FC3F54F379BF17
:1056C00095C298BC0000000095C2983C75B9FA3F9D
:1056D000DFC877BF10E9ACBC0000000010E9AC3CAB
:1056E000D0C3F93FA10576BFD833ACBC00000000A1
:1056F000D833AC3C40FEF83FC90375BF3F07C6BC7A
:10570000000000003F07C63C2B1EFB3F1D4078BF3A
:105710005BCAC3BC000000005BCAC33C0BD7F83FA8
:10572000EF7175BF085DD0BC00000000085DD03C83
:105730009E08F83FDBF473BF365ECFBC000000006C
:10574000365ECF3C8D0CF73F81CA72BFEEE4EEBCF3
:1057500000000000EEE4EE3CCBB6F93FE59876BFE2
:1057600040BEEBBC0000000040BEEB3C7DC6F63FF7
:10577000345873BF4F510BBD000000004F510B3D1B
:10578000B3F0F43F6EF56FBF285C0ABD0000000067
:10579000285C0A3DE070F33F2F4F6EBFFC2C20BD0C
:1057A00000000000FC2C203DA755F73F468F73BF3B
:1057B0005B261DBD000000005B261D3DBAD3F23FF5
:1057C00065F56EBF8E0524BD000000008E05243DEA
:1057D000E7B6F13F270D6DBF88C622BD000000006F
:1057E00088C6223D9BD2EF3F16406BBFB9D23CBD6D
:1057F00000000000B9D23C3D4DA7F43FF12971BF34
:1058000056E038BD0000000056E0383DC0E3EE3FF2
:105810007C1F6CBF65D350BD0000000065D3503DB8
:105820006D69EC3FC6E767BF11C34EBD00000000C5
:1058300011C34E3D8EB0E93F0E9D65BF162771BD69
:10584000000000001627713DBE6AF03FA7206DBF23
:10585000BC9E6ABD00000000BC9E6A3D1A0AE83F7B
:1058600036B466BF36BD7FBD0000000036BD7F3D4B
:10587000986DE53FF57662BFC3B47CBD00000000C3
:10588000C3B47C3DF6AFE13F63C75FBF641594BD11
:10589000000000006415943D30B0EA3FD1BD68BF00
:1058A0002A488FBD000000002A488F3D210CDF3FB1
:1058B000DB3161BFAEE35A398E508439ED10A63921
:1058C0005C5BCC395D28F039DAAE0E3A56B22F3A2D
:1058D000DE2F4E3AEE12583AD10D5F3A743F8A3AB3
:1058E000DABCBD3A8F74DE3A6E07C83A065BA73A57
:1058F000AB56DB3A6CEA333B008A5E3B3C29323BD9
:105900006778D63ABD25103BB787993B00C2D13B9B
:10591000DE819F3BC72FF83AC66A153B23D1EE3B89
:1059200005793B3C7B04113C3A6B123BC8C6BB3A41
:10593000BE712B3C40E4A03C21CA853C28395A3B2F
:10594000129179BA6239683C15E1083DDA5BFF3C97
:10595000F972E73BBAD0C3BB99029D3CB02C7C3DA9
:10596000520B8B3D826BAC3C2C7D9BBC68FF073D92
:1059700015343E3ECC28AA3E929FAD3EC998343E97
:10598000E15A34BDC5512EBE139016BEAE5C49BD62
:105990000E313C3C4ACB8BBB94EE42BD828A69BD42
:1059A000AEC5DBBCABDBEF3AF2816ABA3126B5BCDF
:1059B0006C9CFCBC14E392BCC65AEFBAECF64FBA2E
:1059C00051463CBCE79890BCE02946BCCE0B4EBB90
:1059D000777DA7BA4DBBCDBBE79E23BCE941FFBB9A
:1059E000009E4FBB2E06D0BADF526BBBCCC3B2BBFE
:1059F000044499BBCD6926BBA68DC9BA171E0CBB42
:105A0000AE453BBB8A3A29BBFC48E1BAD8CD9EBA29
:105A10005070A7BABC2CBBBAE081A9BAF2BA81BA5D
:105A20007BBA4CBAA8D23ABAD0182EBA66A615BA22
:105A3000AD66F6B9882ECFB9DE7EADB9A22289B99E
:105A4000198952B905765C39B08E8839B5A0A73965
:105A500085EDCB39866DF339DF020E3AD5DC233A7A
:105A6000279A3E3A61DD603AD95E843A8DF6973ADC
:105A70004FC1A83A462DB83ACE22CB3A7250E53AF9
:105A80004E5E023B67B3113B176D1F3B53D12E3B5C
:105A9000891F453BBFE3623B7F1F803B1D3B893B2A
:105AA000B4EF8B3B99048F3B452A9C3BBE4DB63BE4
:105AB000E6DBD43BD05FEB3B1544F83B0B3A053CAF
:105AC000963E193CE698343C2939443C5B53353CBE
:105AD0004315103CF8F5023C41DD473C21ABB53C99
:105AE000A1B2083D4E53193D5205E83C5B041B3CF6
:105AF000973F88BB236BF03B2656633DB945073E75
:105B00001C50553ED5727D3EE3AA663E31D6133E0B
:105B1000BD160F3D93B27ABDA3C6E5BDC743E3BD35
:105B20008A7599BDFAD804BDA246BFBB9B9ED4BA64
:105B3000E63942BC3019C0BC9D25E2BC522AC1BC2A
:105B4000FC5784BC8A822BBC8F1C0BBC6D2513BCFC
:105B500001B91EBC9BED19BC5EED08BC3297F2BBCF
:105B60005443E3BBD591DBBBC4F4CCBB234BB3BBE9
:105B7000FC1597BBBF1983BB6A7B74BB53A26DBB7B
:105B80001CE862BBE7024FBBA40B37BB4A4422BBF5
:105B9000CAD412BBA9B505BB0A1CEFBA44B6D0BA29
:105BA0001B5BB5BA63DDA0BA56FE91BA556384BAE1
:105BB000B4066ABAB49248BA2A2B29BAFA0C0FBAB8
:105BC000FE6DF3B941A1CDB967F8A9B9483489B9D7
:105BD000AA135AB9198952B9A22289B9DE7EADB980
:105BE000882ECFB9AD66F6B966A615BAD0182EBA0A
:105BF000A8D23ABA7BBA4CBAF2BA81BAE081A9BA51
:105C0000BC2CBBBA5070A7BAD8CD9EBAFC48E1BA3A
:105C10008A3A29BBAE453BBB171E0CBBA68DC9BA41
:105C2000CD6926BB044499BBCCC3B2BBDF526BBB6E
:105C30002E06D0BA009E4FBBE941FFBBE79E23BCB6
:105C40004DBBCDBB777DA7BACE0B4EBBE02946BC82
:105C5000E79890BC51463CBCECF64FBAC65AEFBA36
:105C600014E392BC6C9CFCBC3126B5BCF2816ABAD0
:105C7000ABDBEF3AAEC5DBBC828A69BD94EE42BDB8
:105C80004ACB8BBB0E313C3CAE5C49BD139016BE7B
:105C9000C5512EBEE15A34BDC998343E929FAD3EE7
:105CA000CC28AA3E15343E3E68FF073D2C7D9BBCA8
:105CB000826BAC3C520B8B3DB02C7C3D99029D3CE1
:105CC000BAD0C3BBF972E73BDA5BFF3C15E1083D94
:105CD0006239683C129179BA28395A3B21CA853C0D
:105CE00040E4A03CBE712B3CC8C6BB3A3A6B123BA9
:105CF0007B04113C05793B3C23D1EE3BC66A153B46
:105D0000C72FF83ADE819F3B00C2D13BB787993B52
:105D1000BD25103B6778D63A3C29323B008A5E3B72
:105D20006CEA333BAB56DB3A065BA73A6E07C83AE0
:105D30008F74DE3ADABCBD3A743F8A3AD10D5F3ACD
:105D4000EE12583ADE2F4E3A56B22F3ADAAE0E3AEB
:105D50005D28F0395C5BCC39ED10A6398E50843962
:105D6000AEE35A39AA135AB9483489B967F8A9B9C0
:105D700041A1CDB9FE6DF3B9FA0C0FBA2A2B29BA9D
:105D8000B49248BAB4066ABA556384BA56FE91BA58
:105D900063DDA0BA1B5BB5BA44B6D0BA0A1CEFBA31
:105DA000A9B505BBCAD412BB4A4422BBA40B37BB5E
:105DB000E7024FBB1CE862BB53A26DBB6A7B74BB9E
:105DC000BF1983BBFC1597BB234BB3BBC4F4CCBB3F
:105DD000D591DBBB5443E3BB3297F2BB5EED08BC0D
:105DE0009BED19BC01B91EBC6D2513BC8F1C0BBCEF
:105DF0008A822BBCFC5784BC522AC1BC9D25E2BCC4
:105E00003019C0BCE63942BC9B9ED4BAA246BFBB87
:105E1000FAD804BD8A7599BDC743E3BDA3C6E5BDE5
:105E200093B27ABDBD160F3D31D6133EE3AA663E4E
:105E3000D5727D3E1C50553EB945073E2656633D02
:105E4000236BF03B973F88BB5B041B3C5205E83C4F
:105E50004E53193DA1B2083D21ABB53C41DD473C55
:105E6000F8F5023C4315103C5B53353C2939443C62
:105E7000E698343C963E193C0B3A053C1544F83BF9
:105E8000D05FEB3BE6DBD43BBE4DB63B452A9C3BAB
:105E900099048F3BB4EF8B3B1D3B893B7F1F803BBD
:105EA000BFE3623B891F453B53D12E3B176D1F3B20
:105EB00067B3113B4E5E023B7250E53ACE22CB3ABD
:105EC000462DB83A4FC1A83A8DF6973AD95E843A32
:105ED00061DD603A279A3E3AD5DC233ADF020E3A7A
:105EE000866DF33985EDCB39B5A0A739B08E8839E9
:105EF00005765C39EA5A19B613FF0DB8E2DBBCB877
:105F0000E0FAD6B85F037538F070EE39C16F643AC5
:105F10006F8D443A6DA0F5B9F9722BBBDB228BBBB8
:105F2000A7C449BBD3E6113BDD07223C0E2B6C3CDA
:105F3000962C173CDB6902BC5383F8BC0C5A2CBD71
:105F40008CC2CFBCD40AE93C19B1E13D2A37463EA8
:105F5000ED2B7C3EED2B7C3E2A37463E19B1E13DD0
:105F6000D40AE93C8CC2CFBC0C5A2CBD5383F8BC7C
:105F7000DB6902BC962C173C0E2B6C3CDD07223CE7
:105F8000D3E6113BA7C449BBDB228BBBF9722BBB09
:105F90006DA0F5B96F8D443AC16F643AF070EE3977
:105FA0005F037538E0FAD6B8E2DBBCB813FF0DB872
:105FB000EA5A19B60029DE07007B9A1791ED7C3F5B
:105FC00091ED7C3FE926813F0AD7833FEC51883F22
:105FD000A8C68B3F0000803F0AD723BC1B2FDDBC27
:105FE000FCA9713D295C0F3D0AD7A33D23DBF93D98
:105FF00000000000AE47813F4E62803F3D0A773F80
:106000007B146E3F6666663FAE47613F0000803F8F
:106010000AD723BC0AD723BC1B2FDDBCAE4761BD0A
:10602000CDCCCCBDEC51B8BD000000003333733F84
:106030009A99593F040000002812022044A600202B
:1060400004000000241E022044A6002004000000DA
:106050004812022094A6002004000000441E0220E2
:1060600094A600200400000068120220E4A600208C
:1060700004000000641E0220E4A6002004000000CA
:106080008812022034A7002004000000841E022091
:1060900034A7002004000000A812022084A70020DA
:1060A00004000000A41E022084A7002006000000B7
:1060B00078E70020B49F002006000000A8E7002039
:1060C0002CA0002006000000D8E70020A4A000209B
:1060D0000600000008E800201CA1002006000000C7
:1060E00038E8002094A1002004000000C81202201B
:1060F000D4A7002004000000C41E0220D4A7002062
:1061000004000000E812022024A80020040000007F
:10611000E41E022024A8002004000000081302202E
:1061200074A8002004000000041F022074A80020AE
:106130000400000028130220C4A80020040000006E
:10614000241F0220C4A800200400000048130220DD
:1061500014A9002004000000441F022014A90020FC
:10616000040000006813022064A90020040000005D
:10617000641F022064A9002004000000881302208C
:10618000B4A9002004000000841F0220B4A900204C
:1061900004000000A813022004AA0020040000004C
:1061A000A41F022004AA002004000000C81302203B
:1061B00054AA002004000000C41F022054AA00209A
:1061C00000003A40EC350020000000000000000014
:1061D00000000000000000000000000000000000BF
:1061E00000000000000000000000000000000000AF
:1061F000000000000000000000000000000000009F
:10620000000000000000000000000000000000008E
:1062100000C039407C350020000000000000000074
:10622000000000000000000000000000000000006E
:10623000000000000000000000000000000000005E
:10624000000000000000000000000000000000004E
:10625000000000000000000000000000000000003E
:10626000004039400C350020000000000000000014
:10627000000000000000000000000000000000001E
:10628000000000000000000000000000000000000E
:1062900000000000000000000000000000000000FE
:1062A00000000000000000000000000000000000EE
:1062B0006F12033C6F12033C6F12033C6F12033CDE
:1062C0006F12033C6F12033C6F12033C40370020F7
:1062D00000000000E803000000000000C0380020BB
:1062E00000000000E80300000000000000003F4044
:1062F000C034016000000000000000000000000049
:10630000000000000000000000000000000000008D
:10631000000000000000000000000000000000007D
:10632000000000000000000000000000000000006D
:10633000000000000000000000000000000000005D
:10634000000000000000000000000000000000004D
:10635000000000000000000000000000000000003D
:10636000000000000000000000000000000000002D
:10637000000000000000000000000000000000001D
:10638000000000000000000000000000000000000D
:1063900000000000000000000000000000000000FD
:1063A00000000000000000000000000000000000ED
:1063B00000000000000000000000000000000000DD
:1063C00000000000000000000000000000000000CD
:1063D00000000000000000000000000000000000BD
:1063E00000000000000000000000000000000000AD
:1063F000000000000000000000000000000000009D
:10640000000000000000000000000000000000008C
:10641000000000000000000000000000C038002064
:1064200000000000E80300000000000000803F4082
:106430007034016000000000000000000000000057
:10644000000000000000000000000000000000004C
:10645000000000000000000000000000000000003C
:10646000000000000000000000000000000000002C
:10647000000000000000000000000000000000001C
:10648000000000000000000000000000000000000C
:1064900000000000000000000000000000000000FC
:1064A00000000000000000000000000000000000EC
:1064B00000000000000000000000000000000000DC
:1064C00000000000000000000000000000000000CC
:1064D00000000000000000000000000000000000BC
:1064E00000000000000000000000000000000000AC
:1064F000000000000000000000000000000000009C
:10650000000000000000000000000000000000008B
:10651000000000000000000000000000000000007B
:10652000000000000000000000000000000000006B
:10653000000000000000000000000000000000005B
:10654000000000000000000000000000000000004B
:10655000000000000000000000000000C038002023
:1065600000000000E80300000000000000C03F4001
:106570002034016000000000000000000000000066
:10658000000000000000000000000000000000000B
:1065900000000000000000000000000000000000FB
:1065A00000000000000000000000000000000000EB
:1065B00000000000000000000000000000000000DB
:1065C00000000000000000000000000000000000CB
:1065D00000000000000000000000000000000000BB
:1065E00000000000000000000000000000000000AB
:1065F000000000000000000000000000000000009B
:10660000000000000000000000000000000000008A
:10661000000000000000000000000000000000007A
:10662000000000000000000000000000000000006A
:10663000000000000000000000000000000000005A
:10664000000000000000000000000000000000004A
:10665000000000000000000000000000000000003A
:10666000000000000000000000000000000000002A
:10667000000000000000000000000000000000001A
:10668000000000000000000000000000000000000A
:106690000000000000000000000000002C010000CD
:1066A00000000000000000007F00000000007AC42D
:1066B00001000000020000008000000080000000D7
:1066C000140000001400000001000000FFFFFFFFA5
:1066D00005000000E0182520000000004300000035
:1066E00000000000000000000000000000000000AA
:1066F0000000000000000000000000004300000057
:106700000000000000000000000000000000000089
:106710000000000000000000000000004300000036
:106720000000000000000000000000000000000069
:106730000000000000000000000000004300000016
:106740000000000000000000000000000000000049
:1067500000000000000000000000000043000000F6
:106760000000000000000000000000000000000029
:1067700000000000000000000000000043000000D6
:106780000000000000000000000000000000000009
:1067900000000000000000000000000043000000B6
:1067A00000000000000000000000000000000000E9
:1067B000000000000000000000000000155D020065
:1067C0008D53020000000000A8710020946B00208F
:1067D000D56E0020D56E0020D56E0020D56E00202D
:1067E000D56E0020D56E0020D56E0020D56E00201D
:1067F000D56E0020FFFFFFFFFFFFFFFFFFFFFFFF42
:10680000FFFF000001004153434949000000000020
:106810000000000000000000000000000000000078
:1068200000000000000041534349490000000000FF
:106830000000000000000000000000000000000058
:106840000000000000000000000000000300000045
:1068500040F301200000000040F30120A8F30120D4
:1068600010F4012000000000000000000000000003
:106870000000000000000000000000000000000018
:106880000000000000000000000000000000000008
:1068900000000000000000000000000000000000F8
:1068A00044BA0020FFFFFFFF2494002074970020CB
:1068B0005B9800200896002018970020FFFFFFFF3C
:1068C0000AD7233C1E000000C80000005000000052
:1068D00020753800E067350000093D00EE95002086
:1068E00001000000C8000000B80B0000010000001B
:1068F00070383900000080C014000000140000004F
:10690000B0196D00C0CF6A00A0636F00F29500203F
:1069100001000000C8000000B80B000001000000EA
:10692000B0196D000000803F14000000140000004A
:10693000C0ACD800809FD500B0F6DA00F6950020F4
:1069400000000000C8000000B80B000001000000BB
:10695000184BD800000040C01400000014000000D4
:10696000202F140120B21301C0381501FA95002020
:1069700000000000C8000000B80B0000010000008B
:1069800070751401000040C01400000014000000E5
:10699000807C4301406F4001104D4701FE9500206F
:1069A00000000000C8000000B80B0000010000005B
:1069B00028DE4301000080BF140000001400000026
:1069C000C03F7C0190CA7B0130517D0102960020BE
:1069D00000000000C8000000B80B0000010000002B
:1069E000E08D7C01000080BF140000001400000056
:1069F0003096B001003FAB01A02FC50106960020E4
:106A000000000000C8000000B80B000001000000FA
:106A100000000000000080BF14000000140000000F
:106A2000160000001600000016000000160000000E
:106A3000160000000000000000000000C9990020BE
:106A4000CC990020179E0020049E0020CF990020A2
:106A500000000000B2B50000178000001F00000019
:106A6000FF070000E0030000E0070000E0FF000077
:106A700060FB000000F80000010000008F9600207D
:106A80009E960020A6960020B3960020BA9600207D
:106A900001000000E3000000AA0000000000000068
:106AA0000101000001000000BE960020CD960020EC
:106AB000D5960020E2960020E99600200100000013
:106AC0004400000057000000000000000101000029
:106AD00001000000EC960020FB96002002970020A9
:106AE0000F970020169700200100000070000000A2
:106AF000B8000000000000000101000001000000DB
:106B00001A97002029970020319700203E970020F7
:106B1000459700200100000024000000DC00000078
:106B20000000000001010000010000004997002062
:106B3000589700205F9700206C97002073970020E3
:106B400001000000E20200007B01000000000000E4
:106B500001010000010000007697002085970020C9
:106B60008E9700209B970020A29700200100000034
:106B7000900200006201000000000000010100001E
:106B800001000000A6970020B5970020BE970020C6
:106B9000CB970020D297002001000000B702000030
:106BA000B80000000000000001010000010000002A
:106BB000D5970020E4970020EB970020F89700205D
:106BC000FF97002001000000410200008900000042
:106BD00000000000010100000100000002980020F8
:106BE0001198002018980020259800202C9800204B
:106BF0000100000085020000D90000000000000034
:106C00000101000001000000309800203F980020A2
:106C100046980020539800205A9800200100000058
:106C20003602000004010000000000000101000025
:106C3000010000005D9800206C98002074980020EE
:106C4000819800208898002001000000C601000003
:106C500053010000000000000101000001000000DD
:106C60008B9800209A980020A1980020AE980020D0
:106C7000B598002001000000E6010000210100009D
:106C8000000000000101000001000000B898002091
:106C9000C7980020CF980020DC980020E3980020BF
:106CA00001000000D4010000C3000000000000004B
:106CB0000101000001000000E6980020F598002086
:106CC000FC98002009990020109900200100000084
:106CD000BB0100007B00000000000000010100007B
:106CE000010000001399002022990020299900201A
:106CF000369900203D990020010000005E0100004F
:106D0000C3000000000000000101000001000000BD
:106D10004199002050990020589900206599002041
:106D20006C99002001000000070100006D010000C7
:106D30000000000001010000010000006F99002028
:106D40007E99002085990020929900209999002031
:106D500001000000D100000033010000000000002D
:106D600001010000120000009C990020AB99002056
:106D7000B2990020BF990020C699002001000000B0
:106D8000EE000000FD000000000000000101000016
:106D900075810020E0930400B0030000C4030000EC
:106DA000FFFFFFFFD0F06B00010100002877993949
:106DB000780200BA2D4B293A804727BAFD2FA23915
:106DC000C2BAF939FD59E7BA2678613BC078A9BB48
:106DD000A728D23B3419D4BB8986983BD3B7F4B9E2
:106DE00017BCC9BBEF2C703C109BC2BCABC8003DAC
:106DF00072DA0FBDA727023D276193BC23A42FBCE5
:106E00003C80813D5BE42EBECC4E1F3FCC4E1F3FED
:106E10005BE42EBE3C80813D23A42FBC276193BC44
:106E2000A727023D72DA0FBDABC8003D109BC2BC64
:106E3000EF2C703C17BCC9BBD3B7F4B98986983B1B
:106E40003419D4BBA728D23BC078A9BB2678613BB4
:106E5000FD59E7BAC2BAF939FD2FA239804727BADE
:106E60002D4B293A780200BA287799399E361FB7F8
:106E7000A4ED29393D6BB03931AF2F3A819B923A5D
:106E800069FBCE3A6BDFF23A0BE7D83A9329303AF6
:106E90006D60AEBADB378FBBDFF904BC535B41BC1E
:106EA000786169BCB63B65BCE4241DBC615B673896
:106EB000522E7B3C1704123DE61C733DEBCEAB3DDE
:106EC000F972D93DD62FFC3D517B073E517B073EE1
:106ED000D62FFC3DF972D93DEBCEAB3DE61C733DA0
:106EE0001704123D522E7B3C615B6738E4241DBCC5
:106EF000B63B65BC786169BC535B41BCDFF904BC3F
:106F0000DB378FBB6D60AEBA9329303A0BE7D83AC6
:106F10006BDFF23A69FBCE3A819B923A31AF2F3A5E
:106F20003D6BB039A4ED29399E361FB70477303850
:106F3000969813B96FDBF8B9AA996EBA4F6283BA03
:106F40000C6E60B9E786C13AEBC3463B7EBF2D3B72
:106F5000BC7551BA8FB7C4BB5E8511BCC450A4BB0D
:106F600010F2C63BC526943C7E50A53C83E6983B78
:106F7000E6D0C6BC488444BD367829BD58DC383CD0
:106F8000BF3BD23D0BDF4D3EA795873EA795873E81
:106F90000BDF4D3EBF3BD23D58DC383C367829BD37
:106FA000488444BDE6D0C6BC83E6983B7E50A53CF1
:106FB000C526943C10F2C63BC450A4BB5E8511BCF0
:106FC0008FB7C4BBBC7551BA7EBF2D3BEBC3463BEC
:106FD000E786C13A0C6E60B94F6283BAAA996EBA5D
:106FE0006FDBF8B9969813B904773038FFFFFFFFCD
:106FF000FFFFFFFF01000000010000000100000092
:10700000408B6B00F0446B00CDCCCC3D0000A04029
:10701000F6FFFFFF00000040F6FFFFFF0100000049
:107020000F00000005000000EE020000389B002069
:1070300000002041020018000000803F3F9B00201C
:107040000000A041040050000000003F469B0020CB
:107050000000204208003A000000803E4D9B0020C6
:107060000000C84214007800CDCCCC3D549B0020D9
:10707000000048432800C800CDCC4C3D640000000F
:107080006400000064000000640000006400000070
:107090006400000064000000640000006400000060
:1070A0006400000064000000640000006400000050
:1070B0006400000000000000000000006400000008
:1070C0006400000064000000640000006400000030
:1070D0006400000064000000640000006400000020
:1070E0000000000000000000000000009C370020AD
:1070F00000000000E80300000000000000000000A5
:1071000040523600104E3800F0446B0000DD6D0038
:10711000E089D600C0ACD800A059410188C844011C
:107120006029AC01C8D0B001404B4C00809698005B
:10713000C0E1E40024940020CD9D0020D19D0020DA
:10714000DA9D00200000803FB0040000A08601000E
:10715000899D00208D9D0020929D0020979D0020FC
:10716000A39D0020A69D0020E8030000E803000086
:10717000249400209B9D0020F401000003000000E7
:10718000CF990020449E0020119E0020209E0020C8
:107190009D550060FDB40060415800604D5800608E
:1071A000A9580060D958006085590060C159006035
:1071B0000559006045590060FFB40060255A006021
:1071C0003D5A006001530060A5B300003DB30000CC
:1071D000C9A30100C9A30100C9A30100C9A30100FB
:1071E000C9A30100C9A30100C9A30100C9A30100EB
:1071F000C9A30100C9A30100C9A30100C9A30100DB
:10720000C9A30100C9A30100C9A30100C9A30100CA
:10721000C9A30100C9A30100C9A30100C9A30100BA
:10722000C9A30100C9A30100C9A30100C9A30100AA
:10723000C9A30100C9A30100C9A30100C9A301009A
:10724000C9A30100C9A30100C9A30100C9A301008A
:10725000C9A30100C9A30100C9A30100C9A301007A
:10726000C9A30100C9A30100C9A30100C9A301006A
:10727000C9A30100C9A30100C9A30100C9A301005A
:10728000C9A30100C9A30100C9A30100C9A301004A
:10729000C9A30100C9A30100C9A30100C9A301003A
:1072A000C9A30100C9A30100C9A30100C9A301002A
:1072B000C9A30100C9A30100C9A30100C9A301001A
:1072C000C9A30100C9A30100C9A30100C9A301000A
:1072D000C9A30100C9A30100C9A30100C9A30100FA
:1072E000C9A30100C9A30100C9A30100C9A30100EA
:1072F000C9A30100C9A30100C9A30100C9A30100DA
:10730000C9A30100C9A30100C9A30100C9A30100C9
:10731000C9A30100C9A30100C9A30100C9A30100B9
:10732000C9A30100C9A30100C9A30100C9A30100A9
:10733000C9A30100C9A30100C9A30100C9A3010099
:10734000C9A30100C9A30100C9A30100C9A3010089
:10735000C9A30100C9A30100C9A30100C9A3010079
:10736000C9A30100C9A30100C9A30100C9A3010069
:10737000C9A30100C9A30100C9A30100C9A3010059
:10738000C9A30100C9A30100C9A30100C9A3010049
:10739000C9A30100C9A30100C9A30100C9A3010039
:1073A000C9A30100C9A30100C9A30100C9A3010029
:1073B000C9A30100C9A30100C9A30100C9A3010019
:1073C000C9A30100C9A30100C9A30100C9A3010009
:1073D000249400207793002060233600405236002A
:1073E000D0F06B00F0446B0090C0D6002026D70090
:1073F000A06D140130561401C02A410130B9420178
:1074000028827C01D0667C0180FAAB01404CAE0141
:10741000CDCCCCBD1C930020299300202F930020BD
:107420000000000000000000000000003693002073
:107430003D930020449300204B9300205293002062
:10744000599300205F9300206B9300200000000000
:1074500000000000000000000000000000001642D4
:107460000000F6C273662E626D700000000000001E
:10747000000000000000000000000000000000000C
:1074800000000000000000000000000000000000FC
:107490000000000000000000000016420000F6C2DC
:1074A000626561636F6E2E626D7000000000000007
:1074B00000000000000000000000000000000000CC
:1074C00000000000000000000000000000000000BC
:1074D00000000000000016420000F6C26D61702E30
:1074E000626D70000000000000000000000000005D
:1074F000000000000000000000000000000000008C
:10750000000000000000000000000000000000007B
:1075100000000000000000006D6170322E626D708E
:10752000000000000000000000000000000000005B
:10753000000000000000000000000000000000004B
:10754000000000000000000000000000000000003B
:10755000000000000000000000000000000000002B
:10756000000000000000000000000000000000001B
:10757000000000000000000000000000000000000B
:1075800000000000000000000000000000000000FB
:1075900000000000000000000000000000000000EB
:1075A00000000000000000000000000000000000DB
:1075B00000000000000000000000000000000000CB
:1075C00000000000000000000000000000000000BB
:1075D00000000000000000000000000000000000AB
:1075E000000000000000000000000000000000009B
:1075F000000000000000000000000000000000008B
:10760000000000000000000000000000000000007A
:10761000000000000000000000000000000000006A
:10762000000000000000000000000000000000005A
:10763000000000000000000000000000000000004A
:10764000000000000000000000000000000000003A
:10765000000000000000000000000000000000002A
:10766000000000000000000000000000000000001A
:10767000000000000000000000000000000000000A
:1076800000000000000000000000000000000000FA
:1076900000000000000000000000000000000000EA
:1076A00000000000000000000000000000000000DA
:1076B00000000000000000000000000024940020F2
:1076C000C89D002082940020E02E00000000484366
:1076D00024940020829400201C930020AB9D002065
:1076E000FFFFFFFF1C0000001C00000000007A45A7
:1076F000010000000000803F0000803F0000803F4C
:107700000000803F0000803F0000803F0000803F7D
:107710000000803F0000803F0000803F0000803F6D
:107720000000803F0000803F0000803FFFFFFFFF20
:10773000779300207B930020849300208E93002079
:107740009A930020A79300202F93002000000000B0
:10775000B29300207D9400202F93002000000000B1
:107760000000000000000000000000000000000019
:10777000BE930020C4930020CA9300202F930020C2
:1077800000000000000000000000000000000000F9
:10779000D0930020DD930020EA930020F79300208F
:1077A00004940020109400201C9400202F930020AB
:1077B00024940020289400202D940020329400204E
:1077C000399400202F9300200000000000000000EA
:1077D0003E94002049940020549400205F9400209F
:1077E0006A9400202F930020000000000000000099
:1077F000759400202F93002000000000000000007E
:107800000000000000000000000000000000000078
:107810008294002024940020859400202F9300203F
:107820000000000000000000000000000000000058
:107830008294002024940020939400202F93002011
:107840000000000000000000000000000000000038
:107850008294002024940020939400202F930020F1
:107860000000000000000000000000000000000018
:10787000739C002099940020A0940020A7940020DD
:10788000AA9400202F9300200000000000000000B8
:10789000B3940020BC9400202F930020000000002F
:1078A00000000000000000000000000000000000D8
:1078B00082940020249400202F93002000000000D8
:1078C00000000000000000000000000000000000B8
:1078D000D56E002000000000000000000000000045
:1078E0000000000000000000000000000000000098
:1078F00014000000A1AC01000000000046000000E0
:107900008C000000D2000000180100005E010000A1
:10791000A4010000EA01000030020000760200002D
:10792000010000000000A041890300005503000091
:1079300022030000F0020000C10200008D020000DE
:107940005C0200002C020000F6010000C3010000F0
:107950008F0100005801000023010000ED0000002D
:10796000B50000007C0000004100000004000000A1
:1079700000000C43C7940020D2940020DD94002026
:1079800015940020E8940020EC94002079940020C5
:10799000FD94002006950020119500201C950020E4
:1079A000269500202E9500202F9300200100000036
:1079B00006000000CF990020449E0020DE9D00209C
:1079C000119E0020E29D0020E79D0020ED9D0020FB
:1079D000F49D0020E900000041000000B49D00205B
:1079E000B89D0020BC9D0020C09D0020C49D0020AB
:1079F0000C03000000000000000000000000000078
:107A000000000000000001070A0129FFFFFFFF80BE
:107A100012010002EF020140C0168A048002010236
:107A20000301010101010101010101010100000047
:107A300000000000000001010101435120435120DA
:107A40004351204445204B4E365A44450000000027
:107A50000000000000000000000000005249472024
:107A600054343120315720515250000000000000A2
:107A70000000000000000000000000000000414E77
:107A800054204546485720534C4F504520746F2092
:107A900032302046540000000000000000000000CA
:107AA000373300000000000000000000000000006C
:107AB00000000000000000000000000000000000C6
:107AC000000035393900000000000000000000000F
:107AD00000000000000000000000000000000000A6
:107AE0000000000000000000000000000000000096
:107AF0000000000000000000000000000000000086
:107B00000000000000000000000000000000000075
:107B10000000000000000000000000000000000065
:107B20000000000000000000000000000000000055
:107B30000000000000000000000000000000000045
:107B40000000000000000000000000000000000035
:107B50000000000000000000000000000000000025
:107B60000000000000000000000000000000000015
:107B70000000000000000000000000000000000005
:107B800000000000000000000000000000000100F4
:107B90004142434445464748494A4B4C4D4E4F505D
:107BA0005152535455565758595A2A30313233345A
:107BB00035363738390100010001010100000000AD
:107BC00000000000000000000000000000000000B5
:107BD00000000000000000000000000000000000A5
:107BE0000000000000000000000000000000000095
:107BF0000000000000000000000000000000000085
:107C00000000000000000000000000000000000074
:107C10000000000000000000000000000000000064
:107C20000000000000000000000000000000000054
:107C30000000000000000000000000000000000044
:107C40000000000000000000000000000000000034
:107C50000000000000000000000000000000000024
:107C60000000000000000000000000000000000014
:107C70000000000000000000000000000000000004
:107C800000000000000000000000000000000000F4
:107C900000000000000000000000000000000000E4
:107CA00000000000000000000000000000000000D4
:107CB00000000000000000000000000000000000C4
:107CC00000000000000000000000000000000000B4
:107CD00000000000000000000000000000000000A4
:107CE0000000000000000000000000000000000094
:107CF0000000000000000000000000000000000084
:107D00000000000000000000000000000000000073
:107D10000000000000000000000000000000000063
:107D20000000000000000000000000000000000053
:107D30000000000000000000000000000000000043
:107D40000000000000000000000000000000000033
:107D50000000000000000000000000000000000023
:107D60000000000000000000000000000000000013
:107D70000000000000000000000000000000000003
:107D800000000000000000000000000000000000F3
:107D900000000000000000000000000000000000E3
:107DA00000000000000000000000000000000000D3
:107DB00000000000000000000000000000000000C3
:107DC00000000000000000000000000000000000B3
:107DD00000000000000000000000000000000000A3
:107DE0000000000000000000000000000000000093
:107DF0000000000000000000000000000000000083
:107E00000000000000000000000000000000000072
:107E10000000000000000000000000000000000062
:107E20000000000000000000000000000000000052
:107E30000000000000000000000000000000000042
:107E40000000000000000000000000000000000032
:107E50000000000000000000000000000000000022
:107E60000000000000000000000000000000000012
:107E70000000000000000000000000000000000002
:107E800000000000000000000000000000000000F2
:107E900000000000000000000000000000000000E2
:107EA00000000000000000000000000000000000D2
:107EB00000000000000000000000000000000000C2
:107EC00000000000000000000000000000000000B2
:107ED00000000000000000000000000000000000A2
:107EE0000000000000000000000000000000000092
:107EF0000000000000000000000000000000000082
:107F00000000000000000000000000000000000071
:107F10000000000000000000000000000000000061
:107F20000000000000000000000000000000000051
:107F30000000000000000000000000000000000041
:107F40000000000000000000000000000000000031
:107F50000000000000000000000000000000000021
:107F60000000000000000000000000000000000011
:107F70000000000000000000000000000000000001
:107F800000000000000000000000000000000000F1
:107F900000000000000000000000000000000000E1
:107FA00000000000000000000000000000000000D1
:107FB00000000000000000000000000000000000C1
:107FC00000000000000000000000000000000000B1
:107FD00000000000000000000000000000000000A1
:107FE0000000000000000000000000000000000091
:107FF0000000000000000000000000000000000081
:108000000000000000000000000000000000000070
:108010000000000000000000000000000000000060
:108020000000000000000000000000000000000050
:108030000000000000000000000000000000000040
:108040000000000000000000000000000000000030
:108050000000000000000000000000000000000020
:108060000000000000000000000000000000000010
:108070000000000000000000000000000000000000
:1080800000000000000000000000000000000000F0
:1080900000000000000000000000000000000000E0
:1080A00000000000000000000000000000000000D0
:1080B00000000000000000000000000000000000C0
:1080C00000000000000000000000000000000000B0
:1080D000FFFFFFFFFFFFFFFFFFFFFFFFFFFFFFFFB0
:1080E000FFFFFFFFFFFFFFFFFFFFFFFFFFFFFFFFA0
:1080F000FFFFFFFFFFFFFFFFFFFFFFFFFFFFFFFF90
:10810000FFFFFFFFFFFFFFFFFFFFFFFFFFFFFFFF7F
:10811000FFFFFFFFFFFFFFFFFFFFFFFFFFFFFFFF6F
:10812000FFFFFFFFFFFFFFFFFFFFFFFFFFFFFFFF5F
:10813000FFFFFFFFFFFFFFFFFFFFFFFFFFFFFFFF4F
:10814000FFFFFFFFFFFFFFFFFFFFFFFFFFFFFFFF3F
:10815000FFFFFFFFFFFFFFFFFFFFFFFFFFFFFFFF2F
:10816000FFFFFFFFFFFFFFFFFFFFFFFFFFFFFFFF1F
:10817000FFFFFFFFFFFFFFFFFFFFFFFFFFFFFFFF0F
:10818000FFFFFFFFFFFFFFFFFFFFFFFFFFFFFFFFFF
:10819000FFFFFFFFFFFFFFFFFFFFFFFFFFFFFFFFEF
:1081A000FFFFFFFFFFFFFFFFFFFFFFFFFFFFFFFFDF
:1081B000FFFFFFFFFFFFFFFFFFFFFFFFFFFFFFFFCF
:1081C000FFFFFFFFFFFFFFFFFFFFFFFFFFFFFFFFBF
:1081D000FFFFFFFFFFFFFFFFFFFFFFFFFFFFFFFFAF
:1081E000FFFFFFFFFFFFFFFFFFFFFFFFFFFFFFFF9F
:1081F000FFFFFFFFFFFFFFFFFFFFFFFFFFFFFFFF8F
:10820000FFFFFFFFFFFFFFFFFFFFFFFFFFFFFFFF7E
:10821000FFFFFFFFFFFFFFFFFFFFFFFFFFFFFFFF6E
:10822000FFFFFFFFFFFFFFFFFFFFFFFFFFFFFFFF5E
:10823000FFFFFFFFFFFFFFFFFFFFFFFFFFFFFFFF4E
:10824000FFFFFFFFFFFFFFFFFFFFFFFFFFFFFFFF3E
:10825000FFFFFFFFFFFFFFFFFFFFFFFFFFFFFFFF2E
:10826000FFFFFFFFFFFFFFFFFFFFFFFFFFFFFFFF1E
:10827000FFFFFFFFFFFFFFFFFFFFFFFFFFFFFFFF0E
:10828000FFFFFFFFFFFFFFFFFFFFFFFFFFFFFFFFFE
:10829000FFFFFFFFFFFFFFFFFFFFFFFFFFFFFFFFEE
:1082A000FFFFFFFFFFFFFFFFFFFFFFFFFFFFFFFFDE
:1082B000FFFFFFFFFFFFFFFFFFFFFFFFFFFFFFFFCE
:1082C000FFFFFFFFFFFFFFFFFFFFFFFFFFFFFFFFBE
:1082D000FFFFFFFFFFFFFFFFFFFFFFFFFFFFFFFFAE
:1082E000FFFFFFFFFFFFFFFFFFFFFFFFFFFFFFFF9E
:1082F000FFFFFFFFFFFFFFFFFFFFFFFFFFFFFFFF8E
:10830000FFFFFFFFFFFFFFFFFFFFFFFFFFFFFFFF7D
:10831000FFFFFFFFFFFFFFFFFFFFFFFFFFFFFFFF6D
:10832000FFFFFFFFFFFFFFFFFFFFFFFFFFFFFFFF5D
:10833000FFFFFFFFFFFFFFFFFFFFFFFFFFFFFFFF4D
:10834000FFFFFFFFFFFFFFFFFFFFFFFFFFFFFFFF3D
:10835000FFFFFFFFFFFFFFFFFFFFFFFFFFFFFFFF2D
:10836000FFFFFFFFFFFFFFFFFFFFFFFFFFFFFFFF1D
:10837000FFFFFFFFFFFFFFFFFFFFFFFFFFFFFFFF0D
:10838000FFFFFFFFFFFFFFFFFFFFFFFFFFFFFFFFFD
:10839000FFFFFFFFFFFFFFFFFFFFFFFFFFFFFFFFED
:1083A000FFFFFFFFFFFFFFFFFFFFFFFFFFFFFFFFDD
:1083B000FFFFFFFFFFFFFFFFFFFFFFFFFFFFFFFFCD
:1083C000FFFFFFFFFFFFFFFFFFFFFFFFFFFFFFFFBD
:1083D000FFFFFFFFFFFFFFFFFFFFFFFFFFFFFFFFAD
:1083E000FFFFFFFFFFFFFFFFFFFFFFFFFFFFFFFF9D
:1083F000FFFFFFFFFFFFFFFFFFFFFFFFFFFFFFFF8D
:10840000000000000000000000000000000000006C
:10841000000000000000000000000000000000005C
:10842000000000000000000000000000000000004C
:10843000000000000000000000000000000000003C
:10844000000000000000000000000000000000002C
:10845000000000000000000000000000000000001C
:10846000000000000000000000000000000000000C
:1084700000000000000000000000000000000000FC
:1084800000000000000000000000000000000000EC
:1084900000000000000000000000000000000000DC
:1084A00000000000000000000000000000000000CC
:1084B00000000000000000000000000000000000BC
:1084C00000000000000000000000000000000000AC
:1084D000000000000000000000000000000000009C
:1084E000000000000000000000000000000000008C
:1084F000000000000000000000000000000000007C
:10850000000000000000000000000000000000006B
:10851000000000000000000000000000000000005B
:10852000000000000000000000000000000000004B
:10853000000000000000000000000000000000003B
:10854000000000000000000000000000000000002B
:10855000000000000000000000000000000000001B
:10856000000000000000000000000000000000000B
:1085700000000000000000000000000000000000FB
:1085800000000000000000000000000000000000EB
:1085900000000000000000000000000000000000DB
:1085A00000000000000000000000000000000000CB
:1085B00000000000000000000000000000000000BB
:1085C00000000000000000000000000000000000AB
:1085D000000000000000000000000000000000009B
:1085E000000000000000000000000000000000008B
:1085F000000000000000000000000000000000007B
:10860000000000000000000000000000000000006A
:10861000000000000000000000000000000000005A
:10862000000000000000000000000000000000004A
:10863000000000000000000000000000000000003A
:10864000000000000000000000000000000000002A
:10865000000000000000000000000000000000001A
:10866000000000000000000000000000000000000A
:1086700000000000000000000000000000000000FA
:1086800000000000000000000000000000000000EA
:1086900000000000000000000000000000000000DA
:1086A00000000000000000000000000000000000CA
:1086B00000000000000000000000000000000000BA
:1086C00000000000000000000000000000000000AA
:1086D000000000000000000000000000000000009A
:1086E000000000000000000000000000000000008A
:1086F000000000000000000000000000000000007A
:108700000000000000000000000000000000000069
:108710000000000000000000000000000000000059
:108720000000000000000000000000000000000049
:108730000000000000000000000000000000000039
:108740000000000000000000000000000000000029
:108750000000000000000000000000000000000019
:108760000000000000000000000000000000000009
:1087700000000000000000000000000000000000F9
:1087800000000000000000000000000000000000E9
:1087900000000000000000000000000000000000D9
:1087A00000000000000000000000000000000000C9
:1087B00000000000000000000000000000000000B9
:1087C00000000000000000000000000000000000A9
:1087D0000000000000000000000000000000000099
:1087E0000000000000000000000000000000000089
:1087F0000000000000000000000000000000000079
:108800000000000000000000000000000000000068
:108810000000000000000000000000000000000058
:108820000000000000000000000000000000000048
:108830000000000000000000000000000000000038
:108840000000000000000000000000000000000028
:108850000000000000000000000000000000000018
:108860000000000000000000000000000000000008
:1088700000000000000000000000000000000000F8
:1088800000000000000000000000000000000000E8
:1088900000000000000000000000000000000000D8
:1088A00000000000000000000000000000000000C8
:1088B00000000000000000000000000000000000B8
:1088C00000000000000000000000000000000000A8
:1088D0000000000000000000000000000000000098
:1088E0000000000000000000000000000000000088
:1088F0000000000000000000000000000000000078
:108900000000000000000000000000000000000067
:108910000000000000000000000000000000000057
:108920000000000000000000000000000000000047
:108930000000000000000000000000000000000037
:108940000000000000000000000000000000000027
:108950000000000000000000000000000000000017
:108960000000000000000000000000000000000007
:1089700000000000000000000000000000000000F7
:1089800000000000000000000000000000000000E7
:1089900000000000000000000000000000000000D7
:1089A00000000000000000000000000000000000C7
:1089B00000000000000000000000000000000000B7
:1089C00000000000000000000000000000000000A7
:1089D0000000000000000000000000000000000097
:1089E0000000000000000000000000000000000087
:1089F0000000000000000000000000000000000077
:108A00000000000000000000000000000000000066
:108A10000000000000000000000000000000000056
:108A20000000000000000000000000000000000046
:108A30000000000000000000000000000000000036
:108A40000000000000000000000000000000000026
:108A50000000000000000000000000000000000016
:108A60000000000000000000000000000000000006
:108A700000000000000000000000000000000000F6
:108A800000000000000000000000000000000000E6
:108A900000000000000000000000000000000000D6
:108AA00000000000000000000000000000000000C6
:108AB00000000000000000000000000000000000B6
:108AC00000000000000000000000000000000000A6
:108AD0000000000000000000000000000000000096
:108AE0000000000000000000000000000000000086
:108AF0000000000000000000000000000000000076
:108B00000000000000000000000000000000000065
:108B10000000000000000000000000000000000055
:108B20000000000000000000000000000000000045
:108B30000000000000000000000000000000000035
:108B40000000000000000000000000000000000025
:108B50000000000000000000000000000000000015
:108B60000000000000000000000000000000000005
:108B700000000000000000000000000000000000F5
:108B800000000000000000000000000000000000E5
:108B900000000000000000000000000000000000D5
:108BA00000000000000000000000000000000000C5
:108BB00000000000000000000000000000000000B5
:108BC00000000000000000000000000000000000A5
:108BD0000000000000000000000000000000000095
:108BE0000000000000000000000000000000000085
:108BF0000000000000000000000000000000000075
:108C00000000000000000000000000000000000064
:108C10000000000000000000000000000000000054
:108C20000000000000000000000000000000000044
:108C30000000000000000000000000000000000034
:108C40000000000000000000000000000000000024
:108C50000000000000000000000000000000000014
:108C60000000000000000000000000000000000004
:108C700000000000000000000000000000000000F4
:108C800000000000000000000000000000000000E4
:108C900000000000000000000000000000000000D4
:108CA00000000000000000000000000000000000C4
:108CB00000000000000000000000000000000000B4
:108CC00000000000000000000000000000000000A4
:108CD0000000000000000000000000000000000094
:108CE0000000000000000000000000000000000084
:108CF0000000000000000000000000000000000074
:108D00000000000000000000000000000000000063
:108D10000000000000000000000000000000000053
:108D20000000000000000000000000000000000043
:108D30000000000000000000000000000000000033
:108D40000000000000000000000000000000000023
:108D50000000000000000000000000000000000013
:108D60000000000000000000000000000000000003
:108D700000000000000000000000000000000000F3
:108D800000000000000000000000000000000000E3
:108D900000000000000000000000000000000000D3
:108DA00000000000000000000000000000000000C3
:108DB00000000000000000000000000000000000B3
:108DC00000000000000000000000000000000000A3
:108DD0000000000000000000000000000000000093
:108DE0000000000000000000000000000000000083
:108DF0000000000000000000000000000000000073
:108E00000000000000000000000000000000000062
:108E10000000000000000000000000000000000052
:108E20000000000000000000000000000000000042
:108E30000000000000000000000000000000000032
:108E40000000000000000000000000000000000022
:108E50000000000000000000000000000000000012
:108E60000000000000000000000000000000000002
:108E700000000000000000000000000000000000F2
:108E800000000000000000000000000000000000E2
:108E900000000000000000000000000000000000D2
:108EA00000000000000000000000000000000000C2
:108EB00000000000000000000000000000000000B2
:108EC00000000000000000000000000000000000A2
:108ED0000000000000000000000000000000000092
:108EE0000000000000000000000000000000000082
:108EF0000000000000000000000000000000000072
:108F00000000000000000000000000000000000061
:108F10000000000000000000000000000000000051
:108F20000000000000000000000000000000000041
:108F30000000000000000000000000000000000031
:108F40000000000000000000000000000000000021
:108F50000000000000000000000000000000000011
:108F60000000000000000000000000000000000001
:108F700000000000000000000000000000000000F1
:108F800000000000000000000000000000000000E1
:108F900000000000000000000000000000000000D1
:108FA00000000000000000000000000000000000C1
:108FB00000000000000000000000000000000000B1
:108FC00000000000000000000000000000000000A1
:108FD0000000000000000000000000000000000091
:108FE0000000000000000000000000000000000081
:108FF0000000000000000000000000000000000071
:040000056000100087
:00000001FF
